"numero_dpe","date_derniere_modification_dpe","date_visite_diagnostiqueur","date_etablissement_dpe","date_reception_dpe","date_fin_validite_dpe","numero_dpe_remplace","numero_dpe_immeuble_associe","id_rnb","provenance_id_rnb","numero_rpls_logement","numero_immatriculation_copropriete","modele_dpe","version_dpe","methode_application_dpe","etiquette_dpe","etiquette_ges","type_batiment","annee_construction","periode_construction","type_installation_chauffage","type_installation_ecs","hauteur_sous_plafond","nombre_appartement","nombre_niveau_immeuble","nombre_niveau_logement","typologie_logement","appartement_non_visite","surface_habitable_immeuble","surface_habitable_logement","surface_tertiaire_immeuble","classe_inertie_batiment","classe_altitude","zone_climatique","adresse_ban","numero_voie_ban","nom_rue_ban","nom_commune_ban","code_postal_ban","code_insee_ban","code_departement_ban","code_region_ban","identifiant_ban","coordonnee_cartographique_x_ban","coordonnee_cartographique_y_ban","score_ban","statut_geocodage","adresse_brut","nom_commune_brut","code_postal_brut","numero_etage_appartement","position_logement_dans_immeuble","nom_residence","complement_adresse_batiment","complement_adresse_logement","indicateur_confort_ete","protection_solaire_exterieure","logement_traversant","presence_brasseur_air","inertie_lourde","isolation_toiture","deperditions_enveloppe","deperditions_ponts_thermiques","deperditions_murs","deperditions_planchers_hauts","deperditions_planchers_bas","deperditions_portes","deperditions_baies_vitrees","deperditions_renouvellement_air","qualite_isolation_enveloppe","qualite_isolation_murs","qualite_isolation_plancher_haut_comble_amenage","qualite_isolation_plancher_haut_comble_perdu","qualite_isolation_plancher_haut_toit_terrasse","qualite_isolation_plancher bas","qualite_isolation_menuiseries","ubat_w_par_m2_k","besoin_chauffage","besoin_ecs","besoin_refroidissement","apport_interne_saison_chauffe","apport_interne_saison_froide","apport_solaire_saison_chauffe","apport_solaire_saison_froide","conso_5_usages_ep","conso_5_usages_par_m2_ep","conso_chauffage_ep","conso_ecs_ep","conso_refroidissement_ep","conso_eclairage_ep","conso_auxiliaires_ep","conso_5 usages_ef","conso_5 usages_par_m2_ef","conso_chauffage_ef","conso_ecs_ef","conso_refroidissement_ef","conso_eclairage_ef","conso_auxiliaires_ef","emission_ges_5_usages","emission_ges_5_usages par_m2","emission_ges_chauffage","emission_ges_ecs","emission_ges_refroidissement","emission_ges_eclairage","emission_ges_auxiliaires","type_energie_n1","conso_5 usages_ef_energie_n1","conso_chauffage_ef_energie_n1","conso_ecs_ef_energie_n1","cout_total_5_usages_energie_n1","cout_chauffage_energie_n1","cout_ecs_energie_n1","emission_ges_5_usages_energie_n1","emission_ges_chauffage_energie_n1","emission_ges_ecs_energie_n1","type_energie_n2","conso_5 usages_ef_energie_n2","conso_chauffage_ef_energie_n2","conso_ecs_ef_energie_n2","cout_total_5_usages_energie_n2","cout_chauffage_energie_n2","cout_ecs_energie_n2","emission_ges_5_usages_energie_n2","emission_ges_chauffage_energie_n2","emission_ges_ecs_energie_n2","type_energie_n3","conso_5_usages_ef_energie_n3","conso_chauffage_ef_energie_n3","conso_ecs_ef_energie_n3","cout_total_5_usages energie_n3","cout_chauffage_energie_n3","cout_ecs_energie_n3","emission_ges_5_usages_energie_n3","emission_ges_chauffage_energie_n3","emission_ges_ecs_energie_n3","cout_total_5_usages","cout_chauffage","cout_ecs","cout_refroidissement","cout_eclairage","cout_auxiliaires","type_energie_principale_chauffage","type_generateur_chauffage_principal","type_installation_chauffage_n1","type_emetteur_installation_chauffage_n1","configuration_installation_chauffage_n1","description_installation_chauffage_n1","conso_chauffage_installation_chauffage_n1","surface_chauffee_installation_chauffage_n1","facteur_couverture_solaire_installation_chauffage_n1","facteur_couverture_solaire_saisi_installation_chauffage_n1","type_generateur_n1_installation_n1","type_energie_generateur_n1_installation_n1","usage_generateur_n1_installation_n1","description_generateur_chauffage_n1_installation_n1","conso_chauffage_generateur_n1_installation_n1","type_generateur_n2_installation_n1","type_energie_generateur_n2_installation_n1","usage_generateur_n2_installation_n1","description_generateur_chauffage_n2_installation_n1","conso_chauffage_generateur_n2_installation_n1","type_installation_chauffage_n2","type_emetteur_installation_chauffage_n2","configuration_installation_chauffage_n2","description_installation_chauffage_n2","conso_chauffage_installation_chauffage_n2","surface_chauffee_installation_chauffage_n2","facteur_couverture_solaire_installation_chauffage_n2","facteur_couverture_solaire_saisi_installation_chauffage_n2","type_generateur_n1_installation_n2","type_energie_generateur_n1_installation_n2","usage_generateur_n1_installation_n2","description_generateur_chauffage_n1_installation_n2","conso_chauffage_generateur_n1_installation_n2","type_generateur_n2_installation_n2","type_energie_generateur_n2_installation_n2","usage_generateur_n2_installation_n2","description_generateur_chauffage_n2_installation_n2","conso_chauffage_generateur_n2_installation_n2","type_energie_principale_ecs","type_generateur_chauffage_principal_ecs","besoin_ecs_batiment","besoin_ecs_logement","type_installation_ecs_n1","configuration_installation_ecs_n1","description_installation_ecs_n1","conso_ef_installation_ecs_n1"," nombre_logements_desservis_par_installation_ecs_n1","surface_habitable_desservie_par_installation_ecs_n1","type_installation_solaire_n1","production_ecs_solaire_installation_n1","facteur_couverture_solaire_n1","facteur_couverture_solaire_saisi_n1","type_generateur_n1_ecs_n1","type_energie_generateur_n1_ecs_n1","usage_generateur_n1_ecs_n1","description_generateur_n1_ecs_n1","volume_stockage_generateur_n1_ecs_n1","cop_generateur_n1_ecs_n1","conso_ef_generateur_n1_ecs_n1","date_installation_generateur_n1_ecs_n1","type_generateur_n2_ecs_n1","type_energie_generateur_n2_ecs_n1","usage_generateur_n2_ecs_n1","description_generateur_n2_ecs_n1","volume_stockage_generateur_n2_ecs_n1","cop_generateur_n2_ecs_n1","conso_ef_generateur_n2_ecs_n1","date_installation_generateur_n2_ecs_n1","type_ventilation","surface_ventilee","ventilation_posterieure_2012","type_generateur_froid","type_energie_climatisation","periode_installation_generateur_froid","description_generateur_froid","surface_climatisee","conso_refroidissement_annuel","categorie_enr","systeme_production_electricite_origine_renouvelable","presence_production_pv","surface_totale_capteurs_pv","nombre_module","production_electricite_pv_kwhep_par_an","electricite_pv_autoconsommee"
"2271E0312368Y","2024-02-06","2021-10-13","2022-02-15","2022-02-16","2032-02-14",,,,,,,"DPE 3CL 2021 méthode logement",2,"dpe maison individuelle","D","D","maison",1947,"avant 1948",,,2.6,,,1,,,,120,,"Très lourde","inférieur à 400m","H1c","Route de Valteuse 71420 Ciry-le-Noble",,,"Ciry-le-Noble","71420","71132","71","27","71132_2o14dc",797336.12,6612358.59,0.43,"adresse géocodée ban à l'adresse","LA VALTEUSE","CIRY-LE-NOBLE",71420,0,,,,,,,,,,,257.6,42.3,55.7,13.9,30.4,2.9,39,73.5,"moyenne","insuffisante","bonne",,,"insuffisante","insuffisante",0.77,9544.3,1366.7,0,2698410.9,0,2214114.3,0,18489.1,154,13141.9,3141.1,0,513.3,1692.8,17242.2,143,13141.9,3141.1,0,223.2,736,5338.2,44,4258,1017.7,0,15.4,47.1,"Fioul domestique",16283,13141.9,3141.1,1488.6,1201.4,287.2,5275.7,4258,1017.7,"Électricité",959.2,0,0,278.2,0,0,62.5,0,0,,,,,,,,,,,1766.8,1201.4,287.2,0,64.7,213.5,"Fioul domestique","Chaudière fioul à condensation 1996-2015","installation individuelle","Radiateur bitube avec robinet thermostatique sur réseau individuel eau chaude haute température(sup ou egal 65°C)","Installation de chauffage simple","Chaudière individuelle fioul à condensation installée entre 1996 et 2015. Emetteur(s): radiateur bitube avec robinet thermostatique",13141.9,120,,,"Chaudière fioul à condensation 1996-2015","Fioul domestique","chauffage + ecs","Fioul - Chaudière fioul à condensation installée entre 1996 et 2015",13141.9,,,,,,,,,,,,,,,,,,,,,,,,"Fioul domestique","Chaudière fioul à condensation 1996-2015",,,"installation individuelle","Un seul système d'ECS sans solaire","Combiné au système de chauffage, contenance ballon 120 L",3141.1,1,120,"Non affecté",,,,"Chaudière fioul à condensation 1996-2015","Fioul domestique","chauffage + ecs","Fioul - Chaudière fioul à condensation installée entre 1996 et 2015",120,,3141.1,,,,,,,,,,,,0,,,,,,,,,,,,0,
"2271E0052751R","2024-02-06","2022-01-10","2022-01-10","2022-01-11","2032-01-09","2271E0051494I",,,,,,"DPE 3CL 2021 méthode logement",2,"dpe maison individuelle","D","B","maison",1947,"avant 1948",,,2.5,,,3,,,,146,,"Moyenne","inférieur à 400m","H1c","Rue du Champ Long 71420 Ciry-le-Noble",,,"Ciry-le-Noble","71420","71132","71","27","71132_0160",797723.33,6614473.89,0.46,"adresse géocodée ban à l'adresse","12 Bis rue Champ Long","CIRY LE NOBLE",71420,0,,,,"Ce bien ne fait pas partie d'une copropriété",,,,,,,649.1,31.3,69.9,18.6,33.9,3,366.2,126.2,"insuffisante","moyenne","moyenne",,,"insuffisante","insuffisante",1.52,25759.7,1492.1,0,3194628.3,0,9087298.2,0,30607,209,27733.5,1776.7,0,601.4,495.5,13307.4,91,12058,772.5,0,261.5,215.4,1034.6,7,952.6,50.2,0,18,13.8,"Électricité d'origine renouvelable utilisée dans le bâtiment",13307.4,12058,772.5,2187.9,1982.5,127,1034.6,952.6,50.2,,,,,,,,,,,,,,,,,,,,,2187.9,1982.5,127,0,43,35.4,"Électricité d'origine renouvelable utilisée dans le bâtiment","PAC air/eau installée entre 2008 et 2014","installation individuelle","Radiateur bitube avec robinet thermostatique sur réseau individuel eau chaude basse ou moyenne température(inf 65°C)","Installation de chauffage simple","PAC air/eau installée entre 2008 et 2014 avec programmateur avec réduit (système individuel). Emetteur(s): radiateur bitube avec robinet thermostatique",5929.7,84,,,"PAC air/eau installée entre 2008 et 2014","Électricité","chauffage","Electrique - PAC air/eau installée entre 2008 et 2014",5929.7,,,,,,"installation individuelle","Soufflage d'air chaud (air soufflé) avec distribution par réseau aéraulique","Installation de chauffage simple","PAC air/air installée entre 2008 et 2014 avec programmateur avec réduit (système individuel)",3239.6,41,,,"PAC air/air installée entre 2008 et 2014","Électricité","chauffage","Electrique - PAC air/air installée entre 2008 et 2014",3239.6,,,,,,"Électricité","PAC double service 2010-2014",,,"installation individuelle","Un seul système d'ECS sans solaire","Combiné au système de chauffage",802.2,1,146,"Non affecté",,,,"PAC double service 2010-2014","Électricité","chauffage + ecs","Electrique - PAC air/eau installée entre 2008 et 2014",0,2,802.2,"Avant 2010",,,,,,,,,"Ventilation par ouverture des fenêtres",146,0,,,,,,,"Il existe plusieurs descriptifs ENR","Solaire Photovoltaïque",1,19.2,16,7795.3,
"2271E1339683B","2024-02-06","2022-06-15","2022-06-15","2022-06-16","2032-06-14",,,,,,,"DPE 3CL 2021 méthode logement",2.1,"dpe maison individuelle","F","F","maison",,"avant 1948",,,2.5,,,1,,,,113,,"Légère","inférieur à 400m","H1c","Rue Clement Marot 71420 Ciry-le-Noble",,,"Ciry-le-Noble","71420","71132","71","27","71132_0200",797568.96,6614379.76,0.51,"adresse géocodée ban à l'adresse","20/2 Rue Clement Marot","CIRY-LE-NOBLE",71420,0,,,,,"moyen",1,1,0,0,1,556.1,2.3,275.5,15.3,119.7,0,39.7,103.7,"insuffisante","insuffisante","bonne",,,"insuffisante","moyenne",1.57,27099.7,1332.9,0,2835883,0,2545453.7,0,37291,330,31578.7,4574.8,0,483.4,654.1,34062.3,301,31578.7,1989,0,210.2,284.4,10393.5,91,10231.5,129.3,0,14.5,18.2,"Fioul domestique",31578.7,31578.7,0,2886.9,2886.9,0,10231.5,10231.5,0,"Électricité",2483.6,0,1989,498.3,0,399.1,162,0,129.3,,,,,,,,,,,3385.3,2886.9,399.1,0,42.2,57.1,"Fioul domestique","Chaudière fioul standard 1991-2015","installation individuelle","Radiateur bitube avec robinet thermostatique sur réseau individuel eau chaude haute température(sup ou egal 65°C)","Installation de chauffage simple","Chaudière individuelle fioul standard installée entre 1991 et 2015 avec programmateur avec réduit, réseau isolé. Emetteur(s): radiateur bitube avec robinet thermostatique",31578.7,113,,,"Chaudière fioul standard 1991-2015","Fioul domestique","chauffage","Fioul - Chaudière fioul standard installée entre 1991 et 2015",31578.7,,,,,,,,,,,,,,,,,,,,,,,,"Électricité","Ballon électrique à accumulation vertical Autres ou inconnue",,,"installation individuelle","Un seul système d'ECS sans solaire","Ballon électrique à accumulation vertical (autres catégorie ou inconnue), contenance ballon 150 L",1989,1,113,"Non affecté",,,,"Ballon électrique à accumulation vertical Autres ou inconnue","Électricité","ecs","Electrique - Ballon électrique à accumulation vertical (autres catégorie ou inconnue)",150,,1989,,,,,,,,,,,,0,,,,,,,,,,,,0,
"2271E0133487X","2024-02-06","2022-01-23","2022-01-23","2022-01-24","2032-01-22",,,,,,,"DPE 3CL 2021 méthode logement",2,"dpe maison individuelle","E","B","maison",1948,"1948-1974",,,2.5,,,1,,,,107,,"Légère","inférieur à 400m","H1c","Rue Charles Labaune 71420 Ciry-le-Noble",,,"Ciry-le-Noble","71420","71132","71","27","71132_0170",797796.26,6614407.76,0.52,"adresse géocodée ban à l'adresse","Rue charles Labaune","CIRY-LE-NOBLE",71420,0,,,,"Ce bien ne fait pas partie d'une copropriété",,,,,,,376.4,32.7,183,18.8,28.3,3,15.3,95.3,"insuffisante","insuffisante","très bonne",,,"insuffisante","très bonne",1.04,17711.3,1304,0,2709268.8,0,1624226.5,0,32867.7,307,27579.1,4447.6,0,457.7,383.3,29878.5,279,27579.1,1933.8,0,199,166.6,977.5,9,827.4,125.7,0,13.7,10.7,"Bois – Bûches",27579.1,27579.1,0,882.8,882.8,0,827.4,827.4,0,"Électricité",2299.4,0,1933.8,472.4,0,397.3,150.1,0,125.7,,,,,,,,,,,1355.2,882.8,397.3,0,40.9,34.2,"Bois – Bûches","Chaudière bois bûche 2013-2017","installation individuelle","Radiateur bitube sans robinet thermostatique sur réseau individuel eau chaude haute température(sup ou egal 65°C)","Installation de chauffage simple","Chaudière individuelle bois (bûche) installée entre 2013 et 2017 régulée, réseau isolé. Emetteur(s): radiateur bitube sans robinet thermostatique",27579.1,107,,,"Chaudière bois bûche 2013-2017","Bois – Bûches","chauffage","Bois - Chaudière bois (bûche) installée entre 2013 et 2017",27579.1,,,,,,,,,,,,,,,,,,,,,,,,"Électricité","Ballon électrique à accumulation vertical Catégorie B ou 2 étoiles",,,"installation individuelle","Un seul système d'ECS sans solaire","Ballon électrique à accumulation vertical (catégorie B ou 2 étoiles), contenance ballon 150 L",1933.8,1,107,"Non affecté",,,,"Ballon électrique à accumulation vertical Catégorie B ou 2 étoiles","Électricité","ecs","Electrique - Ballon électrique à accumulation vertical (catégorie B ou 2 étoiles)",150,,1933.8,,,,,,,,,,,,0,,,,,,,"chauffage au bois",,,,,0,
"2171E0092406V","2023-10-26","2021-07-20","2021-07-24","2021-07-25","2031-07-23",,,,,,,"DPE 3CL 2021 méthode logement",1,"dpe maison individuelle","D","C","maison",1947,"avant 1948",,,2.7,,,1,,,,78,,"Moyenne","inférieur à 400m","H1c","Cite des Touillards 71420 Ciry-le-Noble",,,"Ciry-le-Noble","71420","71132","71","27","71132_B098",798461.24,6611582.43,0.37,"adresse géocodée ban à l'adresse","Les Touillards","CIRY LE NOBLE",71420,0,,,,"Ce bien ne fait pas partie d'une copropriété",,,,,,,294.9,24.4,113.4,10.3,14.5,5.2,20.4,106.6,"insuffisante","insuffisante",,"très bonne",,"insuffisante","moyenne",1.01,13334.2,1164.1,0,1896829.1,0,967758.4,0,19354.5,248,14851.1,4157.3,0,333.6,12.5,12354.1,158,10396.1,1807.5,0,145.1,5.4,1378,17,1250.2,117.5,0,10,0.3,"Électricité",12354.1,10396.1,1807.5,1593.6,1151.9,407.8,1378,1250.2,117.5,"Fioul domestique",12354.1,10396.1,1807.5,1593.6,1151.9,407.8,1378,1250.2,117.5,"Bois – Bûches",12354.1,10396.1,1807.5,1593.6,1151.9,407.8,1378,1250.2,117.5,1593.6,1151.9,407.8,0,32.7,1.2,"Électricité",,,,,,,,,,,,,,,,,,,,,,,,,,,,,,,,,,,,,,"Non affecté",,,,,,,,,,,,,,,,,,,,,,,,,,,,,,,,0,,,,,,,"Il existe plusieurs descriptifs ENR",,,,,0,
"2171E0050896H","2023-10-26","2021-07-14","2021-07-14","2021-07-15","2031-07-13",,,,,,,"DPE 3CL 2021 méthode logement",1,"dpe maison individuelle","D","B","maison",1983,"1983-1988",,,2.5,,,1,,,,89.6,,"Moyenne","inférieur à 400m","H1c","8 Rue du Colonel Fabien 71420 Ciry-le-Noble","8","Rue du Colonel Fabien","Ciry-le-Noble","71420","71132","71","27","71132_0206_00008",798844.4,6612955.88,0.45,"adresse géocodée ban à l'adresse","8 Rue du Colonel Fabien","CIRY-LE-NOBLE",71420,0,,,,,,,,,,,216.3,28.6,72.4,12.8,33,11.3,10.6,47.7,"bonne","insuffisante",,"bonne",,"bonne","bonne",0.57,8917.3,1219.9,3705.5,2341454.7,3346347.7,1176482.6,252419.5,17970.5,200,14542.3,1371.3,968.5,383.1,705.2,8959.4,100,7468.9,596.2,421.1,166.6,306.6,587.5,6,490.7,38.8,27,11.5,19.6,"Électricité",8959.4,7468.9,596.2,1539.2,1222.2,126.8,587.5,490.7,38.8,"Bois – Bûches",8959.4,7468.9,596.2,1539.2,1222.2,126.8,587.5,490.7,38.8,,,,,,,,,,,1539.2,1222.2,126.8,89.6,35.4,65.2,"Électricité",,,,,,,,,,,,,,,,,,,,,,,,,,,,,,,,,,,,,,"Non affecté",,,,,,,,,,,,,,,,,,,,,,,,,,,,,,,,0,,,,,,,"Il existe plusieurs descriptifs ENR",,,,,0,
"2171E0685361U","2024-02-06","2021-11-03","2021-11-14","2021-11-15","2031-11-13",,,,,,,"DPE 3CL 2021 méthode logement",1.1,"dpe appartement individuel","F","E","appartement",1948,"1948-1974","individuel","individuel",2.5,1,,1,,,,76.9,,"Légère","inférieur à 400m","H1c","Cite Rozelay 71420 Ciry-le-Noble",,,"Ciry-le-Noble","71420","71132","71","27","71132_A150",797473.68,6613986.35,0.37,"adresse géocodée ban à l'adresse","RUE DE SULLY
 CITE ROZELAY
BATIMENT 2C","CIRY LE NOBLE",71420,0,,,,"APPARTEMENT 16 4EME",,,,,,,369.4,25.5,117.2,111.4,0,0,47.9,67.5,"insuffisante","insuffisante",,,"insuffisante","très bonne","moyenne",2.03,16428.5,1306.8,0,2157972.2,0,3601405,0,27706.4,360,23093.7,3550,0,328.7,733.9,25099.2,326,23093.7,1543.5,0,142.9,319.1,5372.9,69,5242.3,100.3,0,9.9,20.4,"Gaz naturel",25099.2,23093.7,1543.5,2320.5,1738.7,447.7,5372.9,5242.3,100.3,"Électricité",25099.2,23093.7,1543.5,2320.5,1738.7,447.7,5372.9,5242.3,100.3,,,,,,,,,,,2320.5,1738.7,447.7,0,41.5,92.6,"Électricité","Chaudière gaz à condensation 2001-2015","installation collective","Radiateur monotube sans robinet thermostatique sur réseau collectif eau chaude haute température(sup ou egal 65°C)","Installation de chauffage simple","Chaudière collective gaz à condensation installée entre 2001 et 2015 régulée. Emetteur(s): radiateur monotube sans robinet thermostatique",1,76.9,,,"Chaudière gaz à condensation 2001-2015","Gaz naturel","chauffage","Gaz Naturel - Chaudière gaz à condensation installée entre 2001 et 2015",1,,,,,,,,,,,,,,,,,,,,,,,,"Électricité","Ballon électrique à accumulation vertical Catégorie C ou 3 étoiles",,,"installation individuelle","Un seul système d'ECS sans solaire","Ballon électrique à accumulation vertical (catégorie C ou 3 étoiles), contenance ballon 65 L",1,,76.9,"Non affecté",,,,"Ballon électrique à accumulation vertical Catégorie C ou 3 étoiles","Électricité","chauffage","Electrique - Ballon électrique à accumulation vertical (catégorie C ou 3 étoiles)",65,,1,,,,,,,,,,,,0,,,,,,,,"Solaire Photovoltaïque",1,,,0,1
"2271E1358645J","2024-02-06","2022-05-04","2022-06-16","2022-06-17","2032-06-15",,,,,,,"DPE 3CL 2021 méthode logement",2.1,"dpe maison individuelle","G","C","maison",,"avant 1948",,,2.5,,,1,,,,70,,"Très lourde","inférieur à 400m","H1c","Rue des Vernes 71420 Ciry-le-Noble",,,"Ciry-le-Noble","71420","71132","71","27","71132_pk1bec",797062.52,6613450.03,0.47,"adresse géocodée ban à l'adresse","16 RUE DES VERNES","CIRY-LE-NOBLE",71420,0,,,,,"insuffisant",0,1,0,1,0,390.3,42,60.5,144.9,38.8,6.3,22.4,75.4,"insuffisante","insuffisante",,"insuffisante",,"insuffisante","moyenne",1.25,19128.2,1125.5,0,1928481.5,0,1378904.7,0,42853.8,612,38548.1,4006.3,0,299.4,0,40420.1,577,38548.1,1741.9,0,130.2,0,1278.6,18,1156.4,113.2,0,9,0,"Bois – Bûches",38548.1,38548.1,0,1233.9,1233.9,0,1156.4,1156.4,0,"Électricité",1872,0,1741.9,412.3,0,383.6,122.2,0,113.2,,,,,,,,,,,1646.2,1233.9,383.6,0,28.7,0,"Bois – Bûches","Foyer fermé installé avant 1990","installation individuelle","Poêle bois","Installation de chauffage simple","Foyer fermé installé avant 1990 (système individuel)",38548.1,70,,,"Foyer fermé installé avant 1990","Bois – Bûches","chauffage","Bois - Foyer fermé installé avant 1990",38548.1,,,,,,,,,,,,,,,,,,,,,,,,"Électricité","Ballon électrique à accumulation vertical Catégorie B ou 2 étoiles",,,"installation individuelle","Un seul système d'ECS sans solaire","Ballon électrique à accumulation vertical (catégorie B ou 2 étoiles), contenance ballon 150 L",1741.9,1,70,"Non affecté",,,,"Ballon électrique à accumulation vertical Catégorie B ou 2 étoiles","Électricité","ecs","Electrique - Ballon électrique à accumulation vertical (catégorie B ou 2 étoiles)",150,,1741.9,,,,,,,,,,,,0,,,,,,,"chauffage au bois",,,,,0,
"2271E0081334A","2024-02-06","2022-01-14","2022-01-14","2022-01-15","2032-01-13",,,,,,,"DPE 3CL 2021 méthode logement",2,"dpe maison individuelle","D","C","maison",1947,"avant 1948",,,2.5,,,1,,,,121,,"Très lourde","inférieur à 400m","H1c","88 Rue Henri Mugnier 71420 Ciry-le-Noble","88","Rue Henri Mugnier","Ciry-le-Noble","71420","71132","71","27","71132_0500_00088",799277.16,6614830.33,0.59,"adresse géocodée ban à l'adresse","88 RUE HENRI MUGNIER","CIRY-LE-NOBLE",71420,0,,,,,,,,,,,347.9,40.7,119.8,14.4,41.2,6.3,33.1,92.3,"insuffisante","insuffisante","bonne",,,"insuffisante","moyenne",0.97,14100.2,1371.5,0,2717496.2,0,2656411.4,0,24272.6,200,19571.3,2494.2,0,517.6,1689.6,17566,145,14112.2,2494.2,0,225,734.6,3210.7,26,2582,566.2,0,15.5,47,"Gaz naturel",12407.1,9912.9,2494.2,1040.6,831.4,209.2,2816.4,2250.2,566.2,"Électricité",5158.9,4199.3,0,905.8,737.3,0,394.3,331.7,0,,,,,,,,,,,1946.3,1568.6,209.2,0,39.5,129,"Gaz naturel","Chaudière gaz à condensation après 2015","installation individuelle","Radiateur bitube avec robinet thermostatique sur réseau individuel eau chaude haute température(sup ou egal 65°C)","Installation de chauffage simple","Chaudière individuelle gaz à condensation installée à partir de 2016 en cascade avec une chaudière électrique régulée, avec programmateur avec réduit. Emetteur(s): radiateur bitube avec robinet thermostatique",9912.9,81,,,"Chaudière gaz à condensation après 2015","Gaz naturel","chauffage","Gaz Naturel - Chaudière gaz à condensation installée à partir de 2016",9912.9,"Chaudière électrique","Électricité","chauffage","Electrique - Chaudière électrique",0,"installation individuelle","Convecteur électrique NFC, NF** et NF***","Installation de chauffage simple","Convecteur électrique NFC, NF** et NF*** (système individuel)",4199.3,40,,,"Convecteur électrique NFC, NF** et NF***","Électricité","chauffage","Electrique - Convecteur électrique NFC, NF** et NF***",4199.3,,,,,,"Gaz naturel","Chaudière gaz à condensation après 2015",,,"installation individuelle","Deux systèmes d'ECS dans une maison ou un appartement","Combiné au système de chauffage, contenance ballon 30 L",2494.2,1,121,"Non affecté",,,,"Chaudière gaz à condensation après 2015","Gaz naturel","chauffage + ecs","Gaz Naturel - Chaudière gaz à condensation installée à partir de 2016",30,,2494.2,,,,,,,,,,,,0,,,,,,,,,,,,0,
"2271E1079133X","2024-02-06","2022-05-16","2022-05-16","2022-05-17","2032-05-15",,,,,,,"DPE 3CL 2021 méthode logement",2.1,"dpe maison individuelle","G","C","maison",1962,"1948-1974",,,2.5,,,2,,,,136,,"Moyenne","inférieur à 400m","H1c","5 Rue Sigismond Mamet 71420 Ciry-le-Noble","5","Rue Sigismond Mamet","Ciry-le-Noble","71420","71132","71","27","71132_0792_00005",799879.66,6611989.68,0.49,"adresse géocodée ban à l'adresse","5 RUE SIGISMONT MAMET","CIRY-LE-NOBLE",71420,0,,,,,"insuffisant",1,1,0,0,0,636.6,49.1,240.7,176,11,4.2,42.7,112.9,"insuffisante","insuffisante",,"insuffisante",,"insuffisante","insuffisante",2.24,30326,1443.9,0,3321237.3,0,3566567,0,79189.7,582,73282.2,4793.6,0,581.7,532.2,34430.3,253,31861.8,2084.2,0,252.9,231.4,2684.8,19,2517.1,135.5,0,17.5,14.8,"Électricité",34430.3,31861.8,2084.2,5561.1,5146.2,336.6,2684.8,2517.1,135.5,,,,,,,,,,,,,,,,,,,,,5561.1,5146.2,336.6,0,40.9,37.4,"Électricité","Chaudière électrique","installation individuelle","Radiateur bitube avec robinet thermostatique sur réseau individuel eau chaude haute température(sup ou egal 65°C)","Installation de chauffage simple","Chaudière individuelle électrique. Emetteur(s): radiateur bitube avec robinet thermostatique",31861.8,136,,,"Chaudière électrique","Électricité","chauffage","Electrique - Chaudière électrique",31861.8,,,,,,,,,,,,,,,,,,,,,,,,"Électricité","Ballon électrique à accumulation vertical Catégorie B ou 2 étoiles",,,"installation individuelle","Un seul système d'ECS sans solaire","Ballon électrique à accumulation vertical (catégorie B ou 2 étoiles), contenance ballon 150 L",2084.2,1,136,"Non affecté",,,,"Ballon électrique à accumulation vertical Catégorie B ou 2 étoiles","Électricité","ecs","Electrique - Ballon électrique à accumulation vertical (catégorie B ou 2 étoiles)",150,,2084.2,,,,,,,,,,,,0,,,,,,,,,,,,0,
"2271E0060101J","2023-10-26","2021-09-05","2022-01-11","2022-01-12","2032-01-10","2171E0273408L",,,,,,"DPE 3CL 2021 méthode logement",1.1,"dpe maison individuelle","F","C","maison",1947,"avant 1948",,,2.5,,,1,,,,104,,"Moyenne","inférieur à 400m","H1c","Les Porrots 71420 Ciry-le-Noble",,,"Ciry-le-Noble","71420","71132","71","27","71132_ge8bz5",797857.57,6615082.29,0.39,"adresse géocodée ban à l'adresse","Les PERRIERES","CIRY-LE-NOBLE",71420,0,,,,,,,,,,,457.1,16.8,175.4,36.4,64.3,7.3,53.2,103.9,"insuffisante","insuffisante",,"insuffisante",,"insuffisante","moyenne",1.07,20774.3,1289.5,0,2645961.8,0,3440461.6,0,42583.6,409,36361.7,4467.4,0,444.9,1309.6,18514.6,178,15809.4,1942.4,0,193.4,569.4,1425,13,1248.9,126.3,0,13.3,36.4,"Électricité",18514.6,15809.4,1942.4,3016.3,2575.6,316.4,1425,1248.9,126.3,,,,,,,,,,,,,,,,,,,,,3016.3,2575.6,316.4,0,31.5,92.8,"Électricité",,,,,,,,,,,,,,,,,,,,,,,,,,,,,,,,,,,,,,"Non affecté",,,,,,,,,,,,,,,,,,,,,,,,,,,,,,,,0,,,,,,,,,,,,0,
"2271E0329030U","2024-06-25","2022-02-02","2022-02-17","2022-02-18","2032-02-16","2271E0217753X",,,,,,"DPE 3CL 2021 méthode logement",2.1,"dpe maison individuelle","G","G","maison",1947,"avant 1948",,,2.5,,,1,,,,38,,"Lourde","inférieur à 400m","H1c","1 Rue Laplace 71420 Ciry-le-Noble","1","Rue Laplace","Ciry-le-Noble","71420","71132","71","27","71132_0460_00001",797899.87,6615333.34,0.48,"adresse géocodée ban à l'adresse","6/1 Rue Laplace
Les Porrots","CIRY LE NOBLE",71420,0,,,,"Ce bien ne fait pas partie d'une copropriété",,,,,,,304.7,19.9,111.5,74.3,16.3,5.3,23.5,54,"insuffisante","insuffisante",,"insuffisante",,"insuffisante","insuffisante",1.94,15156,739.6,0,1120574.2,0,1171019.9,0,21015.8,553,17384.4,3014.9,0,162.5,454,18963.2,499,17384.4,1310.8,0,70.7,197.4,5735.2,150,5632.5,85.2,0,4.9,12.6,"Fioul domestique",17384.4,17384.4,0,1589.3,1589.3,0,5632.5,5632.5,0,"Électricité",1578.9,0,1310.8,371.1,0,308.1,102.7,0,85.2,,,,,,,,,,,1960.4,1589.3,308.1,0,16.6,46.4,"Fioul domestique","Chaudière fioul standard 1991-2015","installation individuelle","Plancher chauffant sur réseau individuel eau chaude haute température(sup ou egal 65°C)","Installation de chauffage simple","Chaudière individuelle fioul standard installée entre 1991 et 2015 avec programmateur avec réduit",17384.4,38,,,"Chaudière fioul standard 1991-2015","Fioul domestique","chauffage","Fioul - Chaudière fioul standard installée entre 1991 et 2015",17384.4,,,,,,,,,,,,,,,,,,,,,,,,"Électricité","Ballon électrique à accumulation vertical Autres ou inconnue",,,"installation individuelle","Un seul système d'ECS sans solaire","Ballon électrique à accumulation vertical (autres catégorie ou inconnue), contenance ballon 100 L",1310.8,1,38,"Non affecté",,,,"Ballon électrique à accumulation vertical Autres ou inconnue","Électricité","ecs","Electrique - Ballon électrique à accumulation vertical (autres catégorie ou inconnue)",100,,1310.8,,,,,,,,,,,,0,,,,,,,,,,,,0,
"2271E0060994S","2024-06-25","2021-07-29","2022-01-11","2022-01-12","2032-01-10","2171E0121656V",,,,,,"DPE 3CL 2021 méthode logement",2,"dpe maison individuelle","F","F","maison",1947,"avant 1948",,,2.6,,,1,,,,37.5,,"Lourde","inférieur à 400m","H1c","2 Rue Cauchy 71420 Ciry-le-Noble","2","Rue Cauchy","Ciry-le-Noble","71420","71132","71","27","71132_0130_00002",797911.17,6615406.05,0.51,"adresse géocodée ban à l'adresse","2A Rue Cauchy","CIRY LE NOBLE,",71420,0,,,,"Ce bien ne fait pas partie d'une copropriété",,,,,,,271.7,19.7,111.2,46.2,15.3,6.2,18.4,54.7,"insuffisante","insuffisante",,"insuffisante",,"insuffisante","moyenne",1.66,13282.7,733.6,0,1107950.7,0,1318032.7,0,15078.8,402,12030.5,1060.1,0,160.4,1827.9,13955,372,12030.5,1060.1,0,69.7,794.7,3027.2,80,2730.9,240.6,0,4.8,50.9,"Gaz naturel",13090.5,12030.5,1060.1,1085.2,997.3,87.9,2971.6,2730.9,240.6,"Électricité",864.5,0,0,250.8,0,0,55.7,0,0,,,,,,,,,,,1336,997.3,87.9,0,20.2,230.5,"Gaz naturel","Chaudière gaz à condensation après 2015","installation individuelle","Radiateur bitube avec robinet thermostatique sur réseau individuel eau chaude basse ou moyenne température(inf 65°C)","Installation de chauffage simple","Chaudière individuelle gaz à condensation installée à partir de 2016 régulée. Emetteur(s): radiateur bitube avec robinet thermostatique",12030.5,37.5,,,"Chaudière gaz à condensation après 2015","Gaz naturel","chauffage","Gaz Naturel - Chaudière gaz à condensation installée à partir de 2016",12030.5,,,,,,,,,,,,,,,,,,,,,,,,"Gaz naturel","Chaudière gaz à condensation après 2015",,,"installation individuelle","Un seul système d'ECS sans solaire","Combiné au système de chauffage",1060.1,1,37.5,"Non affecté",,,,"Chaudière gaz à condensation après 2015","Gaz naturel","chauffage + ecs","Gaz Naturel - Chaudière gaz à condensation installée à partir de 2016",0,,1060.1,,,,,,,,,,,,0,,,,,,,,,,,,0,
"2271E0664935F","2024-02-06","2022-03-01","2022-03-30","2022-03-31","2032-03-29",,,,,,,"DPE 3CL 2021 méthode logement",2.1,"dpe appartement individuel","G","G","appartement",1974,"1948-1974","collectif","individuel",2.5,20,,1,,,1000,64,,"Légère","inférieur à 400m","H1c","1 Rue Docteur Leclerc 71420 Ciry-le-Noble","1","Rue Docteur Leclerc","Ciry-le-Noble","71420","71132","71","27","71132_0245_00001",799546.65,6613168.78,0.45,"adresse non géocodée ban car aucune correspondance trouvée","- RUE DOCTEUR FRANCOIS LECLERC","CIRY-LE-NOBLE",71420,4,,"CHEMIN DU DEVANT BAT A - Logt 20",,"20","bon",0,1,0,0,0,339.4,45.9,47,160,0,2.8,32,51.7,"insuffisante","insuffisante",,,"insuffisante",,"moyenne",1.86,16375.9,1220,0,1872604.3,0,1737637.5,0,30688.2,479.5,27828.7,2163.3,0,273.8,422.4,30294.7,473.4,27828.7,2163.3,0,119,183.7,6828.2,106.6,6317.1,491.1,0,8.2,11.8,"Gaz naturel",29992,27828.7,2163.3,1983,1742,241,6808.2,6317.1,491.1,"Électricité",302.7,0,0,0,0,0,20,0,0,,,,,,,,,,,2071,1742,241,0,35,53,"Gaz naturel","Chaudière gaz classique avant 1981","installation collective","Radiateur bitube sans robinet thermostatique sur réseau collectif eau chaude haute température(sup ou egal 65°C)","Installation de chauffage simple","Installation 1",27828.7,64,,,"Chaudière gaz classique avant 1981","Gaz naturel","chauffage","Chaudière classique",27828.7,,,,,,,,,,,,,,,,,,,,,,,,"Gaz naturel","Chauffe-eau gaz à production instantanée 2001-2015",,,"installation individuelle","Un seul système d'ECS sans solaire","Chauffe-eau gaz à production instantannée",2163.3,1,64,"Non affecté",,,,"Chauffe-eau gaz à production instantanée 2001-2015","Gaz naturel","ecs","Chauffe-eau gaz à production instantannée",0,,2163.3,,,,,,,,,,,,0,,,,,,,,,,,,0,
"2271E0915331V","2024-02-06","2022-04-28","2022-04-28","2022-04-29","2032-04-27",,,,,,,"DPE 3CL 2021 méthode logement",2.1,"dpe maison individuelle","F","C","maison",1947,"avant 1948",,,2.5,,,1,,,,95,,"Légère","inférieur à 400m","H1c","Les Touillards 71420 Ciry-le-Noble",,,"Ciry-le-Noble","71420","71132","71","27","71132_q2j96u",798467.39,6611491.45,0.43,"adresse géocodée ban à l'adresse","Les Touillards","CIRY-LE-NOBLE",71420,0,,,,,"moyen",1,1,0,0,1,378.6,16,165.3,10.8,53.9,3.6,50.8,78.2,"insuffisante","insuffisante","bonne",,,"insuffisante","moyenne",1.51,16416.5,1246.1,0,2456040.5,0,3944280.3,0,37024.8,389,31832.3,4786.2,0,406.4,0,16097.7,169,13840.1,2080.9,0,176.7,0,1240.8,13,1093.4,135.3,0,12.2,0,"Électricité",16097.7,13840.1,2080.9,2629.9,2261,340,1240.8,1093.4,135.3,,,,,,,,,,,,,,,,,,,,,2629.9,2261,340,0,28.9,0,"Électricité","Convecteur électrique NFC, NF** et NF***","installation individuelle","Convecteur électrique NFC, NF** et NF***","Installation de chauffage simple","Convecteur électrique NFC, NF** et NF*** (système individuel)",13840.1,95,,,"Convecteur électrique NFC, NF** et NF***","Électricité","chauffage","Electrique - Convecteur électrique NFC, NF** et NF***",13840.1,,,,,,,,,,,,,,,,,,,,,,,,"Électricité","Ballon électrique à accumulation vertical Autres ou inconnue",,,"installation individuelle","Un seul système d'ECS sans solaire","Ballon électrique à accumulation vertical (autres catégorie ou inconnue), contenance ballon 200 L",2080.9,1,95,"Non affecté",,,,"Ballon électrique à accumulation vertical Autres ou inconnue","Électricité","ecs","Electrique - Ballon électrique à accumulation vertical (autres catégorie ou inconnue)",200,,2080.9,,,,,,,,,,,,0,,,,,,,,,,,,0,
"2271E0058932K","2024-02-06","2021-10-20","2022-01-11","2022-01-12","2032-01-10","2171E0543199A",,,,,,"DPE 3CL 2021 méthode logement",2,"dpe maison individuelle","F","F","maison",1947,"avant 1948",,,2.5,,,1,,,,59,,"Légère","inférieur à 400m","H1c","Rue Dumas 71420 Ciry-le-Noble",,,"Ciry-le-Noble","71420","71132","71","27","71132_0250",797714.59,6614635.24,0.51,"adresse géocodée ban à l'adresse","10 (1)Rue Dumas","CIRY LE NOBLE",71420,0,,,,"Ce bien ne fait pas partie d'une copropriété",,,,,,,334.4,18.2,182.4,51.5,13.3,3.4,8,57.6,"insuffisante","insuffisante",,"insuffisante",,"insuffisante","très bonne",1.63,16859.9,992.9,0,1650763.4,0,953026.3,0,21976.8,372,18132.7,1653.8,0,252.4,1937.9,20738.8,351,18132.7,1653.8,0,109.7,842.6,4553,77,4116.1,375.4,0,7.6,53.9,"Gaz naturel",19786.5,18132.7,1653.8,1522.7,1395.4,127.3,4491.5,4116.1,375.4,"Électricité",952.3,0,0,276.2,0,0,61.5,0,0,,,,,,,,,,,1798.9,1395.4,127.3,0,31.8,244.4,"Gaz naturel","Chaudière gaz basse température 2001-2015","installation individuelle","Radiateur bitube avec robinet thermostatique sur réseau individuel eau chaude basse ou moyenne température(inf 65°C)","Installation de chauffage simple","Chaudière individuelle gaz basse température installée entre 2001 et 2015 avec programmateur pièce par pièce. Emetteur(s): radiateur bitube avec robinet thermostatique",18132.7,59,,,"Chaudière gaz basse température 2001-2015","Gaz naturel","chauffage","Gaz Naturel - Chaudière gaz basse température installée entre 2001 et 2015",18132.7,,,,,,,,,,,,,,,,,,,,,,,,"Gaz naturel","Chaudière gaz basse température 2001-2015",,,"installation individuelle","Un seul système d'ECS sans solaire","Combiné au système de chauffage",1653.8,1,59,"Non affecté",,,,"Chaudière gaz basse température 2001-2015","Gaz naturel","chauffage + ecs","Gaz Naturel - Chaudière gaz basse température installée entre 2001 et 2015",0,,1653.8,,,,,,,,,,,,0,,,,,,,,,,,,0,
"2271E0392949F","2024-02-06","2022-02-13","2022-02-26","2022-02-27","2032-02-25",,,,,,,"DPE 3CL 2021 méthode logement",2.1,"dpe maison individuelle","E","E","maison",1947,"avant 1948",,,2.6,,,2,,,,111.1,,"Moyenne","inférieur à 400m","H1c","Rue Dumas 71420 Ciry-le-Noble",,,"Ciry-le-Noble","71420","71132","71","27","71132_0250",797718,6614633.19,0.51,"adresse géocodée ban à l'adresse","018686
8.1 RUE DUMAS","CIRY LE NOBLE",71420,0,,,,"Bat. N/A; Etage N/A; Porte N/A",,,,,,,388.3,64.7,33.9,138.7,22.5,3.4,31.5,93.7,"insuffisante","très bonne","insuffisante",,,"insuffisante","bonne",1.12,17907.1,1323.6,0,2795155.5,0,2127792.3,0,26940.7,242,22874.8,2102.4,0,475.1,1488.4,25830.9,232,22874.8,2102.4,0,206.6,647.1,5725.5,51,5192.6,477.2,0,14.3,41.4,"Gaz naturel",24977.2,22874.8,2102.4,1861.8,1705.1,156.7,5669.8,5192.6,477.2,"Électricité",853.7,0,0,247.6,0,0,55.7,0,0,,,,,,,,,,,2109.4,1705.1,156.7,0,59.9,187.7,"Gaz naturel","Chaudière gaz standard 2001-2015","installation individuelle","Radiateur bitube avec robinet thermostatique sur réseau individuel eau chaude haute température(sup ou egal 65°C)","Installation de chauffage simple","Chaudière individuelle gaz standard installée entre 2001 et 2015 régulée, avec programmateur avec réduit. Emetteur(s): radiateur bitube avec robinet thermostatique",22874.8,111.1,,,"Chaudière gaz standard 2001-2015","Gaz naturel","chauffage + ecs","Gaz Naturel - Chaudière gaz standard installée entre 2001 et 2015",22874.8,,,,,,,,,,,,,,,,,,,,,,,,"Gaz naturel","Chaudière gaz standard 2001-2015",,,"installation individuelle","Un seul système d'ECS sans solaire","Combiné au système de chauffage",2102.4,1,111.1,"Non affecté",,,,"Chaudière gaz standard 2001-2015","Gaz naturel","chauffage + ecs","Gaz Naturel - Chaudière gaz standard installée entre 2001 et 2015",0,,2102.4,,,,,,,,,,,,0,,,,,,,,,,,,0,
"2271E0467295R","2024-02-06","2022-03-07","2022-03-07","2022-03-08","2032-03-06",,,,,,,"DPE 3CL 2021 méthode logement",2.1,"dpe maison individuelle","D","D","maison",1947,"avant 1948",,,2.5,,,1,,,,66,,"Légère","inférieur à 400m","H1c","Route de Rozelay 71420 Ciry-le-Noble",,,"Ciry-le-Noble","71420","71132","71","27","71132_t1cfun",798269.76,6613032.03,0.39,"adresse géocodée ban à l'adresse","17 route de gueugnon","CIRY-LE-NOBLE",71420,0,,,,"Ce bien ne fait pas partie d'une copropriété",,,,,,,217.9,12.1,39.8,81.3,27,0,3,54.7,"insuffisante","insuffisante",,"insuffisante",,"insuffisante","très bonne",0.94,10546.6,1077.3,0,1827493.1,0,344345.1,0,13921,210,11419,1715.8,0,282.3,503.8,13476.6,204,11419,1715.8,0,122.7,219.1,3004.1,45,2592.1,389.5,0,8.5,14,"Gaz naturel",13134.8,11419,1715.8,1088.1,946,142.1,2981.6,2592.1,389.5,"Électricité",341.8,0,0,99.1,0,0,22.5,0,0,,,,,,,,,,,1187.2,946,142.1,0,35.6,63.5,"Gaz naturel","Chaudière gaz à condensation 2001-2015","installation individuelle","Radiateur monotube avec robinet thermostatique sur réseau individuel eau chaude haute température(sup ou egal 65°C)","Installation de chauffage simple","Chaudière individuelle gaz à condensation installée entre 2001 et 2015 régulée, avec programmateur avec réduit, réseau isolé. Emetteur(s): radiateur monotube avec robinet thermostatique",11419,66,,,"Chaudière gaz à condensation 2001-2015","Gaz naturel","chauffage + ecs","Gaz Naturel - Chaudière gaz à condensation installée entre 2001 et 2015",11419,,,,,,,,,,,,,,,,,,,,,,,,"Gaz naturel","Chaudière gaz à condensation 2001-2015",,,"installation individuelle","Un seul système d'ECS sans solaire","Combiné au système de chauffage",1715.8,1,66,"Non affecté",,,,"Chaudière gaz à condensation 2001-2015","Gaz naturel","chauffage + ecs","Gaz Naturel - Chaudière gaz à condensation installée entre 2001 et 2015",0,,1715.8,,,,,,,,,,,,0,,,,,,,,,,,,0,
"2271E0578531Z","2024-02-06","2022-03-21","2022-03-21","2022-03-22","2032-03-20",,,,,,,"DPE 3CL 2021 méthode logement",2.1,"dpe appartement individuel","E","E","appartement",1948,"1948-1974","collectif","individuel",2.5,1,,1,,,4987,66.1,,"Légère","inférieur à 400m","H1c","Rue Sully 71420 Ciry-le-Noble",,,"Ciry-le-Noble","71420","71132","71","27","71132_0800",797520.29,6614289.89,0.51,"adresse géocodée ban à l'adresse","Rue Sully
Apaartement 13","CIRY-LE-NOBLE",71420,0,,,,"Ce bien ne fait pas partie d'une copropriété","moyen",1,1,0,0,0,228.3,40.9,115.5,0,0,1.4,12,58.4,"insuffisante","insuffisante",,"très bonne",,"très bonne","très bonne",2.61,10000.7,1234.1,0,1918796.1,0,1752722.3,0,20342.2,307,15806.9,3855.2,0,282.7,397.4,17778.8,269,15806.9,1676.2,0,122.9,172.8,3716.7,56,3588.2,109,0,8.5,11.1,"Gaz naturel",15806.9,15806.9,0,979.8,979.8,0,3588.2,3588.2,0,"Électricité",1971.9,0,1676.2,430.5,0,374.6,128.5,0,109,,,,,,,,,,,1410.3,979.8,374.6,0,27.5,28.4,"Gaz naturel","Chaudière gaz standard 1991-2000","installation collective","Plancher chauffant sur réseau collectif eau chaude haute température(sup ou egal 65°C)","Installation de chauffage simple","Chaudière collective gaz standard installée entre 1991 et 2000",15806.9,66.1,,,"Chaudière gaz standard 1991-2000","Gaz naturel","chauffage","Gaz Naturel - Chaudière gaz standard installée entre 1991 et 2000",15806.9,,,,,,,,,,,,,,,,,,,,,,,,"Électricité","Ballon électrique à accumulation vertical Catégorie C ou 3 étoiles",,,"installation individuelle","Un seul système d'ECS sans solaire","Ballon électrique à accumulation vertical (catégorie C ou 3 étoiles), contenance ballon 150 L",1676.2,1,66.1,"Non affecté",,,,"Ballon électrique à accumulation vertical Catégorie C ou 3 étoiles","Électricité","ecs","Electrique - Ballon électrique à accumulation vertical (catégorie C ou 3 étoiles)",150,,1676.2,,,,,,,,,,,,0,,,,,,,,,,,,0,
"2271E0519928A","2024-02-06","2022-03-14","2022-03-14","2022-03-15","2032-03-13",,,,,,,"DPE 3CL 2021 méthode logement",2.1,"dpe maison individuelle","E","B","maison",1947,"avant 1948",,,2.5,,,1,,,,72,,"Moyenne","inférieur à 400m","H1c","5 Rue Dumas 71420 Ciry-le-Noble","5","Rue Dumas","Ciry-le-Noble","71420","71132","71","27","71132_0250_00005",797760.61,6614605.22,0.51,"adresse géocodée ban à l'adresse","5 Rue Dumas","CIRY-LE-NOBLE",71420,0,,,,,,,,,,,187.7,51.2,23.1,5.2,10.8,2.6,28,66.8,"bonne","très bonne",,"moyenne",,"moyenne","bonne",0.65,7245.9,1135.2,0,1970686.2,0,2025731.1,0,18130.1,251,13310.3,4511.8,0,308,0,9355.6,129,7260.1,1961.7,0,133.9,0,582.6,8,445.8,127.5,0,9.2,0,"Électricité",6749.6,4654,1961.7,1156,797.1,336,504.4,367.7,127.5,"Bois – Bûches",2606,2606,0,83.4,83.4,0,78.2,78.2,0,,,,,,,,,,,1239.5,880.5,336,0,22.9,0,"Électricité","Convecteur électrique NFC, NF** et NF***","installation individuelle","Convecteur électrique NFC, NF** et NF***","Installation de chauffage simple","Convecteur électrique NFC, NF** et NF*** (système individuel)",4654,52,,,"Convecteur électrique NFC, NF** et NF***","Électricité","chauffage","Electrique - Convecteur électrique NFC, NF** et NF***",4654,,,,,,"installation individuelle","Poêle bois","Installation de chauffage simple","Poêle à granulés flamme verte installé entre 2012 et 2019 (système individuel)",2606,20,,,"Poêle à granulés flamme verte installé entre 2012 et 2019","Bois – Bûches","chauffage","Bois - Poêle à granulés flamme verte installé entre 2012 et 2019",2606,,,,,,"Électricité","Ballon électrique à accumulation vertical Autres ou inconnue",,,"installation individuelle","Un seul système d'ECS sans solaire","Ballon électrique à accumulation vertical (autres catégorie ou inconnue), contenance ballon 200 L",1961.7,1,72,"Non affecté",,,,"Ballon électrique à accumulation vertical Autres ou inconnue","Électricité","ecs","Electrique - Ballon électrique à accumulation vertical (autres catégorie ou inconnue)",200,,1961.7,,,,,,,,,,,,0,,,,,,,"chauffage au bois",,,,,0,
"2271E2498137Z","2024-02-06","2022-10-23","2022-10-23","2022-10-24","2032-10-22",,,,,,,"DPE 3CL 2021 méthode logement",2.2,"dpe appartement individuel","E","E","appartement",,"1948-1974","collectif","individuel",2.5,1,,1,,,1143,64.2,,"Moyenne","inférieur à 400m","H1c","Rue Sully 71420 Ciry-le-Noble",,,"Ciry-le-Noble","71420","71132","71","27","71132_0800",797557.08,6614181.74,0.52,"adresse géocodée ban à l'adresse","RUE SULLY","CIRY-LE-NOBLE",71420,0,,,"2944","Bat. A; Etage 2; Porte Droite","moyen",1,1,0,0,0,229.6,38.7,102,0,0,0,32.4,56.4,"insuffisante","insuffisante",,"très bonne",,"très bonne","moyenne",2.84,9413.5,1221.3,0,1876823.7,0,2736193.2,0,18642.3,290,13727.8,4243.2,0,274.6,396.7,15864.5,247,13727.8,1844.9,0,119.4,172.5,3255.4,50,3116.2,119.9,0,8.2,11,"Gaz naturel",13727.8,13727.8,0,869.5,869.5,0,3116.2,3116.2,0,"Électricité",2136.7,0,1844.9,458.3,0,399.4,139.2,0,119.9,,,,,,,,,,,1327.8,869.5,399.4,0,25.8,33,"Gaz naturel","Chaudière gaz à condensation après 2015","installation collective","Radiateur bitube sans robinet thermostatique sur réseau collectif eau chaude haute température(sup ou egal 65°C)","Installation de chauffage simple","Chaudière collective gaz à condensation installée à partir de 2016. Emetteur(s): radiateur bitube sans robinet thermostatique",13727.8,64.2,,,"Chaudière gaz à condensation après 2015","Gaz naturel","chauffage","Gaz Naturel - Chaudière gaz à condensation installée à partir de 2016",13727.8,,,,,,,,,,,,,,,,,,,,,,,,"Électricité","Ballon électrique à accumulation vertical Catégorie B ou 2 étoiles",,,"installation individuelle","Un seul système d'ECS sans solaire","Ballon électrique à accumulation vertical (catégorie B ou 2 étoiles), contenance ballon 150 L",1844.9,1,64.2,"Non affecté",,,,"Ballon électrique à accumulation vertical Catégorie B ou 2 étoiles","Électricité","ecs","Electrique - Ballon électrique à accumulation vertical (catégorie B ou 2 étoiles)",150,,1844.9,,,,,,,,,,,,0,,,,,,,,,,,,0,
"2271E2207641B","2024-02-06","2022-08-28","2022-09-25","2022-09-26","2032-09-24",,,,,,,"DPE 3CL 2021 méthode logement",2.2,"dpe maison individuelle","F","C","maison",,"avant 1948",,,2.6,,,1,,,,47,,"Très lourde","inférieur à 400m","H1c","route des levriaux 71420 Ciry-le-Noble",,,"Ciry-le-Noble","71420","71132","71","27","71132_qzgn4w",798321.25,6609512.88,0.44,"adresse géocodée ban à l'adresse","LES LEVRIAUX","CIRY-LE-NOBLE",71420,0,,,"2831",,"moyen",1,0,0,1,1,181.8,39.1,24.9,21.9,26.1,5.6,11.8,52.5,"moyenne","bonne","insuffisante",,,"insuffisante","moyenne",0.73,7818.1,848.1,0,1218968.3,0,959389.3,0,19414.3,413,16413.4,2799.9,0,201,0,14324.5,304,13019.8,1217.3,0,87.4,0,603.7,12,518.5,79.1,0,6,0,"Bois – Bûches",10409.3,10409.3,0,333.2,333.2,0,312.3,312.3,0,"Électricité",3915.2,2610.5,1217.3,716.2,477.5,222.7,291.4,206.2,79.1,,,,,,,,,,,1049.4,810.7,222.7,0,16,0,"Bois – Bûches","Cuisinière installé avant 1990","installation individuelle","Poêle bois","Installation de chauffage simple","Cuisinière installée avant 1990 (système individuel)",10409.3,29,,,"Cuisinière installé avant 1990","Bois – Bûches","chauffage","Bois - Cuisinière installée avant 1990",10409.3,,,,,,"installation individuelle","Convecteur électrique NFC, NF** et NF***","Installation de chauffage simple","Convecteur électrique NFC, NF** et NF*** (système individuel)",2610.5,18,,,"Convecteur électrique NFC, NF** et NF***","Électricité","chauffage","Electrique - Convecteur électrique NFC, NF** et NF***",2610.5,,,,,,"Électricité","Ballon électrique à accumulation vertical Catégorie C ou 3 étoiles",,,"installation individuelle","Un seul système d'ECS sans solaire","Ballon électrique à accumulation vertical (catégorie C ou 3 étoiles), contenance ballon 100 L",1217.3,1,47,"Non affecté",,,,"Ballon électrique à accumulation vertical Catégorie C ou 3 étoiles","Électricité","ecs","Electrique - Ballon électrique à accumulation vertical (catégorie C ou 3 étoiles)",100,,1217.3,,,,,,,,,,,,0,,,,,,,"chauffage au bois",,,,,0,
"2271E2047311N","2024-02-06","2022-09-08","2022-09-08","2022-09-09","2032-09-07",,,,,,,"DPE 3CL 2021 méthode logement",2.2,"dpe maison individuelle","F","F","maison",,"avant 1948",,,2.6,,,1,,,,303,,"Lourde","inférieur à 400m","H1c","lieu dit la croix 71420 Ciry-le-Noble",,,"Ciry-le-Noble","71420","71132","71","27","71132_olk5yd",799147.91,6612311.96,0.37,"adresse géocodée ban à l'adresse","le puits de la croix","CIRY-LE-NOBLE",71420,0,,,"22NGUYEN0913",,"insuffisant",0,1,0,1,1,1125.8,81.4,522.1,31.7,92.3,18.3,142.1,238,"insuffisante","insuffisante",,"insuffisante",,"insuffisante","insuffisante",1.41,51421.3,2249.4,0,6191017.7,0,4580807.3,0,78136,257,72085,3729.8,0,1296.1,1025.2,76824,253,72085,3729.8,0,563.5,445.7,24631.4,81,23355.5,1208.5,0,38.9,28.5,"Fioul domestique",75814.8,72085,3729.8,6931,6590,341,24564,23355.5,1208.5,"Électricité",1009.2,0,0,291,0,0,67.4,0,0,,,,,,,,,,,7221.9,6590,341,0,162.5,128.5,"Fioul domestique","Chaudière fioul standard 1991-2015","installation individuelle","Radiateur bitube sans robinet thermostatique sur réseau individuel eau chaude haute température(sup ou egal 65°C)","Installation de chauffage simple","Chaudière individuelle fioul standard installée entre 1991 et 2015 réseau isolé. Emetteur(s): radiateur bitube sans robinet thermostatique",72085,303,,,"Chaudière fioul standard 1991-2015","Fioul domestique","chauffage + ecs","Fioul - Chaudière fioul standard installée entre 1991 et 2015",72085,,,,,,,,,,,,,,,,,,,,,,,,"Fioul domestique","Chaudière fioul standard 1991-2015",,,"installation individuelle","Un seul système d'ECS sans solaire","Combiné au système de chauffage",3729.8,1,303,"Non affecté",,,,"Chaudière fioul standard 1991-2015","Fioul domestique","chauffage + ecs","Fioul - Chaudière fioul standard installée entre 1991 et 2015",0,,3729.8,,,,,,,,,,,,0,,,,,,,,,,,,0,
"2271E1848872G","2024-02-06","2022-08-01","2022-08-15","2022-08-16","2032-08-14",,,,,,,"DPE 3CL 2021 méthode logement",2.1,"dpe appartement individuel","D","D","appartement",2005,"2001-2005","individuel","collectif",2.5,1,,2,,,87.5,87.5,,"Moyenne","inférieur à 400m","H1c","Rue Jules Ferry 71420 Ciry-le-Noble",,"Rue Jules Ferry","Ciry-le-Noble","71420","71132","71","27","71132_0433",798991.44,6613044.92,0.37,"adresse non géocodée ban car aucune correspondance trouvée","17 LES SACREVAINS - RUE J. FERRY","CIRY-LE-NOBLE",71420,,,"LES SACREVAINS - J. FERRY - Logt 1",,,"moyen",1,1,0,0,1,159.7,0,66.5,6.8,10.9,11.6,22.2,41.7,"bonne","moyenne",,"moyenne",,"bonne","moyenne",0.51,6156,1378.7,0,2394483.4,0,1188883.6,0,19102.6,218.3,8854,8418.4,0,374.3,1455.9,18068.1,206.5,8854,8418.4,0,162.7,633,3972.5,45.3,2009.9,1911,0,11.2,40.5,"Gaz naturel",17272.4,8854,8418.4,1588,808,780,3920.8,2009.9,1911,"Électricité",795.7,0,0,230,0,0,51.7,0,0,,,,,,,,,,,1818,808,780,0,47,183,"Gaz naturel","Chaudière gaz standard après 2015","installation individuelle","Radiateur bitube avec robinet thermostatique sur réseau individuel eau chaude basse ou moyenne température(inf 65°C)","Installation de chauffage simple","Installation 1",8854,87.5,,,"Chaudière gaz standard après 2015","Gaz naturel","chauffage + ecs","Chaudière standard",8854,,,,,,,,,,,,,,,,,,,,,,,,"Gaz naturel","Chaudière gaz standard après 2015",,,"installation collective","Un seul système d'ECS sans solaire","Chaudière standard",8418.4,1,87.5,"Non affecté",,,,"Chaudière gaz standard après 2015","Gaz naturel","chauffage + ecs","Chaudière standard",0,,8418.4,,,,,,,,,,,,0,,,,,,,,,,,,0,
"2271E2475375N","2024-02-06","2022-10-03","2022-10-20","2022-10-21","2032-10-19",,,,,,,"DPE 3CL 2021 méthode logement",2.2,"dpe maison individuelle","F","E","maison",1945,"avant 1948",,,2.4,1,1,1,,0,,90.9,,"Légère","inférieur à 400m","H1c","la valteuse 71420 Ciry-le-Noble",,"la valteuse","Ciry-le-Noble","71420","71132","71","27","71132_2ktnvf",797447.06,6612110.91,0.78,"adresse non géocodée ban car aucune correspondance trouvée","la valteuse","CIRY-LE-NOBLE",71420,,,"maison",,"1-Bâtiment n°1-1-LogZone","insuffisant",1,1,1,0,1,452.6,16.1,222.2,10.9,50.4,6.8,26.9,119.3,"insuffisante","insuffisante",,"très bonne",,"moyenne","insuffisante",1.17,22475.6,1226.4,0,2369732,0,1335044,0,35301,388,30513.8,3961.1,0,388.9,437.2,28326.9,311.6,25554.8,2412.9,0,169.1,190.1,5363.7,59,4994.5,409.8,0,11.7,12.2,"GPL",17920.1,16698.2,1221.9,2564,2389,175,4874.3,4541.9,332.4,"Électricité",5364.7,3814.6,1191,938,667,208,402.6,301.4,77.4,"Bois – Granulés (pellets) ou briquettes",5042,5042,0,302,302,0,0,0,0,3804,3358,383,0,30,33,"GPL","Chaudière gpl/propane/butane standard 2001-2015","installation individuelle","Poêle bois","Installation de chauffage avec insert ou poêle bois en appoint","Emission n°1",21740.2,71.6,,,"Chaudière gpl/propane/butane standard 2001-2015","GPL","chauffage + ecs","Chaudière gaz standard entre 2001 et 2015",16698.2,"Poêle à granulés installée avant 2012 ou sans label flamme verte","Bois – Granulés (pellets) ou briquettes","chauffage","Poele a granules",5042,"installation individuelle","radiateur électrique NFC, NF** et NF***","Installation de chauffage simple","Emission n°2",2915.5,15,,,"radiateur électrique NFC, NF** et NF***","Électricité","chauffage","Generateur Effet joule",2915.5,,,,,,"GPL","Ballon électrique à accumulation vertical Catégorie B ou 2 étoiles",,,"installation individuelle","Un seul système d'ECS sans solaire","Générateur mixte (chauffage + ecs)",1221.9,1,45.5,"Non affecté",,,,"Chaudière gpl/propane/butane classique avant 1981","GPL","chauffage + ecs",,0,,1221.9,"Avant 2010",,,,,,,,,"Ventilation par ouverture des fenêtres",90.9,0,,,,,,,"chauffage au bois","Solaire Photovoltaïque",0,,,0,
"2271E3034695V","2024-02-06","2022-12-13","2022-12-13","2022-12-14","2032-12-12",,,,,,,"DPE 3CL 2021 méthode logement",2.2,"dpe appartement individuel","E","E","appartement",,"1948-1974","collectif","individuel",2.5,1,,1,,,780,78,,"Moyenne","inférieur à 400m","H1c","Rue Sully 71420 Ciry-le-Noble",,,"Ciry-le-Noble","71420","71132","71","27","71132_0800",797557.08,6614181.74,0.52,"adresse géocodée ban à l'adresse","RUE SULLY","CIRY-LE-NOBLE",71420,0,,,"22GUINOISEAU1078",,"moyen",1,1,0,0,0,260.3,36.2,91.1,0,31.9,10.5,33.8,56.8,"insuffisante","insuffisante",,"très bonne",,"insuffisante","moyenne",1.16,11088.9,1314.6,0,2183.5,0,2219.7,0,22956.5,294,17744.1,4473.9,0,333.6,404.9,20010.4,256,17744.1,1945.2,0,145.1,176.1,4175.6,53,4027.9,126.4,0,10,11.3,"Gaz naturel",17744.1,17744.1,0,1135.2,1135.2,0,4027.9,4027.9,0,"Électricité",2266.3,0,1945.2,482.7,0,412.3,147.7,0,126.4,,,,,,,,,,,1617.9,1135.2,412.3,0,30.7,39.7,"Gaz naturel","Chaudière gaz standard 1991-2000","installation collective","Radiateur bitube sans robinet thermostatique sur réseau collectif eau chaude haute température(sup ou egal 65°C)","Installation de chauffage simple","Chaudière collective gaz standard installée entre 1991 et 2000 régulée, avec équipement d'intermittence central collectif, réseau isolé. Emetteur(s): radiateur bitube sans robinet thermostatique",17744.1,78,,,"Chaudière gaz standard 1991-2000","Gaz naturel","chauffage","Gaz Naturel - Chaudière gaz standard installée entre 1991 et 2000",17744.1,,,,,,,,,,,,,,,,,,,,,,,,"Électricité","Ballon électrique à accumulation vertical Catégorie B ou 2 étoiles",,,"installation individuelle","Un seul système d'ECS sans solaire","Ballon électrique à accumulation vertical (catégorie B ou 2 étoiles), contenance ballon 150 L",1945.2,1,78,"Non affecté",,,,"Ballon électrique à accumulation vertical Catégorie B ou 2 étoiles","Électricité","ecs","Electrique - Ballon électrique à accumulation vertical (catégorie B ou 2 étoiles)",150,,1945.2,,,,,,,,,,,,0,,,,,,,,,,,,0,
"2271E2744625H","2024-02-06","2022-11-15","2022-11-17","2022-11-18","2032-11-16",,,,,,,"DPE 3CL 2021 méthode logement",2.2,"dpe appartement individuel","G","F","appartement",1963,"1948-1974","collectif","individuel",2.5,14,,1,,,777,54,,"Lourde","inférieur à 400m","H1c","Rue du 8 Mai 1945 71420 Ciry-le-Noble",,"Rue du 8 Mai 1945","Ciry-le-Noble","71420","71132","71","27","71132_0400",799416.79,6612803.77,0.63,"adresse non géocodée ban car aucune correspondance trouvée","DU 8 MAI 1945","CIRY-LE-NOBLE",71420,,,"LES MURGERS",,"3","moyen",1,0,0,1,0,283.2,55.5,126.4,0,16.2,7.6,26.2,51.2,"insuffisante","insuffisante",,,,"insuffisante","moyenne",1.89,13145.2,1152.5,0,1650528,0,1529954.9,0,25306,468.6,20589.5,4073.1,0,231,412.5,22640.1,419.3,20589.5,1770.9,0,100.4,179.4,4807.1,89,4673.8,115.1,0,6.9,11.5,"Gaz naturel",20589.5,20589.5,0,1298,1298,0,4673.8,4673.8,0,"Électricité",2050.7,0,1770.9,437,0,378,133.5,0,115.1,,,,,,,,,,,1735,1298,378,0,21,38,"Gaz naturel","Chaudière gaz standard 2001-2015","installation collective","Radiateur bitube sans robinet thermostatique sur réseau collectif eau chaude haute température(sup ou egal 65°C)","Installation de chauffage simple","Chauffage sans solaire",20589.5,54,,,"Chaudière gaz standard 2001-2015","Gaz naturel","chauffage","Chaudière standard",20589.5,,,,,,,,,,,,,,,,,,,,,,,,"Électricité","Ballon électrique à accumulation vertical Catégorie B ou 2 étoiles",,,"installation individuelle","Un seul système d'ECS sans solaire","Chauffe-eau vertical",1770.9,1,54,"Non affecté",,,,"Ballon électrique à accumulation vertical Catégorie B ou 2 étoiles","Électricité","ecs","Chauffe-eau vertical",150,,1770.9,,,,,,,,,,,,0,,,,,,,,,,,,0,
"2271E2886613J","2024-02-06","2022-11-30","2022-11-30","2022-12-01","2032-11-29",,,,,,,"DPE 3CL 2021 méthode logement",2.2,"dpe maison individuelle","F","F","maison",,"avant 1948",,,2.5,,,1,,,,96,,"Légère","inférieur à 400m","H1c","Rue Philippe Martin 71420 Ciry-le-Noble",,,"Ciry-le-Noble","71420","71132","71","27","71132_0560",799792.93,6612193.4,0.52,"adresse géocodée ban à l'adresse","Rue Philippe Martin","CIRY-LE-NOBLE",71420,0,,,"22BOUTRON 18756",,"moyen",1,0,0,0,1,343.7,19.6,139.6,20.8,37.7,9,16.5,100.5,"insuffisante","insuffisante","moyenne",,,"insuffisante","bonne",1.18,16357.1,1250.9,0,2477.1,0,1415.2,0,23362.8,243,20481.9,2012.3,0,410.6,458,22871.8,238,20481.9,2012.3,0,178.5,199.1,7313.2,76,6636.1,652,0,12.3,12.7,"Fioul domestique",22494.1,20481.9,2012.3,2056.4,1872.5,184,7288.1,6636.1,652,"Électricité",377.7,0,0,109.6,0,0,25.1,0,0,,,,,,,,,,,2166,1872.5,184,0,51.8,57.8,"Fioul domestique","Chaudière fioul standard 1991-2015","installation individuelle","Radiateur bitube avec robinet thermostatique sur réseau individuel eau chaude haute température(sup ou egal 65°C)","Installation de chauffage simple","Chaudière individuelle fioul standard installée entre 1991 et 2015 avec programmateur avec réduit, réseau isolé. Emetteur(s): radiateur bitube avec robinet thermostatique",20481.9,96,,,"Chaudière fioul standard 1991-2015","Fioul domestique","chauffage + ecs","Fioul - Chaudière fioul standard installée entre 1991 et 2015",20481.9,,,,,,,,,,,,,,,,,,,,,,,,"Fioul domestique","Chaudière fioul standard 1991-2015",,,"installation individuelle","Un seul système d'ECS sans solaire","Combiné au système de chauffage",2012.3,1,96,"Non affecté",,,,"Chaudière fioul standard 1991-2015","Fioul domestique","chauffage + ecs","Fioul - Chaudière fioul standard installée entre 1991 et 2015",0,,2012.3,,,,,,,,,,,,0,,,,,,,,,,,,0,
"2271E1773689P","2024-02-06","2022-08-02","2022-08-02","2022-08-03","2032-08-01",,,,,,,"DPE 3CL 2021 méthode logement",2.1,"dpe maison individuelle","D","D","maison",,"2001-2005",,,2.5,,,1,,,,153,,"Moyenne","inférieur à 400m","H1c","Chemin des Terres Blanches 71420 Ciry-le-Noble",,,"Ciry-le-Noble","71420","71132","71","27","71132_cbell3",795927.08,6613000.6,0.43,"adresse géocodée ban à l'adresse","Chemin des Terres Blanches","CIRY-LE-NOBLE",71420,0,,,"22PATAN12809",,"insuffisant",0,1,0,0,1,363.1,51.1,63.5,23,24.5,1.1,62.9,137,"bonne","bonne","bonne",,,"bonne","moyenne",0.56,14407.4,1525.9,0,3679977.4,0,4192174,0,25362.8,165,21557.7,2353,0,654.4,797.6,24542,160,21557.7,2353,0,284.5,346.8,6565.3,42,5761.1,762.4,0,19.6,22.2,"Fioul domestique",19748.7,17395.7,2353,1805.4,1590.3,215.1,6398.6,5636.2,762.4,"Bois – Bûches",4162,4162,0,133.2,133.2,0,124.9,124.9,0,"Électricité",631.3,0,0,183.1,0,0,41.8,0,0,2121.8,1723.5,215.1,0,82.5,100.6,"Fioul domestique","Chaudière fioul standard 1991-2015","installation individuelle","Radiateur bitube avec robinet thermostatique sur réseau individuel eau chaude haute température(sup ou egal 65°C)","Installation de chauffage simple","Chaudière individuelle fioul standard installée entre 1991 et 2015 avec programmateur avec réduit. Emetteur(s): radiateur bitube avec robinet thermostatique",17395.7,133,,,"Chaudière fioul standard 1991-2015","Fioul domestique","chauffage + ecs","Fioul - Chaudière fioul standard installée entre 1991 et 2015",17395.7,,,,,,"installation individuelle","Plancher chauffant sur réseau individuel eau chaude haute température(sup ou egal 65°C)","Installation de chauffage simple","Chaudière individuelle bois (bûche) installée entre 1995 et 2003. Emetteur(s): plancher chauffant",4162,20,,,"Chaudière bois bûche 1995-2003","Bois – Bûches","chauffage","Bois - Chaudière bois (bûche) installée entre 1995 et 2003",4162,,,,,,"Fioul domestique","Chaudière fioul standard 1991-2015",,,"installation individuelle","Un seul système d'ECS sans solaire","Combiné au système de chauffage",2353,1,153,"Non affecté",,,,"Chaudière fioul standard 1991-2015","Fioul domestique","chauffage + ecs","Fioul - Chaudière fioul standard installée entre 1991 et 2015",0,,2353,,,,,,,,,,,,0,,,,,,,"chauffage au bois",,,,,0,
"2271E2824932A","2023-10-26","2022-11-24","2022-11-24","2022-11-25","2032-11-23",,,,,,,"DPE 3CL 2021 méthode logement",2.2,"dpe maison individuelle","G","C","maison",,"avant 1948",,,2.5,,,1,,,,51,,"Lourde","inférieur à 400m","H1c","rue des bourbes 71420 Ciry-le-Noble",,,"Ciry-le-Noble","71420","71132","71","27","71132_yaego6",801229.07,6612032.24,0.45,"adresse géocodée ban à l'adresse","Le Bois coupé","CIRY-LE-NOBLE",71420,0,,,"22CENGLAND18112",,"insuffisant",0,1,0,1,0,374.8,24.4,140.4,52,31.5,22.5,23.5,80.5,"insuffisante","insuffisante",,"insuffisante",,"insuffisante","insuffisante",1.53,18541.8,896.4,0,1310.3,0,784.2,0,35363.6,693,35145.4,0,0,218.1,0,35240.3,690,35145.4,0,0,94.8,0,1060.9,20,1054.4,0,0,6.5,0,"Bois – Bûches",35145.4,35145.4,0,1125,1125,0,1054.4,1054.4,0,"Électricité",94.8,0,0,27.5,0,0,6.5,0,0,,,,,,,,,,,1152.5,1125,0,0,27.5,0,"Bois – Bûches","Cuisinière installé avant 1990","installation individuelle","Poêle bois","Installation de chauffage simple","Cuisinière installée avant 1990 (système individuel)",35145.4,51,,,"Cuisinière installé avant 1990","Bois – Bûches","chauffage","Bois - Cuisinière installée avant 1990",35145.4,,,,,,,,,,,,,,,,,,,,,,,,"Non affecté",,,,,,,,,,,,,,,,,,,,,,,,,,,,,,,,0,,,,,,,"chauffage au bois",,,,,0,
"2271E2573206G","2024-02-06","2022-10-26","2022-10-26","2022-11-01","2032-10-25",,,,,,,"DPE 3CL 2021 méthode logement",2.2,"dpe maison individuelle","G","D","maison",1949,"1948-1974",,,2.5,,,1,,,,95,,"Lourde","inférieur à 400m","H1c","route de villars 71420 Ciry-le-Noble",,"route de villars","Ciry-le-Noble","71420","71132","71","27","71132_im5f6u",798790.59,6607229.12,0.68,"adresse non géocodée ban car aucune correspondance trouvée","VILLARS","CIRY LE NOBLE",71420,,,,,,"bon",1,1,0,1,0,353.3,32.4,84.1,91.2,48.3,20.9,21,55.5,"insuffisante","insuffisante",,,"insuffisante","moyenne","moyenne",0.99,16560.4,1246.1,0,2456040.5,0,1453765.3,0,41630.6,438.2,36307.6,4528.1,0,406.4,388.6,41181.3,433.5,36307.6,4528.1,0,176.7,169,3823.8,40.2,3105.9,694.6,0,12.2,10.8,"Bois – Bûches",32075.9,29448.2,2627.7,1026.7,942.6,84.1,962.3,883.4,78.8,"Fioul domestique",8759.8,6859.4,1900.4,801,627,174,2838.2,2222.5,615.7,"Électricité",345.6,0,0,100,0,0,23,0,0,1928,1570,258,0,51,49,"Bois – Bûches","Chaudière bois bûche 1978-1994","installation individuelle","Radiateur bitube sans robinet thermostatique sur réseau individuel eau chaude haute température(sup ou egal 65°C)","Installation de chauffage avec une chaudière ou une PAC en relève d’une chaudière bois","Avec chaudière gaz ou fioul en relève d'une chaudière bois",36307.6,95,,,"Chaudière bois bûche 1978-1994","Bois – Bûches","chauffage + ecs","Chaudière bois",29448.2,"Chaudière fioul classique 1976-1980","Fioul domestique","chauffage + ecs","Chaudière classique",6859.4,,,,,,,,,,,,,,,,,,,"Bois – Bûches","Chaudière fioul classique 1976-1980",,,"installation individuelle","Deux systèmes d'ECS dans une maison ou un appartement","Chaudière bois",2627.7,1,47.5,"Non affecté",,,,"Chaudière bois bûche 1978-1994","Bois – Bûches","chauffage + ecs","Chaudière bois",0,,2627.7,,,,,,,,,,,,0,,,,,,,,,,,,0,
"2271E2539034Y","2023-10-26","2022-10-26","2022-10-26","2022-10-27","2032-10-25",,,,,,,"DPE 3CL 2021 méthode logement",2.2,"dpe maison individuelle","G","C","maison",,"avant 1948",,,2.5,,,1,,,,66,,"Moyenne","inférieur à 400m","H1c","lieu dit l abergement 71420 Ciry-le-Noble",,,"Ciry-le-Noble","71420","71132","71","27","71132_gludi8",798995.61,6608414.05,0.37,"adresse géocodée ban à l'adresse","lieu dit l abergement","CIRY-LE-NOBLE",71420,0,,,"22DUVIGNAUD17048",,"insuffisant",0,1,0,0,0,522.4,29.6,168.5,165,40.8,5.6,22.5,90.4,"insuffisante","insuffisante","insuffisante",,,"insuffisante","insuffisante",2,27385.8,1077.3,0,1827493.1,0,979000.8,0,50041.3,758,49759,0,0,282.3,0,49881.7,755,49759,0,0,122.7,0,1501.2,22,1492.8,0,0,8.5,0,"Bois – Bûches",49759,49759,0,1592.8,1592.8,0,1492.8,1492.8,0,"Électricité",122.7,0,0,35.6,0,0,8.5,0,0,,,,,,,,,,,1628.4,1592.8,0,0,35.6,0,"Bois – Bûches","Poêle bûche installé avant 1990","installation individuelle","Poêle bois","Installation de chauffage simple","Poêle à bois (bûche) installé avant 1990 (système individuel)",49759,66,,,"Poêle bûche installé avant 1990","Bois – Bûches","chauffage","Bois - Poêle à bois (bûche) installé avant 1990",49759,,,,,,,,,,,,,,,,,,,,,,,,"Non affecté",,,,,,,,,,,,,,,,,,,,,,,,,,,,,,,,0,,,,,,,"chauffage au bois",,,,,0,
"2271E2004687D","2024-02-06","2022-08-31","2022-09-04","2022-09-05","2032-09-03",,,,,,,"DPE 3CL 2021 méthode logement",2.2,"dpe maison individuelle","E","E","maison",,"avant 1948",,,2.7,,,2,,,,95.9,,"Légère","inférieur à 400m","H1c","la brierette 71420 Ciry-le-Noble",,,"Ciry-le-Noble","71420","71132","71","27","71132_oy47qd",798807.21,6611274.52,0.39,"adresse géocodée ban à l'adresse","5 rue André Bouillot","CIRY-LE-NOBLE",71420,0,,,"ROYET010922/9767",,"insuffisant",0,1,0,0,1,326.3,36.6,98.2,14.7,30.1,13.7,33.6,99.4,"moyenne","insuffisante","bonne",,,"insuffisante","insuffisante",0.77,15301.8,1250.4,0,2474821.6,0,1496442.8,0,23936.6,249,21275.8,1804.2,0,410.2,446.4,23452.5,244,21275.8,1804.2,0,178.3,194.1,5263.9,54,4829.6,409.6,0,12.3,12.4,"Gaz naturel",23080,21275.8,1804.2,1737.8,1602,135.9,5239.2,4829.6,409.6,"Électricité",372.4,0,0,108,0,0,24.7,0,0,,,,,,,,,,,1845.8,1602,135.9,0,51.7,56.3,"Gaz naturel","Chaudière gaz standard 1991-2000","installation individuelle","Radiateur bitube avec robinet thermostatique sur réseau individuel eau chaude haute température(sup ou egal 65°C)","Installation de chauffage simple","Chaudière individuelle gaz standard installée entre 1991 et 2000. Emetteur(s): radiateur bitube avec robinet thermostatique",21275.8,95.9,,,"Chaudière gaz standard 1991-2000","Gaz naturel","chauffage","Gaz Naturel - Chaudière gaz standard installée entre 1991 et 2000",21275.8,,,,,,,,,,,,,,,,,,,,,,,,"Gaz naturel","Chauffe-eau gaz à production instantanée 2001-2015",,,"installation individuelle","Un seul système d'ECS sans solaire","Chauffe-eau gaz à production instantanée installé entre 2001 et 2015",1804.2,1,95.9,"Non affecté",,,,"Chauffe-eau gaz à production instantanée 2001-2015","Gaz naturel","ecs","Gaz Naturel - Chauffe-eau gaz à production instantanée installé entre 2001 et 2015",0,,1804.2,,,,,,,,,,,,0,,,,,,,,,,,,0,
"2271E1774354E","2024-02-06","2022-08-02","2022-08-02","2022-08-03","2032-08-01",,,,,,,"DPE 3CL 2021 méthode logement",2.1,"dpe maison individuelle","C","A","maison",,"2001-2005",,,2.5,,,1,,,,141,,"Moyenne","inférieur à 400m","H1c","Chemin des Terres Blanches 71420 Ciry-le-Noble",,,"Ciry-le-Noble","71420","71132","71","27","71132_cbell3",795927.08,6613000.6,0.43,"adresse géocodée ban à l'adresse","Chemin des Terres Blanches","CIRY-LE-NOBLE",71420,0,,,"22PATAN2061",,"moyen",1,1,0,0,1,302.8,0,64,23,6.6,7,73.3,129,"très bonne","bonne","bonne",,,"bonne","moyenne",0.45,10266.8,1468,0,3426749.1,0,5882771.8,0,17586.1,124,11288.5,5334.9,0,603.1,359.5,9953,70,7215,2319.5,0,262.2,156.3,548.9,3,370,150.8,0,18.1,10,"Électricité",5871.6,3133.5,2319.5,1017.9,543.2,402.1,426.4,247.5,150.8,"Bois – Bûches",4081.4,4081.4,0,130.6,130.6,0,122.4,122.4,0,,,,,,,,,,,1148.5,673.9,402.1,0,45.5,27.1,"Bois – Bûches","PAC air/eau installée après 2017","installation individuelle","Poêle bois","Installation de chauffage simple","Insert installé entre 1990 et 2004 (système individuel)",4081.4,30,,,"insert installé entre 1990 et 2004","Bois – Bûches","chauffage","Bois - Insert installé entre 1990 et 2004",4081.4,,,,,,"installation individuelle","Radiateur bitube avec robinet thermostatique sur réseau individuel eau chaude haute température(sup ou egal 65°C)","Installation de chauffage simple","PAC air/eau installée à partir de 2017 avec programmateur avec réduit (système individuel). Emetteur(s): radiateur bitube avec robinet thermostatique",3133.5,111,,,"PAC air/eau installée après 2017","Électricité","chauffage","Electrique - PAC air/eau installée à partir de 2017",3133.5,,,,,,"Électricité","Ballon électrique à accumulation vertical Autres ou inconnue",,,"installation individuelle","Un seul système d'ECS sans solaire","Ballon électrique à accumulation vertical (autres catégorie ou inconnue), contenance ballon 200 L",2319.5,1,141,"Non affecté",,,,"Ballon électrique à accumulation vertical Autres ou inconnue","Électricité","ecs","Electrique - Ballon électrique à accumulation vertical (autres catégorie ou inconnue)",200,,2319.5,,,,,,,,,,,,0,,,,,,,"Il existe plusieurs descriptifs ENR",,,,,0,
"2371E3780698H","2024-02-06","2023-10-23","2023-11-06","2023-11-07","2033-11-05",,,,,,,"DPE 3CL 2021 méthode logement",2.3,"dpe maison individuelle","F","F","maison",,"avant 1948",,,2.5,,,3,,,,75.1,,"Lourde","inférieur à 400m","H1c","Rue Branly 71420 Ciry-le-Noble",,"Rue Branly","Ciry-le-Noble","71420","71132","71","27","71132_0100",797739.17,6614553.89,0.5,"adresse géocodée ban à l'adresse","3.2 RUE BRANLY","CIRY LE NOBLE",71420,0,,,"MA2309154005","Bat. N/A; Etage RDC; Porte N/A","insuffisant",1,1,0,1,0,646.3,136.6,309,66.7,17.4,9.3,19.6,87.7,"insuffisante","insuffisante","insuffisante",,,"insuffisante","bonne",2.33,32066.4,1150.2,0,1842.1,0,1632.8,0,30887.2,411,27620,1725.4,0,321.4,1220.5,30015.7,399,27620,1725.4,0,139.7,530.7,6705,89,6269.7,391.7,0,9.6,34,"Gaz naturel",29345.3,27620,1725.4,2147.1,2020.9,126.2,6661.4,6269.7,391.7,"Électricité",670.4,0,0,194.5,0,0,43.6,0,0,,,,,,,,,,,2341.6,2020.9,126.2,0,40.5,153.9,"Gaz naturel","Chaudière gaz à condensation après 2015","installation individuelle","Radiateur bitube avec robinet thermostatique sur réseau individuel eau chaude basse ou moyenne température(inf 65°C)","Installation de chauffage simple","Chaudière individuelle gaz à condensation installée à partir de 2016 avec programmateur avec réduit, réseau isolé. Emetteur(s): radiateur bitube avec robinet thermostatique",27620,75.1,,,"Chaudière gaz à condensation après 2015","Gaz naturel","chauffage + ecs","Gaz Naturel - Chaudière gaz à condensation installée à partir de 2016",27620,,,,,,,,,,,,,,,,,,,,,,,,"Gaz naturel","Chaudière gaz à condensation après 2015",,,"installation individuelle","Un seul système d'ECS sans solaire","Combiné au système de chauffage",1725.4,1,75.1,"Non affecté",,,,"Chaudière gaz à condensation après 2015","Gaz naturel","chauffage + ecs","Gaz Naturel - Chaudière gaz à condensation installée à partir de 2016",0,,1725.4,,,,,,,,,,,,0,,,,,,,,,,,,0,
"2371E3806284J","2024-02-06","2023-11-08","2023-11-08","2023-11-09","2033-11-07",,,,,,,"DPE 3CL 2021 méthode logement",2.3,"dpe maison individuelle","D","B","maison",,"avant 1948",,,2.5,,,1,,,,147,,"Moyenne","inférieur à 400m","H1c","les Touillards 71420 Ciry-le-Noble",,"les Touillards","Ciry-le-Noble","71420","71132","71","27","71132_q2j96u",798386.14,6611553.77,0.45,"adresse géocodée ban à l'adresse","103 les Touillards","CIRY-LE-NOBLE",71420,0,,,"23SAUNIER201",,"moyen",1,1,0,0,1,552.5,26.5,190.1,16.8,64.4,6.6,38.9,209.2,"moyenne","insuffisante","très bonne",,,"insuffisante","bonne",0.82,25794,1496.9,0,3553.4,0,2967,0,30397.4,206,26418.8,1609.6,0,628.8,1740.3,17689,120,15959.2,699.8,0,273.4,756.6,985.8,6,873,45.5,0,18.9,48.4,"Électricité",9775.7,8045.8,699.8,1632.2,1343.4,116.8,748.4,635.6,45.5,"Bois – Bûches",7913.3,7913.3,0,253.3,253.3,0,237.4,237.4,0,,,,,,,,,,,1885.5,1596.7,116.8,0,45.6,126.3,"Électricité","PAC air/eau installée entre 2015 et 2016","installation individuelle","Radiateur bitube avec robinet thermostatique sur réseau individuel eau chaude haute température(sup ou egal 65°C)","Installation de chauffage simple","PAC air/eau installée entre 2015 et 2016 avec programmateur avec réduit (système individuel). Emetteur(s): radiateur bitube avec robinet thermostatique",8045.8,117,,,"PAC air/eau installée entre 2015 et 2016","Électricité","chauffage + ecs","Electrique - PAC air/eau installée entre 2015 et 2016",8045.8,,,,,,"installation individuelle","Poêle bois","Installation de chauffage simple","Foyer fermé installé de 2007 à 2017 avec label flamme verte (système individuel)",7913.3,30,,,"Foyer fermé installé installé de 2007 à 2017 avec label flamme verte","Bois – Bûches","chauffage","Bois - Foyer fermé installé de 2007 à 2017 avec label flamme verte",7913.3,,,,,,"Électricité","PAC double service après 2014",,,"installation individuelle","Un seul système d'ECS sans solaire","Combiné au système de chauffage",699.8,1,147,"Non affecté",,,,"PAC double service après 2014","Électricité","chauffage + ecs","Electrique - PAC air/eau installée entre 2015 et 2016",0,2.3,699.8,"A partir de 2015",,,,,,,,,,,0,,,,,,,"Il existe plusieurs descriptifs ENR",,,,,0,
"2371E3639794X","2024-02-06","2023-05-02","2023-05-15","2023-10-26","2033-05-14","2371E1612239A",,,,,,"DPE 3CL 2021 méthode logement",2.3,"dpe appartement individuel","E","E","appartement",1965,"1948-1974","collectif","individuel",2.5,64,,4,,,1460,64,,"Moyenne","inférieur à 400m","H1c","impasse du nolat 71420 Ciry-le-Noble",,"impasse du nolat","Ciry-le-Noble","71420","71132","71","27","71132_tcii8s",797471.81,6614092.73,0.95,"adresse non géocodée ban car aucune correspondance trouvée","impasse du Nolat","CIRY-LE-NOBLE",71420,,,"Bât B - 1er étage- Lot 15",,,"bon",0,1,0,0,0,280.9,40.4,113.9,0,26.2,2.8,39.2,58.5,"insuffisante","insuffisante",,,,"bonne","moyenne",1.66,12207.7,1220,0,1872604.3,0,2609921.1,0,20789,324.8,15560.8,4448.2,0,273.8,506.2,17833.9,278.7,15560.8,1934,0,119,220.1,3680,57.5,3532.3,125.7,0,8.2,14.1,"Gaz naturel",15560.8,15560.8,0,977,977,0,3532.3,3532.3,0,"Électricité",2273.1,0,1934,469,0,399,148,0,125.7,,,,,,,,,,,1446,977,399,0,25,45,"Gaz naturel","Chaudière gaz à condensation 2001-2015","installation collective","Radiateur bitube avec robinet thermostatique sur réseau collectif eau chaude basse ou moyenne température(inf 65°C)","Installation de chauffage simple","Chauffage sans solaire",15560.8,64,,,"Chaudière gaz à condensation 2001-2015","Gaz naturel","chauffage","Chaudière condensation",15560.8,,,,,,,,,,,,,,,,,,,,,,,,"Électricité","Ballon électrique à accumulation vertical Catégorie B ou 2 étoiles",,,"installation individuelle","Un seul système d'ECS sans solaire","Chauffe-eau vertical",1934,1,64,"Non affecté",,,,"Ballon électrique à accumulation vertical Catégorie B ou 2 étoiles","Électricité","ecs","Chauffe-eau vertical",150,,1934,,,,,,,,,,,,0,,,,,,,,,,,,0,
"2371E3239791E","2024-02-06","2023-09-27","2023-09-27","2023-09-28","2033-09-26",,,,,,,"DPE 3CL 2021 méthode logement",2.3,"dpe maison individuelle","G","G","maison",,"avant 1948",,,2.5,,,1,,,,58,,"Moyenne","inférieur à 400m","H1c","15 Rue Henri Mugnier 71420 Ciry-le-Noble","15","Rue Henri Mugnier","Ciry-le-Noble","71420","71132","71","27","71132_0500_00015",799190.84,6613413.73,0.59,"adresse géocodée ban à l'adresse","15 Rue Henri Mugnier","CIRY-LE-NOBLE",71420,0,,,"23DUPONT104",,"insuffisant",1,1,0,0,0,356.4,11,155.9,58.9,24.7,8,11.5,86.5,"insuffisante","insuffisante",,"insuffisante",,"insuffisante","bonne",1.31,17826.7,980.8,0,1625.5,0,1236,0,20865.4,359,18813.1,1339.5,0,248.1,464.7,20462.5,352,18813.1,1339.5,0,107.9,202.1,6549.8,112,6095.4,434,0,7.4,12.9,"Fioul domestique",20152.5,18813.1,1339.5,1842.3,1719.9,122.5,6529.4,6095.4,434,"Électricité",309.9,0,0,89.9,0,0,20.4,0,0,,,,,,,,,,,1932.2,1719.9,122.5,0,31.3,58.6,"Fioul domestique","Chaudière fioul à condensation après 2015","installation individuelle","Radiateur bitube avec robinet thermostatique sur réseau individuel eau chaude haute température(sup ou egal 65°C)","Installation de chauffage simple","Chaudière individuelle fioul à condensation installée à partir de 2016 avec programmateur sans réduit. Emetteur(s): radiateur bitube avec robinet thermostatique",18813.1,58,,,"Chaudière fioul à condensation après 2015","Fioul domestique","chauffage + ecs","Fioul - Chaudière fioul à condensation installée à partir de 2016",18813.1,,,,,,,,,,,,,,,,,,,,,,,,"Fioul domestique","Chaudière fioul à condensation après 2015",,,"installation individuelle","Un seul système d'ECS sans solaire","Combiné au système de chauffage",1339.5,1,58,"Non affecté",,,,"Chaudière fioul à condensation après 2015","Fioul domestique","chauffage + ecs","Fioul - Chaudière fioul à condensation installée à partir de 2016",0,,1339.5,,,,,,,,,,,,0,,,,,,,,,,,,0,
"2371E3619895O","2024-02-06","2023-10-24","2023-10-24","2023-10-25","2033-10-23",,,,,,,"DPE 3CL 2021 méthode logement",2.3,"dpe maison individuelle","F","C","maison",1957,"1948-1974",,,2.5,,,1,,,,91,,"Lourde","inférieur à 400m","H1c","Les Vernes 71420 Ciry-le-Noble",,"Les Vernes","Ciry-le-Noble","71420","71132","71","27","71132_ftik53",797071.47,6613454.95,0.95,"adresse non géocodée ban car aucune correspondance trouvée","Les Vernes","CIRY-LE-NOBLE",71420,,,,,,"bon",0,1,0,1,1,458.6,30.7,110.3,67.7,33.3,9.6,98.6,108.3,"insuffisante","insuffisante",,"insuffisante","insuffisante","bonne","insuffisante",1.25,18182.9,1226.8,0,2371631.1,0,7169384.9,0,33029.4,362.9,28008.2,4177,0,389.2,454.9,30191.3,331.8,28008.2,1816.1,0,169.2,197.8,2664.5,29.2,2522.4,118,0,11.7,12.7,"Bois – Bûches",22286.7,22286.7,0,713.4,713.4,0,668.6,668.6,0,"Fioul domestique",5721.5,5721.5,0,523,523,0,1853.8,1853.8,0,"Électricité",2183.1,0,1816.1,455,0,379,142.4,0,118,1691,1236,379,0,35,41,"Bois – Bûches","Chaudière bois bûche 2004-2012","installation individuelle","Radiateur bitube avec robinet thermostatique sur réseau individuel eau chaude haute température(sup ou egal 65°C)","Installation de chauffage avec une chaudière ou une PAC en relève d’une chaudière bois","Avec chaudière gaz ou fioul en relève d'une chaudière bois",28008.2,91,,,"Chaudière bois bûche 2004-2012","Bois – Bûches","chauffage","Chaudière bois",22286.7,"Chaudière fioul standard 1991-2015","Fioul domestique","chauffage","Chaudière standard",5721.5,,,,,,,,,,,,,,,,,,,"Électricité","Ballon électrique à accumulation vertical Catégorie C ou 3 étoiles",,,"installation individuelle","Un seul système d'ECS sans solaire","Chauffe-eau vertical",1816.1,1,91,"Non affecté",,,,"Ballon électrique à accumulation vertical Catégorie C ou 3 étoiles","Électricité","ecs","Chauffe-eau vertical",150,,1816.1,,,,,,,,,,,,0,,,,,,,,,,,,0,
"2371E2516476J","2024-02-06","2023-07-25","2023-07-25","2023-07-26","2033-07-24",,,,,,,"DPE 3CL 2021 méthode logement",2.3,"dpe maison individuelle","E","B","maison",,"avant 1948",,,2.5,,,1,,,,66,,"Moyenne","inférieur à 400m","H1c","Lieu Dit le Fourneau 71420 Ciry-le-Noble",,"Lieu Dit le Fourneau","Ciry-le-Noble","71420","71132","71","27","71132_lovwmb",800226.83,6609996.45,0.37,"adresse géocodée ban à l'adresse","Lieu Dit le Fourneau","CIRY-LE-NOBLE",71420,0,,,"23BERNARDI1486",,"insuffisant",0,1,0,0,1,238.9,6.2,114.5,5.8,34.9,0,13.5,64,"moyenne","insuffisante",,"très bonne",,"insuffisante","très bonne",0.77,10225,1077.3,0,1652.8,0,1265.4,0,21464.9,325,16585.8,4294.5,0,282.3,302.2,13639.4,206,11518.1,1867.2,0,122.7,131.4,674.8,10,536.6,121.4,0,8.5,8.4,"Bois – Bûches",7619.8,7619.8,0,243.9,243.9,0,228.6,228.6,0,"Électricité",6019.6,3898.3,1867.2,1041.2,674.3,323,446.2,308,121.4,,,,,,,,,,,1285.1,918.2,323,0,21.2,22.7,"Bois – Bûches","Poêle bûche installé installé à partir de 2018 avec label flamme verte","installation individuelle","Poêle bois","Installation de chauffage simple","Poêle à bois (bûche) installé à partir de 2018 avec label flamme verte (système individuel)",7619.8,34.9,,,"Poêle bûche installé installé à partir de 2018 avec label flamme verte","Bois – Bûches","chauffage","Bois - Poêle à bois (bûche) installé à partir de 2018 avec label flamme verte",7619.8,,,,,,"installation individuelle","radiateur électrique NFC, NF** et NF***","Installation de chauffage simple","Radiateur électrique à inertie (modélisé comme un radiateur NFC, NF** et NF***) avec programmateur avec réduit (système individuel)",3898.3,31.2,,,"Radiateur électrique à accumulation","Électricité","chauffage","Electrique - Radiateur électrique à accumulation",3898.3,,,,,,"Électricité","Ballon électrique à accumulation vertical Catégorie B ou 2 étoiles",,,"installation individuelle","Un seul système d'ECS sans solaire","Ballon électrique à accumulation vertical (catégorie B ou 2 étoiles), contenance ballon 200 L",1867.2,1,66,"Non affecté",,,,"Ballon électrique à accumulation vertical Catégorie B ou 2 étoiles","Électricité","ecs","Electrique - Ballon électrique à accumulation vertical (catégorie B ou 2 étoiles)",200,,1867.2,,,,,,,,,,,,0,,,,,,,"chauffage au bois",,,,,0,
"2371E4416427K","2024-02-06","2023-12-19","2023-12-19","2023-12-20","2033-12-18",,,,,,,"DPE 3CL 2021 méthode logement",2.3,"dpe maison individuelle","C","C","maison",,"avant 1948",,,2.7,,,3,,,,91.1,,"Lourde","inférieur à 400m","H1c","2 Rue Dumas 71420 Ciry-le-Noble","2","Rue Dumas","Ciry-le-Noble","71420","71132","71","27","71132_0250_00002",797818.77,6614619.71,0.52,"adresse géocodée ban à l'adresse","3/2 Rue Dumas","CIRY-LE-NOBLE",71420,0,,,"23PACAUD171",,"bon",1,1,0,1,1,169.7,28,16,5.6,17.7,3.8,21.3,77.4,"bonne","très bonne","bonne",,,"insuffisante","très bonne",0.49,5814.6,1227.1,0,2146.1,0,1790.2,0,11151.9,122,8280,2117.9,0,389.5,364.5,10725.7,117,8280,2117.9,0,169.3,158.5,2382.1,26,1879.6,480.8,0,11.7,10.1,"Gaz naturel",10397.9,8280,2117.9,909.3,724.1,185.2,2360.3,1879.6,480.8,"Électricité",327.8,0,0,95.1,0,0,21.8,0,0,,,,,,,,,,,1004.4,724.1,185.2,0,49.1,46,"Gaz naturel","Chaudière gaz basse température après 2015","installation individuelle","Radiateur bitube sans robinet thermostatique sur réseau individuel eau chaude basse ou moyenne température(inf 65°C)","Installation de chauffage simple","Chaudière individuelle gaz basse température installée à partir de 2016 régulée, avec programmateur avec réduit, réseau isolé. Emetteur(s): radiateur bitube sans robinet thermostatique",8280,91.1,,,"Chaudière gaz basse température après 2015","Gaz naturel","chauffage + ecs","Gaz Naturel - Chaudière gaz basse température installée à partir de 2016",8280,,,,,,,,,,,,,,,,,,,,,,,,"Gaz naturel","Chaudière gaz basse température après 2015",,,"installation individuelle","Un seul système d'ECS sans solaire","Combiné au système de chauffage",2117.9,1,91.1,"Non affecté",,,,"Chaudière gaz basse température après 2015","Gaz naturel","chauffage + ecs","Gaz Naturel - Chaudière gaz basse température installée à partir de 2016",0,,2117.9,,,,,,,,,,,,0,,,,,,,,,,,,0,
"2371E2972837S","2024-02-06","2023-09-06","2023-09-06","2023-09-07","2033-09-05",,,,,,,"DPE 3CL 2021 méthode logement",2.3,"dpe appartement individuel","E","E","appartement",,"1948-1974","collectif","individuel",2.5,1,,1,,,1196,77.8,,"Très lourde","inférieur à 400m","H1c","Rue Sully 71420 Ciry-le-Noble",,"Rue Sully","Ciry-le-Noble","71420","71132","71","27","71132_0800",797557.08,6614181.74,0.52,"adresse géocodée ban à l'adresse","Rue sully","ROSELAY",71420,0,,,"23DAVENTURE1533","Etage RDC n°10","moyen",1,0,0,1,0,271.2,50.9,99.9,0,26,1.2,38.3,54.8,"insuffisante","insuffisante",,"très bonne",,"bonne","moyenne",1.29,12061.7,1313,0,2178.4,0,1385.5,0,24658.8,317,19393.4,4525.6,0,332.7,407.1,21682.7,278,19393.4,1967.7,0,144.6,177,4551.5,58,4402.3,127.9,0,10,11.3,"Gaz naturel",19393.4,19393.4,0,1222.4,1222.4,0,4402.3,4402.3,0,"Électricité",2289.3,0,1967.7,480.9,0,415.6,149.2,0,127.9,,,,,,,,,,,1703.3,1222.4,415.6,0,30.5,34.8,"Gaz naturel","Chaudière gaz standard après 2015","installation collective","Radiateur bitube sans robinet thermostatique sur réseau collectif eau chaude haute température(sup ou egal 65°C)","Installation de chauffage simple","Chaudière collective gaz standard installée à partir de 2016 avec équipement d'intermittence central collectif, réseau isolé. Emetteur(s): radiateur bitube sans robinet thermostatique",19393.4,77.8,,,"Chaudière gaz standard après 2015","Gaz naturel","chauffage","Gaz Naturel - Chaudière gaz standard installée à partir de 2016",19393.4,,,,,,,,,,,,,,,,,,,,,,,,"Électricité","Ballon électrique à accumulation vertical Autres ou inconnue",,,"installation individuelle","Un seul système d'ECS sans solaire","Ballon électrique à accumulation vertical (autres catégorie ou inconnue), contenance ballon 150 L",1967.7,1,77.8,"Non affecté",,,,"Ballon électrique à accumulation vertical Autres ou inconnue","Électricité","ecs","Electrique - Ballon électrique à accumulation vertical (autres catégorie ou inconnue)",150,,1967.7,,,,,,,,,,,,0,,,,,,,,,,,,0,
"2371E3969568N","2024-02-06","2023-11-21","2023-11-21","2023-11-22","2033-11-20",,,,,,,"DPE 3CL 2021 méthode logement",2.3,"dpe maison individuelle","G","F","maison",,"avant 1948",,,2.5,,,1,,,,56.8,,"Moyenne","inférieur à 400m","H1c","les Touillards 71420 Ciry-le-Noble",,"les Touillards","Ciry-le-Noble","71420","71132","71","27","71132_q2j96u",798386.14,6611553.77,0.45,"adresse géocodée ban à l'adresse","103 les Touillards","CIRY-LE-NOBLE",71420,0,,,"23SAUNIER227",,"insuffisant",0,0,0,0,0,346.2,21,93.8,57.9,35.2,18.4,25.4,94.5,"insuffisante","insuffisante",,"insuffisante",,"insuffisante","insuffisante",1.3,17164.3,965.7,0,1594,0,1123.4,0,27358.1,482,23014.2,3666.7,0,242.7,434.5,24902.8,438,23014.2,1594.2,0,105.5,188.9,5145.5,90,5022.5,103.6,0,7.3,12.1,"Fioul domestique",14734.8,14734.8,0,1347.1,1347.1,0,4774.1,4774.1,0,"Bois – Bûches",8279.4,8279.4,0,265,265,0,248.4,248.4,0,"Électricité",1888.6,0,1594.2,414.7,0,350,123,0,103.6,2026.7,1612.1,350,0,23.2,41.5,"Fioul domestique","Chaudière fioul classique 1981-1990","installation individuelle","Radiateur bitube avec robinet thermostatique sur réseau individuel eau chaude haute température(sup ou egal 65°C)","Installation de chauffage simple","Chaudière individuelle fioul classique installée entre 1981 et 1990. Emetteur(s): radiateur bitube avec robinet thermostatique",14734.8,39.8,,,"Chaudière fioul classique 1981-1990","Fioul domestique","chauffage","Fioul - Chaudière fioul classique installée entre 1981 et 1990",14734.8,,,,,,"installation individuelle","Poêle bois","Installation de chauffage simple","Foyer fermé installé entre 1990 et 2004 (système individuel)",8279.4,17,,,"Foyer fermé installé entre 1990 et 2004","Bois – Bûches","chauffage","Bois - Foyer fermé installé entre 1990 et 2004",8279.4,,,,,,"Électricité","Ballon électrique à accumulation vertical Autres ou inconnue",,,"installation individuelle","Un seul système d'ECS sans solaire","Ballon électrique à accumulation vertical (autres catégorie ou inconnue), contenance ballon 150 L",1594.2,1,56.8,"Non affecté",,,,"Ballon électrique à accumulation vertical Autres ou inconnue","Électricité","ecs","Electrique - Ballon électrique à accumulation vertical (autres catégorie ou inconnue)",150,,1594.2,,,,,,,,,,,,0,,,,,,,"chauffage au bois",,,,,0,
"2371E2572969E","2024-02-06","2023-07-29","2023-07-29","2023-07-30","2033-07-28",,,,,,,"DPE 3CL 2021 méthode logement",2.3,"dpe maison individuelle","D","D","maison",,"avant 1948",,,2.5,,,3,,,,85,,"Très lourde","inférieur à 400m","H1c","1 Rue Branly 71420 Ciry-le-Noble","1","Rue Branly","Ciry-le-Noble","71420","71132","71","27","71132_0100_00001",797827.13,6614561.65,0.5,"adresse géocodée ban à l'adresse","5.1 RUE BRANLY","CIRY-LE-NOBLE",71420,0,,,"3487",,"bon",1,1,0,1,1,264.1,47.7,67.5,3.7,16,6.3,24.5,98.3,"moyenne","bonne","bonne",,,"insuffisante","moyenne",0.74,11458.7,1197.9,0,2245,0,1909.4,0,18455.7,217,15732.8,1927.9,0,363.6,431.4,18006.3,211,15732.8,1927.9,0,158.1,187.6,4031.9,47,3571.3,437.6,0,10.9,12,"Gaz naturel",17660.7,15732.8,1927.9,1383.8,1232.7,151.1,4009,3571.3,437.6,"Électricité",345.6,0,0,100.3,0,0,22.9,0,0,,,,,,,,,,,1484,1232.7,151.1,0,45.9,54.4,"Gaz naturel","Chaudière gaz standard 2001-2015","installation individuelle","Plancher chauffant sur réseau individuel eau chaude haute température(sup ou egal 65°C)","Installation de chauffage simple","Chaudière individuelle gaz standard installée entre 2001 et 2015 régulée",15732.8,85,,,"Chaudière gaz standard 2001-2015","Gaz naturel","chauffage + ecs","Gaz Naturel - Chaudière gaz standard installée entre 2001 et 2015",15732.8,,,,,,,,,,,,,,,,,,,,,,,,"Gaz naturel","Chaudière gaz standard 2001-2015",,,"installation individuelle","Un seul système d'ECS sans solaire","Combiné au système de chauffage",1927.9,1,85,"Non affecté",,,,"Chaudière gaz standard 2001-2015","Gaz naturel","chauffage + ecs","Gaz Naturel - Chaudière gaz standard installée entre 2001 et 2015",0,,1927.9,,,,,,,,,,,,0,,,,,,,,,,,,0,
"2371E3506892H","2024-02-06","2023-10-17","2023-10-17","2023-10-18","2033-10-16",,,,,,,"DPE 3CL 2021 méthode logement",2.3,"dpe appartement individuel","D","D","appartement",,"1948-1974","collectif","individuel",2.5,1,,1,,,1218,64.6,,"Moyenne","inférieur à 400m","H1c","Rue Sully 71420 Ciry-le-Noble",,"Rue Sully","Ciry-le-Noble","71420","71132","71","27","71132_0800",797557.08,6614181.74,0.52,"adresse géocodée ban à l'adresse","Rue Sully Rozelay 
1er etage","CIRY-LE-NOBLE",71420,0,,,"23IMPERIALE40617",,"insuffisant",0,1,0,0,0,200.6,33.9,78.2,0,22.7,8,15.1,42.7,"insuffisante","insuffisante",,"très bonne",,"moyenne","bonne",1.23,8419.2,1224,0,1885.5,0,1598.2,0,15964.2,247,10971.5,4305.3,0,276.2,411.1,13142.3,203,10971.5,1871.9,0,120.1,178.7,2631.9,40,2490.5,121.7,0,8.3,11.4,"Gaz naturel",10971.5,10971.5,0,698.3,698.3,0,2490.5,2490.5,0,"Électricité",2170.7,0,1871.9,462.8,0,403.3,141.4,0,121.7,,,,,,,,,,,1161.1,698.3,403.3,0,25.9,33.6,"Gaz naturel","Chaudière gaz à condensation après 2015","installation collective","Radiateur bitube sans robinet thermostatique sur réseau collectif eau chaude basse ou moyenne température(inf 65°C)","Installation de chauffage simple","Chaudière collective gaz à condensation installée à partir de 2016 régulée, réseau isolé. Emetteur(s): radiateur bitube sans robinet thermostatique",10971.5,64.6,,,"Chaudière gaz à condensation après 2015","Gaz naturel","chauffage","Gaz Naturel - Chaudière gaz à condensation installée à partir de 2016",10971.5,,,,,,,,,,,,,,,,,,,,,,,,"Électricité","Ballon électrique à accumulation vertical Autres ou inconnue",,,"installation individuelle","Un seul système d'ECS sans solaire","Ballon électrique à accumulation vertical (autres catégorie ou inconnue), contenance ballon 150 L",1871.9,1,64.6,"Non affecté",,,,"Ballon électrique à accumulation vertical Autres ou inconnue","Électricité","ecs","Electrique - Ballon électrique à accumulation vertical (autres catégorie ou inconnue)",150,,1871.9,,,,,,,,,,,,0,,,,,,,,,,,,0,
"2371E1822066H","2024-02-06","2023-06-01","2023-06-01","2023-06-02","2033-05-31",,,,,,,"DPE 3CL 2021 méthode logement",2.2,"dpe maison individuelle","E","E","maison",,"1948-1974",,,2.5,,,3,,,,78,,"Lourde","inférieur à 400m","H1c","Rue Sully 71420 Ciry-le-Noble",,"Rue Sully","Ciry-le-Noble","71420","71132","71","27","71132_0800",797557.08,6614181.74,0.52,"adresse géocodée ban à l'adresse","RUE SULLY","CIRY LE NOBLE",71420,0,,,"MA2305093314","Bat. N/A; Etage 01; Porte 3","bon",1,1,0,1,1,397.3,69,144.4,65,7.4,8.6,34.1,68.9,"insuffisante","insuffisante","insuffisante",,,"bonne","moyenne",2.02,18240.7,1164.1,0,1896.8,0,1820.1,0,25060.2,321,21145.1,1816.9,0,333.6,1764.5,23874.3,306,21145.1,1816.9,0,145.1,767.2,5271.5,67,4799.9,412.4,0,10,49.1,"Gaz naturel",22962,21145.1,1816.9,1730.1,1593.2,136.9,5212.4,4799.9,412.4,"Électricité",912.3,0,0,264.6,0,0,59.1,0,0,,,,,,,,,,,1994.7,1593.2,136.9,0,42.1,222.5,"Gaz naturel","Chaudière gaz à condensation 2001-2015","installation individuelle","Radiateur bitube avec robinet thermostatique sur réseau individuel eau chaude haute température(sup ou egal 65°C)","Installation de chauffage simple","Chaudière individuelle gaz à condensation installée entre 2001 et 2015 avec programmateur avec réduit. Emetteur(s): radiateur bitube avec robinet thermostatique",21145.1,78,,,"Chaudière gaz à condensation 2001-2015","Gaz naturel","chauffage + ecs","Gaz Naturel - Chaudière gaz à condensation installée entre 2001 et 2015",21145.1,,,,,,,,,,,,,,,,,,,,,,,,"Gaz naturel","Chaudière gaz à condensation 2001-2015",,,"installation individuelle","Un seul système d'ECS sans solaire","Combiné au système de chauffage",1816.9,1,78,"Non affecté",,,,"Chaudière gaz à condensation 2001-2015","Gaz naturel","chauffage + ecs","Gaz Naturel - Chaudière gaz à condensation installée entre 2001 et 2015",0,,1816.9,,,,,,,,,,,,0,,,,,,,,,,,,0,
"2371E0322519K","2024-02-06","2023-01-16","2023-01-31","2023-02-01","2033-01-30",,,,,,,"DPE 3CL 2021 méthode logement",2.2,"dpe maison individuelle","E","E","maison",1913,"avant 1948",,,3,,,2,,,,107,,"Moyenne","inférieur à 400m","H1c","Rue Dumas 71420 Ciry-le-Noble",,"Rue Dumas","Ciry-le-Noble","71420","71132","71","27","71132_0250",797718.06,6614629.3,0.52,"adresse géocodée ban à l'adresse","13.1 RUE DUMAS","CIRY LE NOBLE",71420,0,,,"MA2204059092","Bat. N/A; Etage N/A; Porte N/A","moyen",1,1,0,0,1,440.8,42.8,201.8,10.7,22.7,16,11.4,135.3,"insuffisante","insuffisante","bonne",,,"insuffisante","bonne",1.3,21784.2,1304,0,2709.3,0,1041.3,0,28289.6,264,25075.4,1979.7,0,457.7,776.8,27591.8,257,25075.4,1979.7,0,199,337.7,6176.9,57,5692.1,449.4,0,13.7,21.6,"Gaz naturel",27055.1,25075.4,1979.7,1997.5,1851.3,146.2,6141.5,5692.1,449.4,"Électricité",536.7,0,0,155.7,0,0,35.3,0,0,,,,,,,,,,,2153.2,1851.3,146.2,0,57.7,98,"Gaz naturel","Chaudière gaz à condensation 2001-2015","installation individuelle","Radiateur bitube avec robinet thermostatique sur réseau individuel eau chaude basse ou moyenne température(inf 65°C)","Installation de chauffage simple","Chaudière individuelle gaz à condensation installée entre 2001 et 2015 réseau isolé. Emetteur(s): radiateur bitube avec robinet thermostatique",25075.4,107,,,"Chaudière gaz à condensation 2001-2015","Gaz naturel","chauffage + ecs","Gaz Naturel - Chaudière gaz à condensation installée entre 2001 et 2015",25075.4,,,,,,,,,,,,,,,,,,,,,,,,"Gaz naturel","Chaudière gaz à condensation 2001-2015",,,"installation individuelle","Un seul système d'ECS sans solaire","Combiné au système de chauffage",1979.7,1,107,"Non affecté",,,,"Chaudière gaz à condensation 2001-2015","Gaz naturel","chauffage + ecs","Gaz Naturel - Chaudière gaz à condensation installée entre 2001 et 2015",0,,1979.7,,,,,,,,,,,,0,,,,,,,,,,,,0,
"2371E2112277G","2024-02-06","2023-06-22","2023-06-22","2023-06-23","2033-06-21",,,,,,,"DPE 3CL 2021 méthode logement",2.2,"dpe maison individuelle","B","A","maison",,"avant 1948",,,2.5,,,1,,,,128.9,,"Moyenne","inférieur à 400m","H1c","107e Rue Henri Mugnier 71420 Ciry-le-Noble","107e","Rue Henri Mugnier","Ciry-le-Noble","71420","71132","71","27","71132_0500_00107_e",799080.88,6615227.08,0.59,"adresse géocodée ban à l'adresse","107e Rue Henri Mugnier","CIRY-LE-NOBLE",71420,0,,,"23LABAUNE31815",,"moyen",1,1,0,0,1,238.6,21.1,30.1,15.2,41.6,5.6,17.5,107.5,"très bonne","très bonne","bonne",,,"insuffisante","bonne",0.41,9157.6,1409.6,0,3171.4,0,2106.4,0,12837.6,99,9705.8,1515.7,0,551.4,1064.7,7679.2,59,6317.6,659,0,239.7,462.9,406.2,3,317.2,42.8,0,16.5,29.6,"Électricité",3968,2606.4,659,724.2,475.7,120.3,294.9,205.9,42.8,"Bois – Bûches",3711.2,3711.2,0,118.8,118.8,0,111.3,111.3,0,,,,,,,,,,,843,594.5,120.3,0,43.8,84.5,"Bois – Bûches","PAC air/eau installée après 2017","installation individuelle","Radiateur bitube avec robinet thermostatique sur réseau individuel eau chaude basse ou moyenne température(inf 65°C)","Installation de chauffage avec insert ou poêle bois en appoint","PAC air/eau installée à partir de 2017 avec en appoint un foyer fermé installé de 2007 à 2017 avec label flamme verte avec programmateur avec réduit (système individuel). Emetteur(s): radiateur bitube avec robinet thermostatique",6317.6,128.9,,,"Foyer fermé installé installé de 2007 à 2017 avec label flamme verte","Bois – Bûches","chauffage","Bois - Foyer fermé installé de 2007 à 2017 avec label flamme verte",3711.2,"PAC air/eau installée après 2017","Électricité","chauffage + ecs","Electrique - PAC air/eau installée à partir de 2017",2606.4,,,,,,,,,,,,,,,,,,,"Électricité","PAC double service après 2014",,,"installation individuelle","Un seul système d'ECS sans solaire","Combiné au système de chauffage, contenance ballon 70 L",659,1,128.9,"Non affecté",,,,"PAC double service après 2014","Électricité","chauffage + ecs","Electrique - PAC air/eau installée à partir de 2017",70,2.3,659,"A partir de 2015",,,,,,,,,,,0,,,,,,,"Il existe plusieurs descriptifs ENR",,,,,0,
"2371E0319214H","2024-02-06","2023-01-16","2023-01-31","2023-02-01","2033-01-30",,,,,,,"DPE 3CL 2021 méthode logement",2.2,"dpe maison individuelle","E","E","maison",1913,"avant 1948",,,2.5,,,3,,,,107,,"Légère","inférieur à 400m","H1c","2 Rue Champlong 71420 Ciry-le-Noble","2","Rue Champlong","Ciry-le-Noble","71420","71132","71","27","71132_k74x4b_00002",797803.65,6614499.18,0.51,"adresse géocodée ban à l'adresse","4.2 RUE CHAMP-LONG","CIRY LE NOBLE",71420,0,,,"MA2204057942","Bat. N/A; Etage N/A; Porte N/A","moyen",1,1,0,0,1,306.7,51.9,117.1,12.3,14.9,8,14.6,87.9,"insuffisante","insuffisante",,"insuffisante",,"insuffisante","bonne",1.52,14190.6,1304,0,2709.3,0,1204.2,0,21835.8,204,17452.2,2027.3,0,457.7,1898.5,20504,191,17452.2,2027.3,0,199,825.4,6377.9,59,5654.5,656.9,0,13.7,52.8,"Fioul domestique",19479.5,17452.2,2027.3,1780.8,1595.5,185.3,6311.4,5654.5,656.9,"Électricité",1024.4,0,0,293.1,0,0,66.6,0,0,,,,,,,,,,,2073.9,1595.5,185.3,0,56.9,236.2,"Fioul domestique","Chaudière fioul basse température 1991-2015","installation individuelle","Radiateur bitube avec robinet thermostatique sur réseau individuel eau chaude basse ou moyenne température(inf 65°C)","Installation de chauffage simple","Chaudière individuelle fioul basse température installée entre 1991 et 2015 réseau isolé. Emetteur(s): radiateur bitube avec robinet thermostatique",17452.2,107,,,"Chaudière fioul basse température 1991-2015","Fioul domestique","chauffage + ecs","Fioul - Chaudière fioul basse température installée entre 1991 et 2015",17452.2,,,,,,,,,,,,,,,,,,,,,,,,"Fioul domestique","Chaudière fioul basse température 1991-2015",,,"installation individuelle","Un seul système d'ECS sans solaire","Combiné au système de chauffage",2027.3,1,107,"Non affecté",,,,"Chaudière fioul basse température 1991-2015","Fioul domestique","chauffage + ecs","Fioul - Chaudière fioul basse température installée entre 1991 et 2015",0,,2027.3,,,,,,,,,,,,0,,,,,,,,,,,,0,
"2371E1110069U","2024-02-06","2023-01-16","2023-04-01","2023-04-03","2033-03-31",,,,,,,"DPE 3CL 2021 méthode logement",2.2,"dpe maison individuelle","E","B","maison",1987,"1983-1988",,,2.5,,,2,,,,98,,"Moyenne","inférieur à 400m","H1c","9 impasse des petits vins 71420 Ciry-le-Noble","9","impasse des petits vins","Ciry-le-Noble","71420","71132","71","27","71132_91iqw4_00009",799351.86,6612837.58,0.49,"adresse géocodée ban à l'adresse","Résidences des Petits Vins","CIRY-LE-NOBLE",71420,,,,,,"moyen",1,1,0,0,1,285.1,45,104.3,7.2,14.5,11.8,18.1,84.1,"moyenne","insuffisante",,"très bonne",,"bonne","bonne",0.76,11839.8,1260.6,0,2519347.6,0,2444658.2,0,30393.5,310.1,23930,5037,0,419.2,1007.4,13214.6,134.8,10404.3,2190,0,182.3,438,1004.5,10.2,821.9,142.3,0,12.6,28,"Électricité",13214.6,10404.3,2190,2173,1711,360,1004.9,821.9,142.3,,,,,,,,,,,,,,,,,,,,,2173,1711,360,0,30,72,"Électricité","Convecteur électrique NFC, NF** et NF***","installation individuelle","Convecteur électrique NFC, NF** et NF***","Installation de chauffage simple","Chauffage sans solaire",10404.3,98,,,"Convecteur électrique NFC, NF** et NF***","Électricité","chauffage","Convecteur électrique NFC",10404.3,,,,,,,,,,,,,,,,,,,,,,,,"Électricité","Ballon électrique à accumulation vertical Autres ou inconnue",,,"installation individuelle","Un seul système d'ECS sans solaire","Chauffe-eau vertical",2190,1,98,"Non affecté",,,,"Ballon électrique à accumulation vertical Autres ou inconnue","Électricité","ecs","Chauffe-eau vertical",200,,2190,,,,,,,,,,,,0,,,,,,,,,,,,0,
"2371E0324507W","2024-02-06","2023-01-16","2023-01-31","2023-02-01","2033-01-30",,,,,,,"DPE 3CL 2021 méthode logement",2.2,"dpe maison individuelle","E","E","maison",1944,"avant 1948",,,2.5,,,1,,,,52,,"Légère","inférieur à 400m","H1c","1 rue jean-louis lagrange 71420 Ciry-le-Noble","1","rue jean-louis lagrange","Ciry-le-Noble","71420","71132","71","27","71132_0450_00001",797906.9,6615310.57,0.51,"adresse géocodée ban à l'adresse","6.1 RUE LAGRANGE","CIRY LE NOBLE",71420,0,,,"MA2204057781","Bat. N/A; Etage RDC; Porte N/A","moyen",1,1,0,0,1,206.8,19.3,79.5,7.9,22.1,11.9,9.1,56.9,"insuffisante","insuffisante",,"moyenne",,"insuffisante","bonne",0.92,9850.2,908.4,0,1474,0,802.7,0,13676.4,263,11497.5,1519.3,0,222.4,437.2,13303.6,255,11497.5,1519.3,0,96.7,190.1,2973.6,57,2609.9,344.9,0,6.7,12.2,"Gaz naturel",13016.8,11497.5,1519.3,1080.4,954.3,126.1,2954.8,2609.9,344.9,"Électricité",286.8,0,0,83.2,0,0,18.8,0,0,,,,,,,,,,,1163.6,954.3,126.1,0,28.1,55.1,"Gaz naturel","Chaudière gaz à condensation 2001-2015","installation individuelle","Radiateur bitube avec robinet thermostatique sur réseau individuel eau chaude basse ou moyenne température(inf 65°C)","Installation de chauffage simple","Chaudière individuelle gaz à condensation installée entre 2001 et 2015 réseau isolé. Emetteur(s): radiateur bitube avec robinet thermostatique",11497.5,52,,,"Chaudière gaz à condensation 2001-2015","Gaz naturel","chauffage + ecs","Gaz Naturel - Chaudière gaz à condensation installée entre 2001 et 2015",11497.5,,,,,,,,,,,,,,,,,,,,,,,,"Gaz naturel","Chaudière gaz à condensation 2001-2015",,,"installation individuelle","Un seul système d'ECS sans solaire","Combiné au système de chauffage",1519.3,1,52,"Non affecté",,,,"Chaudière gaz à condensation 2001-2015","Gaz naturel","chauffage + ecs","Gaz Naturel - Chaudière gaz à condensation installée entre 2001 et 2015",0,,1519.3,,,,,,,,,,,,0,,,,,,,,,,,,0,
"2371E1110137K","2024-02-06","2023-01-16","2023-04-02","2023-04-03","2033-04-01",,,,,,,"DPE 3CL 2021 méthode logement",2.2,"dpe maison individuelle","E","B","maison",1987,"1983-1988",,,2.5,,,2,,,,82,,"Moyenne","inférieur à 400m","H1c","5 impasse des petits vins 71420 Ciry-le-Noble","5","impasse des petits vins","Ciry-le-Noble","71420","71132","71","27","71132_91iqw4_00005",799333.31,6612852.82,0.61,"adresse non géocodée ban car aucune correspondance trouvée","Résidence des Petits Vins","CIRY-LE-NOBLE",71420,,,,,,"moyen",1,1,0,0,1,209.3,28.3,75.1,5.5,12.8,11.8,12.1,63.7,"moyenne","insuffisante",,"très bonne",,"bonne","bonne",0.72,8811.3,1183.4,0,2181709.8,0,1267213.4,0,23239.3,283.4,17612,4269.1,0,350.8,1007.4,10104,123.2,7657.4,1856.1,0,152.5,438,764.2,9.3,604.9,120.6,0,10.5,28,"Électricité",10104,7657.4,1856.1,1683,1276,309,764.1,604.9,120.6,,,,,,,,,,,,,,,,,,,,,1683,1276,309,0,25,73,"Électricité","Convecteur électrique NFC, NF** et NF***","installation individuelle","Convecteur électrique NFC, NF** et NF***","Installation de chauffage simple","Chauffage sans solaire",5937.8,62,,,"Convecteur électrique NFC, NF** et NF***","Électricité","chauffage","Convecteur électrique NFC",5937.8,,,,,,"installation individuelle","radiateur électrique NFC, NF** et NF***","Installation de chauffage simple","Chauffage sans solaire",1719.6,20,,,"radiateur électrique NFC, NF** et NF***","Électricité","chauffage","Radiateur électrique NF***",1719.6,,,,,,"Électricité","Ballon électrique à accumulation vertical Catégorie C ou 3 étoiles",,,"installation individuelle","Un seul système d'ECS sans solaire","Chauffe-eau vertical",1856.1,1,82,"Non affecté",,,,"Ballon électrique à accumulation vertical Catégorie C ou 3 étoiles","Électricité","ecs","Chauffe-eau vertical",200,,1856.1,,,,,,,,,,,,0,,,,,,,,,,,,0,
"2371E0321035I","2024-02-06","2023-01-16","2023-01-31","2023-02-01","2033-01-30",,,,,,,"DPE 3CL 2021 méthode logement",2.2,"dpe maison individuelle","D","D","maison",1913,"avant 1948",,,2.5,,,3,,,,116,,"Légère","inférieur à 400m","H1c","2 Rue Champlong 71420 Ciry-le-Noble","2","Rue Champlong","Ciry-le-Noble","71420","71132","71","27","71132_k74x4b_00002",797803.65,6614499.18,0.51,"adresse géocodée ban à l'adresse","6.2 RUE CHAMP-LONG","CIRY LE NOBLE",71420,0,,,"MA2204057944","Bat. N/A; Etage N/A; Porte N/A","insuffisant",0,1,0,0,1,388,58.3,168.5,8.4,16.3,8,22.1,106.4,"insuffisante","insuffisante","bonne",,,"insuffisante","bonne",1.54,18158.8,1347.4,0,2899.2,0,1825.7,0,25616.1,220,21078.3,2030.2,0,496.2,2011.4,24198.8,208,21078.3,2030.2,0,215.7,874.5,5316.5,45,4784.8,460.9,0,14.9,56,"Gaz naturel",23108.5,21078.3,2030.2,1739.7,1586.8,152.8,5245.6,4784.8,460.9,"Électricité",1090.2,0,0,302.4,0,0,70.9,0,0,,,,,,,,,,,2042,1586.8,152.8,0,59.8,242.5,"Gaz naturel","Chaudière gaz à condensation 2001-2015","installation individuelle","Radiateur bitube avec robinet thermostatique sur réseau individuel eau chaude basse ou moyenne température(inf 65°C)","Installation de chauffage simple","Chaudière individuelle gaz à condensation installée entre 2001 et 2015 réseau isolé. Emetteur(s): radiateur bitube avec robinet thermostatique",21078.3,116,,,"Chaudière gaz à condensation 2001-2015","Gaz naturel","chauffage + ecs","Gaz Naturel - Chaudière gaz à condensation installée entre 2001 et 2015",21078.3,,,,,,,,,,,,,,,,,,,,,,,,"Gaz naturel","Chaudière gaz à condensation 2001-2015",,,"installation individuelle","Un seul système d'ECS sans solaire","Combiné au système de chauffage",2030.2,1,116,"Non affecté",,,,"Chaudière gaz à condensation 2001-2015","Gaz naturel","chauffage + ecs","Gaz Naturel - Chaudière gaz à condensation installée entre 2001 et 2015",0,,2030.2,,,,,,,,,,,,0,,,,,,,,,,,,0,
"2371E1479393O","2024-02-06","2023-05-03","2023-05-03","2023-05-04","2033-05-02",,,,,,,"DPE 3CL 2021 méthode logement",2.2,"dpe maison individuelle","F","F","maison",,"avant 1948",,,2.4,,,1,,,,133.8,,"Lourde","inférieur à 400m","H1c","Les Porrots 71420 Ciry-le-Noble",,"Les Porrots","Ciry-le-Noble","71420","71132","71","27","71132_ge8bz5",797911.74,6615035.52,0.44,"adresse géocodée ban à l'adresse","Les Porrots","CIRY-LE-NOBLE",71420,0,,,"23MATON26655",,"insuffisant",1,1,0,1,0,625,36.2,184.1,155.2,63.5,6.8,16.1,163.1,"insuffisante","insuffisante",,"insuffisante",,"insuffisante","bonne",1.18,29569.5,1433.2,0,2961.8,0,1668.9,0,50571.7,377,44218.4,5249,0,572.3,531.9,46980.7,351,44218.4,2282.2,0,248.8,231.3,10030.5,74,9850.2,148.3,0,17.2,14.8,"Fioul domestique",28992,28992,0,2650.5,2650.5,0,9393.4,9393.4,0,"Bois – Bûches",15226.4,15226.4,0,487.4,487.4,0,456.8,456.8,0,"Électricité",2762.3,0,2282.2,541.2,0,447.1,180.3,0,148.3,3679.1,3137.8,447.1,0,48.8,45.3,"Fioul domestique","Chaudière fioul standard 1991-2015","installation individuelle","Radiateur bitube sans robinet thermostatique sur réseau individuel eau chaude haute température(sup ou egal 65°C)","Installation de chauffage avec insert ou poêle bois en appoint","Chaudière individuelle fioul standard installée entre 1991 et 2015 avec en appoint un foyer fermé installé avant 1990 régulée, réseau isolé. Emetteur(s): radiateur bitube sans robinet thermostatique",44218.4,133.8,,,"Chaudière fioul standard 1991-2015","Fioul domestique","chauffage","Fioul - Chaudière fioul standard installée entre 1991 et 2015",28992,"Foyer fermé installé avant 1990","Bois – Bûches","chauffage","Bois - Foyer fermé installé avant 1990",15226.4,,,,,,,,,,,,,,,,,,,"Électricité","Ballon électrique à accumulation vertical Autres ou inconnue",,,"installation individuelle","Un seul système d'ECS sans solaire","Ballon électrique à accumulation vertical (autres catégorie ou inconnue), contenance ballon 200 L",2282.2,1,133.8,"Non affecté",,,,"Ballon électrique à accumulation vertical Autres ou inconnue","Électricité","ecs","Electrique - Ballon électrique à accumulation vertical (autres catégorie ou inconnue)",200,,2282.2,,,,,,,,,,,,0,,,,,,,"chauffage au bois",,,,,0,
"2371E1526338D","2024-02-06","2023-05-02","2023-05-08","2023-05-09","2033-05-07",,,,,,,"DPE 3CL 2021 méthode logement",2.3,"dpe appartement individuel","E","D","appartement",1965,"1948-1974","collectif","individuel",2.5,64,,4,,,1460,62,,"Moyenne","inférieur à 400m","H1c","Rue Sully 71420 Ciry-le-Noble",,"Rue Sully","Ciry-le-Noble","71420","71132","71","27","71132_0800",797557.08,6614181.74,0.74,"adresse non géocodée ban car aucune correspondance trouvée","9 rue de Sully","CIRY-LE-NOBLE",71420,,,"Bât C- 1er étage - Lot 235",,,"bon",0,1,0,0,0,216,37.2,63.6,0,25.4,2.8,32.3,54.7,"insuffisante","insuffisante",,,,"bonne","moyenne",1.35,8988.6,1206.5,0,1828189,0,2151210.7,0,17997.1,290.2,12901.9,4412.5,0,265.2,417.5,15117.2,243.8,12901.9,1918.5,0,115.3,181.5,3072.7,49.5,2928.7,124.7,0,8,11.6,"Gaz naturel",12901.9,12901.9,0,813,813,0,2928.7,2928.7,0,"Électricité",2215.3,0,1918.5,461,0,399,144.3,0,124.7,,,,,,,,,,,1274,813,399,0,24,38,"Gaz naturel","Chaudière gaz à condensation 2001-2015","installation collective","Radiateur bitube sans robinet thermostatique sur réseau collectif eau chaude basse ou moyenne température(inf 65°C)","Installation de chauffage simple","Chauffage sans solaire",12901.9,62,,,"Chaudière gaz à condensation 2001-2015","Gaz naturel","chauffage","Chaudière condensation",12901.9,,,,,,,,,,,,,,,,,,,,,,,,"Électricité","Ballon électrique à accumulation vertical Catégorie B ou 2 étoiles",,,"installation individuelle","Un seul système d'ECS sans solaire","Chauffe-eau vertical",1918.5,1,62,"Non affecté",,,,"Ballon électrique à accumulation vertical Catégorie B ou 2 étoiles","Électricité","ecs","Chauffe-eau vertical",150,,1918.5,,,,,,,,,,,,0,,,,,,,,,,,,0,
"2371E0322826F","2024-02-06","2023-01-16","2023-01-31","2023-02-01","2033-01-30",,,,,,,"DPE 3CL 2021 méthode logement",2.2,"dpe maison individuelle","E","E","maison",1913,"avant 1948",,,3,,,2,,,,104.7,,"Moyenne","inférieur à 400m","H1c","2 Rue Dumas 71420 Ciry-le-Noble","2","Rue Dumas","Ciry-le-Noble","71420","71132","71","27","71132_0250_00002",797818.77,6614619.71,0.52,"adresse géocodée ban à l'adresse","15.2 RUE DUMAS","CIRY LE NOBLE",71420,0,,,"MA2204059084","Bat. N/A; Etage RDC; Porte N/A","moyen",1,1,0,0,1,438.4,42.8,201.8,10.5,22.2,16,11.4,133.6,"insuffisante","insuffisante","bonne",,,"insuffisante","bonne",1.31,21690.8,1292.7,0,2660.1,0,1041.3,0,28104.8,268,24918,1966.6,0,447.7,772.5,27415.2,261,24918,1966.6,0,194.7,335.9,6137.7,58,5656.4,446.4,0,13.4,21.5,"Gaz naturel",26884.6,24918,1966.6,1986.4,1841.1,145.3,6102.8,5656.4,446.4,"Électricité",530.5,0,0,153.9,0,0,34.9,0,0,,,,,,,,,,,2140.3,1841.1,145.3,0,56.5,97.4,"Gaz naturel","Chaudière gaz à condensation 2001-2015","installation individuelle","Radiateur bitube avec robinet thermostatique sur réseau individuel eau chaude basse ou moyenne température(inf 65°C)","Installation de chauffage simple","Chaudière individuelle gaz à condensation installée entre 2001 et 2015 réseau isolé. Emetteur(s): radiateur bitube avec robinet thermostatique",24918,104.7,,,"Chaudière gaz à condensation 2001-2015","Gaz naturel","chauffage + ecs","Gaz Naturel - Chaudière gaz à condensation installée entre 2001 et 2015",24918,,,,,,,,,,,,,,,,,,,,,,,,"Gaz naturel","Chaudière gaz à condensation 2001-2015",,,"installation individuelle","Un seul système d'ECS sans solaire","Combiné au système de chauffage",1966.6,1,104.7,"Non affecté",,,,"Chaudière gaz à condensation 2001-2015","Gaz naturel","chauffage + ecs","Gaz Naturel - Chaudière gaz à condensation installée entre 2001 et 2015",0,,1966.6,,,,,,,,,,,,0,,,,,,,,,,,,0,
"2371E0322614B","2024-02-06","2023-01-16","2023-01-31","2023-02-01","2033-01-30",,,,,,,"DPE 3CL 2021 méthode logement",2.2,"dpe maison individuelle","E","E","maison",1913,"avant 1948",,,3,,,2,,,,107,,"Moyenne","inférieur à 400m","H1c","Rue Dumas 71420 Ciry-le-Noble",,"Rue Dumas","Ciry-le-Noble","71420","71132","71","27","71132_0250",797718.06,6614629.3,0.52,"adresse géocodée ban à l'adresse","11.1 RUE DUMAS","CIRY LE NOBLE",71420,0,,,"MA2204059089","Bat. N/A; Etage N/A; Porte N/A","moyen",1,1,0,0,1,440.8,42.8,201.8,10.7,22.7,16,11.4,135.3,"insuffisante","insuffisante","bonne",,,"insuffisante","bonne",1.3,21784.2,1304,0,2709.3,0,1041.3,0,28289.6,264,25075.4,1979.7,0,457.7,776.8,27591.8,257,25075.4,1979.7,0,199,337.7,6176.9,57,5692.1,449.4,0,13.7,21.6,"Gaz naturel",27055.1,25075.4,1979.7,1997.5,1851.3,146.2,6141.5,5692.1,449.4,"Électricité",536.7,0,0,155.7,0,0,35.3,0,0,,,,,,,,,,,2153.2,1851.3,146.2,0,57.7,98,"Gaz naturel","Chaudière gaz à condensation 2001-2015","installation individuelle","Radiateur bitube avec robinet thermostatique sur réseau individuel eau chaude basse ou moyenne température(inf 65°C)","Installation de chauffage simple","Chaudière individuelle gaz à condensation installée entre 2001 et 2015 réseau isolé. Emetteur(s): radiateur bitube avec robinet thermostatique",25075.4,107,,,"Chaudière gaz à condensation 2001-2015","Gaz naturel","chauffage + ecs","Gaz Naturel - Chaudière gaz à condensation installée entre 2001 et 2015",25075.4,,,,,,,,,,,,,,,,,,,,,,,,"Gaz naturel","Chaudière gaz à condensation 2001-2015",,,"installation individuelle","Un seul système d'ECS sans solaire","Combiné au système de chauffage",1979.7,1,107,"Non affecté",,,,"Chaudière gaz à condensation 2001-2015","Gaz naturel","chauffage + ecs","Gaz Naturel - Chaudière gaz à condensation installée entre 2001 et 2015",0,,1979.7,,,,,,,,,,,,0,,,,,,,,,,,,0,
"2371E0323057C","2024-02-06","2023-01-16","2023-01-31","2023-02-01","2033-01-30",,,,,,,"DPE 3CL 2021 méthode logement",2.2,"dpe maison individuelle","E","E","maison",1913,"avant 1948",,,3,,,2,,,,103,,"Moyenne","inférieur à 400m","H1c","Rue Dumas 71420 Ciry-le-Noble",,"Rue Dumas","Ciry-le-Noble","71420","71132","71","27","71132_0250",797718.06,6614629.3,0.52,"adresse géocodée ban à l'adresse","5.1 RUE DUMAS","CIRY LE NOBLE",71420,0,,,"MA2204059080","Bat. N/A; Etage RDC; Porte N/A","moyen",1,1,0,0,1,436.7,42.8,201.8,10.3,21.9,16,11.4,132.4,"insuffisante","insuffisante","bonne",,,"insuffisante","bonne",1.32,21624.2,1284.7,0,2624.9,0,1041.3,0,27971.7,271,24804.5,1957.3,0,440.6,769.4,27287.9,264,24804.5,1957.3,0,191.6,334.5,6109.6,59,5630.6,444.3,0,13.2,21.4,"Gaz naturel",26761.8,24804.5,1957.3,1978.3,1833.7,144.7,6074.9,5630.6,444.3,"Électricité",526.1,0,0,152.6,0,0,34.6,0,0,,,,,,,,,,,2130.9,1833.7,144.7,0,55.6,97,"Gaz naturel","Chaudière gaz à condensation 2001-2015","installation individuelle","Radiateur bitube avec robinet thermostatique sur réseau individuel eau chaude basse ou moyenne température(inf 65°C)","Installation de chauffage simple","Chaudière individuelle gaz à condensation installée entre 2001 et 2015 réseau isolé. Emetteur(s): radiateur bitube avec robinet thermostatique",24804.5,103,,,"Chaudière gaz à condensation 2001-2015","Gaz naturel","chauffage + ecs","Gaz Naturel - Chaudière gaz à condensation installée entre 2001 et 2015",24804.5,,,,,,,,,,,,,,,,,,,,,,,,"Gaz naturel","Chaudière gaz à condensation 2001-2015",,,"installation individuelle","Un seul système d'ECS sans solaire","Combiné au système de chauffage",1957.3,1,103,"Non affecté",,,,"Chaudière gaz à condensation 2001-2015","Gaz naturel","chauffage + ecs","Gaz Naturel - Chaudière gaz à condensation installée entre 2001 et 2015",0,,1957.3,,,,,,,,,,,,0,,,,,,,,,,,,0,
"2371E1110238H","2024-02-06","2023-01-16","2023-04-02","2023-04-03","2033-04-01",,,,,,,"DPE 3CL 2021 méthode logement",2.2,"dpe maison individuelle","E","B","maison",1987,"1983-1988",,,2.5,,,2,,,,83,,"Moyenne","inférieur à 400m","H1c","1 impasse des petits vins 71420 Ciry-le-Noble","1","impasse des petits vins","Ciry-le-Noble","71420","71132","71","27","71132_91iqw4_00001",799363.9,6612863.88,0.61,"adresse non géocodée ban car aucune correspondance trouvée","Résidence des Petits Vins","CIRY-LE-NOBLE",71420,,,,,,"moyen",1,1,0,0,1,229.2,31.4,82.9,6.5,15.3,11.8,12.1,69.1,"moyenne","insuffisante",,"très bonne",,"bonne","bonne",0.7,9760.5,1188.2,0,2202812.2,0,1463652.9,0,25486.2,307,19842.9,4280.9,0,355,1007.4,11081,133.5,8627.4,1861.3,0,154.4,438,841.6,10.1,681.6,121,0,10.7,28,"Électricité",11081,8627.4,1861.3,1839,1431,309,841.2,681.6,121,,,,,,,,,,,,,,,,,,,,,1839,1431,309,0,26,73,"Électricité","Convecteur électrique NFC, NF** et NF***","installation individuelle","Convecteur électrique NFC, NF** et NF***","Installation de chauffage simple","Chauffage sans solaire",8627.4,83,,,"Convecteur électrique NFC, NF** et NF***","Électricité","chauffage","Convecteur électrique NFC",8627.4,,,,,,,,,,,,,,,,,,,,,,,,"Électricité","Ballon électrique à accumulation vertical Catégorie C ou 3 étoiles",,,"installation individuelle","Un seul système d'ECS sans solaire","Chauffe-eau vertical",1861.3,1,83,"Non affecté",,,,"Ballon électrique à accumulation vertical Catégorie C ou 3 étoiles","Électricité","ecs","Chauffe-eau vertical",200,,1861.3,,,,,,,,,,,,0,,,,,,,,,,,,0,
"2371E1822178P","2024-02-06","2023-06-01","2023-06-01","2023-06-02","2033-05-31",,,,,,,"DPE 3CL 2021 méthode logement",2.2,"dpe maison individuelle","E","E","maison",,"1948-1974",,,2.5,,,3,,,,78,,"Lourde","inférieur à 400m","H1c","Rue Sully 71420 Ciry-le-Noble",,"Rue Sully","Ciry-le-Noble","71420","71132","71","27","71132_0800",797557.08,6614181.74,0.52,"adresse géocodée ban à l'adresse","RUE SULLY","CIRY LE NOBLE",71420,0,,,"MA2305093313","Bat. N/A; Etage 01; Porte 3","bon",1,1,0,1,1,397.3,69,144.4,65,7.4,8.6,34.1,68.9,"insuffisante","insuffisante","insuffisante",,,"bonne","moyenne",2.02,18240.7,1164.1,0,1896.8,0,1820.1,0,25060.2,321,21145.1,1816.9,0,333.6,1764.5,23874.3,306,21145.1,1816.9,0,145.1,767.2,5271.5,67,4799.9,412.4,0,10,49.1,"Gaz naturel",22962,21145.1,1816.9,1730.1,1593.2,136.9,5212.4,4799.9,412.4,"Électricité",912.3,0,0,264.6,0,0,59.1,0,0,,,,,,,,,,,1994.7,1593.2,136.9,0,42.1,222.5,"Gaz naturel","Chaudière gaz à condensation 2001-2015","installation individuelle","Radiateur bitube avec robinet thermostatique sur réseau individuel eau chaude haute température(sup ou egal 65°C)","Installation de chauffage simple","Chaudière individuelle gaz à condensation installée entre 2001 et 2015 avec programmateur avec réduit. Emetteur(s): radiateur bitube avec robinet thermostatique",21145.1,78,,,"Chaudière gaz à condensation 2001-2015","Gaz naturel","chauffage + ecs","Gaz Naturel - Chaudière gaz à condensation installée entre 2001 et 2015",21145.1,,,,,,,,,,,,,,,,,,,,,,,,"Gaz naturel","Chaudière gaz à condensation 2001-2015",,,"installation individuelle","Un seul système d'ECS sans solaire","Combiné au système de chauffage",1816.9,1,78,"Non affecté",,,,"Chaudière gaz à condensation 2001-2015","Gaz naturel","chauffage + ecs","Gaz Naturel - Chaudière gaz à condensation installée entre 2001 et 2015",0,,1816.9,,,,,,,,,,,,0,,,,,,,,,,,,0,
"2371E0108835U","2024-02-06","2023-01-04","2023-01-04","2023-01-13","2033-01-03",,,,,,,"DPE 3CL 2021 méthode logement",2.2,"dpe appartement individuel","D","D","appartement",1963,"1948-1974","collectif","individuel",2.5,14,,1,,,777,63,,"Lourde","inférieur à 400m","H1c","Rue du 8 Mai 1945 71420 Ciry-le-Noble",,"Rue du 8 Mai 1945","Ciry-le-Noble","71420","71132","71","27","71132_0400",799416.79,6612803.77,0.48,"adresse non géocodée ban car aucune correspondance trouvée","- RUE DU 8 MAI 1945","CIRY LE NOBLE",71420,2,,"LES MURGERS - BATIMENT A - Logt 12",,,"insuffisant",1,1,0,1,0,217.8,49.4,98.5,0,0,10.9,31.3,27.7,"insuffisante","insuffisante",,,,,"moyenne",2.4,8863.8,1213.3,0,1850396.6,0,2136340.7,0,15691.7,249,10076.6,4223.4,0,269.5,1122.2,12518,198.7,10076.6,1836.2,0,117.2,487.9,2446.3,38.8,2287.4,119.4,0,8.1,31.2,"Gaz naturel",10076.6,10076.6,0,793,793,0,2287.4,2287.4,0,"Électricité",2441.3,0,1836.2,492,0,370,158.7,0,119.4,,,,,,,,,,,1285,793,370,0,24,98,"Gaz naturel","Chaudière(s) gaz multi bâtiment modélisée comme un réseau de chaleur","installation collective multi-bâtiment : modélisée comme un réseau de chaleur","Radiateur bitube avec robinet thermostatique sur réseau collectif eau chaude basse ou moyenne température(inf 65°C)","Installation de chauffage simple","Chauffage sans solaire",10076.6,63,,,"Chaudière(s) gaz multi bâtiment modélisée comme un réseau de chaleur","Gaz naturel","chauffage","Installation collective unique multi bâtiment",10076.6,,,,,,,,,,,,,,,,,,,,,,,,"Électricité","Ballon électrique à accumulation vertical Catégorie B ou 2 étoiles",,,"installation individuelle","Un seul système d'ECS sans solaire","Chauffe-eau vertical",1836.2,1,63,"Non affecté",,,,"Ballon électrique à accumulation vertical Catégorie B ou 2 étoiles","Électricité","ecs","Chauffe-eau vertical",150,,1836.2,,,,,,,,,,,,0,,,,,,,,,,,,0,
"2371E1822326H","2024-02-06","2023-06-01","2023-06-01","2023-06-02","2033-05-31",,,,,,,"DPE 3CL 2021 méthode logement",2.2,"dpe maison individuelle","E","E","maison",,"1948-1974",,,2.5,,,3,,,,78,,"Lourde","inférieur à 400m","H1c","Rue Sully 71420 Ciry-le-Noble",,"Rue Sully","Ciry-le-Noble","71420","71132","71","27","71132_0800",797557.08,6614181.74,0.52,"adresse géocodée ban à l'adresse","RUE SULLY","CIRY LE NOBLE",71420,0,,,"MA2305093312","Bat. N/A; Etage 03; Porte 16","bon",1,1,0,1,1,397.3,69,144.4,65,7.4,8.6,34.1,68.9,"insuffisante","insuffisante","insuffisante",,,"bonne","moyenne",2.02,18240.7,1164.1,0,1896.8,0,1820.1,0,25060.2,321,21145.1,1816.9,0,333.6,1764.5,23874.3,306,21145.1,1816.9,0,145.1,767.2,5271.5,67,4799.9,412.4,0,10,49.1,"Gaz naturel",22962,21145.1,1816.9,1730.1,1593.2,136.9,5212.4,4799.9,412.4,"Électricité",912.3,0,0,264.6,0,0,59.1,0,0,,,,,,,,,,,1994.7,1593.2,136.9,0,42.1,222.5,"Gaz naturel","Chaudière gaz à condensation 2001-2015","installation individuelle","Radiateur bitube avec robinet thermostatique sur réseau individuel eau chaude haute température(sup ou egal 65°C)","Installation de chauffage simple","Chaudière individuelle gaz à condensation installée entre 2001 et 2015 avec programmateur avec réduit. Emetteur(s): radiateur bitube avec robinet thermostatique",21145.1,78,,,"Chaudière gaz à condensation 2001-2015","Gaz naturel","chauffage + ecs","Gaz Naturel - Chaudière gaz à condensation installée entre 2001 et 2015",21145.1,,,,,,,,,,,,,,,,,,,,,,,,"Gaz naturel","Chaudière gaz à condensation 2001-2015",,,"installation individuelle","Un seul système d'ECS sans solaire","Combiné au système de chauffage",1816.9,1,78,"Non affecté",,,,"Chaudière gaz à condensation 2001-2015","Gaz naturel","chauffage + ecs","Gaz Naturel - Chaudière gaz à condensation installée entre 2001 et 2015",0,,1816.9,,,,,,,,,,,,0,,,,,,,,,,,,0,
"2371E0320894X","2024-02-06","2023-01-16","2023-01-31","2023-02-01","2033-01-30",,,,,,,"DPE 3CL 2021 méthode logement",2.2,"dpe maison individuelle","D","D","maison",1913,"avant 1948",,,2.5,,,3,,,,115,,"Légère","inférieur à 400m","H1c","2 Rue Champlong 71420 Ciry-le-Noble","2","Rue Champlong","Ciry-le-Noble","71420","71132","71","27","71132_k74x4b_00002",797803.65,6614499.18,0.51,"adresse géocodée ban à l'adresse","12.2 RUE CHAMP-LONG","CIRY LE NOBLE",71420,0,,,"MA2204057941","Bat. N/A; Etage N/A; Porte N/A","insuffisant",0,1,0,0,1,387.7,58.3,168.5,8.4,16.3,8,22.1,106,"insuffisante","insuffisante","bonne",,,"insuffisante","bonne",1.54,18155.1,1342.6,0,2878.1,0,1825.7,0,25580.7,222,21053.6,2024.6,0,491.9,2010.5,24166.2,210,21053.6,2024.6,0,213.9,874.1,5309.5,46,4779.2,459.6,0,14.8,55.9,"Gaz naturel",23078.2,21053.6,2024.6,1737.7,1585.3,152.4,5238.8,4779.2,459.6,"Électricité",1088,0,0,302,0,0,70.7,0,0,,,,,,,,,,,2039.7,1585.3,152.4,0,59.4,242.7,"Gaz naturel","Chaudière gaz à condensation 2001-2015","installation individuelle","Radiateur bitube avec robinet thermostatique sur réseau individuel eau chaude basse ou moyenne température(inf 65°C)","Installation de chauffage simple","Chaudière individuelle gaz à condensation installée entre 2001 et 2015 réseau isolé. Emetteur(s): radiateur bitube avec robinet thermostatique",21053.6,115,,,"Chaudière gaz à condensation 2001-2015","Gaz naturel","chauffage + ecs","Gaz Naturel - Chaudière gaz à condensation installée entre 2001 et 2015",21053.6,,,,,,,,,,,,,,,,,,,,,,,,"Gaz naturel","Chaudière gaz à condensation 2001-2015",,,"installation individuelle","Un seul système d'ECS sans solaire","Combiné au système de chauffage",2024.6,1,115,"Non affecté",,,,"Chaudière gaz à condensation 2001-2015","Gaz naturel","chauffage + ecs","Gaz Naturel - Chaudière gaz à condensation installée entre 2001 et 2015",0,,2024.6,,,,,,,,,,,,0,,,,,,,,,,,,0,
"2371E1343851K","2024-02-06","2023-04-14","2023-04-22","2023-04-23","2033-04-21","2371E1343767E",,,,,,"DPE 3CL 2021 méthode logement",2.2,"dpe maison individuelle","F","F","maison",,"avant 1948",,,2.5,,,2,,,,300,,"Lourde","inférieur à 400m","H1c","Lieu Dit la Croix 71420 Ciry-le-Noble",,"Lieu Dit la Croix","Ciry-le-Noble","71420","71132","71","27","71132_olk5yd",799147.91,6612311.96,0.37,"adresse géocodée ban à l'adresse","LE PUIT DE LA CROIX","CIRY LE NOBLE",71420,0,,,"23-04-286",,"insuffisant",0,1,0,1,1,1307.1,196.7,467.7,83.1,46.6,0,203.6,309.4,"insuffisante","insuffisante",,"insuffisante",,"insuffisante","insuffisante",1.71,59788.7,2234.9,0,6133.8,0,6165.2,0,93381.9,311,80656.3,10232.4,0,1283.2,1210,89740.5,299,80656.3,8000.1,0,557.9,526.1,28352.1,94,26132.7,2147.3,0,38.5,33.7,"Fioul domestique",86939.4,80656.3,6283,7948,7373.6,574.4,28168.4,26132.7,2035.7,"Électricité",2801.1,0,1717.1,547.1,0,335.4,183.8,0,111.6,,,,,,,,,,,8495.1,7373.6,909.8,0,109,102.7,"Fioul domestique","Chaudière fioul classique 1970-1975","installation individuelle","Radiateur bitube avec robinet thermostatique sur réseau individuel eau chaude haute température(sup ou egal 65°C)","Installation de chauffage simple","Chaudière individuelle fioul classique installée entre 1970 et 1975. Emetteur(s): radiateur bitube avec robinet thermostatique",80656.3,300,,,"Chaudière fioul classique 1970-1975","Fioul domestique","chauffage + ecs","Fioul - Chaudière fioul classique installée entre 1970 et 1975",80656.3,,,,,,,,,,,,,,,,,,,,,,,,"Fioul domestique","Chaudière fioul classique 1970-1975",,,"installation individuelle","Un seul système d'ECS sans solaire","Combiné au système de chauffage, contenance ballon 130 L",6283,1,150,"Non affecté",,,,"Chaudière fioul classique 1970-1975","Fioul domestique","chauffage + ecs","Fioul - Chaudière fioul classique installée entre 1970 et 1975",130,,6283,,,,,,,,,,,,0,,,,,,,,,,,,0,
"2371E0322195Y","2024-02-06","2023-01-16","2023-01-31","2023-02-01","2033-01-30",,,,,,,"DPE 3CL 2021 méthode logement",2.2,"dpe maison individuelle","E","E","maison",1913,"avant 1948",,,3,,,2,,,,55,,"Moyenne","inférieur à 400m","H1c","2 Rue Dumas 71420 Ciry-le-Noble","2","Rue Dumas","Ciry-le-Noble","71420","71132","71","27","71132_0250_00002",797818.77,6614619.71,0.52,"adresse géocodée ban à l'adresse","6.2 RUE DUMAS","CIRY LE NOBLE",71420,0,,,"MA2204059090","Bat. N/A; Etage RDC; Porte N/A","moyen",1,1,0,0,1,236.5,29.8,93.3,5.5,11.7,16,10.8,69.5,"insuffisante","insuffisante","bonne",,,"insuffisante","bonne",1.38,11386.9,944.6,0,1549.8,0,831.1,0,15654,284,13386.4,1561.4,0,235.3,470.9,15254.9,277,13386.4,1561.4,0,102.3,204.7,3413.3,62,3038.7,354.4,0,7.1,13.1,"Gaz naturel",14947.9,13386.4,1561.4,1206.5,1080.5,126,3393.2,3038.7,354.4,"Électricité",307,0,0,89.1,0,0,20.2,0,0,,,,,,,,,,,1295.6,1080.5,126,0,29.7,59.4,"Gaz naturel","Chaudière gaz à condensation 2001-2015","installation individuelle","Radiateur bitube avec robinet thermostatique sur réseau individuel eau chaude basse ou moyenne température(inf 65°C)","Installation de chauffage simple","Chaudière individuelle gaz à condensation installée entre 2001 et 2015 réseau isolé. Emetteur(s): radiateur bitube avec robinet thermostatique",13386.4,55,,,"Chaudière gaz à condensation 2001-2015","Gaz naturel","chauffage + ecs","Gaz Naturel - Chaudière gaz à condensation installée entre 2001 et 2015",13386.4,,,,,,,,,,,,,,,,,,,,,,,,"Gaz naturel","Chaudière gaz à condensation 2001-2015",,,"installation individuelle","Un seul système d'ECS sans solaire","Combiné au système de chauffage",1561.4,1,55,"Non affecté",,,,"Chaudière gaz à condensation 2001-2015","Gaz naturel","chauffage + ecs","Gaz Naturel - Chaudière gaz à condensation installée entre 2001 et 2015",0,,1561.4,,,,,,,,,,,,0,,,,,,,,,,,,0,
"2371E0323481K","2024-02-06","2023-01-16","2023-01-31","2023-02-01","2033-01-30",,,,,,,"DPE 3CL 2021 méthode logement",2.2,"dpe maison individuelle","E","E","maison",1913,"avant 1948",,,3,,,2,,,,90,,"Moyenne","inférieur à 400m","H1c","Rue Dumas 71420 Ciry-le-Noble",,"Rue Dumas","Ciry-le-Noble","71420","71132","71","27","71132_0250",797718.06,6614629.3,0.52,"adresse géocodée ban à l'adresse","9.1 RUE DUMAS","CIRY LE NOBLE",71420,0,,,"MA2204059081","Bat. N/A; Etage RDC; Porte N/A","moyen",1,1,0,0,1,381.6,38.6,172.1,9,19.1,16,8.3,118.5,"insuffisante","insuffisante","bonne",,,"insuffisante","moyenne",1.26,18878.6,1222,0,2350.5,0,862.7,0,24728.6,274,21768.7,1884.3,0,385,690.6,24120.6,268,21768.7,1884.3,0,167.4,300.3,5400,59,4941.5,427.7,0,11.5,19.2,"Gaz naturel",23653,21768.7,1884.3,1775.3,1633.8,141.4,5369.2,4941.5,427.7,"Électricité",467.6,0,0,135.6,0,0,30.8,0,0,,,,,,,,,,,1910.9,1633.8,141.4,0,48.6,87.1,"Gaz naturel","Chaudière gaz à condensation 2001-2015","installation individuelle","Radiateur bitube avec robinet thermostatique sur réseau individuel eau chaude basse ou moyenne température(inf 65°C)","Installation de chauffage simple","Chaudière individuelle gaz à condensation installée entre 2001 et 2015 réseau isolé. Emetteur(s): radiateur bitube avec robinet thermostatique",21768.7,90,,,"Chaudière gaz à condensation 2001-2015","Gaz naturel","chauffage + ecs","Gaz Naturel - Chaudière gaz à condensation installée entre 2001 et 2015",21768.7,,,,,,,,,,,,,,,,,,,,,,,,"Gaz naturel","Chaudière gaz à condensation 2001-2015",,,"installation individuelle","Un seul système d'ECS sans solaire","Combiné au système de chauffage",1884.3,1,90,"Non affecté",,,,"Chaudière gaz à condensation 2001-2015","Gaz naturel","chauffage + ecs","Gaz Naturel - Chaudière gaz à condensation installée entre 2001 et 2015",0,,1884.3,,,,,,,,,,,,0,,,,,,,,,,,,0,
"2371E0324860L","2024-02-06","2023-01-16","2023-01-31","2023-02-01","2033-01-30",,,,,,,"DPE 3CL 2021 méthode logement",2.2,"dpe maison individuelle","E","E","maison",1944,"avant 1948",,,2.5,,,1,,,,52,,"Légère","inférieur à 400m","H1c","1 rue jean-louis lagrange 71420 Ciry-le-Noble","1","rue jean-louis lagrange","Ciry-le-Noble","71420","71132","71","27","71132_0450_00001",797906.9,6615310.57,0.51,"adresse géocodée ban à l'adresse","2.1 RUE LAGRANGE","CIRY LE NOBLE",71420,0,,,"MA2204057740","Bat. N/A; Etage RDC; Porte N/A","insuffisant",0,1,0,0,1,209.1,19.5,81.4,7.9,22.1,11.9,9.1,57.2,"insuffisante","insuffisante",,"moyenne",,"insuffisante","bonne",0.92,10000.5,908.4,0,1474,0,817.8,0,13828,265,11645.4,1519.3,0,222.4,440.8,13453.1,258,11645.4,1519.3,0,96.7,191.7,3007.3,57,2643.5,344.9,0,6.7,12.3,"Gaz naturel",13164.7,11645.4,1519.3,1090.1,964.3,125.8,2988.4,2643.5,344.9,"Électricité",288.4,0,0,83.7,0,0,18.9,0,0,,,,,,,,,,,1173.7,964.3,125.8,0,28.1,55.6,"Gaz naturel","Chaudière gaz à condensation 2001-2015","installation individuelle","Radiateur bitube avec robinet thermostatique sur réseau individuel eau chaude basse ou moyenne température(inf 65°C)","Installation de chauffage simple","Chaudière individuelle gaz à condensation installée entre 2001 et 2015 réseau isolé. Emetteur(s): radiateur bitube avec robinet thermostatique",11645.4,52,,,"Chaudière gaz à condensation 2001-2015","Gaz naturel","chauffage + ecs","Gaz Naturel - Chaudière gaz à condensation installée entre 2001 et 2015",11645.4,,,,,,,,,,,,,,,,,,,,,,,,"Gaz naturel","Chaudière gaz à condensation 2001-2015",,,"installation individuelle","Un seul système d'ECS sans solaire","Combiné au système de chauffage",1519.3,1,52,"Non affecté",,,,"Chaudière gaz à condensation 2001-2015","Gaz naturel","chauffage + ecs","Gaz Naturel - Chaudière gaz à condensation installée entre 2001 et 2015",0,,1519.3,,,,,,,,,,,,0,,,,,,,,,,,,0,
"2371E1110229Y","2024-02-06","2023-01-16","2023-04-02","2023-04-03","2033-04-01",,,,,,,"DPE 3CL 2021 méthode logement",2.2,"dpe maison individuelle","E","B","maison",1987,"1983-1988",,,2.5,,,2,,,,83,,"Moyenne","inférieur à 400m","H1c","12 impasse des petits vins 71420 Ciry-le-Noble","12","impasse des petits vins","Ciry-le-Noble","71420","71132","71","27","71132_91iqw4_00012",799372.22,6612851.9,0.62,"adresse non géocodée ban car aucune correspondance trouvée","Résidence des Petits Vins","CIRY-LE-NOBLE",71420,,,,,,"moyen",1,1,0,0,1,229.2,31.4,82.9,6.5,15.3,11.8,12.1,69.1,"moyenne","insuffisante",,"très bonne",,"bonne","bonne",0.7,9998.2,1188.2,0,2202812.2,0,1160167,0,25969.5,312.8,20326.2,4280.9,0,355,1007.4,11291.1,136,8837.5,1861.3,0,154.4,438,858.2,10.3,698.2,121,0,10.7,28,"Électricité",11291.1,8837.5,1861.3,1871,1464,308,857.8,698.2,121,,,,,,,,,,,,,,,,,,,,,1871,1464,308,0,26,73,"Électricité","Convecteur électrique NFC, NF** et NF***","installation individuelle","Convecteur électrique NFC, NF** et NF***","Installation de chauffage simple","Chauffage sans solaire",8837.5,83,,,"Convecteur électrique NFC, NF** et NF***","Électricité","chauffage","Convecteur électrique NFC",8837.5,,,,,,,,,,,,,,,,,,,,,,,,"Électricité","Ballon électrique à accumulation vertical Catégorie C ou 3 étoiles",,,"installation individuelle","Un seul système d'ECS sans solaire","Chauffe-eau vertical",1861.3,1,83,"Non affecté",,,,"Ballon électrique à accumulation vertical Catégorie C ou 3 étoiles","Électricité","ecs","Chauffe-eau vertical",200,,1861.3,,,,,,,,,,,,0,,,,,,,,,,,,0,
"2371E1822223I","2024-02-06","2023-06-01","2023-06-01","2023-06-02","2033-05-31",,,,,,,"DPE 3CL 2021 méthode logement",2.2,"dpe maison individuelle","E","E","maison",,"1948-1974",,,2.5,,,3,,,,85,,"Lourde","inférieur à 400m","H1c","Rue Sully 71420 Ciry-le-Noble",,"Rue Sully","Ciry-le-Noble","71420","71132","71","27","71132_0800",797557.08,6614181.74,0.52,"adresse géocodée ban à l'adresse","21.1 RUE SULLY","CIRY LE NOBLE",71420,0,,,"MA2305093316","Bat. N/A; Etage RDC; Porte N/A","bon",1,1,0,1,1,407.2,69,144.4,70.8,8.1,8.6,34.1,72.2,"insuffisante","insuffisante","insuffisante",,,"bonne","moyenne",2,18650.6,1197.9,0,2030.4,0,1820.1,0,25835.5,303,21839.4,1856.2,0,363.6,1776.3,24626,289,21839.4,1856.2,0,158.1,772.3,5439.2,63,4957.6,421.4,0,10.9,49.4,"Gaz naturel",23695.6,21839.4,1856.2,1778,1638.8,139.3,5378.9,4957.6,421.4,"Électricité",930.4,0,0,269.9,0,0,60.3,0,0,,,,,,,,,,,2047.9,1638.8,139.3,0,45.9,224,"Gaz naturel","Chaudière gaz à condensation 2001-2015","installation individuelle","Radiateur bitube avec robinet thermostatique sur réseau individuel eau chaude haute température(sup ou egal 65°C)","Installation de chauffage simple","Chaudière individuelle gaz à condensation installée entre 2001 et 2015 avec programmateur avec réduit. Emetteur(s): radiateur bitube avec robinet thermostatique",21839.4,85,,,"Chaudière gaz à condensation 2001-2015","Gaz naturel","chauffage + ecs","Gaz Naturel - Chaudière gaz à condensation installée entre 2001 et 2015",21839.4,,,,,,,,,,,,,,,,,,,,,,,,"Gaz naturel","Chaudière gaz à condensation 2001-2015",,,"installation individuelle","Un seul système d'ECS sans solaire","Combiné au système de chauffage",1856.2,1,85,"Non affecté",,,,"Chaudière gaz à condensation 2001-2015","Gaz naturel","chauffage + ecs","Gaz Naturel - Chaudière gaz à condensation installée entre 2001 et 2015",0,,1856.2,,,,,,,,,,,,0,,,,,,,,,,,,0,
"2371E0540573C","2024-02-06","2023-01-23","2023-02-18","2023-02-19","2033-02-17",,,,,,,"DPE 3CL 2021 méthode logement",2.2,"dpe appartement individuel","E","D","appartement",,"1948-1974","collectif","individuel",2.5,1,,1,,,1560,63.6,,"Légère","inférieur à 400m","H1c","Rue Sully 71420 Ciry-le-Noble",,"Rue Sully","Ciry-le-Noble","71420","71132","71","27","71132_0800",797557.08,6614181.74,0.52,"adresse géocodée ban à l'adresse","RUE DE SULLY BAT A LOG 9","CIRY-LE-NOBLE",71420,0,,,"3110","Bat. A; Etage 1; Porte Gauche","moyen",1,1,0,0,0,202.4,12.3,98.8,0,4.4,2.1,28.3,56.5,"insuffisante","insuffisante",,"très bonne",,"bonne","moyenne",1.17,8269.9,1217,0,1862.6,0,2514.6,0,18142.9,285,13246.8,4232.6,0,271.8,391.8,15375.5,241,13246.8,1840.2,0,118.2,170.3,3145.7,49,3007,119.6,0,8.2,10.9,"Gaz naturel",13246.8,13246.8,0,833.4,833.4,0,3007,3007,0,"Électricité",2128.8,0,1840.2,455.3,0,398.9,138.7,0,119.6,,,,,,,,,,,1288.7,833.4,398.9,0,25.6,30.8,"Gaz naturel","Chaudière gaz à condensation 2001-2015","installation collective","Radiateur bitube sans robinet thermostatique sur réseau collectif eau chaude haute température(sup ou egal 65°C)","Installation de chauffage simple","Chaudière collective gaz à condensation installée entre 2001 et 2015. Emetteur(s): radiateur bitube sans robinet thermostatique",13246.8,63.6,,,"Chaudière gaz à condensation 2001-2015","Gaz naturel","chauffage","Gaz Naturel - Chaudière gaz à condensation installée entre 2001 et 2015",13246.8,,,,,,,,,,,,,,,,,,,,,,,,"Électricité","Ballon électrique à accumulation vertical Catégorie B ou 2 étoiles",,,"installation individuelle","Un seul système d'ECS sans solaire","Ballon électrique à accumulation vertical (catégorie B ou 2 étoiles), contenance ballon 150 L",1840.2,1,63.6,"Non affecté",,,,"Ballon électrique à accumulation vertical Catégorie B ou 2 étoiles","Électricité","ecs","Electrique - Ballon électrique à accumulation vertical (catégorie B ou 2 étoiles)",150,,1840.2,,,,,,,,,,,,0,,,,,,,,,,,,0,
"2371E0323307S","2024-02-06","2023-01-16","2023-01-31","2023-02-01","2033-01-30",,,,,,,"DPE 3CL 2021 méthode logement",2.2,"dpe maison individuelle","E","E","maison",1913,"avant 1948",,,3,,,2,,,,96,,"Moyenne","inférieur à 400m","H1c","2 Rue Dumas 71420 Ciry-le-Noble","2","Rue Dumas","Ciry-le-Noble","71420","71132","71","27","71132_0250_00002",797818.77,6614619.71,0.52,"adresse géocodée ban à l'adresse","7.2 RUE DUMAS","CIRY LE NOBLE",71420,0,,,"MA2204059086","Bat. N/A; Etage N/A; Porte N/A","moyen",1,1,0,0,1,403.9,38.6,188.2,9.6,20.4,16,8.3,122.8,"insuffisante","insuffisante","bonne",,,"insuffisante","moyenne",1.31,20039.6,1250.9,0,2477.1,0,862.7,0,26131.7,272,23079.7,1918,0,410.6,723.4,25490.7,265,23079.7,1918,0,178.5,314.5,5706.9,59,5239.1,435.4,0,12.3,20.1,"Gaz naturel",24997.6,23079.7,1918,1863.1,1720.1,142.9,5674.5,5239.1,435.4,"Électricité",493.1,0,0,143,0,0,32.4,0,0,,,,,,,,,,,2006.1,1720.1,142.9,0,51.8,91.2,"Gaz naturel","Chaudière gaz à condensation 2001-2015","installation individuelle","Radiateur bitube avec robinet thermostatique sur réseau individuel eau chaude basse ou moyenne température(inf 65°C)","Installation de chauffage simple","Chaudière individuelle gaz à condensation installée entre 2001 et 2015 réseau isolé. Emetteur(s): radiateur bitube avec robinet thermostatique",23079.7,96,,,"Chaudière gaz à condensation 2001-2015","Gaz naturel","chauffage + ecs","Gaz Naturel - Chaudière gaz à condensation installée entre 2001 et 2015",23079.7,,,,,,,,,,,,,,,,,,,,,,,,"Gaz naturel","Chaudière gaz à condensation 2001-2015",,,"installation individuelle","Un seul système d'ECS sans solaire","Combiné au système de chauffage",1918,1,96,"Non affecté",,,,"Chaudière gaz à condensation 2001-2015","Gaz naturel","chauffage + ecs","Gaz Naturel - Chaudière gaz à condensation installée entre 2001 et 2015",0,,1918,,,,,,,,,,,,0,,,,,,,,,,,,0,
"2371E0370526V","2024-02-06","2023-02-02","2023-02-03","2023-02-04","2033-02-02",,,,,,,"DPE 3CL 2021 méthode logement",2.2,"dpe appartement individuel","F","F","appartement",1974,"1948-1974","collectif","individuel",2.5,20,,1,,,1172,77,,"Lourde","inférieur à 400m","H1c","20 Rue Docteur Leclerc 71420 Ciry-le-Noble","20","Rue Docteur Leclerc","Ciry-le-Noble","71420","71132","71","27","71132_0245_00020",799710.89,6613800.94,0.48,"adresse non géocodée ban car aucune correspondance trouvée","- RUE DOCTEUR FRANCOIS LECLERC","CIRY LE NOBLE",71420,4,,"CHEMIN DU DEVANT BAT A - Logt 20",,,"insuffisant",1,1,0,1,1,485.9,59.1,154.6,192.5,0,0.7,42.3,36.7,"insuffisante","insuffisante",,,"insuffisante",,"bonne",2.63,22533.6,1307.8,0,2161303.4,0,3565290.4,0,26957,350,23080.8,1953.7,0,329.4,1593.2,25870.3,336,23080.8,1953.7,0,143.2,692.7,5737.3,74.5,5239.3,443.5,0,9.9,44.3,"Gaz naturel",25034.4,23080.8,1953.7,2033,1816,217,5682.8,5239.3,443.5,"Électricité",835.9,0,0,243,0,0,54.2,0,0,,,,,,,,,,,2276,1816,217,0,42,201,"Gaz naturel","Chaudière(s) gaz multi bâtiment modélisée comme un réseau de chaleur","installation collective multi-bâtiment : modélisée comme un réseau de chaleur","Radiateur bitube avec robinet thermostatique sur réseau collectif eau chaude basse ou moyenne température(inf 65°C)","Installation de chauffage simple","Chauffage sans solaire",23080.8,77,,,"Chaudière(s) gaz multi bâtiment modélisée comme un réseau de chaleur","Gaz naturel","chauffage","Installation collective unique multi bâtiment",23080.8,,,,,,,,,,,,,,,,,,,,,,,,"Gaz naturel","Chaudière gaz standard 2001-2015",,,"installation individuelle","Un seul système d'ECS sans solaire","Chaudière standard",1953.7,1,77,"Non affecté",,,,"Chaudière gaz standard 2001-2015","Gaz naturel","ecs","Chaudière standard",0,,1953.7,,,,,,,,,,,,0,,,,,,,,,,,,0,
"2371E1448881A","2024-02-06","2023-05-01","2023-05-01","2023-05-02","2033-04-30",,,,,,,"DPE 3CL 2021 méthode logement",2.2,"dpe maison individuelle","D","B","maison",,"avant 1948",,,2.4,,,1,,,,53.6,,"Moyenne","inférieur à 400m","H1c","90 Rue Henri Mugnier 71420 Ciry-le-Noble","90","Rue Henri Mugnier","Ciry-le-Noble","71420","71132","71","27","71132_0500_00090",799290.43,6614889.2,0.59,"adresse géocodée ban à l'adresse","90 rue Henri Mugnier","CIRY-LE-NOBLE",71420,0,,,"23FORAT1340",,"insuffisant",0,0,0,0,1,99.5,6,24.7,3.7,16.1,6.8,5.6,36.7,"bonne","moyenne",,"très bonne",,"insuffisante","moyenne",0.57,3867,927.7,0,1514.4,0,428,0,10981.8,204,7296.6,3153.7,0,229.3,302.2,4774.7,89,3172.4,1371.2,0,99.7,131.4,355,6,250.6,89.1,0,6.9,8.4,"Électricité",4774.7,3172.4,1371.2,846.6,562.5,243.1,355,250.6,89.1,,,,,,,,,,,,,,,,,,,,,846.6,562.5,243.1,0,17.7,23.3,"Électricité","radiateur électrique NFC, NF** et NF***","installation individuelle","radiateur électrique NFC, NF** et NF***","Installation de chauffage simple","Radiateur électrique NFC, NF** et NF*** avec programmateur pièce par pièce (système individuel)",3172.4,53.6,,,"radiateur électrique NFC, NF** et NF***","Électricité","chauffage","Electrique - Radiateur électrique NFC, NF** et NF***",3172.4,,,,,,,,,,,,,,,,,,,,,,,,"Électricité","Ballon électrique à accumulation vertical Catégorie C ou 3 étoiles",,,"installation individuelle","Un seul système d'ECS sans solaire","Ballon électrique à accumulation vertical (catégorie C ou 3 étoiles), contenance ballon 150 L",1371.2,1,53.6,"Non affecté",,,,"Ballon électrique à accumulation vertical Catégorie C ou 3 étoiles","Électricité","ecs","Electrique - Ballon électrique à accumulation vertical (catégorie C ou 3 étoiles)",150,,1371.2,,,,,,,,,,,,0,,,,,,,,,,,,0,
"2371E1715256F","2024-02-06","2023-05-24","2023-05-24","2023-05-25","2033-05-23",,,,,,,"DPE 3CL 2021 méthode logement",2.2,"dpe appartement individuel","D","D","appartement",,"avant 1948","individuel","individuel",2.5,1,,1,,,,90,,"Moyenne","inférieur à 400m","H1c","105 Rue Henri Mugnier 71420 Ciry-le-Noble","105","Rue Henri Mugnier","Ciry-le-Noble","71420","71132","71","27","71132_0500_00105",799254.49,6615278.81,0.59,"adresse géocodée ban à l'adresse","105a Rue Henri Mugnier","CIRY-LE-NOBLE",71420,0,,,"23KESSIRI305","gauche","insuffisant",0,1,0,0,1,211.6,29.3,31.5,15.3,31.4,8,22.1,74,"bonne","bonne","bonne",,,"insuffisante","bonne",0.65,8416.2,1395.6,0,2450,0,2169.1,0,14395.4,159,10536.6,1808.3,0,385,1665.6,13236.4,147,10536.6,1808.3,0,167.4,724.2,2860.2,31,2391.8,410.5,0,11.5,46.3,"Gaz naturel",12344.9,10536.6,1808.3,1036.5,884.7,151.8,2802.3,2391.8,410.5,"Électricité",891.5,0,0,258.6,0,0,57.9,0,0,,,,,,,,,,,1295.1,884.7,151.8,0,48.6,210.1,"Gaz naturel","Chaudière gaz à condensation après 2015","installation individuelle","Radiateur bitube avec robinet thermostatique sur réseau individuel eau chaude haute température(sup ou egal 65°C)","Installation de chauffage simple","Chaudière individuelle gaz à condensation installée à partir de 2016 avec programmateur sans réduit. Emetteur(s): radiateur bitube avec robinet thermostatique",10536.6,90,,,"Chaudière gaz à condensation après 2015","Gaz naturel","chauffage + ecs","Gaz Naturel - Chaudière gaz à condensation installée à partir de 2016",10536.6,,,,,,,,,,,,,,,,,,,,,,,,"Gaz naturel","Chaudière gaz à condensation après 2015",,,"installation individuelle","Un seul système d'ECS sans solaire","Combiné au système de chauffage",1808.3,1,90,"Non affecté",,,,"Chaudière gaz à condensation après 2015","Gaz naturel","chauffage + ecs","Gaz Naturel - Chaudière gaz à condensation installée à partir de 2016",0,,1808.3,,,,,,,,,,,,0,,,,,,,,,,,,0,
"2371E0640893O","2024-02-06","2023-02-26","2023-02-26","2023-02-27","2033-02-25",,,,,,,"DPE 3CL 2021 méthode logement",2.2,"dpe maison individuelle","F","F","maison",,"avant 1948",,,2.5,,,1,,,,95,,"Moyenne","inférieur à 400m","H1c","Chemin dâ€ Azy 71420 Ciry-le-Noble",,"Chemin dâ€ Azy","Ciry-le-Noble","71420","71132","71","27","71132_0042",799953.69,6612189.28,0.48,"adresse géocodée ban à l'adresse","Chemin d'Azy","CIRY-LE-NOBLE",71420,0,,,"23GIROUX110",,"insuffisant",1,1,0,0,0,432.7,16,147.1,55.1,52.3,4.5,25.3,132.5,"insuffisante","insuffisante",,"insuffisante",,"insuffisante","moyenne",0.95,20755.8,1246.1,0,2456,0,1722.9,0,32030.2,337,26293.1,4786.2,0,406.4,544.5,28787.5,303,26293.1,2080.9,0,176.7,236.7,8681.6,91,8519,135.3,0,12.2,15.2,"Fioul domestique",26293.1,26293.1,0,2403.7,2403.7,0,8519,8519,0,"Électricité",2494.4,0,2080.9,499.9,0,417,162.6,0,135.3,,,,,,,,,,,2903.6,2403.7,417,0,35.4,47.4,"Fioul domestique","Chaudière fioul standard 1991-2015","installation individuelle","Radiateur bitube avec robinet thermostatique sur réseau individuel eau chaude haute température(sup ou egal 65°C)","Installation de chauffage simple","Chaudière individuelle fioul standard installée entre 1991 et 2015 avec programmateur sans réduit. Emetteur(s): radiateur bitube avec robinet thermostatique",26293.1,95,,,"Chaudière fioul standard 1991-2015","Fioul domestique","chauffage","Fioul - Chaudière fioul standard installée entre 1991 et 2015",26293.1,,,,,,,,,,,,,,,,,,,,,,,,"Électricité","Ballon électrique à accumulation vertical Autres ou inconnue",,,"installation individuelle","Un seul système d'ECS sans solaire","Ballon électrique à accumulation vertical (autres catégorie ou inconnue), contenance ballon 200 L",2080.9,1,95,"Non affecté",,,,"Ballon électrique à accumulation vertical Autres ou inconnue","Électricité","ecs","Electrique - Ballon électrique à accumulation vertical (autres catégorie ou inconnue)",200,,2080.9,,,,,,,,,,,,0,,,,,,,,,,,,0,
"2371E0910143I","2024-02-06","2023-03-19","2023-03-19","2023-03-20","2033-03-18",,,,,,,"DPE 3CL 2021 méthode logement",2.2,"dpe maison individuelle","G","G","maison",,"avant 1948",,,2.8,,,1,,,,112.6,,"Lourde","inférieur à 400m","H1c","Rue Clement Marot 71420 Ciry-le-Noble",,"Rue Clement Marot","Ciry-le-Noble","71420","71132","71","27","71132_0200",797571.85,6614381.14,0.51,"adresse géocodée ban à l'adresse","20/1 rue Clement Marot","CIRY-LE-NOBLE",71420,0,,,"23CLOIX1268",,"insuffisant",0,1,0,1,0,665.4,47.4,310.3,94,24.7,3.6,58.7,126.6,"insuffisante","insuffisante","insuffisante",,,"insuffisante","insuffisante",2.34,31512.2,1331,0,2557.2,0,2428.2,0,39137.7,347,34772.7,2938.7,0,481.6,944.7,38331.5,340,34772.7,2938.7,0,209.4,410.7,12259.2,108,11266.3,952.1,0,14.4,26.3,"Fioul domestique",37711.4,34772.7,2938.7,3447.6,3178.9,268.7,12218.5,11266.3,952.1,"Électricité",620.1,0,0,179.9,0,0,40.7,0,0,,,,,,,,,,,3627.5,3178.9,268.7,0,60.7,119.1,"Fioul domestique","Chaudière fioul standard 1991-2015","installation individuelle","Radiateur bitube avec robinet thermostatique sur réseau individuel eau chaude basse ou moyenne température(inf 65°C)","Installation de chauffage simple","Chaudière individuelle fioul standard installée entre 1991 et 2015 régulée, avec programmateur avec réduit, réseau isolé. Emetteur(s): radiateur bitube avec robinet thermostatique",34772.7,112.6,,,"Chaudière fioul standard 1991-2015","Fioul domestique","chauffage + ecs","Fioul - Chaudière fioul standard installée entre 1991 et 2015",34772.7,,,,,,,,,,,,,,,,,,,,,,,,"Fioul domestique","Chaudière fioul standard 1991-2015",,,"installation individuelle","Un seul système d'ECS sans solaire","Combiné au système de chauffage, contenance ballon 70 L",2938.7,1,112.6,"Non affecté",,,,"Chaudière fioul standard 1991-2015","Fioul domestique","chauffage + ecs","Fioul - Chaudière fioul standard installée entre 1991 et 2015",70,,2938.7,,,,,,,,,,,,0,,,,,,,,,,,,0,
"2371E0322699I","2024-02-06","2023-01-16","2023-01-31","2023-02-01","2033-01-30",,,,,,,"DPE 3CL 2021 méthode logement",2.2,"dpe maison individuelle","E","E","maison",1913,"avant 1948",,,3,,,2,,,,107,,"Moyenne","inférieur à 400m","H1c","Rue Dumas 71420 Ciry-le-Noble",,"Rue Dumas","Ciry-le-Noble","71420","71132","71","27","71132_0250",797718.06,6614629.3,0.52,"adresse géocodée ban à l'adresse","7.1 RUE DUMAS","CIRY LE NOBLE",71420,0,,,"MA2204059088","Bat. N/A; Etage RDC; Porte N/A","moyen",1,1,0,0,1,440.8,42.8,201.8,10.7,22.7,16,11.4,135.3,"insuffisante","insuffisante","bonne",,,"insuffisante","bonne",1.3,21784.2,1304,0,2709.3,0,1041.3,0,28289.6,264,25075.4,1979.7,0,457.7,776.8,27591.8,257,25075.4,1979.7,0,199,337.7,6176.9,57,5692.1,449.4,0,13.7,21.6,"Gaz naturel",27055.1,25075.4,1979.7,1997.5,1851.3,146.2,6141.5,5692.1,449.4,"Électricité",536.7,0,0,155.7,0,0,35.3,0,0,,,,,,,,,,,2153.2,1851.3,146.2,0,57.7,98,"Gaz naturel","Chaudière gaz à condensation 2001-2015","installation individuelle","Radiateur bitube avec robinet thermostatique sur réseau individuel eau chaude basse ou moyenne température(inf 65°C)","Installation de chauffage simple","Chaudière individuelle gaz à condensation installée entre 2001 et 2015 réseau isolé. Emetteur(s): radiateur bitube avec robinet thermostatique",25075.4,107,,,"Chaudière gaz à condensation 2001-2015","Gaz naturel","chauffage + ecs","Gaz Naturel - Chaudière gaz à condensation installée entre 2001 et 2015",25075.4,,,,,,,,,,,,,,,,,,,,,,,,"Gaz naturel","Chaudière gaz à condensation 2001-2015",,,"installation individuelle","Un seul système d'ECS sans solaire","Combiné au système de chauffage",1979.7,1,107,"Non affecté",,,,"Chaudière gaz à condensation 2001-2015","Gaz naturel","chauffage + ecs","Gaz Naturel - Chaudière gaz à condensation installée entre 2001 et 2015",0,,1979.7,,,,,,,,,,,,0,,,,,,,,,,,,0,
"2371E0320338N","2024-02-06","2023-01-16","2023-01-31","2023-02-01","2033-01-30",,,,,,,"DPE 3CL 2021 méthode logement",2.2,"dpe maison individuelle","D","D","maison",1913,"avant 1948",,,2.5,,,3,,,,107,,"Légère","inférieur à 400m","H1c","2 Rue Champlong 71420 Ciry-le-Noble","2","Rue Champlong","Ciry-le-Noble","71420","71132","71","27","71132_k74x4b_00002",797803.65,6614499.18,0.51,"adresse géocodée ban à l'adresse","3.2 RUE CHAMP-LONG","CIRY LE NOBLE",71420,0,,,"MA2204057948","Bat. N/A; Etage N/A; Porte N/A","insuffisant",0,1,0,0,1,381.6,58.3,168.5,8.1,15.9,8,22.1,100.6,"insuffisante","insuffisante","bonne",,,"insuffisante","bonne",1.56,17946.8,1304,0,2709.3,0,1825.7,0,25105.2,234,20668.3,1979.7,0,457.7,1999.5,23716.4,221,20668.3,1979.7,0,199,869.3,5210.5,48,4691.7,449.4,0,13.7,55.6,"Gaz naturel",22648,20668.3,1979.7,1709.6,1560.2,149.4,5141.1,4691.7,449.4,"Électricité",1068.3,0,0,299.3,0,0,69.4,0,0,,,,,,,,,,,2008.9,1560.2,149.4,0,55.7,243.5,"Gaz naturel","Chaudière gaz à condensation 2001-2015","installation individuelle","Radiateur bitube avec robinet thermostatique sur réseau individuel eau chaude basse ou moyenne température(inf 65°C)","Installation de chauffage simple","Chaudière individuelle gaz à condensation installée entre 2001 et 2015 réseau isolé. Emetteur(s): radiateur bitube avec robinet thermostatique",20668.3,107,,,"Chaudière gaz à condensation 2001-2015","Gaz naturel","chauffage + ecs","Gaz Naturel - Chaudière gaz à condensation installée entre 2001 et 2015",20668.3,,,,,,,,,,,,,,,,,,,,,,,,"Gaz naturel","Chaudière gaz à condensation 2001-2015",,,"installation individuelle","Un seul système d'ECS sans solaire","Combiné au système de chauffage",1979.7,1,107,"Non affecté",,,,"Chaudière gaz à condensation 2001-2015","Gaz naturel","chauffage + ecs","Gaz Naturel - Chaudière gaz à condensation installée entre 2001 et 2015",0,,1979.7,,,,,,,,,,,,0,,,,,,,,,,,,0,
"2371E1874572T","2024-02-06","2023-06-05","2023-06-05","2023-06-06","2033-06-04",,,,,,,"DPE 3CL 2021 méthode logement",2.2,"dpe maison individuelle","E","E","maison",,"avant 1948",,,2.9,,,2,,,,85,,"Très lourde","inférieur à 400m","H1c","1 Rue François Villon 71420 Ciry-le-Noble","1","Rue François Villon","Ciry-le-Noble","71420","71132","71","27","71132_0340_00001",797584.55,6614556.84,0.48,"adresse géocodée ban à l'adresse","4.1 RUE FRANCOIS VILLON","CIRY-LE-NOBLE",71420,0,,,"3358",,"bon",1,1,0,1,1,486.2,41.8,251,8.6,17.6,6.3,38.9,122.1,"insuffisante","insuffisante","insuffisante",,,"insuffisante","moyenne",1.75,21823.9,1197.9,0,2030.4,0,3190.2,0,26282,309,23821.3,1584.8,0,363.6,512.4,25786.9,303,23821.3,1584.8,0,158.1,222.8,5792.3,68,5407.4,359.7,0,10.9,14.3,"Gaz naturel",25406.1,23821.3,1584.8,1889.8,1771.9,117.9,5767.2,5407.4,359.7,"Électricité",380.9,0,0,110.5,0,0,25.2,0,0,,,,,,,,,,,2000.3,1771.9,117.9,0,45.9,64.6,"Gaz naturel","Chaudière gaz à condensation après 2015","installation individuelle","Radiateur bitube avec robinet thermostatique sur réseau individuel eau chaude haute température(sup ou egal 65°C)","Installation de chauffage simple","Chaudière individuelle gaz à condensation installée à partir de 2016. Emetteur(s): radiateur bitube avec robinet thermostatique",23821.3,85,,,"Chaudière gaz à condensation après 2015","Gaz naturel","chauffage + ecs","Gaz Naturel - Chaudière gaz à condensation installée à partir de 2016",23821.3,,,,,,,,,,,,,,,,,,,,,,,,"Gaz naturel","Chaudière gaz à condensation après 2015",,,"installation individuelle","Un seul système d'ECS sans solaire","Combiné au système de chauffage",1584.8,1,85,"Non affecté",,,,"Chaudière gaz à condensation après 2015","Gaz naturel","chauffage + ecs","Gaz Naturel - Chaudière gaz à condensation installée à partir de 2016",0,,1584.8,,,,,,,,,,,,0,,,,,,,,,,,,0,
"2371E0473585Q","2024-02-06","2023-02-05","2023-02-12","2023-02-13","2033-02-11",,,,,,,"DPE 3CL 2021 méthode logement",2.2,"dpe maison individuelle","F","F","maison",,"avant 1948",,,3,,,2,,,,88,,"Très lourde","inférieur à 400m","H1c","3 Rue Pautet 71420 Ciry-le-Noble","3","Rue Pautet","Ciry-le-Noble","71420","71132","71","27","71132_0025_00003",799563.25,6612463.41,0.5,"adresse géocodée ban à l'adresse","3 RUE ANDRE PAUTET","CIRY-LE-NOBLE",71420,0,,,"2536",,"moyen",1,0,0,1,1,476.7,35.5,258,15.3,7,5.6,30.1,125.2,"insuffisante","insuffisante",,"insuffisante",,"insuffisante","moyenne",1.66,22514.4,1212.3,0,2308.3,0,3045.3,0,32887.8,373,29873.7,2095.3,0,376.4,542.3,32368.5,367,29873.7,2095.3,0,163.7,235.8,7283.4,82,6781.3,475.6,0,11.3,15.1,"Gaz naturel",31969.1,29873.7,2095.3,2318.5,2166.6,152,7257,6781.3,475.6,"Électricité",399.4,0,0,115.9,0,0,26.4,0,0,,,,,,,,,,,2434.4,2166.6,152,0,47.5,68.4,"Gaz naturel","Chaudière gaz standard 2001-2015","installation individuelle","Radiateur bitube avec robinet thermostatique sur réseau individuel eau chaude haute température(sup ou egal 65°C)","Installation de chauffage simple","Chaudière individuelle gaz standard installée entre 2001 et 2015. Emetteur(s): radiateur bitube avec robinet thermostatique",29873.7,88,,,"Chaudière gaz standard 2001-2015","Gaz naturel","chauffage + ecs","Gaz Naturel - Chaudière gaz standard installée entre 2001 et 2015",29873.7,,,,,,,,,,,,,,,,,,,,,,,,"Gaz naturel","Chaudière gaz standard 2001-2015",,,"installation individuelle","Un seul système d'ECS sans solaire","Combiné au système de chauffage",2095.3,1,88,"Non affecté",,,,"Chaudière gaz standard 2001-2015","Gaz naturel","chauffage + ecs","Gaz Naturel - Chaudière gaz standard installée entre 2001 et 2015",0,,2095.3,,,,,,,,,,,,0,,,,,,,,,,,,0,
"2371E1440223A","2024-02-06","2023-04-30","2023-04-30","2023-05-01","2033-04-29",,,,,,,"DPE 3CL 2021 méthode logement",2.2,"dpe maison individuelle","G","C","maison",,"avant 1948",,,3,,,1,,,,69,,"Très lourde","inférieur à 400m","H1c","1 Rue Gaspard Buisson 71420 Ciry-le-Noble","1","Rue Gaspard Buisson","Ciry-le-Noble","71420","71132","71","27","71132_0370_00001",797844.52,6614678.78,0.5,"adresse géocodée ban à l'adresse","5/1 Rue Gaspard Buisson","CIRY-LE-NOBLE, France",71420,0,,,"96654",,"insuffisant",0,1,0,1,0,456.9,18.7,216.7,29.9,19.8,10.2,68.9,92.6,"insuffisante","insuffisante",,"insuffisante",,"insuffisante","insuffisante",1.49,20488.5,1113.4,0,1721.3,0,2931,0,40885.6,592,36614.1,3976.4,0,295.1,0,23622.5,342,21765.3,1728.9,0,128.3,0,1333.9,19,1212.6,112.4,0,8.9,0,"Électricité",13279.3,11422.1,1728.9,2183.5,1878.1,284.3,1023.6,902.3,112.4,"Bois – Bûches",10343.2,10343.2,0,331.1,331.1,0,310.3,310.3,0,,,,,,,,,,,2514.6,2209.2,284.3,0,21.1,0,"Électricité","radiateur électrique NFC, NF** et NF***","installation individuelle","radiateur électrique NFC, NF** et NF***","Installation de chauffage avec insert ou poêle bois en appoint","Radiateur électrique NFC, NF** et NF*** avec en appoint une cuisinière installée avant 1990 avec programmateur pièce par pièce (système individuel)",21765.3,69,,,"radiateur électrique NFC, NF** et NF***","Électricité","chauffage","Electrique - Radiateur électrique NFC, NF** et NF***",11422.1,"Cuisinière installé avant 1990","Bois – Bûches","chauffage","Bois - Cuisinière installée avant 1990",10343.2,,,,,,,,,,,,,,,,,,,"Électricité","Ballon électrique à accumulation vertical Catégorie B ou 2 étoiles",,,"installation individuelle","Un seul système d'ECS sans solaire","Ballon électrique à accumulation vertical (catégorie B ou 2 étoiles), contenance ballon 150 L",1728.9,1,69,"Non affecté",,,,"Ballon électrique à accumulation vertical Catégorie B ou 2 étoiles","Électricité","ecs","Electrique - Ballon électrique à accumulation vertical (catégorie B ou 2 étoiles)",150,,1728.9,,,,,,,,,,,,0,,,,,,,"chauffage au bois",,,,,0,
"2371E1822281O","2024-02-06","2023-06-01","2023-06-01","2023-06-02","2033-05-31",,,,,,,"DPE 3CL 2021 méthode logement",2.2,"dpe maison individuelle","E","E","maison",,"1948-1974",,,2.5,,,3,,,,107,,"Lourde","inférieur à 400m","H1c","Rue Sully 71420 Ciry-le-Noble",,"Rue Sully","Ciry-le-Noble","71420","71132","71","27","71132_0800",797557.08,6614181.74,0.52,"adresse géocodée ban à l'adresse","27.2 RUE SULLY","CIRY LE NOBLE",71420,0,,,"MA2305093315","Bat. N/A; Etage RDC; Porte N/A","bon",1,1,0,1,1,485.9,69,184.7,89.2,10.2,8.6,34.1,90.2,"insuffisante","insuffisante","insuffisante",,,"bonne","moyenne",1.9,22540.3,1304,0,2450.3,0,1820.1,0,30746.2,287,26453.8,1979.7,0,457.7,1855,29439,275,26453.8,1979.7,0,199,806.5,6519.8,60,6005,449.4,0,13.7,51.6,"Gaz naturel",28433.5,26453.8,1979.7,2087.6,1942.2,145.3,6454.4,6005,449.4,"Électricité",1005.5,0,0,290.4,0,0,65.3,0,0,,,,,,,,,,,2378,1942.2,145.3,0,57.5,233,"Gaz naturel","Chaudière gaz à condensation 2001-2015","installation individuelle","Radiateur bitube avec robinet thermostatique sur réseau individuel eau chaude haute température(sup ou egal 65°C)","Installation de chauffage simple","Chaudière individuelle gaz à condensation installée entre 2001 et 2015 avec programmateur avec réduit. Emetteur(s): radiateur bitube avec robinet thermostatique",26453.8,107,,,"Chaudière gaz à condensation 2001-2015","Gaz naturel","chauffage + ecs","Gaz Naturel - Chaudière gaz à condensation installée entre 2001 et 2015",26453.8,,,,,,,,,,,,,,,,,,,,,,,,"Gaz naturel","Chaudière gaz à condensation 2001-2015",,,"installation individuelle","Un seul système d'ECS sans solaire","Combiné au système de chauffage",1979.7,1,107,"Non affecté",,,,"Chaudière gaz à condensation 2001-2015","Gaz naturel","chauffage + ecs","Gaz Naturel - Chaudière gaz à condensation installée entre 2001 et 2015",0,,1979.7,,,,,,,,,,,,0,,,,,,,,,,,,0,
"2471E1019916K","2024-03-21","2024-03-20","2024-03-20","2024-03-21","2034-03-19",,,,,,,"DPE 3CL 2021 méthode logement",2.3,"dpe maison individuelle","E","B","maison",,"avant 1948",,,2.5,,,2,,,,153,,"Lourde","inférieur à 400m","H1c","les Touillards 71420 Ciry-le-Noble",,"les Touillards","Ciry-le-Noble","71420","71132","71","27","71132_q2j96u",798386.14,6611553.77,0.45,"adresse géocodée ban à l'adresse","Les Touillards
La Pisciculture","CIRY-LE-NOBLE, France",71420,0,,,"24LEGER417",,"insuffisant",0,1,0,1,1,501.6,100.4,193.6,28.8,37.4,4.1,18.8,118.6,"insuffisante","insuffisante","moyenne",,,"moyenne","très bonne",0.96,22977,1525.9,0,3328.2,0,1126.5,0,46774.7,305,39634.8,5478.1,0,654.4,1007.4,26364.3,172,23260,2381.8,0,284.5,438,1517.5,9,1315,154.8,0,19.6,28,"Électricité",15700.4,12596,2381.8,2566.3,2058.9,389.3,1197.6,995.1,154.8,"Bois – Granulés (pellets) ou briquettes",10663.9,10663.9,0,638.9,638.9,0,319.9,319.9,0,,,,,,,,,,,3205.2,2697.8,389.3,0,46.5,71.6,"Électricité","Convecteur électrique NFC, NF** et NF***","installation individuelle","Convecteur électrique NFC, NF** et NF***","Installation de chauffage simple","Convecteur électrique NFC, NF** et NF*** avec programmateur avec réduit (système individuel)",12596,98,,,"Convecteur électrique NFC, NF** et NF***","Électricité","chauffage","Electrique - Convecteur électrique NFC, NF** et NF***",12596,,,,,,"installation individuelle","Poêle bois","Installation de chauffage simple","Poêle à granulés flamme verte installé entre 2012 et 2019 (système individuel)",10663.9,55,,,"Poêle à granulés flamme verte installé entre 2012 et 2019","Bois – Granulés (pellets) ou briquettes","chauffage","Bois - Poêle à granulés flamme verte installé entre 2012 et 2019",10663.9,,,,,,"Électricité","Ballon électrique à accumulation vertical Autres ou inconnue",,,"installation individuelle","Un seul système d'ECS sans solaire","Ballon électrique à accumulation vertical (autres catégorie ou inconnue), contenance ballon 200 L",2381.8,1,153,"Non affecté",,,,"Ballon électrique à accumulation vertical Autres ou inconnue","Électricité","ecs","Electrique - Ballon électrique à accumulation vertical (autres catégorie ou inconnue)",200,,2381.8,,,,,,,,,,,,0,,,,,,,"chauffage au bois",,,,,0,
"2471E0661380O","2024-02-23","2024-02-21","2024-02-22","2024-02-23","2034-02-21",,,,,,,"DPE 3CL 2021 méthode logement",2.3,"dpe maison individuelle","C","C","maison",,"avant 1948",,,2.5,,,2,,,,55.4,,"Moyenne","inférieur à 400m","H1c","1 Rue Gaspard Buisson 71420 Ciry-le-Noble","1","Rue Gaspard Buisson","Ciry-le-Noble","71420","71132","71","27","71132_0370_00001",797844.52,6614678.78,0.5,"adresse géocodée ban à l'adresse","1 Rue Gaspard Buisson","Ciry-le-Noble",71420,0,,,"MA2402031751","Bat. N/A; Etage N/A; Porte N/A","moyen",1,0,0,0,1,84.5,0,13.1,3.9,11.4,9.6,6.3,40.3,"très bonne","très bonne",,,"très bonne","insuffisante","très bonne",0.34,3015.7,949.7,0,1560.4,0,743.9,0,5408.8,97,3214.5,1273,0,237.1,684.2,4888,88,3214.5,1273,0,103.1,297.5,1044.8,18,729.7,289,0,7.1,19,"Gaz naturel",4487.5,3214.5,1273,499.1,357.5,141.6,1018.7,729.7,289,"Électricité",400.6,0,0,116.2,0,0,26.2,0,0,,,,,,,,,,,615.2,357.5,141.6,0,29.9,86.3,"Gaz naturel","Chaudière gaz à condensation après 2015","installation individuelle","Radiateur bitube avec robinet thermostatique sur réseau individuel eau chaude basse ou moyenne température(inf 65°C)","Installation de chauffage simple","Chaudière individuelle gaz à condensation installée à partir de 2016 régulée, avec programmateur avec réduit, réseau isolé. Emetteur(s): radiateur bitube avec robinet thermostatique",3214.5,55.4,,,"Chaudière gaz à condensation après 2015","Gaz naturel","chauffage + ecs","Gaz Naturel - Chaudière gaz à condensation installée à partir de 2016",3214.5,,,,,,,,,,,,,,,,,,,,,,,,"Gaz naturel","Chaudière gaz à condensation après 2015",,,"installation individuelle","Un seul système d'ECS sans solaire","Combiné au système de chauffage",1273,1,55.4,"Non affecté",,,,"Chaudière gaz à condensation après 2015","Gaz naturel","chauffage + ecs","Gaz Naturel - Chaudière gaz à condensation installée à partir de 2016",0,,1273,,,,,,,,,,,,0,,,,,,,,,,,,0,
"2471E2022039P","2024-06-06","2024-06-04","2024-06-05","2024-06-06","2034-06-04",,,,,,,"DPE 3CL 2021 méthode logement",2.3,"dpe maison individuelle","E","D","maison",,"avant 1948",,,2.5,,,2,,,,124.1,,"Légère","inférieur à 400m","H1c","12 Rue Docteur Leclerc 71420 Ciry-le-Noble","12","Rue Docteur Leclerc","Ciry-le-Noble","71420","71132","71","27","71132_0245_00012",799579.31,6613402.35,0.49,"adresse géocodée ban à l'adresse","12 rue du Docteur Leclerc","CIRY-LE-NOBLE",71420,0,,,"SER/24/13643",,"insuffisant",0,1,0,0,1,501.6,69.3,190.5,23,45.1,6,42.7,125,"insuffisante","insuffisante","bonne",,,"insuffisante","bonne",1.01,20477.2,1386.2,0,3069.1,0,8343.3,0,34978.9,281,28812.9,5058.6,0,530.6,576.8,27589.7,222,24908.9,2199.4,0,230.7,250.8,5405.5,43,5230.5,143,0,15.9,16,"Fioul domestique",14748.7,14748.7,0,1348.3,1348.3,0,4778.6,4778.6,0,"Bois – Bûches",7157,7157,0,229.1,229.1,0,214.7,214.7,0,"Électricité",5684,3003.1,2199.4,988.4,522.2,382.4,412.2,237.2,143,2565.8,2099.6,382.4,0,40.1,43.6,"Fioul domestique","Chaudière fioul basse température 1991-2015","installation individuelle","Poêle bois","Installation de chauffage avec insert ou poêle bois en appoint","Chaudière individuelle fioul basse température installée entre 1991 et 2015 avec en appoint un insert installé entre 1990 et 2004 avec programmateur avec réduit, réseau isolé. Emetteur(s): radiateur bitube sans robinet thermostatique",21905.7,100,,,"Chaudière fioul basse température 1991-2015","Fioul domestique","chauffage","Fioul - Chaudière fioul basse température installée entre 1991 et 2015",14748.7,"insert installé entre 1990 et 2004","Bois – Bûches","chauffage","Bois - Insert installé entre 1990 et 2004",7157,"installation individuelle","radiateur électrique NFC, NF** et NF***","Installation de chauffage simple","Radiateur électrique NFC, NF** et NF*** avec programmateur pièce par pièce (système individuel)",3003.1,24.1,,,"radiateur électrique NFC, NF** et NF***","Électricité","chauffage","Electrique - Radiateur électrique NFC, NF** et NF***",3003.1,,,,,,"Électricité","Ballon électrique à accumulation vertical Catégorie B ou 2 étoiles",,,"installation individuelle","Un seul système d'ECS sans solaire","Ballon électrique à accumulation vertical (catégorie B ou 2 étoiles), contenance ballon 200 L",2199.4,1,124.1,"Non affecté",,,,"Ballon électrique à accumulation vertical Catégorie B ou 2 étoiles","Électricité","ecs","Electrique - Ballon électrique à accumulation vertical (catégorie B ou 2 étoiles)",200,,2199.4,,,,,,,,,,,,0,,,,,,,"chauffage au bois",,,,,0,
"2471E1288323T","2024-04-10","2024-04-09","2024-04-09","2024-04-10","2034-04-08",,,,,,,"DPE 3CL 2021 méthode logement",2.3,"dpe maison individuelle","D","D","maison",,"avant 1948",,,2.5,,,2,,,,59,,"Moyenne","inférieur à 400m","H1c","Rue Dumas 71420 Ciry-le-Noble",,"Rue Dumas","Ciry-le-Noble","71420","71132","71","27","71132_0250",797718.06,6614629.3,0.5,"adresse géocodée ban à l'adresse","10 Rue Dumas","CIRY LE NOBLE, France",71420,0,,,"24MICHEL610",,"moyen",1,1,0,0,1,163.7,38.6,32.2,4.4,13.6,5.6,11.7,57.6,"bonne","moyenne","très bonne",,,"insuffisante","bonne",0.62,6977.4,992.9,0,1650.8,0,939.5,0,14260.7,241,8547.7,3733.8,0,252.4,1726.9,11031.6,186,8547.7,1623.4,0,109.7,750.8,2101.5,35,1940.3,105.5,0,7.6,48.1,"Gaz naturel",8547.7,8547.7,0,788.4,788.4,0,1940.3,1940.3,0,"Électricité",2483.9,0,1623.4,498.4,0,325.7,161.1,0,105.5,,,,,,,,,,,1286.8,788.4,325.7,0,22,150.6,"Gaz naturel","Chaudière gaz basse température après 2015","installation individuelle","Radiateur bitube avec robinet thermostatique sur réseau individuel eau chaude basse ou moyenne température(inf 65°C)","Installation de chauffage simple","Chaudière individuelle gaz basse température installée à partir de 2016 avec programmateur sans réduit, réseau isolé. Emetteur(s): radiateur bitube avec robinet thermostatique",8547.7,59,,,"Chaudière gaz basse température après 2015","Gaz naturel","chauffage","Gaz Naturel - Chaudière gaz basse température installée à partir de 2016",8547.7,,,,,,,,,,,,,,,,,,,,,,,,"Électricité","Ballon électrique à accumulation vertical Autres ou inconnue",,,"installation individuelle","Un seul système d'ECS sans solaire","Ballon électrique à accumulation vertical (autres catégorie ou inconnue), contenance ballon 150 L",1623.4,1,59,"Non affecté",,,,"Ballon électrique à accumulation vertical Autres ou inconnue","Électricité","ecs","Electrique - Ballon électrique à accumulation vertical (autres catégorie ou inconnue)",150,,1623.4,,,,,,,,,,,,0,,,,,,,,,,,,0,
"2471E1565768S","2024-04-30","2024-04-23","2024-04-29","2024-04-30","2034-04-28",,,,,,,"DPE 3CL 2021 méthode logement",2.3,"dpe appartement individuel","E","E","appartement",,"1948-1974","collectif","individuel",2.5,1,,1,,,4685,63.3,,"Lourde","inférieur à 400m","H1c","Rue Sully 71420 Ciry-le-Noble",,"Rue Sully","Ciry-le-Noble","71420","71132","71","27","71132_0800",797511.56,6614304.08,0.95,"adresse non géocodée ban car aucune correspondance trouvée","RUE SULLY","CIRY-LE-NOBLE",71420,0,,,"002EW059029",,"insuffisant",0,1,0,1,1,234.9,31.6,69.8,24.8,0,2.4,38.9,67.4,"insuffisante","insuffisante",,,"insuffisante","très bonne","moyenne",1.4,9679.9,1215,0,1855.9,0,2377.8,0,18961.4,299,14007.5,4227.5,0,270.5,455.9,16161.3,255,14007.5,1838.1,0,117.6,198.2,3320,52,3179.7,119.5,0,8.1,12.7,"Gaz naturel",14007.5,14007.5,0,869,869,0,3179.7,3179.7,0,"Électricité",2153.9,0,1838.1,456.5,0,398.6,140.3,0,119.5,,,,,,,,,,,1325.6,869,398.6,0,25.5,32.5,"Gaz naturel","Chaudière gaz à condensation 2001-2015","installation collective","Radiateur bitube sans robinet thermostatique sur réseau collectif eau chaude basse ou moyenne température(inf 65°C)","Installation de chauffage simple","Chaudière collective gaz à condensation installée entre 2001 et 2015 réseau isolé. Emetteur(s): radiateur bitube sans robinet thermostatique",14007.5,63.3,,,"Chaudière gaz à condensation 2001-2015","Gaz naturel","chauffage","Gaz Naturel - Chaudière gaz à condensation installée entre 2001 et 2015",14007.5,,,,,,,,,,,,,,,,,,,,,,,,"Électricité","Ballon électrique à accumulation vertical Catégorie B ou 2 étoiles",,,"installation individuelle","Un seul système d'ECS sans solaire","Ballon électrique à accumulation vertical (catégorie B ou 2 étoiles), contenance ballon 150 L",1838.1,1,63.3,"Non affecté",,,,"Ballon électrique à accumulation vertical Catégorie B ou 2 étoiles","Électricité","ecs","Electrique - Ballon électrique à accumulation vertical (catégorie B ou 2 étoiles)",150,,1838.1,,,,,,,,,,,,0,,,,,,,,,,,,0,
"2471E0295491X","2024-02-06","2024-01-24","2024-01-25","2024-01-26","2034-01-24",,,,,,,"DPE 3CL 2021 méthode logement",2.3,"dpe maison individuelle","F","C","maison",,"avant 1948",,,2.5,,,2,,,,114.8,,"Légère","inférieur à 400m","H1c","1 Rue Philippe Martin 71420 Ciry-le-Noble","1","Rue Philippe Martin","Ciry-le-Noble","71420","71132","71","27","71132_0560_00001",799702.83,6612322.98,0.52,"adresse géocodée ban à l'adresse","1 Rue Philippe Martin","CIRY LE NOBLE, France",71420,0,,,"24BONNOT103",,"moyen",1,1,0,0,1,381.7,21.4,103.3,19.3,87.4,16.7,23.1,110.5,"moyenne","insuffisante",,"bonne",,"insuffisante","moyenne",0.73,17939,1341.5,0,2873.2,0,1379.7,0,41667.8,363,34919.3,4947.9,0,490.9,1309.6,18116.4,157,15182.3,2151.3,0,213.4,569.4,1390.4,12,1199.4,139.8,0,14.7,36.4,"Électricité",18116.4,15182.3,2151.3,2952.6,2474.4,350.6,1390.4,1199.4,139.8,,,,,,,,,,,,,,,,,,,,,2952.6,2474.4,350.6,0,34.8,92.8,"Électricité","radiateur électrique NFC, NF** et NF***","installation individuelle","radiateur électrique NFC, NF** et NF***","Installation de chauffage simple","Radiateur électrique NFC, NF** et NF*** (système individuel)",15182.3,114.8,,,"radiateur électrique NFC, NF** et NF***","Électricité","chauffage","Electrique - Radiateur électrique NFC, NF** et NF***",15182.3,,,,,,,,,,,,,,,,,,,,,,,,"Électricité","Ballon électrique à accumulation vertical Catégorie B ou 2 étoiles",,,"installation individuelle","Un seul système d'ECS sans solaire","Ballon électrique à accumulation vertical (catégorie B ou 2 étoiles), contenance ballon 200 L",2151.3,1,114.8,"Non affecté",,,,"Ballon électrique à accumulation vertical Catégorie B ou 2 étoiles","Électricité","ecs","Electrique - Ballon électrique à accumulation vertical (catégorie B ou 2 étoiles)",200,,2151.3,,,,,,,,,,,,0,,,,,,,,,,,,0,
"2471E1799763N","2024-05-22","2024-05-20","2024-05-21","2024-05-22","2034-05-20",,,,,,,"DPE 3CL 2021 méthode logement",2.3,"dpe maison individuelle","D","B","maison",,"avant 1948",,,2.7,,,2,,,,344.6,,"Légère","inférieur à 400m","H1c","8a Rue Philippe Martin 71420 Ciry-le-Noble","8a","Rue Philippe Martin","Ciry-le-Noble","71420","71132","71","27","71132_0560_00008_a",799598.44,6612283.38,0.52,"adresse géocodée ban à l'adresse","8 A Rue Philippe Martin","CIRY LE NOBLE",71420,0,,,"24/18503/GJG",,"insuffisant",0,1,0,0,1,1212.5,59.8,348.2,163.9,94.5,22.3,146.5,377.4,"insuffisante","insuffisante",,"bonne",,"insuffisante","insuffisante",0.95,56047.1,2449.9,0,7722.6,0,8165.5,0,85277.7,247,74802.5,8227.1,0,1473.9,774.3,77006.3,223,72451.8,3577,0,640.8,336.6,2560.4,7,2262.2,232.5,0,44.2,21.5,"Bois – Bûches",70643.6,70643.6,0,2261.3,2261.3,0,2119.3,2119.3,0,"Électricité",6362.7,1808.2,3577,1095.2,311.2,615.7,441.1,142.8,232.5,,,,,,,,,,,3356.5,2572.5,615.7,0,110.3,57.9,"Bois – Bûches","Chaudière bois granulés après 2019","installation individuelle","Radiateur bitube sans robinet thermostatique sur réseau individuel eau chaude haute température(sup ou egal 65°C)","Installation de chauffage simple","Chaudière individuelle bois (granulés) installée à partir de 2020 avec programmateur sans réduit, réseau isolé. Emetteur(s): radiateur bitube avec robinet thermostatique, radiateur bitube sans robinet thermostatique",53827.9,278.3,,,"Chaudière bois granulés après 2019","Bois – Bûches","chauffage","Bois - Chaudière bois (granulés) installée à partir de 2020",53827.9,,,,,,"installation individuelle","Poêle bois","Installation de chauffage simple","Cuisinière installée avant 1990 (système individuel)",12320.6,35.2,,,"Cuisinière installé avant 1990","Bois – Bûches","chauffage","Bois - Cuisinière installée avant 1990",12320.6,,,,,,"Électricité","Ballon électrique à accumulation vertical Catégorie C ou 3 étoiles",,,"installation individuelle","Un seul système d'ECS sans solaire","Ballon électrique à accumulation vertical (catégorie C ou 3 étoiles), contenance ballon 200 L",1900.4,1,172.3,"Non affecté",,,,"Ballon électrique à accumulation vertical Catégorie C ou 3 étoiles","Électricité","ecs","Electrique - Ballon électrique à accumulation vertical (catégorie C ou 3 étoiles)",200,,1900.4,,,,,,,,,,,,0,,,,,,,"chauffage au bois",,,,,0,
"2271E3163550U","2024-12-12","2022-12-26","2022-12-26","2022-12-27","2032-12-25",,,"2VAJAXFYC2AR","Reprise RNB",,,"DPE 3CL 2021 méthode logement",2.2,"dpe maison individuelle","E","B","maison",,"avant 1948",,,2.9,,,2,,,,54,,"Très lourde","inférieur à 400m","H1c","2a Rue Arsène Durantin 71420 Ciry-le-Noble","2a","Rue Arsène Durantin","Ciry-le-Noble","71420","71132","71","27","71132_0035_00002_a",799544.38,6612465.43,0.47,"adresse géocodée ban à l'adresse","2 A RUE ARSENE DURANTIN","CIRY-LE-NOBLE",71420,0,,,"3056",,"insuffisant",1,1,0,1,0,151.2,18,14.6,52.8,4.6,2.9,15.7,42.7,"insuffisante","bonne",,"insuffisante",,"insuffisante","bonne",0.99,6507.6,932.6,0,1378.8,0,281.1,0,17030,315,13291.2,3507.8,0,231,0,7404.4,137,5778.8,1525.1,0,100.4,0,562.6,10,456.5,99.1,0,6.9,0,"Électricité",7404.4,5778.8,1525.1,1259.1,982.7,259.3,562.6,456.5,99.1,,,,,,,,,,,,,,,,,,,,,1259.1,982.7,259.3,0,17.1,0,"Électricité","Radiateur électrique à accumulation","installation individuelle","Radiateur électrique à accumulation","Installation de chauffage simple","Radiateur électrique à inertie (modélisé comme un radiateur à accumulation) avec programmateur pièce par pièce (système individuel)",5778.8,54,,,"Radiateur électrique à accumulation","Électricité","chauffage","Electrique - Radiateur électrique à inertie (modélisé comme un radiateur à accumulation)",5778.8,,,,,,,,,,,,,,,,,,,,,,,,"Électricité","Ballon électrique à accumulation vertical Catégorie C ou 3 étoiles",,,"installation individuelle","Un seul système d'ECS sans solaire","Ballon électrique à accumulation vertical (catégorie C ou 3 étoiles), contenance ballon 200 L",1525.1,1,54,"Non affecté",,,,"Ballon électrique à accumulation vertical Catégorie C ou 3 étoiles","Électricité","ecs","Electrique - Ballon électrique à accumulation vertical (catégorie C ou 3 étoiles)",200,,1525.1,,,,,,,,,,,,0,,,,,,,,,,,,0,
"2271E1810086M","2024-12-30","2022-08-07","2022-08-07","2022-08-08","2032-08-06",,,"PNTGSYNG6QMN","Reprise RNB",,,"DPE 3CL 2021 méthode logement",2.1,"dpe maison individuelle","E","E","maison",,"1948-1974",,,2.8,,,1,,,,106,,"Lourde","inférieur à 400m","H1c","1 Rue Rabelais 71420 Ciry-le-Noble","1","Rue Rabelais","Ciry-le-Noble","71420","71132","71","27","71132_0700_00001",797755.38,6614408.65,0.5,"adresse géocodée ban à l'adresse","4.1 RUE RABELAIS","CIRY LE NOBLE",71420,0,,,"MA2208116502","Bat. N/A; Etage rdc; Porte N/A","insuffisant",0,1,0,1,0,539.7,22.4,328.9,19,19.7,7.9,45.5,96.4,"insuffisante","insuffisante",,"insuffisante",,"insuffisante","moyenne",1.89,26079.7,1299,0,2687322.4,0,2556277.4,0,29270.4,276,26476.4,1699,0,453.2,641.7,28651.5,270,26476.4,1699,0,197.1,279,6427.3,60,6010.1,385.7,0,13.6,17.9,"Gaz naturel",28175.5,26476.4,1699,2070.7,1945.8,124.9,6395.8,6010.1,385.7,"Électricité",476,0,0,138.1,0,0,31.5,0,0,,,,,,,,,,,2208.8,1945.8,124.9,0,57.2,80.9,"Gaz naturel","Chaudière gaz à condensation après 2015","installation individuelle","Radiateur bitube avec robinet thermostatique sur réseau individuel eau chaude haute température(sup ou egal 65°C)","Installation de chauffage simple","Chaudière individuelle gaz à condensation installée à partir de 2016 régulée, avec programmateur sans réduit. Emetteur(s): radiateur bitube avec robinet thermostatique",26476.4,106,,,"Chaudière gaz à condensation après 2015","Gaz naturel","chauffage + ecs","Gaz Naturel - Chaudière gaz à condensation installée à partir de 2016",26476.4,,,,,,,,,,,,,,,,,,,,,,,,"Gaz naturel","Chaudière gaz à condensation après 2015",,,"installation individuelle","Un seul système d'ECS sans solaire","Combiné au système de chauffage",1699,1,106,"Non affecté",,,,"Chaudière gaz à condensation après 2015","Gaz naturel","chauffage + ecs","Gaz Naturel - Chaudière gaz à condensation installée à partir de 2016",0,,1699,,,,,,,,,,,,0,,,,,,,,,,,,0,
"2271E1995160S","2024-12-30","2022-09-04","2022-09-04","2022-09-05","2032-09-03",,,"R8SES9QF23DK","Reprise RNB",,,"DPE 3CL 2021 méthode logement",2.2,"dpe maison individuelle","C","A","maison",,"1948-1974",,,2.5,,,1,,,,104.5,,"Moyenne","inférieur à 400m","H1c","27 Rue Charles Labaune 71420 Ciry-le-Noble","27","Rue Charles Labaune","Ciry-le-Noble","71420","71132","71","27","71132_0170_00027",797808.4,6614385.52,0.52,"adresse géocodée ban à l'adresse","27 rue Charles Labaune","CIRY-LE-NOBLE",71420,0,,,"22KELLER0901",,"moyen",1,1,0,0,1,277.7,71.6,23.5,19.2,51.9,6.6,42.8,62.1,"moyenne","très bonne","bonne",,,"insuffisante","moyenne",0.67,11168.6,1291.9,0,2656512.9,0,2923948.3,0,12230.6,117,9333.1,1385.8,0,447,1064.7,5317.7,50,4057.9,602.5,0,194.3,462.9,402.8,3,320.6,39.2,0,13.4,29.6,"Électricité",5317.7,4057.9,602.5,930.7,710.2,105.5,402.8,320.6,39.2,,,,,,,,,,,,,,,,,,,,,930.7,710.2,105.5,0,34,81,"Électricité","PAC air/eau installée après 2017","installation individuelle","Radiateur bitube avec robinet thermostatique sur réseau individuel eau chaude haute température(sup ou egal 65°C)","Installation de chauffage simple","PAC air/eau installée à partir de 2017 avec programmateur avec réduit, réseau isolé (système individuel). Emetteur(s): radiateur bitube avec robinet thermostatique",4057.9,104.5,,,"PAC air/eau installée après 2017","Électricité","chauffage","Electrique - PAC air/eau installée à partir de 2017",4057.9,,,,,,,,,,,,,,,,,,,,,,,,"Électricité","Ballon électrique à accumulation vertical Catégorie C ou 3 étoiles",,,"installation individuelle","Un seul système d'ECS avec solaire","Ballon électrique à accumulation vertical (catégorie C ou 3 étoiles), contenance ballon 200 L, couplé avec un système solaire (Installation de moins de 5 ans)",602.5,1,104.5,"ECS solaire seule inf 5 ans",1280389.5,0.7,,"Ballon électrique à accumulation vertical Catégorie C ou 3 étoiles","Électricité","ecs","Electrique - Ballon électrique à accumulation vertical (catégorie C ou 3 étoiles)",200,,602.5,,,,,,,,,,,,0,,,,,,,"Il existe plusieurs descriptifs ENR",,,,,0,
"2371E0374805K","2024-12-30","2023-01-25","2023-02-05","2023-02-05","2033-02-04",,,"KZH8B6ACNAQB","Reprise RNB",,,"DPE 3CL 2021 méthode logement",2.2,"dpe appartement individuel","F","E","appartement",1963,"1948-1974","collectif","individuel",2.5,14,,1,,,777,54,,"Lourde","inférieur à 400m","H1c","3 Rue du 8 Mai 1945 71420 Ciry-le-Noble","3","Rue du 8 Mai 1945","Ciry-le-Noble","71420","71132","71","27","71132_0400_00003",799486.86,6612797.37,0.51,"adresse non géocodée ban car aucune correspondance trouvée","- RUE DU 8 MAI 1945","CIRY LE NOBLE",71420,0,,"LES MURGERS - BATIMENT A - Logt 3",,,"moyen",1,0,0,1,0,276.7,68.7,125.9,0,23.2,8.2,26.6,24,"insuffisante","insuffisante",,,,"bonne","moyenne",1.96,12763.2,1152.5,0,1650528,0,1550015.8,0,19019.8,352.2,13634.4,4073.1,0,231,1081.3,15975.9,295.8,13634.4,1770.9,0,100.4,470.1,3247,60.1,3095,115.1,0,6.9,30.1,"Gaz naturel",13634.4,13634.4,0,1073,1073,0,3095,3095,0,"Électricité",2341.5,0,1770.9,479,0,362,152.1,0,115.1,,,,,,,,,,,1552,1073,362,0,21,96,"Gaz naturel","Chaudière(s) gaz multi bâtiment modélisée comme un réseau de chaleur","installation collective multi-bâtiment : modélisée comme un réseau de chaleur","Radiateur bitube avec robinet thermostatique sur réseau collectif eau chaude basse ou moyenne température(inf 65°C)","Installation de chauffage simple","Chauffage sans solaire",13634.4,54,,,"Chaudière(s) gaz multi bâtiment modélisée comme un réseau de chaleur","Gaz naturel","chauffage","Installation collective unique multi bâtiment",13634.4,,,,,,,,,,,,,,,,,,,,,,,,"Électricité","Ballon électrique à accumulation vertical Catégorie B ou 2 étoiles",,,"installation individuelle","Un seul système d'ECS sans solaire","Chauffe-eau vertical",1770.9,1,54,"Non affecté",,,,"Ballon électrique à accumulation vertical Catégorie B ou 2 étoiles","Électricité","ecs","Chauffe-eau vertical",150,,1770.9,,,,,,,,,,,,0,,,,,,,,,,,,0,
"2371E1001605C","2024-12-30","2023-03-22","2023-03-24","2023-03-25","2033-03-23",,,"JXHMX3AAZ77B","Reprise RNB",,,"DPE 3CL 2021 méthode logement",2.2,"dpe maison individuelle","D","D","maison",,"1989-2000",,,2.5,,,1,,,,90.3,,"Légère","inférieur à 400m","H1c","12 Rue Romain Rolland 71420 Ciry-le-Noble","12","Rue Romain Rolland","Ciry-le-Noble","71420","71132","71","27","71132_0759_00012",798826.22,6613061.32,0.48,"adresse géocodée ban à l'adresse","12 RUE ROMAIN ROLLAND","CIRY-LE-NOBLE",71420,0,,,"3234",,"moyen",1,1,0,0,1,212.4,24.8,39.9,9.1,24.5,5.9,25,83.1,"bonne","bonne",,"très bonne",,"moyenne","moyenne",0.45,8609,1223.2,0,2356,0,2579.7,0,15050,166,10825.2,2068.1,0,386.1,1770.6,13831,153,10825.2,2068.1,0,167.9,769.8,2987.6,33,2457.3,469.5,0,11.6,49.3,"Gaz naturel",12893.3,10825.2,2068.1,1072.3,900.3,172,2926.8,2457.3,469.5,"Électricité",937.7,0,0,272,0,0,60.9,0,0,,,,,,,,,,,1344.3,900.3,172,0,48.7,223.3,"Gaz naturel","Chaudière gaz basse température 1991-2000","installation individuelle","Radiateur bitube avec robinet thermostatique sur réseau individuel eau chaude basse ou moyenne température(inf 65°C)","Installation de chauffage simple","Chaudière individuelle gaz basse température installée entre 1991 et 2000 régulée, avec programmateur avec réduit. Emetteur(s): radiateur bitube avec robinet thermostatique",10825.2,90.3,,,"Chaudière gaz basse température 1991-2000","Gaz naturel","chauffage + ecs","Gaz Naturel - Chaudière gaz basse température installée entre 1991 et 2000",10825.2,,,,,,,,,,,,,,,,,,,,,,,,"Gaz naturel","Chaudière gaz basse température 1991-2000",,,"installation individuelle","Un seul système d'ECS sans solaire","Combiné au système de chauffage",2068.1,1,90.3,"Non affecté",,,,"Chaudière gaz basse température 1991-2000","Gaz naturel","chauffage + ecs","Gaz Naturel - Chaudière gaz basse température installée entre 1991 et 2000",0,,2068.1,,,,,,,,,,,,0,,,,,,,,,,,,0,
"2371E1110113M","2024-12-30","2023-01-16","2023-04-02","2023-04-03","2033-04-01",,,"M9H7VV2B6GDV","Reprise RNB",,,"DPE 3CL 2021 méthode logement",2.2,"dpe maison individuelle","E","B","maison",1987,"1983-1988",,,2.5,,,2,,,,98,,"Moyenne","inférieur à 400m","H1c","10 impasse des petits vins 71420 Ciry-le-Noble","10","impasse des petits vins","Ciry-le-Noble","71420","71132","71","27","71132_91iqw4_00010",799364.18,6612842.78,0.62,"adresse non géocodée ban car aucune correspondance trouvée","Résidence des Petits Vins","CIRY-LE-NOBLE",71420,,,,,,"moyen",1,1,0,0,1,285.1,45,104.3,7.2,14.5,11.8,18.1,84.1,"moyenne","insuffisante",,"très bonne",,"bonne","bonne",0.76,11840.8,1260.6,0,2519347.6,0,2443687.7,0,30395.7,310.1,23932.1,5037,0,419.2,1007.4,13215.5,134.9,10405.3,2190,0,182.3,438,1004.5,10.2,822,142.3,0,12.6,28,"Électricité",13215.5,10405.3,2190,2173,1711,360,1005,822,142.3,,,,,,,,,,,,,,,,,,,,,2173,1711,360,0,30,72,"Électricité","Convecteur électrique NFC, NF** et NF***","installation individuelle","Convecteur électrique NFC, NF** et NF***","Installation de chauffage simple","Chauffage sans solaire",10405.3,98,,,"Convecteur électrique NFC, NF** et NF***","Électricité","chauffage","Convecteur électrique NFC",10405.3,,,,,,,,,,,,,,,,,,,,,,,,"Électricité","Ballon électrique à accumulation vertical Autres ou inconnue",,,"installation individuelle","Un seul système d'ECS sans solaire","Chauffe-eau vertical",2190,1,98,"Non affecté",,,,"Ballon électrique à accumulation vertical Autres ou inconnue","Électricité","ecs","Chauffe-eau vertical",200,,2190,,,,,,,,,,,,0,,,,,,,,,,,,0,
"2371E0258316B","2024-12-30","2023-01-25","2023-01-25","2023-01-26","2033-01-24",,,"9WKENFC7ED1M","Reprise RNB",,,"DPE 3CL 2021 méthode logement",2.2,"dpe maison individuelle","E","D","maison",,"avant 1948",,,2.5,,,1,,,,191,,"Lourde","inférieur à 400m","H1c","1 Rue André Bouillot 71420 Ciry-le-Noble","1","Rue André Bouillot","Ciry-le-Noble","71420","71132","71","27","71132_0020_00001",799508.02,6612581.46,0.51,"adresse géocodée ban à l'adresse","1 rue andré bouillot","CIRY-LE-NOBLE",71420,0,,,"23DELHOMME1185",,"insuffisant",0,1,0,1,1,796.4,57.1,346.6,18.2,50.3,23.1,72.7,228.5,"insuffisante","insuffisante","bonne",,,"insuffisante","moyenne",1.25,35921,1709.2,0,4053.5,0,4065.3,0,56229.3,294,52257.6,2451.3,0,817,703.4,37630,197,34517.6,2451.3,0,355.2,305.8,6416.4,33,5815.9,556.5,0,24.5,19.6,"Gaz naturel",23322.8,20871.5,2451.3,1753.7,1569.4,184.3,5294.3,4737.8,556.5,"Électricité",14307.2,13646.1,0,2345.2,2236.9,0,1122.1,1078,0,,,,,,,,,,,4098.9,3806.2,184.3,0,58.2,50.1,"Gaz naturel","Chaudière gaz à condensation 2001-2015","installation individuelle","Radiateur bitube sans robinet thermostatique sur réseau individuel eau chaude basse ou moyenne température(inf 65°C)","Installation de chauffage simple","Chaudière individuelle gaz à condensation installée entre 2001 et 2015 régulée, avec programmateur avec réduit, réseau isolé. Emetteur(s): radiateur bitube sans robinet thermostatique",20871.5,100,,,"Chaudière gaz à condensation 2001-2015","Gaz naturel","chauffage + ecs","Gaz Naturel - Chaudière gaz à condensation installée entre 2001 et 2015",20871.5,,,,,,"installation individuelle","Convecteur électrique NFC, NF** et NF***","Installation de chauffage simple","Convecteur électrique NFC, NF** et NF*** avec programmateur pièce par pièce (système individuel)",13646.1,91,,,"Convecteur électrique NFC, NF** et NF***","Électricité","chauffage","Electrique - Convecteur électrique NFC, NF** et NF***",13646.1,,,,,,"Gaz naturel","Chaudière gaz à condensation 2001-2015",,,"installation individuelle","Un seul système d'ECS sans solaire","Combiné au système de chauffage",2451.3,1,191,"Non affecté",,,,"Chaudière gaz à condensation 2001-2015","Gaz naturel","chauffage + ecs","Gaz Naturel - Chaudière gaz à condensation installée entre 2001 et 2015",0,,2451.3,,,,,,,,,,,,0,,,,,,,,,,,,0,
"2371E0320224D","2024-12-12","2023-01-16","2023-01-31","2023-02-01","2033-01-30",,,"PFEJG5VQJA69","Reprise RNB",,,"DPE 3CL 2021 méthode logement",2.2,"dpe maison individuelle","D","D","maison",1913,"avant 1948",,,2.5,,,3,,,,107,,"Légère","inférieur à 400m","H1c","1 Rue Champlong 71420 Ciry-le-Noble","1","Rue Champlong","Ciry-le-Noble","71420","71132","71","27","71132_k74x4b_00001",797820.18,6614489.78,0.51,"adresse géocodée ban à l'adresse","6.1 RUE CHAMP-LONG","CIRY LE NOBLE",71420,0,,,"MA2204057940","Bat. N/A; Etage N/A; Porte N/A","insuffisant",0,1,0,0,1,383.7,58.3,168.5,8.1,15.9,8,22.1,102.7,"insuffisante","insuffisante","bonne",,,"insuffisante","bonne",1.56,18067.2,1304,0,2709.3,0,1825.7,0,25226.5,235,20786.7,1979.7,0,457.7,2002.4,23836,222,20786.7,1979.7,0,199,870.6,5237.4,48,4718.6,449.4,0,13.7,55.7,"Gaz naturel",22766.4,20786.7,1979.7,1717.3,1568,149.3,5168,4718.6,449.4,"Électricité",1069.6,0,0,299.4,0,0,69.4,0,0,,,,,,,,,,,2016.8,1568,149.3,0,55.7,243.7,"Gaz naturel","Chaudière gaz à condensation 2001-2015","installation individuelle","Radiateur bitube avec robinet thermostatique sur réseau individuel eau chaude basse ou moyenne température(inf 65°C)","Installation de chauffage simple","Chaudière individuelle gaz à condensation installée entre 2001 et 2015 réseau isolé. Emetteur(s): radiateur bitube avec robinet thermostatique",20786.7,107,,,"Chaudière gaz à condensation 2001-2015","Gaz naturel","chauffage + ecs","Gaz Naturel - Chaudière gaz à condensation installée entre 2001 et 2015",20786.7,,,,,,,,,,,,,,,,,,,,,,,,"Gaz naturel","Chaudière gaz à condensation 2001-2015",,,"installation individuelle","Un seul système d'ECS sans solaire","Combiné au système de chauffage",1979.7,1,107,"Non affecté",,,,"Chaudière gaz à condensation 2001-2015","Gaz naturel","chauffage + ecs","Gaz Naturel - Chaudière gaz à condensation installée entre 2001 et 2015",0,,1979.7,,,,,,,,,,,,0,,,,,,,,,,,,0,
"2371E1110179A","2024-12-12","2023-01-16","2023-04-02","2023-04-03","2033-04-01",,,"P6QHRV8QNGTT","Reprise RNB",,,"DPE 3CL 2021 méthode logement",2.2,"dpe maison individuelle","E","B","maison",1987,"1983-1988",,,2.5,,,2,,,,82,,"Moyenne","inférieur à 400m","H1c","8 impasse des petits vins 71420 Ciry-le-Noble","8","impasse des petits vins","Ciry-le-Noble","71420","71132","71","27","71132_91iqw4_00008",799345.39,6612835.58,0.61,"adresse non géocodée ban car aucune correspondance trouvée","Résidence des Petits Vins","CIRY-LE-NOBLE",71420,,,,,,"moyen",1,1,0,0,1,209.3,28.3,75.1,5.5,12.8,11.8,12.1,63.7,"moyenne","insuffisante",,"très bonne",,"bonne","bonne",0.72,8615.3,1183.4,0,2181709.8,0,1489581.9,0,23851.7,290.8,17660.6,4832.9,0,350.8,1007.4,10370.3,126.5,7678.5,2101.3,0,152.5,438,781.5,9.5,606.6,136.6,0,10.5,28,"Électricité",10370.3,7678.5,2101.3,1726,1278,350,781.7,606.6,136.6,,,,,,,,,,,,,,,,,,,,,1726,1278,350,0,25,73,"Électricité","Convecteur électrique NFC, NF** et NF***","installation individuelle","Convecteur électrique NFC, NF** et NF***","Installation de chauffage simple","Chauffage sans solaire",7678.5,82,,,"Convecteur électrique NFC, NF** et NF***","Électricité","chauffage","Convecteur électrique NFC",7678.5,,,,,,,,,,,,,,,,,,,,,,,,"Électricité","Ballon électrique à accumulation vertical Autres ou inconnue",,,"installation individuelle","Un seul système d'ECS sans solaire","Chauffe-eau vertical",2101.3,1,82,"Non affecté",,,,"Ballon électrique à accumulation vertical Autres ou inconnue","Électricité","ecs","Chauffe-eau vertical",200,,2101.3,,,,,,,,,,,,0,,,,,,,,,,,,0,
"2371E1018495S","2024-12-30","2023-03-26","2023-03-26","2023-03-27","2033-03-25",,,"485937Y926RM","Reprise RNB",,,"DPE 3CL 2021 méthode logement",2.2,"dpe maison individuelle","C","A","maison",,"avant 1948",,,2.5,,,1,,,,207,,"Lourde","inférieur à 400m","H1c","16 rue du 11 novembre 1918 71420 Ciry-le-Noble","16","rue du 11 novembre 1918","Ciry-le-Noble","71420","71132","71","27","71132_0525_00016",799515.87,6612305.24,0.51,"adresse géocodée ban à l'adresse","16 rue du 11 novembre 1918","CIRY-LE-NOBLE",71420,0,,,"23BONATO148",,"insuffisant",0,1,0,1,1,481.5,96,62.7,17.1,74.9,19.6,44.7,166.5,"bonne","très bonne","bonne",,,"insuffisante","bonne",0.62,20048.9,1786.3,1209.4,4358.8,223.9,2428.4,741,35979.4,173,32173,1577.8,252,885.4,1091.2,15643.2,75,13988.3,686,109.5,385,474.4,1213.6,5,1105.1,44.6,7,26.6,30.4,"Électricité",15643.2,13988.3,686,2557.2,2286.7,112.1,1213.6,1105.1,44.6,,,,,,,,,,,,,,,,,,,,,2557.2,2286.7,112.1,17.9,62.9,77.6,"Électricité","Convecteur électrique NFC, NF** et NF***","installation individuelle","Convecteur électrique NFC, NF** et NF***","Installation de chauffage simple","Convecteur électrique NFC, NF** et NF*** avec programmateur avec réduit (système individuel)",11103.5,129,,,"Convecteur électrique NFC, NF** et NF***","Électricité","chauffage","Electrique - Convecteur électrique NFC, NF** et NF***",11103.5,,,,,,"installation individuelle","Soufflage d'air chaud (air soufflé) avec distribution par réseau aéraulique","Installation de chauffage simple","PAC air/air installée à partir de 2015 avec programmateur avec réduit (système individuel)",2884.8,78,,,"PAC air/air installée à partir de 2015","Électricité","chauffage","Electrique - PAC air/air installée à partir de 2015",2884.8,,,,,,"Électricité","CET sur air ambiant (sur local non chauffé) après 2014",,,"installation individuelle","Un seul système d'ECS sans solaire","Chauffe-eau thermodynamique sur air ambiant (sur local non chauffé) installé à partir de 2015",686,1,207,"Non affecté",,,,"CET sur air ambiant (sur local non chauffé) après 2014","Électricité","ecs","Electrique - Chauffe-eau thermodynamique sur air ambiant (sur local non chauffé) installé à partir de 2015",0,2.8,686,"A partir de 2015",,,,,,,,,,,0,"PAC air/air installée avant 2008","Électricité","Avant 2008","Refroidissement - Electrique - Pompe à chaleur (divisé) - type split",75,109.5,"Il existe plusieurs descriptifs ENR",,,,,0,
"2371E0540585O","2024-12-30","2023-01-23","2023-02-18","2023-02-19","2033-02-17",,,"Q575QRRWKC32","Reprise RNB",,,"DPE 3CL 2021 méthode logement",2.2,"dpe appartement individuel","G","F","appartement",1967,"1948-1974","collectif","collectif",2.5,1,,1,,,1158,65,,"Légère","inférieur à 400m","H1c","38 Rue Sully 71420 Ciry-le-Noble","38","Rue Sully","Ciry-le-Noble","71420","71132","71","27","71132_0800_00038",797561.29,6614177.26,0.52,"adresse géocodée ban à l'adresse","36 38 RUE SULLY","CIRY-LE-NOBLE",71420,0,,,"2171","Etage 4","insuffisant",1,1,0,0,0,357.5,11.6,71.4,180,0,1.3,23.3,69.8,"insuffisante","insuffisante",,,"insuffisante","très bonne","moyenne",2.4,18087.1,1226.8,0,1894.8,0,728.7,0,35512.2,546,24659,10145.9,0,278,429.3,29377.8,451,24659,4411.3,0,120.9,186.6,5904.6,90,5597.6,286.7,0,8.3,11.9,"Gaz naturel",24659,24659,0,1543.3,1543.3,0,5597.6,5597.6,0,"Électricité",4718.8,0,4411.3,773.4,0,708.3,307,0,286.7,,,,,,,,,,,2316.6,1543.3,708.3,0,35.1,30,"Gaz naturel","Chaudière gaz à condensation 2001-2015","installation collective","Radiateur bitube avec robinet thermostatique sur réseau collectif eau chaude haute température(sup ou egal 65°C)","Installation de chauffage simple","Chaudière collective gaz à condensation installée entre 2001 et 2015. Emetteur(s): radiateur bitube avec robinet thermostatique",24659,65,,,"Chaudière gaz à condensation 2001-2015","Gaz naturel","chauffage","Gaz Naturel - Chaudière gaz à condensation installée entre 2001 et 2015",24659,,,,,,,,,,,,,,,,,,,,,,,,"Électricité","Ballon électrique à accumulation vertical Catégorie B ou 2 étoiles",,,"installation collective","Un seul système d'ECS sans solaire","Ballon électrique à accumulation vertical (catégorie B ou 2 étoiles), contenance ballon 150 L",4411.3,1,65,"Non affecté",,,,"Ballon électrique à accumulation vertical Catégorie B ou 2 étoiles","Électricité","ecs","Electrique - Ballon électrique à accumulation vertical (catégorie B ou 2 étoiles)",8.4,,4411.3,,,,,,,,,,,,0,,,,,,,,,,,,0,
"2371E0320484D","2024-12-30","2023-01-16","2023-01-31","2023-02-01","2033-01-30",,,"PFEJG5VQJA69","Reprise RNB",,,"DPE 3CL 2021 méthode logement",2.2,"dpe maison individuelle","D","D","maison",1913,"avant 1948",,,2.5,,,3,,,,107,,"Légère","inférieur à 400m","H1c","1 Rue Champlong 71420 Ciry-le-Noble","1","Rue Champlong","Ciry-le-Noble","71420","71132","71","27","71132_k74x4b_00001",797820.18,6614489.78,0.51,"adresse géocodée ban à l'adresse","2.1 RUE CHAMP-LONG","CIRY LE NOBLE",71420,0,,,"MA2204057945","Bat. N/A; Etage N/A; Porte N/A","insuffisant",0,1,0,0,1,381.6,58.3,168.5,8.1,15.9,8,22.1,100.6,"insuffisante","insuffisante","bonne",,,"insuffisante","bonne",1.56,17946.8,1304,0,2709.3,0,1825.7,0,25105.2,234,20668.3,1979.7,0,457.7,1999.5,23716.4,221,20668.3,1979.7,0,199,869.3,5210.5,48,4691.7,449.4,0,13.7,55.6,"Gaz naturel",22648,20668.3,1979.7,1709.6,1560.2,149.4,5141.1,4691.7,449.4,"Électricité",1068.3,0,0,299.3,0,0,69.4,0,0,,,,,,,,,,,2008.9,1560.2,149.4,0,55.7,243.5,"Gaz naturel","Chaudière gaz à condensation 2001-2015","installation individuelle","Radiateur bitube avec robinet thermostatique sur réseau individuel eau chaude basse ou moyenne température(inf 65°C)","Installation de chauffage simple","Chaudière individuelle gaz à condensation installée entre 2001 et 2015 réseau isolé. Emetteur(s): radiateur bitube avec robinet thermostatique",20668.3,107,,,"Chaudière gaz à condensation 2001-2015","Gaz naturel","chauffage + ecs","Gaz Naturel - Chaudière gaz à condensation installée entre 2001 et 2015",20668.3,,,,,,,,,,,,,,,,,,,,,,,,"Gaz naturel","Chaudière gaz à condensation 2001-2015",,,"installation individuelle","Un seul système d'ECS sans solaire","Combiné au système de chauffage",1979.7,1,107,"Non affecté",,,,"Chaudière gaz à condensation 2001-2015","Gaz naturel","chauffage + ecs","Gaz Naturel - Chaudière gaz à condensation installée entre 2001 et 2015",0,,1979.7,,,,,,,,,,,,0,,,,,,,,,,,,0,
"2371E0920188R","2024-12-30","2023-03-19","2023-03-19","2023-03-20","2033-03-18",,,"R43Z1PC62EQP","Reprise RNB",,,"DPE 3CL 2021 méthode logement",2.2,"dpe maison individuelle","F","F","maison",,"avant 1948",,,2.5,,,2,,,,97,,"Très lourde","inférieur à 400m","H1c","33 Rue Henri Mugnier 71420 Ciry-le-Noble","33","Rue Henri Mugnier","Ciry-le-Noble","71420","71132","71","27","71132_0500_00033",799165.14,6613762.3,0.59,"adresse géocodée ban à l'adresse","31/33 RUE HENRI MUGNIER","CIRY-LE-NOBLE",71420,0,,,"3227",,"insuffisant",1,1,0,1,0,517.7,39,175.9,136.3,12.3,17.1,25.7,111.6,"insuffisante","insuffisante",,"insuffisante",,"insuffisante","moyenne",1.64,24190.2,1255.7,0,2259.4,0,2139.4,0,30186.3,311,26053.7,3168.2,0,414.9,549.5,29641.2,305,26053.7,3168.2,0,180.4,238.9,9495.6,97,8441.4,1026.5,0,12.4,15.3,"Fioul domestique",29221.9,26053.7,3168.2,2671.5,2381.8,289.6,9467.9,8441.4,1026.5,"Électricité",419.3,0,0,121.6,0,0,27.7,0,0,,,,,,,,,,,2793.1,2381.8,289.6,0,52.3,69.3,"Fioul domestique","Chaudière fioul à condensation après 2015","installation individuelle","Radiateur bitube avec robinet thermostatique sur réseau individuel eau chaude haute température(sup ou egal 65°C)","Installation de chauffage simple","Chaudière individuelle fioul à condensation installée à partir de 2016 avec programmateur avec réduit. Emetteur(s): radiateur bitube avec robinet thermostatique",26053.7,97,,,"Chaudière fioul à condensation après 2015","Fioul domestique","chauffage + ecs","Fioul - Chaudière fioul à condensation installée à partir de 2016",26053.7,,,,,,,,,,,,,,,,,,,,,,,,"Fioul domestique","Chaudière fioul à condensation après 2015",,,"installation individuelle","Un seul système d'ECS sans solaire","Combiné au système de chauffage, contenance ballon 160 L",3168.2,1,97,"Non affecté",,,,"Chaudière fioul à condensation après 2015","Fioul domestique","chauffage + ecs","Fioul - Chaudière fioul à condensation installée à partir de 2016",160,,3168.2,,,,,,,,,,,,0,,,,,,,,,,,,0,
"2371E1110205A","2024-12-30","2023-01-16","2023-04-02","2023-04-03","2033-04-01",,,"536NNTZK432E","Reprise RNB",,,"DPE 3CL 2021 méthode logement",2.2,"dpe maison individuelle","E","B","maison",1987,"1983-1988",,,2.5,,,2,,,,83,,"Moyenne","inférieur à 400m","H1c","7 impasse des petits vins 71420 Ciry-le-Noble","7","impasse des petits vins","Ciry-le-Noble","71420","71132","71","27","71132_91iqw4_00007",799340.56,6612835.72,0.61,"adresse non géocodée ban car aucune correspondance trouvée","Résidence des Petits Vins","CIRY-LE-NOBLE",71420,,,,,,"moyen",1,1,0,0,1,229.2,31.4,82.9,6.5,15.3,11.8,12.1,69.1,"moyenne","insuffisante",,"très bonne",,"bonne","bonne",0.7,10019,1188.2,0,2202812.2,0,1143803.4,0,26011.7,313.3,20368.4,4280.9,0,355,1007.4,11309.4,136.3,8855.8,1861.3,0,154.4,438,859.1,10.3,699.6,121,0,10.7,28,"Électricité",11309.4,8855.8,1861.3,1874,1467,308,859.3,699.6,121,,,,,,,,,,,,,,,,,,,,,1874,1467,308,0,26,73,"Électricité","Convecteur électrique NFC, NF** et NF***","installation individuelle","Convecteur électrique NFC, NF** et NF***","Installation de chauffage simple","Chauffage sans solaire",8855.8,83,,,"Convecteur électrique NFC, NF** et NF***","Électricité","chauffage","Convecteur électrique NFC",8855.8,,,,,,,,,,,,,,,,,,,,,,,,"Électricité","Ballon électrique à accumulation vertical Catégorie C ou 3 étoiles",,,"installation individuelle","Un seul système d'ECS sans solaire","Chauffe-eau vertical",1861.3,1,83,"Non affecté",,,,"Ballon électrique à accumulation vertical Catégorie C ou 3 étoiles","Électricité","ecs","Chauffe-eau vertical",200,,1861.3,,,,,,,,,,,,0,,,,,,,,,,,,0,
"2371E1369754R","2024-12-30","2023-04-18","2023-04-24","2023-04-25","2033-04-23",,,"X4WJ3HJ73B6T","Reprise RNB",,,"DPE 3CL 2021 méthode logement",2.2,"dpe appartement individuel","F","E","appartement",1963,"1948-1974","collectif","individuel",2.5,14,,4,,,777,54,,"Lourde","inférieur à 400m","H1c","13 Rue du 8 Mai 1945 71420 Ciry-le-Noble","13","Rue du 8 Mai 1945","Ciry-le-Noble","71420","71132","71","27","71132_0400_00013",799376.91,6612757.35,0.52,"adresse non géocodée ban car aucune correspondance trouvée","- RUE DU 8 MAI 1945","CIRY LE NOBLE",71420,,,"LES MURGERS - BATIMENT A - Logt 13",,,"insuffisant",1,1,0,1,0,224.1,37.9,120.1,0,0,3,13.4,49.8,"insuffisante","insuffisante",,,,,"très bonne",2.86,10253.9,1152.5,0,1492761.6,0,599813.8,0,19268.2,356.8,13048,4472,0,231,1517.2,15752.4,291.7,13048,1944.4,0,100.4,659.6,3137.4,58.1,2961.9,126.4,0,6.9,42.2,"Gaz naturel",13048,13048,0,833,833,0,2961.9,2961.9,0,"Électricité",2704.4,0,1944.4,533,0,383,175.5,0,126.4,,,,,,,,,,,1366,833,383,0,20,130,"Gaz naturel","Chaudière gaz standard 2001-2015","installation collective","Radiateur bitube avec robinet thermostatique sur réseau collectif eau chaude basse ou moyenne température(inf 65°C)","Installation de chauffage simple","Chauffage sans solaire",13048,54,,,"Chaudière gaz standard 2001-2015","Gaz naturel","chauffage","Chaudière standard",13048,,,,,,,,,,,,,,,,,,,,,,,,"Électricité","Ballon électrique à accumulation vertical Autres ou inconnue",,,"installation individuelle","Un seul système d'ECS sans solaire","Chauffe-eau vertical",1944.4,1,54,"Non affecté",,,,"Ballon électrique à accumulation vertical Autres ou inconnue","Électricité","ecs","Chauffe-eau vertical",150,,1944.4,,,,,,,,,,,,0,,,,,,,,,,,,0,
"2371E1888053G","2024-12-30","2023-06-06","2023-06-06","2023-06-07","2033-06-05",,,"AQ8Y7F4JAERZ","Reprise RNB",,,"DPE 3CL 2021 méthode logement",2.2,"dpe maison individuelle","C","C","maison",,"1989-2000",,,2.5,,,2,,,,110,,"Moyenne","inférieur à 400m","H1c","22 Rue Jules Ferry 71420 Ciry-le-Noble","22","Rue Jules Ferry","Ciry-le-Noble","71420","71132","71","27","71132_0433_00022",798866.4,6613103.74,0.49,"adresse géocodée ban à l'adresse","22 RUE JULES FERRY","CIRY-LE-NOBLE",71420,0,,,"3361",,"moyen",1,1,0,0,1,253.2,0,51.8,22,37.1,6.7,38,97.6,"bonne","moyenne","moyenne",,,"insuffisante","moyenne",0.48,9609.7,1318.4,0,2772.6,0,3983.9,0,14753.5,134,10831.6,1721.1,0,470.5,1730.3,13509.5,122,10831.6,1721.1,0,204.6,752.3,2911.7,26,2458.8,390.7,0,14.1,48.1,"Gaz naturel",12552.7,10831.6,1721.1,1050.1,906.1,144,2849.5,2458.8,390.7,"Électricité",956.9,0,0,277.6,0,0,62.3,0,0,,,,,,,,,,,1327.6,906.1,144,0,59.3,218.2,"Gaz naturel","Chaudière gaz à condensation après 2015","installation individuelle","Radiateur bitube avec robinet thermostatique sur réseau individuel eau chaude haute température(sup ou egal 65°C)","Installation de chauffage simple","Chaudière individuelle gaz à condensation installée à partir de 2016 avec programmateur avec réduit. Emetteur(s): radiateur bitube avec robinet thermostatique",10831.6,110,,,"Chaudière gaz à condensation après 2015","Gaz naturel","chauffage + ecs","Gaz Naturel - Chaudière gaz à condensation installée à partir de 2016",10831.6,,,,,,,,,,,,,,,,,,,,,,,,"Gaz naturel","Chaudière gaz à condensation après 2015",,,"installation individuelle","Un seul système d'ECS sans solaire","Combiné au système de chauffage",1721.1,1,110,"Non affecté",,,,"Chaudière gaz à condensation après 2015","Gaz naturel","chauffage + ecs","Gaz Naturel - Chaudière gaz à condensation installée à partir de 2016",0,,1721.1,,,,,,,,,,,,0,,,,,,,,,,,,0,
"2371E0320623M","2024-12-30","2023-01-16","2023-01-31","2023-02-01","2033-01-30",,,"PFEJG5VQJA69","Reprise RNB",,,"DPE 3CL 2021 méthode logement",2.2,"dpe maison individuelle","D","D","maison",1913,"avant 1948",,,2.5,,,3,,,,111,,"Légère","inférieur à 400m","H1c","1 Rue Champlong 71420 Ciry-le-Noble","1","Rue Champlong","Ciry-le-Noble","71420","71132","71","27","71132_k74x4b_00001",797820.18,6614489.78,0.51,"adresse géocodée ban à l'adresse","1.1 RUE CHAMP-LONG","CIRY LE NOBLE",71420,0,,,"MA2204057717","Bat. N/A; Etage N/A; Porte N/A","insuffisant",0,1,0,0,1,384.8,58.3,168.5,8.1,15.7,8,22.1,104,"insuffisante","insuffisante","bonne",,,"insuffisante","bonne",1.56,18059.7,1323.3,0,2793.7,0,1825.7,0,25353.9,228,20871.7,2002.2,0,474.8,2005.2,23952.1,215,20871.7,2002.2,0,206.4,871.8,5262.4,47,4737.9,454.5,0,14.2,55.8,"Gaz naturel",22873.9,20871.7,2002.2,1724.3,1573.4,150.9,5192.4,4737.9,454.5,"Électricité",1078.3,0,0,300.7,0,0,70,0,0,,,,,,,,,,,2025,1573.4,150.9,0,57.6,243.1,"Gaz naturel","Chaudière gaz à condensation 2001-2015","installation individuelle","Radiateur bitube avec robinet thermostatique sur réseau individuel eau chaude basse ou moyenne température(inf 65°C)","Installation de chauffage simple","Chaudière individuelle gaz à condensation installée entre 2001 et 2015 réseau isolé. Emetteur(s): radiateur bitube avec robinet thermostatique",20871.7,111,,,"Chaudière gaz à condensation 2001-2015","Gaz naturel","chauffage + ecs","Gaz Naturel - Chaudière gaz à condensation installée entre 2001 et 2015",20871.7,,,,,,,,,,,,,,,,,,,,,,,,"Gaz naturel","Chaudière gaz à condensation 2001-2015",,,"installation individuelle","Un seul système d'ECS sans solaire","Combiné au système de chauffage",2002.2,1,111,"Non affecté",,,,"Chaudière gaz à condensation 2001-2015","Gaz naturel","chauffage + ecs","Gaz Naturel - Chaudière gaz à condensation installée entre 2001 et 2015",0,,2002.2,,,,,,,,,,,,0,,,,,,,,,,,,0,
"2371E0319878V","2024-12-30","2023-01-16","2023-01-31","2023-02-01","2033-01-30",,,"PFEJG5VQJA69","Reprise RNB",,,"DPE 3CL 2021 méthode logement",2.2,"dpe maison individuelle","D","D","maison",1913,"avant 1948",,,2.5,,,3,,,,112,,"Légère","inférieur à 400m","H1c","1 Rue Champlong 71420 Ciry-le-Noble","1","Rue Champlong","Ciry-le-Noble","71420","71132","71","27","71132_k74x4b_00001",797820.18,6614489.78,0.51,"adresse géocodée ban à l'adresse","4.1 RUE CHAMP-LONG","CIRY LE NOBLE",71420,0,,,"MA2204057946","Bat. N/A; Etage N/A; Porte N/A","insuffisant",0,1,0,0,1,385.5,58.3,168.5,8.1,15.9,8,22.1,104.5,"insuffisante","insuffisante","bonne",,,"insuffisante","bonne",1.56,18083.3,1328.1,0,2814.8,0,1825.7,0,25410.7,226,20917.3,2007.8,0,479.1,2006.6,24005.8,214,20917.3,2007.8,0,208.3,872.4,5274.2,47,4748.2,455.8,0,14.4,55.8,"Gaz naturel",22925.1,20917.3,2007.8,1727.7,1576.4,151.3,5204,4748.2,455.8,"Électricité",1080.7,0,0,301,0,0,70.2,0,0,,,,,,,,,,,2028.7,1576.4,151.3,0,58,243,"Gaz naturel","Chaudière gaz à condensation 2001-2015","installation individuelle","Radiateur bitube avec robinet thermostatique sur réseau individuel eau chaude basse ou moyenne température(inf 65°C)","Installation de chauffage simple","Chaudière individuelle gaz à condensation installée entre 2001 et 2015 réseau isolé. Emetteur(s): radiateur bitube avec robinet thermostatique",20917.3,112,,,"Chaudière gaz à condensation 2001-2015","Gaz naturel","chauffage + ecs","Gaz Naturel - Chaudière gaz à condensation installée entre 2001 et 2015",20917.3,,,,,,,,,,,,,,,,,,,,,,,,"Gaz naturel","Chaudière gaz à condensation 2001-2015",,,"installation individuelle","Un seul système d'ECS sans solaire","Combiné au système de chauffage",2007.8,1,112,"Non affecté",,,,"Chaudière gaz à condensation 2001-2015","Gaz naturel","chauffage + ecs","Gaz Naturel - Chaudière gaz à condensation installée entre 2001 et 2015",0,,2007.8,,,,,,,,,,,,0,,,,,,,,,,,,0,
"2371E1110186H","2024-12-30","2023-01-16","2023-04-02","2023-04-03","2033-04-01",,,"19WNJ5RP4D98","Reprise RNB",,,"DPE 3CL 2021 méthode logement",2.2,"dpe maison individuelle","E","B","maison",1987,"1983-1988",,,2.5,,,2,,,,83,,"Moyenne","inférieur à 400m","H1c","11 impasse des petits vins 71420 Ciry-le-Noble","11","impasse des petits vins","Ciry-le-Noble","71420","71132","71","27","71132_91iqw4_00011",799371.68,6612847.45,0.62,"adresse non géocodée ban car aucune correspondance trouvée","Résidence des Petits Vins","CIRY-LE-NOBLE",71420,,,,,,"moyen",1,1,0,0,1,209.6,28.3,75.1,5.5,12.8,11.8,12.1,64,"moyenne","insuffisante",,"très bonne",,"bonne","bonne",0.72,8605,1188.2,0,2202812.2,0,1496886.7,0,23867.1,287.5,17659,4845.7,0,355,1007.4,10377,125,7677.8,2106.8,0,154.4,438,781.9,9.4,606.5,136.9,0,10.7,28,"Électricité",10377,7677.8,2106.8,1728,1278,351,782.2,606.5,136.9,,,,,,,,,,,,,,,,,,,,,1728,1278,351,0,26,73,"Électricité","Convecteur électrique NFC, NF** et NF***","installation individuelle","Convecteur électrique NFC, NF** et NF***","Installation de chauffage simple","Chauffage sans solaire",7677.8,83,,,"Convecteur électrique NFC, NF** et NF***","Électricité","chauffage","Convecteur électrique NFC",7677.8,,,,,,,,,,,,,,,,,,,,,,,,"Électricité","Ballon électrique à accumulation vertical Autres ou inconnue",,,"installation individuelle","Un seul système d'ECS sans solaire","Chauffe-eau vertical",2106.8,1,83,"Non affecté",,,,"Ballon électrique à accumulation vertical Autres ou inconnue","Électricité","ecs","Chauffe-eau vertical",200,,2106.8,,,,,,,,,,,,0,,,,,,,,,,,,0,
"2371E1110023A","2024-12-12","2023-01-16","2023-04-02","2023-04-03","2033-04-01",,,"HAPV8AZNKA67","Reprise RNB",,,"DPE 3CL 2021 méthode logement",2.2,"dpe maison individuelle","E","B","maison",1987,"1983-1988",,,2.5,,,2,,,,98,,"Moyenne","inférieur à 400m","H1c","3 impasse des petits vins 71420 Ciry-le-Noble","3","impasse des petits vins","Ciry-le-Noble","71420","71132","71","27","71132_91iqw4_00003",799353.1,6612864.36,0.47,"adresse non géocodée ban car aucune correspondance trouvée","Résidence des Petits Vins","CIRY-LE-NOBLE",71420,,,"Maison individuelle",,,"bon",0,1,0,0,1,285.1,45,104.3,7.2,14.5,11.8,18.1,84.1,"moyenne","insuffisante",,"très bonne",,"bonne","bonne",0.76,12410.5,1260.6,0,2519347.6,0,1703659.9,0,31547.2,321.9,25083.6,5037,0,419.2,1007.4,13716.2,140,10905.9,2190,0,182.3,438,1044.7,10.6,861.6,142.3,0,12.6,28,"Électricité",13716.2,10905.9,2190,2253,1791,360,1044.5,861.6,142.3,,,,,,,,,,,,,,,,,,,,,2253,1791,360,0,30,72,"Électricité","Convecteur électrique NFC, NF** et NF***","installation individuelle","Convecteur électrique NFC, NF** et NF***","Installation de chauffage simple","Chauffage sans solaire",10905.9,98,,,"Convecteur électrique NFC, NF** et NF***","Électricité","chauffage","Convecteur électrique NFC",10905.9,,,,,,,,,,,,,,,,,,,,,,,,"Électricité","Ballon électrique à accumulation vertical Autres ou inconnue",,,"installation individuelle","Un seul système d'ECS sans solaire","Chauffe-eau vertical",2190,1,98,"Non affecté",,,,"Ballon électrique à accumulation vertical Autres ou inconnue","Électricité","ecs","Chauffe-eau vertical",200,,2190,,,,,,,,,,,,0,,,,,,,,,,,,0,
"2371E1463327Q","2024-12-12","2023-05-01","2023-05-02","2023-05-03","2033-05-01",,,"Y2BYFZ7M9KC8","Reprise RNB",,,"DPE 3CL 2021 méthode logement",2.2,"dpe appartement individuel","C","C","appartement",,"avant 1948","individuel","individuel",2.5,1,,1,,,,71,,"Lourde","inférieur à 400m","H1c","1 Rue Arsène Durantin 71420 Ciry-le-Noble","1","Rue Arsène Durantin","Ciry-le-Noble","71420","71132","71","27","71132_0035_00001",799537.78,6612457.32,0.47,"adresse géocodée ban à l'adresse","1 Rue Arsène Durantin
RDC","CIRY-LE-NOBLE",71420,0,,,"23MARTIN1341",,"bon",1,1,0,1,0,110.3,0,15.6,0,28.2,7.4,11.9,47.3,"très bonne","bonne",,"très bonne",,"insuffisante","bonne",0.41,3470,1267.3,0,1834.2,0,1169.8,0,7934.5,111,4373.6,1918.1,0,303.7,1339.1,7005.9,98,4373.6,1918.1,0,132,582.2,1474.6,20,992.8,435.4,0,9.1,37.3,"Gaz naturel",6291.7,4373.6,1918.1,641,445.6,195.4,1428.2,992.8,435.4,"Électricité",714.3,0,0,207.2,0,0,46.4,0,0,,,,,,,,,,,848.2,445.6,195.4,0,38.3,168.9,"Gaz naturel","Chaudière gaz à condensation 2001-2015","installation individuelle","Radiateur bitube avec robinet thermostatique sur réseau individuel eau chaude basse ou moyenne température(inf 65°C)","Installation de chauffage simple","Chaudière individuelle gaz à condensation installée entre 2001 et 2015 régulée, avec programmateur avec réduit, réseau isolé. Emetteur(s): radiateur bitube avec robinet thermostatique",4373.6,71,,,"Chaudière gaz à condensation 2001-2015","Gaz naturel","chauffage + ecs","Gaz Naturel - Chaudière gaz à condensation installée entre 2001 et 2015",4373.6,,,,,,,,,,,,,,,,,,,,,,,,"Gaz naturel","Chaudière gaz à condensation 2001-2015",,,"installation individuelle","Un seul système d'ECS sans solaire","Combiné au système de chauffage",1918.1,1,71,"Non affecté",,,,"Chaudière gaz à condensation 2001-2015","Gaz naturel","chauffage + ecs","Gaz Naturel - Chaudière gaz à condensation installée entre 2001 et 2015",0,,1918.1,,,,,,,,,,,,0,,,,,,,,,,,,0,
"2371E0524994X","2024-12-30","2023-02-16","2023-02-16","2023-02-17","2033-02-15","2371E0524991U",,"VS9DHA8THV2N","Reprise RNB",,,"DPE 3CL 2021 méthode logement",2.2,"dpe maison individuelle","E","B","maison",,"1978-1982",,,2.5,,,1,,,,89,,"Légère","inférieur à 400m","H1c","4 Chemin dâ€ Azy 71420 Ciry-le-Noble","4","Chemin dâ€ Azy","Ciry-le-Noble","71420","71132","71","27","71132_0042_00004",799922.98,6612166.67,0.48,"adresse géocodée ban à l'adresse","4 Chemin d'Azy","CIRY-LE-NOBLE",71420,0,,,"23RODRIGUEZ23540",,"moyen",1,1,0,0,1,233.3,3.2,72.3,13.1,30.8,10.8,17.9,85.3,"bonne","insuffisante",,"bonne",,"insuffisante","bonne",0.5,9353.5,1217.2,0,2329.4,0,2525.7,0,22708.8,255,16303.9,4714.6,0,380.7,1309.6,11811.7,132,9027,2049.8,0,165.5,569.4,726.2,8,545.1,133.2,0,11.4,36.4,"Électricité",8382.4,5597.7,2049.8,1413,943.6,345.5,623.3,442.2,133.2,"Bois – Bûches",3429.3,3429.3,0,109.8,109.8,0,102.9,102.9,0,,,,,,,,,,,1522.7,1053.3,345.5,0,27.9,96,"Électricité","radiateur électrique NFC, NF** et NF***","installation individuelle","radiateur électrique NFC, NF** et NF***","Installation de chauffage avec insert ou poêle bois en appoint","Radiateur électrique NFC, NF** et NF*** avec en appoint un insert installé à partir de 2018 avec label flamme verte avec programmateur pièce par pièce (système individuel)",9027,89,,,"radiateur électrique NFC, NF** et NF***","Électricité","chauffage","Electrique - Radiateur électrique NFC, NF** et NF***",5597.7,"insert installé installé à partir de 2018 avec label flamme verte","Bois – Bûches","chauffage","Bois - Insert installé à partir de 2018 avec label flamme verte",3429.3,,,,,,,,,,,,,,,,,,,"Électricité","Ballon électrique à accumulation vertical Autres ou inconnue",,,"installation individuelle","Un seul système d'ECS sans solaire","Ballon électrique à accumulation vertical (autres catégorie ou inconnue), contenance ballon 200 L",2049.8,1,89,"Non affecté",,,,"Ballon électrique à accumulation vertical Autres ou inconnue","Électricité","ecs","Electrique - Ballon électrique à accumulation vertical (autres catégorie ou inconnue)",200,,2049.8,,,,,,,,,,,,0,,,,,,,"chauffage au bois",,,,,0,
"2371E0852719S","2024-12-12","2023-03-14","2023-03-14","2023-03-15","2033-03-13",,,"WXKHK7P9638A","Reprise RNB",,,"DPE 3CL 2021 méthode logement",2.2,"dpe maison individuelle","G","C","maison",1900,"avant 1948",,,2.7,,,2,,,,64,,"Lourde","inférieur à 400m","H1c","5a Rue Gaspard Buisson 71420 Ciry-le-Noble","5a","Rue Gaspard Buisson","Ciry-le-Noble","71420","71132","71","27","71132_0370_00005_a",797784.83,6614683.59,0.86,"adresse géocodée ban à l'adresse","Gaspard Buisson - Rozelay","CIRY-LE-NOBLE",71420,,,,,,"bon",0,0,0,1,0,330.3,19.1,141.6,33.7,18.4,12.4,27.9,77.1,"insuffisante","insuffisante",,"insuffisante",,"moyenne","insuffisante",1.63,14870.5,1053.2,0,1607143.7,0,1590620.1,0,32173,502.7,28071.9,3827.3,0,273.8,0,13988.2,218.6,12205.2,1664.1,0,119,0,1080.3,16.8,964.2,108.2,0,8.2,0,"Électricité",13988.2,12205.2,1664.1,2296,2003,273,1080.6,964.2,108.2,,,,,,,,,,,,,,,,,,,,,2296,2003,273,0,20,0,"Électricité","radiateur électrique NFC, NF** et NF***","installation individuelle","radiateur électrique NFC, NF** et NF***","Installation de chauffage simple","Chauffage sans solaire",12205.2,64,,,"radiateur électrique NFC, NF** et NF***","Électricité","chauffage","Radiateur électrique NF***",12205.2,,,,,,,,,,,,,,,,,,,,,,,,"Électricité","Ballon électrique à accumulation vertical Catégorie B ou 2 étoiles",,,"installation individuelle","Un seul système d'ECS sans solaire","Chauffe-eau vertical",1664.1,1,64,"Non affecté",,,,"Ballon électrique à accumulation vertical Catégorie B ou 2 étoiles","Électricité","ecs","Chauffe-eau vertical",150,,1664.1,,,,,,,,,,,,0,,,,,,,,,,,,0,
"2371E0033726Z","2024-12-30","2023-01-04","2023-01-04","2023-01-05","2033-01-03",,,"8ZX9MM34R9CP","Reprise RNB",,,"DPE 3CL 2021 méthode logement",2.2,"dpe maison individuelle","D","D","maison",1997,"1989-2000",,,2.5,,,1,,,,81,,"Moyenne","inférieur à 400m","H1c","14c Rue André Bouillot 71420 Ciry-le-Noble","14c","Rue André Bouillot","Ciry-le-Noble","71420","71132","71","27","71132_0020_00014_c",799390.96,6612508,0.51,"adresse géocodée ban à l'adresse","14c Rue André Bouillot","CIRY-LE-NOBLE",71420,0,,,"23/IMO/0002",,"moyen",1,1,0,0,1,203,20.2,43,20.3,8.1,6,32.4,73,"bonne","moyenne","moyenne",,,"moyenne","moyenne",0.49,7861.3,1178.6,0,2160.6,0,2005,0,17506.3,216,11113.8,4932.3,0,346.5,1113.7,16681,205,11113.8,4932.3,0,150.6,484.2,3683.9,45,2522.8,1119.6,0,10.4,31,"Gaz naturel",16046.2,11113.8,4932.3,1278.3,885.4,392.9,3642.5,2522.8,1119.6,"Électricité",634.9,0,0,184.2,0,0,41.4,0,0,,,,,,,,,,,1462.4,885.4,392.9,0,43.7,140.5,"Gaz naturel","Chaudière gaz standard 1991-2000","installation individuelle","Radiateur bitube avec robinet thermostatique sur réseau individuel eau chaude haute température(sup ou egal 65°C)","Installation de chauffage simple","Chaudière individuelle gaz standard installée entre 1991 et 2000 avec programmateur sans réduit. Emetteur(s): radiateur bitube avec robinet thermostatique",11113.8,81,,,"Chaudière gaz standard 1991-2000","Gaz naturel","chauffage","Gaz Naturel - Chaudière gaz standard installée entre 1991 et 2000",11113.8,,,,,,,,,,,,,,,,,,,,,,,,"Gaz naturel","Accumulateur gaz à condensation 1996-2000",,,"installation individuelle","Un seul système d'ECS sans solaire","Accumulateur gaz à condensation installé entre 1996 et 2000, contenance ballon 150 L",4932.3,1,81,"Non affecté",,,,"Accumulateur gaz à condensation 1996-2000","Gaz naturel","ecs","Gaz Naturel - Accumulateur gaz à condensation installé entre 1996 et 2000",150,,4932.3,,,,,,,,,,,,0,,,,,,,,,,,,0,
"2371E2211483W","2024-12-30","2023-07-06","2023-06-29","2023-06-30","2033-06-28",,,"288TEBVMSAHP","Reprise RNB",,,"DPE 3CL 2021 méthode logement",2.2,"dpe maison individuelle","D","D","maison",,"1978-1982",,,2.5,,,1,,,,90,,"Moyenne","inférieur à 400m","H1c","6 rue frédéric et irène joliot-curie 71420 Ciry-le-Noble","6","rue frédéric et irène joliot-curie","Ciry-le-Noble","71420","71132","71","27","71132_0345_00006",798929.87,6613014.14,0.45,"adresse géocodée ban à l'adresse","6 rue joliot-curie","CIRY-LE-NOBLE",71420,0,,,"23ROUGET413",,"moyen",1,1,0,0,1,276.3,28.4,86.1,17.2,35.4,4,23.8,81.4,"moyenne","insuffisante",,"moyenne",,"insuffisante","bonne",0.7,11976.6,1222,0,2350.5,0,2084.7,0,19533.9,217,15350.1,1928.9,0,385,1870,18259.4,202,15350.1,1928.9,0,167.4,813.1,3985.9,44,3484.5,437.9,0,11.5,52,"Gaz naturel",17279,15350.1,1928.9,1358.8,1207.1,151.7,3922.3,3484.5,437.9,"Électricité",980.4,0,0,284.4,0,0,63.6,0,0,,,,,,,,,,,1643.2,1207.1,151.7,0,48.6,235.8,"Gaz naturel","Chaudière gaz basse température 2001-2015","installation individuelle","Radiateur bitube avec robinet thermostatique sur réseau individuel eau chaude basse ou moyenne température(inf 65°C)","Installation de chauffage simple","Chaudière individuelle gaz basse température installée entre 2001 et 2015. Emetteur(s): radiateur bitube avec robinet thermostatique",15350.1,90,,,"Chaudière gaz basse température 2001-2015","Gaz naturel","chauffage + ecs","Gaz Naturel - Chaudière gaz basse température installée entre 2001 et 2015",15350.1,,,,,,,,,,,,,,,,,,,,,,,,"Gaz naturel","Chaudière gaz basse température 2001-2015",,,"installation individuelle","Un seul système d'ECS sans solaire","Combiné au système de chauffage",1928.9,1,90,"Non affecté",,,,"Chaudière gaz basse température 2001-2015","Gaz naturel","chauffage + ecs","Gaz Naturel - Chaudière gaz basse température installée entre 2001 et 2015",0,,1928.9,,,,,,,,,,,,0,,,,,,,,,,,,0,
"2371E1110040R","2024-12-30","2023-01-16","2023-04-02","2023-04-03","2033-04-01",,,"1DCRQHGB83QB","Reprise RNB",,,"DPE 3CL 2021 méthode logement",2.2,"dpe maison individuelle","E","B","maison",1987,"1983-1988",,,2.5,,,2,,,,98,,"Moyenne","inférieur à 400m","H1c","4 impasse des petits vins 71420 Ciry-le-Noble","4","impasse des petits vins","Ciry-le-Noble","71420","71132","71","27","71132_91iqw4_00004",799340.58,6612857.6,0.61,"adresse non géocodée ban car aucune correspondance trouvée","Résidence des Petits Vins","CIRY-LE-NOBLE",71420,,,,,,"bon",0,1,0,0,1,285.1,45,104.3,7.2,14.5,11.8,18.1,84.1,"moyenne","insuffisante",,"très bonne",,"bonne","bonne",0.76,12409.3,1260.6,0,2519347.6,0,1704630.5,0,31544.7,321.8,25081.1,5037,0,419.2,1007.4,13715.1,139.9,10904.8,2190,0,182.3,438,1044.7,10.6,861.5,142.3,0,12.6,28,"Électricité",13715.1,10904.8,2190,2253,1791,360,1044.4,861.5,142.3,,,,,,,,,,,,,,,,,,,,,2253,1791,360,0,30,72,"Électricité","Convecteur électrique NFC, NF** et NF***","installation individuelle","Convecteur électrique NFC, NF** et NF***","Installation de chauffage simple","Chauffage sans solaire",10904.8,98,,,"Convecteur électrique NFC, NF** et NF***","Électricité","chauffage","Convecteur électrique NFC",10904.8,,,,,,,,,,,,,,,,,,,,,,,,"Électricité","Ballon électrique à accumulation vertical Autres ou inconnue",,,"installation individuelle","Un seul système d'ECS sans solaire","Chauffe-eau vertical",2190,1,98,"Non affecté",,,,"Ballon électrique à accumulation vertical Autres ou inconnue","Électricité","ecs","Chauffe-eau vertical",200,,2190,,,,,,,,,,,,0,,,,,,,,,,,,0,
"2371E0421661O","2024-12-12","2023-02-07","2023-02-07","2023-02-08","2033-02-06",,,"PFEJG5VQJA69","Reprise RNB",,,"DPE 3CL 2021 méthode logement",2.2,"dpe maison individuelle","D","D","maison",,"avant 1948",,,2.5,,,3,,,,104,,"Très lourde","inférieur à 400m","H1c","1 Rue Champlong 71420 Ciry-le-Noble","1","Rue Champlong","Ciry-le-Noble","71420","71132","71","27","71132_k74x4b_00001",797820.18,6614489.78,0.51,"adresse géocodée ban à l'adresse","10.1 RUE DU CHAMP LONG","CIRY-LE-NOBLE",71420,0,,,"3140",,"bon",1,1,0,1,1,328.2,65.8,72.4,6.5,20.6,6.3,44.4,112.2,"moyenne","bonne","bonne",,,"insuffisante","moyenne",0.66,13043.1,1289.5,0,2646,0,4625.1,0,17964.8,172,15179.7,1901.6,0,444.9,438.6,17465.5,167,15179.7,1901.6,0,193.4,190.7,3903,37,3445.8,431.7,0,13.3,12.2,"Gaz naturel",17081.4,15179.7,1901.6,1345.9,1196.1,149.8,3877.5,3445.8,431.7,"Électricité",384.1,0,0,111.4,0,0,25.6,0,0,,,,,,,,,,,1457.3,1196.1,149.8,0,56.1,55.3,"Gaz naturel","Chaudière gaz à condensation après 2015","installation individuelle","Plancher chauffant sur réseau individuel eau chaude haute température(sup ou egal 65°C)","Installation de chauffage simple","Chaudière individuelle gaz à condensation installée à partir de 2016",15179.7,104,,,"Chaudière gaz à condensation après 2015","Gaz naturel","chauffage + ecs","Gaz Naturel - Chaudière gaz à condensation installée à partir de 2016",15179.7,,,,,,,,,,,,,,,,,,,,,,,,"Gaz naturel","Chaudière gaz à condensation après 2015",,,"installation individuelle","Un seul système d'ECS sans solaire","Combiné au système de chauffage",1901.6,1,104,"Non affecté",,,,"Chaudière gaz à condensation après 2015","Gaz naturel","chauffage + ecs","Gaz Naturel - Chaudière gaz à condensation installée à partir de 2016",0,,1901.6,,,,,,,,,,,,0,,,,,,,,,,,,0,
"2371E0913799Y","2024-12-30","2023-03-14","2023-03-19","2023-03-20","2033-03-18",,,"7K55A1CFPTJ1","Reprise RNB",,,"DPE 3CL 2021 méthode logement",2.2,"dpe appartement individuel","E","E","appartement",1967,"1948-1974","collectif","individuel",2.5,14,,1,,,777,63,,"Lourde","inférieur à 400m","H1c","2 Rue du 8 Mai 1945 71420 Ciry-le-Noble","2","Rue du 8 Mai 1945","Ciry-le-Noble","71420","71132","71","27","71132_0400_00002",799394.5,6612772.08,0.51,"adresse non géocodée ban car aucune correspondance trouvée","- RUE DU 8 MAI 1945","CIRY LE NOBLE",71420,0,,"LES MURGERS - BATIMENT B - Logt 2",,,"insuffisant",1,1,0,1,0,317,66.5,132.6,0,27,11.5,31,48.4,"insuffisante","insuffisante",,,,"bonne","moyenne",1.96,14488,1213.3,0,1850396.6,0,2030540.7,0,20312.7,322.4,15529.1,4001.1,0,269.5,513,17608.9,279.5,15529.1,1739.6,0,117.2,223.1,3660.3,58.1,3525.1,113.1,0,8.1,14.3,"Gaz naturel",15529.1,15529.1,0,1222,1222,0,3525.1,3525.1,0,"Électricité",2079.8,0,1739.6,441,0,369,135.4,0,113.1,,,,,,,,,,,1663,1222,369,0,25,47,"Gaz naturel","Chaudière(s) gaz multi bâtiment modélisée comme un réseau de chaleur","installation collective multi-bâtiment : modélisée comme un réseau de chaleur","Radiateur bitube avec robinet thermostatique sur réseau collectif eau chaude basse ou moyenne température(inf 65°C)","Installation de chauffage simple","Chauffage sans solaire",15529.1,63,,,"Chaudière(s) gaz multi bâtiment modélisée comme un réseau de chaleur","Gaz naturel","chauffage","Installation collective unique multi bâtiment",15529.1,,,,,,,,,,,,,,,,,,,,,,,,"Électricité","Ballon électrique à accumulation vertical Catégorie B ou 2 étoiles",,,"installation individuelle","Un seul système d'ECS sans solaire","Chauffe-eau vertical",1739.6,1,63,"Non affecté",,,,"Ballon électrique à accumulation vertical Catégorie B ou 2 étoiles","Électricité","ecs","Chauffe-eau vertical",100,,1739.6,,,,,,,,,,,,0,,,,,,,,,,,,0,
"2371E0320748H","2024-12-30","2023-01-16","2023-01-31","2023-02-01","2033-01-30",,,"PFEJG5VQJA69","Reprise RNB",,,"DPE 3CL 2021 méthode logement",2.2,"dpe maison individuelle","D","D","maison",1913,"avant 1948",,,2.5,,,3,,,,112,,"Légère","inférieur à 400m","H1c","1 Rue Champlong 71420 Ciry-le-Noble","1","Rue Champlong","Ciry-le-Noble","71420","71132","71","27","71132_k74x4b_00001",797820.18,6614489.78,0.51,"adresse géocodée ban à l'adresse","8.1 RUE CHAMP-LONG","CIRY LE NOBLE",71420,0,,,"MA2204057943","Bat. N/A; Etage N/A; Porte N/A","insuffisant",0,1,0,0,1,385.5,58.3,168.5,8.1,15.9,8,22.1,104.5,"insuffisante","insuffisante","bonne",,,"insuffisante","bonne",1.56,18083.3,1328.1,0,2814.8,0,1825.7,0,25410.7,226,20917.3,2007.8,0,479.1,2006.6,24005.8,214,20917.3,2007.8,0,208.3,872.4,5274.2,47,4748.2,455.8,0,14.4,55.8,"Gaz naturel",22925.1,20917.3,2007.8,1727.7,1576.4,151.3,5204,4748.2,455.8,"Électricité",1080.7,0,0,301,0,0,70.2,0,0,,,,,,,,,,,2028.7,1576.4,151.3,0,58,243,"Gaz naturel","Chaudière gaz à condensation 2001-2015","installation individuelle","Radiateur bitube avec robinet thermostatique sur réseau individuel eau chaude basse ou moyenne température(inf 65°C)","Installation de chauffage simple","Chaudière individuelle gaz à condensation installée entre 2001 et 2015 réseau isolé. Emetteur(s): radiateur bitube avec robinet thermostatique",20917.3,112,,,"Chaudière gaz à condensation 2001-2015","Gaz naturel","chauffage + ecs","Gaz Naturel - Chaudière gaz à condensation installée entre 2001 et 2015",20917.3,,,,,,,,,,,,,,,,,,,,,,,,"Gaz naturel","Chaudière gaz à condensation 2001-2015",,,"installation individuelle","Un seul système d'ECS sans solaire","Combiné au système de chauffage",2007.8,1,112,"Non affecté",,,,"Chaudière gaz à condensation 2001-2015","Gaz naturel","chauffage + ecs","Gaz Naturel - Chaudière gaz à condensation installée entre 2001 et 2015",0,,2007.8,,,,,,,,,,,,0,,,,,,,,,,,,0,
"2371E1110197S","2024-12-30","2023-01-16","2023-04-02","2023-04-03","2033-04-01",,,"3CXSFZ95DFMM","Reprise RNB",,,"DPE 3CL 2021 méthode logement",2.2,"dpe maison individuelle","E","B","maison",1987,"1983-1988",,,2.5,,,2,,,,83,,"Moyenne","inférieur à 400m","H1c","6 impasse des petits vins 71420 Ciry-le-Noble","6","impasse des petits vins","Ciry-le-Noble","71420","71132","71","27","71132_91iqw4_00006",799334.81,6612845.74,0.61,"adresse non géocodée ban car aucune correspondance trouvée","Résidence des Petits Vins","CIRY-LE-NOBLE",71420,,,,,,"moyen",1,1,0,0,1,229.2,31.4,82.9,6.5,15.3,11.8,12.1,69.1,"moyenne","insuffisante",,"très bonne",,"bonne","bonne",0.7,9779.5,1188.2,0,2202812.2,0,1447289.4,0,25524.8,307.5,19881.5,4280.9,0,355,1007.4,11097.7,133.7,8644.1,1861.3,0,154.4,438,842.5,10.1,682.9,121,0,10.7,28,"Électricité",11097.7,8644.1,1861.3,1841,1433,309,842.6,682.9,121,,,,,,,,,,,,,,,,,,,,,1841,1433,309,0,26,73,"Électricité","Convecteur électrique NFC, NF** et NF***","installation individuelle","Convecteur électrique NFC, NF** et NF***","Installation de chauffage simple","Chauffage sans solaire",8644.1,83,,,"Convecteur électrique NFC, NF** et NF***","Électricité","chauffage","Convecteur électrique NFC",8644.1,,,,,,,,,,,,,,,,,,,,,,,,"Électricité","Ballon électrique à accumulation vertical Catégorie C ou 3 étoiles",,,"installation individuelle","Un seul système d'ECS sans solaire","Chauffe-eau vertical",1861.3,1,83,"Non affecté",,,,"Ballon électrique à accumulation vertical Catégorie C ou 3 étoiles","Électricité","ecs","Chauffe-eau vertical",200,,1861.3,,,,,,,,,,,,0,,,,,,,,,,,,0,
"2371E1110195Q","2024-12-30","2023-01-16","2023-04-02","2023-04-03","2033-04-01",,,"EBQ28N6P7X44","Reprise RNB",,,"DPE 3CL 2021 méthode logement",2.2,"dpe maison individuelle","E","B","maison",1987,"1983-1988",,,2.5,,,2,,,,82,,"Moyenne","inférieur à 400m","H1c","2 impasse des petits vins 71420 Ciry-le-Noble","2","impasse des petits vins","Ciry-le-Noble","71420","71132","71","27","71132_91iqw4_00002",799360.57,6612866.49,0.61,"adresse non géocodée ban car aucune correspondance trouvée","Résidence des Petits Vins","CIRY-LE-NOBLE",71420,,,,,,"moyen",1,1,0,0,1,209.3,28.3,75.1,5.5,12.8,11.8,12.1,63.7,"moyenne","insuffisante",,"très bonne",,"bonne","bonne",0.72,8775.1,1183.4,0,2181709.8,0,1274518.3,0,24179.2,294.8,17988.1,4832.9,0,350.8,1007.4,10512.7,128.2,7820.9,2101.3,0,152.5,438,792.9,9.6,617.9,136.6,0,10.5,28,"Électricité",10512.7,7820.9,2101.3,1748,1301,349,793,617.9,136.6,,,,,,,,,,,,,,,,,,,,,1748,1301,349,0,25,73,"Électricité","Convecteur électrique NFC, NF** et NF***","installation individuelle","Convecteur électrique NFC, NF** et NF***","Installation de chauffage simple","Chauffage sans solaire",7820.9,82,,,"Convecteur électrique NFC, NF** et NF***","Électricité","chauffage","Convecteur électrique NFC",7820.9,,,,,,,,,,,,,,,,,,,,,,,,"Électricité","Ballon électrique à accumulation vertical Autres ou inconnue",,,"installation individuelle","Un seul système d'ECS sans solaire","Chauffe-eau vertical",2101.3,1,82,"Non affecté",,,,"Ballon électrique à accumulation vertical Autres ou inconnue","Électricité","ecs","Chauffe-eau vertical",200,,2101.3,,,,,,,,,,,,0,,,,,,,,,,,,0,
"2371E0320036X","2024-12-30","2023-01-16","2023-01-31","2023-02-01","2033-01-30",,,"PFEJG5VQJA69","Reprise RNB",,,"DPE 3CL 2021 méthode logement",2.2,"dpe maison individuelle","E","E","maison",1913,"avant 1948",,,2.5,,,3,,,,107,,"Légère","inférieur à 400m","H1c","1 Rue Champlong 71420 Ciry-le-Noble","1","Rue Champlong","Ciry-le-Noble","71420","71132","71","27","71132_k74x4b_00001",797820.18,6614489.78,0.51,"adresse géocodée ban à l'adresse","5.1 RUE CHAMP-LONG","CIRY LE NOBLE",71420,0,,,"MA2204057947","Bat. N/A; Etage N/A; Porte N/A","moyen",1,1,0,0,1,306.7,51.9,117.1,12.3,14.9,8,14.6,87.9,"insuffisante","insuffisante",,"insuffisante",,"insuffisante","bonne",1.52,14190.6,1304,0,2709.3,0,1204.2,0,21835.8,204,17452.2,2027.3,0,457.7,1898.5,20504,191,17452.2,2027.3,0,199,825.4,6377.9,59,5654.5,656.9,0,13.7,52.8,"Fioul domestique",19479.5,17452.2,2027.3,1780.8,1595.5,185.3,6311.4,5654.5,656.9,"Électricité",1024.4,0,0,293.1,0,0,66.6,0,0,,,,,,,,,,,2073.9,1595.5,185.3,0,56.9,236.2,"Fioul domestique","Chaudière fioul basse température 1991-2015","installation individuelle","Radiateur bitube avec robinet thermostatique sur réseau individuel eau chaude basse ou moyenne température(inf 65°C)","Installation de chauffage simple","Chaudière individuelle fioul basse température installée entre 1991 et 2015 réseau isolé. Emetteur(s): radiateur bitube avec robinet thermostatique",17452.2,107,,,"Chaudière fioul basse température 1991-2015","Fioul domestique","chauffage + ecs","Fioul - Chaudière fioul basse température installée entre 1991 et 2015",17452.2,,,,,,,,,,,,,,,,,,,,,,,,"Fioul domestique","Chaudière fioul basse température 1991-2015",,,"installation individuelle","Un seul système d'ECS sans solaire","Combiné au système de chauffage",2027.3,1,107,"Non affecté",,,,"Chaudière fioul basse température 1991-2015","Fioul domestique","chauffage + ecs","Fioul - Chaudière fioul basse température installée entre 1991 et 2015",0,,2027.3,,,,,,,,,,,,0,,,,,,,,,,,,0,
"2371E3567050B","2024-12-30","2023-10-22","2023-10-22","2023-10-23","2033-10-21",,,"6YVPTSTS3X6Y","Reprise RNB",,,"DPE 3CL 2021 méthode logement",2.3,"dpe maison individuelle","C","C","maison",2004,"2001-2005",,,2.5,,,1,,,,97,,"Légère","inférieur à 400m","H1c","48c Rue Henri Mugnier 71420 Ciry-le-Noble","48c","Rue Henri Mugnier","Ciry-le-Noble","71420","71132","71","27","71132_0500_00048_c",799176.96,6614049.17,0.59,"adresse géocodée ban à l'adresse","48 C Rue Henri Mugnier","CIRY-LE-NOBLE",71420,0,,,"23BUBRION160",,"insuffisant",0,1,0,0,1,165.5,2.5,24.8,2.4,23.8,6.3,23,82.8,"très bonne","bonne",,"très bonne",,"bonne","bonne",0.28,6197,1255.7,0,2498.2,0,2174.5,0,10770.2,111,7023.1,1923.6,0,414.9,1408.6,9739.5,100,7023.1,1923.6,0,180.4,612.4,2082.5,21,1594.3,436.7,0,12.4,39.2,"Gaz naturel",8946.7,7023.1,1923.6,814.5,639.4,175.1,2030.9,1594.3,436.7,"Électricité",792.8,0,0,230,0,0,51.6,0,0,,,,,,,,,,,1044.5,639.4,175.1,0,52.3,177.6,"Gaz naturel","Chaudière gaz à condensation 2001-2015","installation individuelle","Plancher chauffant sur réseau individuel eau chaude basse ou moyenne température(inf 65°C)","Installation de chauffage simple","Chaudière individuelle gaz à condensation installée entre 2001 et 2015 régulée, avec programmateur avec réduit, réseau isolé",7023.1,97,,,"Chaudière gaz à condensation 2001-2015","Gaz naturel","chauffage + ecs","Gaz Naturel - Chaudière gaz à condensation installée entre 2001 et 2015",7023.1,,,,,,,,,,,,,,,,,,,,,,,,"Gaz naturel","Chaudière gaz à condensation 2001-2015",,,"installation individuelle","Un seul système d'ECS sans solaire","Combiné au système de chauffage",1923.6,1,97,"Non affecté",,,,"Chaudière gaz à condensation 2001-2015","Gaz naturel","chauffage + ecs","Gaz Naturel - Chaudière gaz à condensation installée entre 2001 et 2015",0,,1923.6,,,,,,,,,,,,0,,,,,,,,,,,,0,
"2371E2810962T","2024-12-30","2023-08-23","2023-08-23","2023-08-24","2033-08-22",,,"9NT1ZA3Q3A5F","Reprise RNB",,,"DPE 3CL 2021 méthode logement",2.3,"dpe maison individuelle","D","B","maison",,"1983-1988",,,2.5,,,1,,,,88,,"Légère","inférieur à 400m","H1c","28 Rue Henri Mugnier 71420 Ciry-le-Noble","28","Rue Henri Mugnier","Ciry-le-Noble","71420","71132","71","27","71132_0500_00028",799187.3,6613745.56,0.59,"adresse géocodée ban à l'adresse","28 Rue Henri Mugnier","CIRY-LE-NOBLE",71420,0,,,"23PIETA36700",,"insuffisant",0,1,0,0,1,276.6,28.3,67,23.8,32.4,8.3,35.5,81.6,"moyenne","insuffisante",,"insuffisante",,"insuffisante","moyenne",0.71,12151.4,1212.3,0,2308.3,0,2046.9,0,16745.8,190,11255.2,4628.6,0,376.4,485.6,7280.8,82,4893.6,2012.4,0,163.7,211.2,542.2,6,386.6,130.8,0,11.3,13.5,"Électricité",7280.8,4893.6,2012.4,1239.6,833.2,342.6,542.2,386.6,130.8,,,,,,,,,,,,,,,,,,,,,1239.6,833.2,342.6,0,27.9,36,"Électricité","PAC air/eau installée entre 2008 et 2014","installation individuelle","Radiateur bitube avec robinet thermostatique sur réseau individuel eau chaude basse ou moyenne température(inf 65°C)","Installation de chauffage simple","PAC air/eau installée entre 2008 et 2014 avec programmateur avec réduit, réseau isolé (système individuel). Emetteur(s): radiateur bitube avec robinet thermostatique",4893.6,88,,,"PAC air/eau installée entre 2008 et 2014","Électricité","chauffage","Electrique - PAC air/eau installée entre 2008 et 2014",4893.6,,,,,,,,,,,,,,,,,,,,,,,,"Électricité","Ballon électrique à accumulation vertical Catégorie B ou 2 étoiles",,,"installation individuelle","Un seul système d'ECS sans solaire","Ballon électrique à accumulation vertical (catégorie B ou 2 étoiles), contenance ballon 200 L",2012.4,1,88,"Non affecté",,,,"Ballon électrique à accumulation vertical Catégorie B ou 2 étoiles","Électricité","ecs","Electrique - Ballon électrique à accumulation vertical (catégorie B ou 2 étoiles)",200,,2012.4,,,,,,,,,,,,0,,,,,,,"pompe à chaleur",,,,,0,
"2371E3238254B","2024-12-30","2023-09-27","2023-09-27","2023-09-28","2033-09-26",,,"DV8P1XX7A2YA","Reprise RNB",,,"DPE 3CL 2021 méthode logement",2.3,"dpe maison individuelle","E","E","maison",,"avant 1948",,,2.5,,,1,,,,108,,"Lourde","inférieur à 400m","H1c","12 Rue Charles Labaune 71420 Ciry-le-Noble","12","Rue Charles Labaune","Ciry-le-Noble","71420","71132","71","27","71132_0170_00012",797738.33,6614336.62,0.52,"adresse géocodée ban à l'adresse","12 Rue Charles Labaune","CIRY-LE-NOBLE",71420,0,,,"23HAMON103",,"insuffisant",1,1,0,1,0,563.8,40.6,174.4,162.5,22.1,9,36.2,118.9,"insuffisante","insuffisante","insuffisante",,,"insuffisante","moyenne",1.94,26497.1,1308.8,0,2469.4,0,2127.8,0,29844,276,27060.2,1710.2,0,462,611.7,29237.1,270,27060.2,1710.2,0,200.9,265.9,6561.7,60,6142.7,388.2,0,13.9,17,"Gaz naturel",28770.4,27060.2,1710.2,2109.6,1984.2,125.4,6530.9,6142.7,388.2,"Électricité",466.8,0,0,135.4,0,0,30.9,0,0,,,,,,,,,,,2245,1984.2,125.4,0,58.3,77.1,"Gaz naturel","Chaudière gaz à condensation après 2015","installation individuelle","Radiateur bitube avec robinet thermostatique sur réseau individuel eau chaude haute température(sup ou egal 65°C)","Installation de chauffage simple","Chaudière individuelle gaz à condensation installée à partir de 2016 avec programmateur sans réduit, réseau isolé. Emetteur(s): radiateur bitube avec robinet thermostatique",27060.2,108,,,"Chaudière gaz à condensation après 2015","Gaz naturel","chauffage + ecs","Gaz Naturel - Chaudière gaz à condensation installée à partir de 2016",27060.2,,,,,,,,,,,,,,,,,,,,,,,,"Gaz naturel","Chaudière gaz à condensation après 2015",,,"installation individuelle","Un seul système d'ECS sans solaire","Combiné au système de chauffage",1710.2,1,108,"Non affecté",,,,"Chaudière gaz à condensation après 2015","Gaz naturel","chauffage + ecs","Gaz Naturel - Chaudière gaz à condensation installée à partir de 2016",0,,1710.2,,,,,,,,,,,,0,,,,,,,,,,,,0,
"2371E2432499M","2024-12-12","2023-07-18","2023-07-18","2023-07-19","2033-07-17",,,"SCSY9YTC8QVB","Reprise RNB",,,"DPE 3CL 2021 méthode logement",2.3,"dpe maison individuelle","D","B","maison",,"avant 1948",,,2.8,,,1,,,,160,,"Légère","inférieur à 400m","H1c","9 Rue Docteur Leclerc 71420 Ciry-le-Noble","9","Rue Docteur Leclerc","Ciry-le-Noble","71420","71132","71","27","71132_0245_00009",799601.47,6613242.44,0.5,"adresse géocodée ban à l'adresse","9 RUE DU DOCTEUR LECLERC","CIRY LE NOBLE",71420,0,,,"2023/LDJ/0342",,"moyen",1,1,0,0,1,343.2,25,53.4,32,41.5,21.4,39.1,130.8,"très bonne","bonne","bonne",,,"insuffisante","bonne",0.44,14102.5,1559.6,0,3827.7,0,3302,0,33755.8,210,26111.8,5952.2,0,684.4,1007.4,18146.1,113,14822.6,2587.9,0,297.6,438,1087,6,870.2,168.2,0,20.5,28,"Électricité",12007.5,8684,2587.9,1983.4,1434.4,427.5,902.8,686,168.2,"Bois – Bûches",6138.6,6138.6,0,196.5,196.5,0,184.2,184.2,0,,,,,,,,,,,2179.9,1630.9,427.5,0,49.2,72.3,"Électricité","Radiateur électrique à accumulation","installation individuelle","Poêle bois","Installation de chauffage avec insert ou poêle bois en appoint","Radiateur électrique à inertie (modélisé comme un radiateur NFC, NF** et NF***) avec en appoint un poêle à bois (bûche) installé à partir de 2005 sans label flamme verte avec programmateur pièce par pièce (système individuel)",14822.6,160,,,"Radiateur électrique à accumulation","Électricité","chauffage","Electrique - Radiateur électrique à accumulation",8684,"Poêle bûche installé à partir de 2005 sans label flamme verte","Bois – Bûches","chauffage","Bois - Poêle à bois (bûche) installé à partir de 2005 sans label flamme verte",6138.6,,,,,,,,,,,,,,,,,,,"Électricité","Ballon électrique à accumulation vertical Catégorie B ou 2 étoiles",,,"installation individuelle","Un seul système d'ECS sans solaire","Ballon électrique à accumulation vertical (catégorie B ou 2 étoiles), contenance ballon 200 L",2587.9,1,160,"Non affecté",,,,"Ballon électrique à accumulation vertical Catégorie B ou 2 étoiles","Électricité","ecs","Electrique - Ballon électrique à accumulation vertical (catégorie B ou 2 étoiles)",200,,2587.9,,,,,,,,,,,,0,,,,,,,"chauffage au bois",,,,,0,
"2371E4326283I","2024-12-30","2023-12-13","2023-12-13","2023-12-14","2033-12-12",,,"ZTZ3MCEHCKWE","Reprise RNB",,,"DPE 3CL 2021 méthode logement",2.3,"dpe maison individuelle","D","D","maison",,"1948-1974",,,2.5,,,1,,,,79,,"Légère","inférieur à 400m","H1c","22 Rue Félix Brelier 71420 Ciry-le-Noble","22","Rue Félix Brelier","Ciry-le-Noble","71420","71132","71","27","71132_0310_00022",799248.2,6612675.15,0.51,"adresse géocodée ban à l'adresse","22 Rue Félix Brelier","CIRY-LE-NOBLE",71420,0,,,"23DESCHAUMES/PAILLARD152",,"moyen",1,1,0,0,1,293.9,33.8,128.7,6.1,32.3,3.8,19,70.3,"insuffisante","insuffisante",,"très bonne",,"insuffisante","très bonne",0.9,13334.6,1168.9,0,2118.4,0,2095.7,0,18207,230,14566.7,1552.1,0,337.9,1750.3,17026.7,215,14566.7,1552.1,0,146.9,761,3717.8,47,3306.6,352.3,0,10.1,48.7,"Gaz naturel",16118.8,14566.7,1552.1,1283,1159.5,123.5,3659,3306.6,352.3,"Électricité",907.9,0,0,263.4,0,0,58.8,0,0,,,,,,,,,,,1546.4,1159.5,123.5,0,42.6,220.7,"Gaz naturel","Chaudière gaz à condensation après 2015","installation individuelle","Plancher chauffant sur réseau individuel eau chaude haute température(sup ou egal 65°C)","Installation de chauffage simple","Chaudière individuelle gaz à condensation installée à partir de 2016 avec programmateur avec réduit",14566.7,79,,,"Chaudière gaz à condensation après 2015","Gaz naturel","chauffage + ecs","Gaz Naturel - Chaudière gaz à condensation installée à partir de 2016",14566.7,,,,,,,,,,,,,,,,,,,,,,,,"Gaz naturel","Chaudière gaz à condensation après 2015",,,"installation individuelle","Un seul système d'ECS sans solaire","Combiné au système de chauffage",1552.1,1,79,"Non affecté",,,,"Chaudière gaz à condensation après 2015","Gaz naturel","chauffage + ecs","Gaz Naturel - Chaudière gaz à condensation installée à partir de 2016",0,,1552.1,,,,,,,,,,,,0,,,,,,,,,,,,0,
"2371E3577839A","2024-12-30","2023-10-22","2023-10-22","2023-10-23","2033-10-21",,,"WSD3FASYMF7Y","Reprise RNB",,,"DPE 3CL 2021 méthode logement",2.3,"dpe maison individuelle","C","C","maison",2011,"2006-2012",,,2.6,,,1,,,,151,,"Légère","inférieur à 400m","H1c","7 Impasse les Hauts de Sacrevains 71420 Ciry-le-Noble","7","Impasse les Hauts de Sacrevains","Ciry-le-Noble","71420","71132","71","27","71132_0388_00007",799177.93,6613066.64,0.45,"adresse géocodée ban à l'adresse","7 IMPASSE LES HAUTS DES SACREVAINS","CIRY-LE-NOBLE",71420,0,,,"3612",,"moyen",1,1,0,0,1,287.5,38.9,41.1,8.6,28.7,2.9,54.9,112.5,"très bonne","très bonne",,"très bonne",,"bonne","moyenne",0.35,10914.5,1516.2,0,3637.8,0,4048.7,0,18673.9,123,12910.6,3379.6,0,645.9,1737.7,17326.6,114,12910.6,3379.6,0,280.8,755.5,3765.6,24,2930.7,767.2,0,19.4,48.4,"Gaz naturel",16290.2,12910.6,3379.6,1294.2,1025.7,268.5,3697.9,2930.7,767.2,"Électricité",1036.4,0,0,294.8,0,0,67.7,0,0,,,,,,,,,,,1589,1025.7,268.5,0,79.9,214.9,"Gaz naturel","Chaudière gaz à condensation 2001-2015","installation individuelle","Plancher chauffant sur réseau individuel eau chaude haute température(sup ou egal 65°C)","Installation de chauffage simple","Chaudière individuelle gaz à condensation installée entre 2001 et 2015 régulée, avec programmateur avec réduit. Emetteur(s): plancher chauffant",12910.6,151,,,"Chaudière gaz à condensation 2001-2015","Gaz naturel","chauffage + ecs","Gaz Naturel - Chaudière gaz à condensation installée entre 2001 et 2015",12910.6,,,,,,,,,,,,,,,,,,,,,,,,"Gaz naturel","Chaudière gaz à condensation 2001-2015",,,"installation individuelle","Un seul système d'ECS sans solaire","Combiné au système de chauffage, contenance ballon 100 L",3379.6,1,151,"Non affecté",,,,"Chaudière gaz à condensation 2001-2015","Gaz naturel","chauffage + ecs","Gaz Naturel - Chaudière gaz à condensation installée entre 2001 et 2015",100,,3379.6,,,,,,,,,,,,0,,,,,,,,,,,,0,
"2371E3819862P","2024-12-30","2023-11-10","2023-11-08","2023-11-09","2033-11-07",,,"92WN1GZ928VK","Reprise RNB",,,"DPE 3CL 2021 méthode logement",2.3,"dpe maison individuelle","D","D","maison",,"1989-2000",,,2.5,,,1,,,,81,,"Moyenne","inférieur à 400m","H1c","11 Rue Jules Ferry 71420 Ciry-le-Noble","11","Rue Jules Ferry","Ciry-le-Noble","71420","71132","71","27","71132_0433_00011",798965.37,6613061.82,0.62,"adresse non géocodée ban car aucune correspondance trouvée","11 LES SACREVAINS - RUE J. FERRY","CIRY LE NOBLE",71420,0,,,"002ER540275","Etage : 0","moyen",1,1,0,0,1,216.5,11.8,40,30.8,40.2,5.7,13.4,74.6,"bonne","moyenne",,,"insuffisante","insuffisante","très bonne",0.55,9097.6,1178.6,0,2160.6,0,1670.7,0,16188.3,199,12192.6,1922.6,0,346.5,1726.6,15016.5,185,12192.6,1922.6,0,150.6,750.7,3262.6,40,2767.7,436.4,0,10.4,48,"Gaz naturel",14115.2,12192.6,1922.6,1152.1,995.2,156.9,3204.1,2767.7,436.4,"Électricité",901.3,0,0,261.5,0,0,58.4,0,0,,,,,,,,,,,1413.6,995.2,156.9,0,43.7,217.8,"Gaz naturel","Chaudière gaz standard 2001-2015","installation individuelle","Radiateur bitube avec robinet thermostatique sur réseau individuel eau chaude haute température(sup ou egal 65°C)","Installation de chauffage simple","Chaudière individuelle gaz standard installée entre 2001 et 2015 régulée, avec programmateur avec réduit. Emetteur(s): radiateur bitube avec robinet thermostatique",12192.6,81,,,"Chaudière gaz standard 2001-2015","Gaz naturel","chauffage + ecs","Gaz Naturel - Chaudière gaz standard installée entre 2001 et 2015",12192.6,,,,,,,,,,,,,,,,,,,,,,,,"Gaz naturel","Chaudière gaz standard 2001-2015",,,"installation individuelle","Un seul système d'ECS sans solaire","Combiné au système de chauffage",1922.6,1,81,"Non affecté",,,,"Chaudière gaz standard 2001-2015","Gaz naturel","chauffage + ecs","Gaz Naturel - Chaudière gaz standard installée entre 2001 et 2015",0,,1922.6,,,,,,,,,,,,0,,,,,,,,,,,,0,
"2371E3779428L","2024-12-12","2023-11-06","2023-11-06","2023-11-07","2033-11-05",,,"6YYEABX6YF7A","Reprise RNB",,,"DPE 3CL 2021 méthode logement",2.3,"dpe maison individuelle","E","B","maison",,"1983-1988",,,2.5,,,1,,,,87,,"Légère","inférieur à 400m","H1c","6 Rue du Colonel Fabien 71420 Ciry-le-Noble","6","Rue du Colonel Fabien","Ciry-le-Noble","71420","71132","71","27","71132_0206_00006",798883.57,6612952.63,0.45,"adresse géocodée ban à l'adresse","6 Rue du Colonel Fabien","CIRY-LE-NOBLE",71420,0,,,"23BILLARD196",,"moyen",1,1,0,0,1,243.8,26.7,56,16,32,6.6,28.5,78,"bonne","insuffisante","bonne",,,"moyenne","moyenne",0.62,10237.4,1207.5,0,2287.2,0,2055.8,0,26903.6,309,20531.1,4690.7,0,372.1,1309.6,11697.2,134,8926.6,2039.5,0,161.8,569.4,885.4,10,705.2,132.6,0,11.2,36.4,"Électricité",11697.2,8926.6,2039.5,1934.6,1476.3,337.3,885.4,705.2,132.6,,,,,,,,,,,,,,,,,,,,,1934.6,1476.3,337.3,0,26.8,94.2,"Électricité","Convecteur électrique NFC, NF** et NF***","installation individuelle","Convecteur électrique NFC, NF** et NF***","Installation de chauffage simple","Convecteur électrique NFC, NF** et NF*** avec programmateur sans réduit (système individuel)",8926.6,87,,,"Convecteur électrique NFC, NF** et NF***","Électricité","chauffage","Electrique - Convecteur électrique NFC, NF** et NF***",8926.6,,,,,,,,,,,,,,,,,,,,,,,,"Électricité","Ballon électrique à accumulation vertical Autres ou inconnue",,,"installation individuelle","Un seul système d'ECS sans solaire","Ballon électrique à accumulation vertical (autres catégorie ou inconnue), contenance ballon 200 L",2039.5,1,87,"Non affecté",,,,"Ballon électrique à accumulation vertical Autres ou inconnue","Électricité","ecs","Electrique - Ballon électrique à accumulation vertical (autres catégorie ou inconnue)",200,,2039.5,,,,,,,,,,,,0,,,,,,,,,,,,0,
"2371E2552613G","2024-12-30","2023-07-24","2023-07-27","2023-07-28","2033-07-26",,,"Q575QRRWKC32","Reprise RNB",,,"DPE 3CL 2021 méthode logement",2.3,"dpe appartement individuel","E","E","appartement",,"1978-1982","collectif","individuel",2.5,1,,1,,,1204,63.8,,"Lourde","inférieur à 400m","H1c","38 Rue Sully 71420 Ciry-le-Noble","38","Rue Sully","Ciry-le-Noble","71420","71132","71","27","71132_0800_00038",797561.29,6614177.26,0.52,"adresse géocodée ban à l'adresse","36/38 rue Sully","CIRY LE NOBLE",71420,0,,,"CZARNECKI0672","Bat D","insuffisant",0,1,0,1,1,189.1,7,32.4,47.9,0,1,39.4,61.4,"insuffisante","insuffisante",,,"insuffisante","très bonne","moyenne",1.11,8234.3,1218.7,0,1868.2,0,754.4,0,18760.2,294,13616.4,4444.6,0,272.9,426.3,15852.8,248,13616.4,1932.4,0,118.7,185.4,3236.6,50,3090.9,125.6,0,8.2,11.9,"Gaz naturel",13616.4,13616.4,0,861.3,861.3,0,3090.9,3090.9,0,"Électricité",2236.4,0,1932.4,472.1,0,412.2,145.7,0,125.6,,,,,,,,,,,1333.4,861.3,412.2,0,25.3,34.6,"Gaz naturel","Chaudière gaz standard 2001-2015","installation collective","Radiateur monotube sans robinet thermostatique sur réseau collectif eau chaude haute température(sup ou egal 65°C)","Installation de chauffage simple","Chaudière collective gaz standard installée entre 2001 et 2015 réseau isolé. Emetteur(s): radiateur monotube sans robinet thermostatique",13616.4,63.8,,,"Chaudière gaz standard 2001-2015","Gaz naturel","chauffage","Gaz Naturel - Chaudière gaz standard installée entre 2001 et 2015",13616.4,,,,,,,,,,,,,,,,,,,,,,,,"Électricité","Ballon électrique à accumulation vertical Catégorie B ou 2 étoiles",,,"installation individuelle","Un seul système d'ECS sans solaire","Ballon électrique à accumulation vertical (catégorie B ou 2 étoiles), contenance ballon 150 L",1932.4,1,63.8,"Non affecté",,,,"Ballon électrique à accumulation vertical Catégorie B ou 2 étoiles","Électricité","ecs","Electrique - Ballon électrique à accumulation vertical (catégorie B ou 2 étoiles)",150,,1932.4,,,,,,,,,,,,0,,,,,,,,,,,,0,
"2371E2562417I","2024-12-30","2023-07-24","2023-07-27","2023-07-28","2033-07-26",,,"Q575QRRWKC32","Reprise RNB",,,"DPE 3CL 2021 méthode logement",2.3,"dpe appartement individuel","E","E","appartement",1968,"1948-1974","collectif","individuel",2.5,1,,1,,,1204,63.8,,"Lourde","inférieur à 400m","H1c","38 Rue Sully 71420 Ciry-le-Noble","38","Rue Sully","Ciry-le-Noble","71420","71132","71","27","71132_0800_00038",797561.29,6614177.26,0.52,"adresse géocodée ban à l'adresse","36/38 rue Sully","CIRY LE NOBLE",71420,0,,,"CZARNECKI0672","Bat D","insuffisant",0,1,0,1,1,194.2,7,32.4,47.9,0,1,39.4,66.5,"insuffisante","insuffisante",,,"insuffisante","très bonne","moyenne",1.11,8521.8,1218.7,0,1868.2,0,754.4,0,19198.2,300,14046.2,4444.6,0,272.9,434.5,16286.2,255,14046.2,1932.4,0,118.7,188.9,3334.4,52,3188.5,125.6,0,8.2,12.1,"Gaz naturel",14046.2,14046.2,0,887.8,887.8,0,3188.5,3188.5,0,"Électricité",2240,0,1932.4,472.6,0,412.2,145.9,0,125.6,,,,,,,,,,,1360.4,887.8,412.2,0,25.3,35.1,"Gaz naturel","Chaudière gaz standard 2001-2015","installation collective","Radiateur monotube sans robinet thermostatique sur réseau collectif eau chaude haute température(sup ou egal 65°C)","Installation de chauffage simple","Chaudière collective gaz standard installée entre 2001 et 2015 réseau isolé. Emetteur(s): radiateur monotube sans robinet thermostatique",14046.2,63.8,,,"Chaudière gaz standard 2001-2015","Gaz naturel","chauffage","Gaz Naturel - Chaudière gaz standard installée entre 2001 et 2015",14046.2,,,,,,,,,,,,,,,,,,,,,,,,"Électricité","Ballon électrique à accumulation vertical Catégorie B ou 2 étoiles",,,"installation individuelle","Un seul système d'ECS sans solaire","Ballon électrique à accumulation vertical (catégorie B ou 2 étoiles), contenance ballon 150 L",1932.4,1,63.8,"Non affecté",,,,"Ballon électrique à accumulation vertical Catégorie B ou 2 étoiles","Électricité","ecs","Electrique - Ballon électrique à accumulation vertical (catégorie B ou 2 étoiles)",150,,1932.4,,,,,,,,,,,,0,,,,,,,,,,,,0,
"2371E3683294Z","2024-12-30","2023-10-29","2023-10-29","2023-10-30","2033-10-28",,,"QWSKYTM8HV6R","Reprise RNB",,,"DPE 3CL 2021 méthode logement",2.3,"dpe maison individuelle","G","C","maison",,"1948-1974",,,2.6,,,1,,,,50,,"Moyenne","inférieur à 400m","H1c","2b rue jean-louis lagrange 71420 Ciry-le-Noble","2b","rue jean-louis lagrange","Ciry-le-Noble","71420","71132","71","27","71132_0450_00002_b",797875.44,6615287.51,0.51,"adresse géocodée ban à l'adresse","2B RUE LAGRANGE","CIRY-LE-NOBLE",71420,0,,,"3626",,"moyen",1,1,0,0,1,256.5,10.7,144.3,5.7,20,4.9,17.7,53.3,"insuffisante","insuffisante",,"très bonne",,"insuffisante","moyenne",1.22,12603.6,884.3,0,1423.5,0,889.4,0,24010.4,480,20160.3,3636.2,0,213.9,0,12678.5,253,11004.5,1581,0,93,0,784.4,15,675.2,102.8,0,6.4,0,"Électricité",8716.8,7042.9,1581,1465.6,1184.1,265.8,665.6,556.4,102.8,"Bois – Granulés (pellets) ou briquettes",3961.6,3961.6,0,237.3,237.3,0,118.8,118.8,0,,,,,,,,,,,1702.9,1421.5,265.8,0,15.6,0,"Électricité","Convecteur électrique NFC, NF** et NF***","installation individuelle","Convecteur électrique NFC, NF** et NF***","Installation de chauffage avec insert ou poêle bois en appoint","Convecteur électrique NFC, NF** et NF*** avec en appoint un poêle à granulés installée avant 2012 ou sans label flamme verte avec programmateur pièce par pièce (système individuel)",11004.5,50,,,"Convecteur électrique NFC, NF** et NF***","Électricité","chauffage","Electrique - Convecteur électrique NFC, NF** et NF***",7042.9,"Poêle à granulés installée avant 2012 ou sans label flamme verte","Bois – Granulés (pellets) ou briquettes","chauffage","Bois - Poêle à granulés installée avant 2012 ou sans label flamme verte",3961.6,,,,,,,,,,,,,,,,,,,"Électricité","Ballon électrique à accumulation vertical Autres ou inconnue",,,"installation individuelle","Un seul système d'ECS sans solaire","Ballon électrique à accumulation vertical (autres catégorie ou inconnue), contenance ballon 100 L",1581,1,50,"Non affecté",,,,"Ballon électrique à accumulation vertical Autres ou inconnue","Électricité","ecs","Electrique - Ballon électrique à accumulation vertical (autres catégorie ou inconnue)",100,,1581,,,,,,,,,,,,0,,,,,,,"chauffage au bois",,,,,0,
"2371E3454197O","2024-12-30","2023-10-12","2023-10-12","2023-10-13","2033-10-11",,,"THP12KJNY7K1","Reprise RNB",,,"DPE 3CL 2021 méthode logement",2.3,"dpe maison individuelle","G","C","maison",1900,"avant 1948",,,2.6,,,1,,,,48,,"Lourde","inférieur à 400m","H1c","10 Rue Philippe Martin 71420 Ciry-le-Noble","10","Rue Philippe Martin","Ciry-le-Noble","71420","71132","71","27","71132_0560_00010",799702.53,6612294.21,0.96,"adresse géocodée ban à l'adresse","10 rue Philippe Martin","CIRY-LE-NOBLE",71420,,,,,,"bon",0,0,0,1,0,308.2,13.1,135.5,49,26.6,5.9,16,62,"insuffisante","insuffisante",,"insuffisante",,"moyenne","insuffisante",1.36,14988.3,860.2,0,1241802.2,0,573176.8,0,27228.8,567.2,23617.8,3405.7,0,205.3,0,22018.3,458.7,20448.2,1480.7,0,89.3,0,835.2,17.3,732.9,96.2,0,6.2,0,"Bois – Bûches",18010.1,18010.1,0,576.5,576.5,0,540.3,540.3,0,"Électricité",4008.1,2438.1,1480.7,730,444,270,295,192.6,96.2,,,,,,,,,,,1307,1021,270,0,16,0,"Bois – Bûches","Poêle bûche installé à partir de 2005 sans label flamme verte","installation individuelle","Poêle bois","Installation de chauffage simple","Chauffage sans solaire",18010.1,38,,,"Poêle bûche installé à partir de 2005 sans label flamme verte","Bois – Bûches","chauffage","Poêle bûche",18010.1,,,,,,"installation individuelle","Panneau rayonnant NFC, NF** et NF***","Installation de chauffage simple","Chauffage sans solaire",2438.1,10,,,"Panneau rayonnant électrique NFC, NF** et NF***","Électricité","chauffage","Panneau rayonnant électrique NF**",2438.1,,,,,,"Électricité","Ballon électrique à accumulation vertical Autres ou inconnue",,,"installation individuelle","Un seul système d'ECS sans solaire","Chauffe-eau vertical",1480.7,1,48,"Non affecté",,,,"Ballon électrique à accumulation vertical Autres ou inconnue","Électricité","ecs","Chauffe-eau vertical",150,,1480.7,,,,,,,,,,,,0,,,,,,,,,,,,0,
"2371E2343347O","2024-12-30","2023-07-10","2023-07-10","2023-07-11","2033-07-09",,,"1FEJC5E42K81","Reprise RNB",,,"DPE 3CL 2021 méthode logement",2.3,"dpe maison individuelle","E","B","maison",1949,"1948-1974",,,2.5,,,2,,,,72.8,,"Lourde","inférieur à 400m","H1c","14 Rue du Devant 71420 Ciry-le-Noble","14","Rue du Devant","Ciry-le-Noble","71420","71132","71","27","71132_0228_00014",800192.5,6613964.63,0.95,"adresse géocodée ban à l'adresse","14 rue du Devant","CIRY-LE-NOBLE",71420,,,,,,"bon",0,1,0,1,1,234.1,80.9,47.4,8.2,29.8,7,17.9,43,"moyenne","bonne","insuffisante","insuffisante",,"moyenne","moyenne",0.78,10406,1139,0,1987568.1,0,1121455.2,0,23989.1,329.5,19971.5,3706.2,0,311.4,0,13392.7,184,11645.9,1611.4,0,135.4,0,777.5,10.6,663.2,104.7,0,9.3,0,"Électricité",8151.1,6404.3,1611.4,1377,1082,272,620,505.9,104.7,"Bois – Bûches",5241.5,5241.5,0,167.8,167.8,0,157.2,157.2,0,,,,,,,,,,,1545,1250,272,0,23,0,"Électricité","Radiateur électrique à accumulation","installation individuelle","Poêle bois","Installation de chauffage simple","Chauffage sans solaire",5241.5,20,,,"Poêle bûche installé entre 1990 et 2004","Bois – Bûches","chauffage","Poêle bûche",5241.5,,,,,,"installation individuelle","Radiateur électrique à accumulation","Installation de chauffage simple","Chauffage sans solaire",4040.3,32.8,,,"Radiateur électrique à accumulation","Électricité","chauffage","Radiateur électrique à accumulation",4040.3,,,,,,"Électricité","Ballon électrique à accumulation vertical Autres ou inconnue",,,"installation individuelle","Un seul système d'ECS sans solaire","Chauffe-eau vertical",1611.4,1,72.8,"Non affecté",,,,"Ballon électrique à accumulation vertical Autres ou inconnue","Électricité","ecs","Chauffe-eau vertical",75,,1611.4,,,,,,,,,,,,0,,,,,,,,,,,,0,
"2471E1793998U","2024-12-30","2024-05-20","2024-05-21","2024-05-22","2034-05-20",,,"YCJ8YETTFW4K","Reprise RNB",,,"DPE 3CL 2021 méthode logement",2.3,"dpe maison individuelle","E","E","maison",,"1983-1988",,,2.5,,,1,,,,79,,"Moyenne","inférieur à 400m","H1c","5 Rue du 19 Mars 1962 71420 Ciry-le-Noble","5","Rue du 19 Mars 1962","Ciry-le-Noble","71420","71132","71","27","71132_0240_00005",799176.54,6612829.59,0.5,"adresse géocodée ban à l'adresse","5 rue du 19 mars 1962","CIRY LE NOBLE, France",71420,0,,,"24/IMO/0093",,"moyen",1,1,0,0,1,290.2,100.6,62.9,10.4,30.3,2.5,13.2,70.4,"insuffisante","insuffisante",,"très bonne",,"insuffisante","très bonne",0.85,12701.8,1168.9,623.2,2118.4,98.4,2368.8,388.3,17729.2,224,12758.3,3147,202.7,337.9,1283.3,16698.3,211,12758.3,3147,88.1,146.9,558,5204.8,65,4133.7,1019.6,5.6,10.1,35.7,"Fioul domestique",15905.3,12758.3,3147,1454.1,1166.4,287.7,5153.3,4133.7,1019.6,"Électricité",793,0,0,230,0,0,51.5,0,0,,,,,,,,,,,1684.1,1166.4,287.7,25.6,42.6,161.8,"Fioul domestique","Chaudière fioul à condensation 1996-2015","installation individuelle","Radiateur bitube avec robinet thermostatique sur réseau individuel eau chaude basse ou moyenne température(inf 65°C)","Installation de chauffage simple","Chaudière individuelle fioul à condensation installée entre 1996 et 2015 régulée, avec programmateur avec réduit, réseau isolé. Emetteur(s): radiateur bitube avec robinet thermostatique",12758.3,79,,,"Chaudière fioul à condensation 1996-2015","Fioul domestique","chauffage + ecs","Fioul - Chaudière fioul à condensation installée entre 1996 et 2015",12758.3,,,,,,,,,,,,,,,,,,,,,,,,"Fioul domestique","Chaudière fioul à condensation 1996-2015",,,"installation individuelle","Un seul système d'ECS sans solaire","Combiné au système de chauffage, contenance ballon 130 L",3147,1,79,"Non affecté",,,,"Chaudière fioul à condensation 1996-2015","Fioul domestique","chauffage + ecs","Fioul - Chaudière fioul à condensation installée entre 1996 et 2015",130,,3147,,,,,,,,,,,,0,"PAC air/air installée à partir de 2015","Électricité","A partir de 2015","Refroidissement - Electrique - Pompe à chaleur air/air",79,88.1,"pompe à chaleur",,,,,0,
"2471E0005738O","2024-12-30","2024-01-01","2024-01-01","2024-01-02","2033-12-31",,,"BPQBNN7RN6NX","Reprise RNB",,,"DPE 3CL 2021 méthode logement",2.3,"dpe maison individuelle","D","B","maison",,"avant 1948",,,2.5,,,2,,,,108,,"Légère","inférieur à 400m","H1c","61 Rue Henri Mugnier 71420 Ciry-le-Noble","61","Rue Henri Mugnier","Ciry-le-Noble","71420","71132","71","27","71132_0500_00061",799167.07,6614208.85,0.59,"adresse géocodée ban à l'adresse","61 Rue Henri Mugnier","CIRY-LE-NOBLE",71420,0,,,"24TUROCHA/BOLATRE267",,"insuffisant",0,1,0,0,1,229.4,0,62.9,5.8,28.6,3.1,24.3,104.6,"très bonne","bonne",,"très bonne",,"insuffisante","très bonne",0.38,9365.6,1308.8,0,2730.4,0,2001.9,0,21819.4,202,16107.3,4185.4,0,462,1064.7,10736,99,8252.5,1819.7,0,200.9,462.9,705.4,6,543.6,118.3,0,13.9,29.6,"Électricité",8525.6,6042.2,1819.7,1435.5,1017.4,306.4,639.1,477.3,118.3,"Bois – Bûches",2210.4,2210.4,0,70.8,70.8,0,66.3,66.3,0,,,,,,,,,,,1506.3,1088.1,306.4,0,33.8,77.9,"Électricité","Convecteur électrique NFC, NF** et NF***","installation individuelle","Convecteur électrique NFC, NF** et NF***","Installation de chauffage simple","Convecteur électrique NFC, NF** et NF*** avec programmateur avec réduit (système individuel)",5535.3,73,,,"Convecteur électrique NFC, NF** et NF***","Électricité","chauffage","Electrique - Convecteur électrique NFC, NF** et NF***",5535.3,,,,,,"installation individuelle","Poêle bois","Installation de chauffage simple","Poêle à granulés flamme verte installé à partir de 2020 avec programmateur sans réduit (système individuel)",2210.4,20,,,"Poêle à granulés flamme verte installé à partir de 2020","Bois – Bûches","chauffage","Bois - Poêle à granulés flamme verte installé à partir de 2020",2210.4,,,,,,"Électricité","Ballon électrique à accumulation vertical Autres ou inconnue",,,"installation individuelle","Un seul système d'ECS sans solaire","Ballon électrique à accumulation vertical (autres catégorie ou inconnue), contenance ballon 80 L",1819.7,1,108,"Non affecté",,,,"Ballon électrique à accumulation vertical Autres ou inconnue","Électricité","ecs","Electrique - Ballon électrique à accumulation vertical (autres catégorie ou inconnue)",80,,1819.7,,,,,,,,,,,,0,,,,,,,"Il existe plusieurs descriptifs ENR",,,,,0,
"2471E1061832O","2024-12-30","2024-01-30","2024-03-24","2024-03-25","2034-03-23",,,"6YTSGJDTGDAK","Reprise RNB",,,"DPE 3CL 2021 méthode logement",2.3,"dpe maison individuelle","G","G","maison",,"avant 1948",,,2.5,,,1,,,,93,,"Très lourde","inférieur à 400m","H1c","56 Chemin des Gonnots 71420 Ciry-le-Noble","56","Chemin des Gonnots","Ciry-le-Noble","71420","71132","71","27","71132_xerhr6_00056",799266.9,6609540.55,0.4,"adresse géocodée ban à l'adresse","56 CHEMIN DES GONNOTS","CIRY-LE-NOBLE",71420,0,,,"3815",,"insuffisant",0,1,0,1,1,510.4,39,167.2,72.3,51.6,8,42.9,129.4,"insuffisante","insuffisante",,"insuffisante",,"insuffisante","insuffisante",1.23,23134.8,1236.4,0,2183.1,0,2615.2,0,39731.2,427,34057.2,4721.1,0,397.8,555.1,39192.6,421,34057.2,4721.1,0,173,241.3,12591.6,135,11034.5,1529.6,0,11.9,15.4,"Fioul domestique",38778.3,34057.2,4721.1,3545.1,3113.5,431.6,12564.2,11034.5,1529.6,"Électricité",414.3,0,0,120.2,0,0,27.4,0,0,,,,,,,,,,,3665.3,3113.5,431.6,0,50.2,70,"Fioul domestique","Chaudière fioul classique avant 1970","installation individuelle","Radiateur bitube sans robinet thermostatique sur réseau individuel eau chaude haute température(sup ou egal 65°C)","Installation de chauffage simple","Chaudière individuelle fioul classique installée avant 1970. Emetteur(s): radiateur bitube sans robinet thermostatique",34057.2,93,,,"Chaudière fioul classique avant 1970","Fioul domestique","chauffage + ecs","Fioul - Chaudière fioul classique installée avant 1970",34057.2,,,,,,,,,,,,,,,,,,,,,,,,"Fioul domestique","Chaudière fioul classique avant 1970",,,"installation individuelle","Un seul système d'ECS sans solaire","Combiné au système de chauffage, contenance ballon 200 L",4721.1,1,93,"Non affecté",,,,"Chaudière fioul classique avant 1970","Fioul domestique","chauffage + ecs","Fioul - Chaudière fioul classique installée avant 1970",200,,4721.1,,,,,,,,,,,,0,,,,,,,,,,,,0,
"2471E2084413P","2024-12-30","2024-06-10","2024-06-10","2024-06-11","2034-06-09",,,"GCW2RFGGATQ9","Reprise RNB",,,"DPE 3CL 2021 méthode logement",2.3,"dpe maison individuelle","D","C","maison",,"1989-2000",,,2.4,,,2,,,,98,,"Légère","inférieur à 400m","H1c","93a Rue Henri Mugnier 71420 Ciry-le-Noble","93a","Rue Henri Mugnier","Ciry-le-Noble","71420","71132","71","27","71132_0500_00093_a",799252.3,6615025.41,0.59,"adresse géocodée ban à l'adresse","93 A RUE HENRI MUGNIER","CIRY-LE-NOBLE",71420,0,,,"4061",,"moyen",1,1,0,0,1,278.9,25.3,105.8,7.6,15.6,7.4,29.2,88.1,"moyenne","insuffisante",,"très bonne",,"bonne","moyenne",0.66,11762.8,1260.6,0,2519.3,0,3218.9,0,24255.8,247,17636.5,5123.5,0,419.2,1076.6,20514.5,209,17636.5,2227.6,0,182.3,468.1,1407.4,14,1220,144.8,0,12.6,30,"Bois – Bûches",15286.4,15286.4,0,489.3,489.3,0,458.6,458.6,0,"Électricité",2878,0,2227.6,558.8,0,432.5,187.3,0,144.8,"Fioul domestique",2350.1,2350.1,0,214.8,214.8,0,761.4,761.4,0,1262.9,704.2,432.5,0,35.4,90.9,"Bois – Bûches","insert installé installé de 2007 à 2017 avec label flamme verte","installation individuelle","Poêle bois","Installation de chauffage simple","Insert installé de 2007 à 2017 avec label flamme verte (système individuel)",15286.4,82,,,"insert installé installé de 2007 à 2017 avec label flamme verte","Bois – Bûches","chauffage","Bois - Insert installé de 2007 à 2017 avec label flamme verte",15286.4,,,,,,"installation individuelle","Radiateur bitube avec robinet thermostatique sur réseau individuel eau chaude basse ou moyenne température(inf 65°C)","Installation de chauffage simple","Chaudière individuelle fioul basse température installée entre 1991 et 2015 régulée. Emetteur(s): radiateur bitube avec robinet thermostatique",2350.1,16,,,"Chaudière fioul basse température 1991-2015","Fioul domestique","chauffage","Fioul - Chaudière fioul basse température installée entre 1991 et 2015",2350.1,,,,,,"Électricité","Ballon électrique à accumulation vertical Catégorie B ou 2 étoiles",,,"installation individuelle","Un seul système d'ECS sans solaire","Ballon électrique à accumulation vertical (catégorie B ou 2 étoiles), contenance ballon 200 L",2227.6,1,98,"Non affecté",,,,"Ballon électrique à accumulation vertical Catégorie B ou 2 étoiles","Électricité","ecs","Electrique - Ballon électrique à accumulation vertical (catégorie B ou 2 étoiles)",200,,2227.6,,,,,,,,,,,,0,,,,,,,"chauffage au bois",,,,,0,
"2471E0528653R","2024-12-30","2024-02-13","2024-02-13","2024-02-14","2034-02-12",,,"RJ1A7YHNENAG","Reprise RNB",,,"DPE 3CL 2021 méthode logement",2.3,"dpe maison individuelle","E","B","maison",1985,"1983-1988",,,2.5,,,1,,,,96,,"Légère","inférieur à 400m","H1c","3 Place du Champ de Foire 71420 Ciry-le-Noble","3","Place du Champ de Foire","Ciry-le-Noble","71420","71132","71","27","71132_0150_00003",799583.25,6612722.42,0.43,"adresse géocodée ban à l'adresse","3 Place du Champ de Foire","CIRY LE NOBLE, France",71420,0,,,"24LORTON206",,"moyen",1,1,0,0,1,250.5,28.6,60.6,17.7,35.3,4.8,24.6,79,"bonne","insuffisante","bonne",,,"moyenne","moyenne",0.59,10789.4,1250.9,0,2477.1,0,1527.1,0,27432.9,285,21921.9,4798.1,0,410.6,302.2,15422.7,160,13026.6,2086.1,0,178.5,131.4,882.4,9,726.1,135.6,0,12.3,8.4,"Électricité",9238.6,6842.6,2086.1,1547.7,1146.3,349.5,696.9,540.6,135.6,"Bois – Bûches",6184,6184,0,198,198,0,185.5,185.5,0,,,,,,,,,,,1745.7,1344.3,349.5,0,29.9,22,"Électricité","Convecteur électrique NFC, NF** et NF***","installation individuelle","Convecteur électrique NFC, NF** et NF***","Installation de chauffage simple","Convecteur électrique NFC, NF** et NF*** avec programmateur avec réduit (système individuel)",6842.6,71,,,"Convecteur électrique NFC, NF** et NF***","Électricité","chauffage","Electrique - Convecteur électrique NFC, NF** et NF***",6842.6,,,,,,"installation individuelle","Poêle bois","Installation de chauffage simple","Foyer fermé installé avant 1990 (système individuel)",6184,25,,,"Foyer fermé installé avant 1990","Bois – Bûches","chauffage","Bois - Foyer fermé installé avant 1990",6184,,,,,,"Électricité","Ballon électrique à accumulation vertical Autres ou inconnue",,,"installation individuelle","Un seul système d'ECS sans solaire","Ballon électrique à accumulation vertical (autres catégorie ou inconnue), contenance ballon 200 L",2086.1,1,96,"Non affecté",,,,"Ballon électrique à accumulation vertical Autres ou inconnue","Électricité","ecs","Electrique - Ballon électrique à accumulation vertical (autres catégorie ou inconnue)",200,,2086.1,,,,,,,,,,,,0,,,,,,,"chauffage au bois",,,,,0,
"2471E0781530S","2024-12-30","2024-02-12","2024-03-02","2024-03-03","2034-03-01",,,"CF74SZNZYJPY","Reprise RNB",,,"DPE 3CL 2021 méthode logement",2.3,"dpe maison individuelle","F","F","maison",,"1948-1974",,,2.5,,,1,,,,51.1,,"Lourde","inférieur à 400m","H1c","1a rue jean-louis lagrange 71420 Ciry-le-Noble","1a","rue jean-louis lagrange","Ciry-le-Noble","71420","71132","71","27","71132_0450_00001_a",797880.65,6615263.27,0.51,"adresse géocodée ban à l'adresse","1 A RUE JEAN-LOUIS LAGRANGE 
ROZELAY","CIRY LE NOBLE",71420,0,,,"24-02-088",,"insuffisant",1,1,0,1,0,296.2,23.2,111.2,62.9,18.7,3.7,15.7,60.9,"insuffisante","insuffisante",,"insuffisante",,"insuffisante","bonne",1.35,14101.7,897.1,0,1450.3,0,1295.6,0,20200.7,395,17009.6,2519.6,0,218.4,453,19821.2,388,17009.6,2519.6,0,95,197,4452.3,87,3861.2,572,0,6.6,12.6,"Gaz naturel",19529.3,17009.6,2519.6,1505.8,1311.6,194.3,4433.1,3861.2,572,"Électricité",291.9,0,0,84.7,0,0,19.2,0,0,,,,,,,,,,,1590.5,1311.6,194.3,0,27.5,57.1,"Gaz naturel","Chaudière gaz standard 2001-2015","installation individuelle","Radiateur bitube avec robinet thermostatique sur réseau individuel eau chaude haute température(sup ou egal 65°C)","Installation de chauffage simple","Chaudière individuelle gaz standard installée entre 2001 et 2015 avec programmateur pièce par pièce. Emetteur(s): radiateur bitube avec robinet thermostatique",17009.6,51.1,,,"Chaudière gaz standard 2001-2015","Gaz naturel","chauffage + ecs","Gaz Naturel - Chaudière gaz standard installée entre 2001 et 2015",17009.6,,,,,,,,,,,,,,,,,,,,,,,,"Gaz naturel","Chaudière gaz standard 2001-2015",,,"installation individuelle","Un seul système d'ECS sans solaire","Combiné au système de chauffage, contenance ballon 130 L",2519.6,1,51.1,"Non affecté",,,,"Chaudière gaz standard 2001-2015","Gaz naturel","chauffage + ecs","Gaz Naturel - Chaudière gaz standard installée entre 2001 et 2015",130,,2519.6,,,,,,,,,,,,0,,,,,,,,,,,,0,
"2471E1181492W","2024-12-30","2024-04-01","2024-04-01","2024-04-02","2034-03-31",,,"A3HSRNWEP74Z","Reprise RNB",,,"DPE 3CL 2021 méthode logement",2.3,"dpe maison individuelle","E","B","maison",,"avant 1948",,,2.5,,,2,,,,80,,"Moyenne","inférieur à 400m","H1c","646 Route de la Verrerie 71420 Ciry-le-Noble","646","Route de la Verrerie","Ciry-le-Noble","71420","71132","71","27","71132_zdnmiq_00646",798971.65,6608033.68,0.47,"adresse géocodée ban à l'adresse","646 Route de la Verrerie","CIRY LE NOBLE",71420,0,,,"24CZEKIERDA513",,"insuffisant",0,1,0,0,1,414.6,51.9,177,28.2,32.1,1.3,23.2,100.9,"insuffisante","insuffisante","insuffisante",,,"insuffisante","bonne",1.42,19998.4,1173.7,0,2139.5,0,1824.5,0,21356.7,266,16438.1,4181.1,0,342.2,395.2,9285.5,116,7147,1817.9,0,148.8,171.8,704,8,564.6,118.2,0,10.3,11,"Électricité",9285.5,7147,1817.9,1555.1,1196.9,304.4,704,564.6,118.2,,,,,,,,,,,,,,,,,,,,,1555.1,1196.9,304.4,0,24.9,28.8,"Électricité","PAC air/eau installée après 2017","installation individuelle","Radiateur bitube avec robinet thermostatique sur réseau individuel eau chaude haute température(sup ou egal 65°C)","Installation de chauffage simple","PAC air/eau installée à partir de 2017 (système individuel). Emetteur(s): radiateur bitube avec robinet thermostatique",7147,80,,,"PAC air/eau installée après 2017","Électricité","chauffage","Electrique - PAC air/eau installée à partir de 2017",7147,,,,,,,,,,,,,,,,,,,,,,,,"Électricité","Ballon électrique à accumulation vertical Autres ou inconnue",,,"installation individuelle","Un seul système d'ECS sans solaire","Ballon électrique à accumulation vertical (autres catégorie ou inconnue), contenance ballon 150 L",1817.9,1,80,"Non affecté",,,,"Ballon électrique à accumulation vertical Autres ou inconnue","Électricité","ecs","Electrique - Ballon électrique à accumulation vertical (autres catégorie ou inconnue)",150,,1817.9,,,,,,,,,,,,0,,,,,,,"pompe à chaleur",,,,,0,
"2471E1006639T","2024-12-30","2024-03-19","2024-03-19","2024-03-20","2034-03-18",,,"S4QRTY4KG353","Reprise RNB",,,"DPE 3CL 2021 méthode logement",2.3,"dpe maison individuelle","D","D","maison",,"1989-2000",,,2.5,,,2,,,,120.6,,"Moyenne","inférieur à 400m","H1c","16c Rue Henri Mugnier 71420 Ciry-le-Noble","16c","Rue Henri Mugnier","Ciry-le-Noble","71420","71132","71","27","71132_0500_00016_c",799200.94,6613557.96,0.59,"adresse géocodée ban à l'adresse","16C Rue Henri Mugnier","CIRY LE NOBLE, France",71420,0,,,"24MORATILLE416",,"moyen",1,1,0,0,1,308.6,37.6,57.9,8.7,37.7,10,34.8,122,"bonne","bonne",,"très bonne",,"insuffisante","moyenne",0.45,13279.6,1369.3,0,2995.2,0,2212.5,0,20742.1,172,16121.8,2198.2,0,515.6,1906.5,19373,160,16121.8,2198.2,0,224.2,828.9,4227.1,35,3659.6,499,0,15.5,53,"Gaz naturel",18319.9,16121.8,2198.2,1426.8,1255.6,171.2,4158.6,3659.6,499,"Électricité",1053.1,0,0,297.1,0,0,68.5,0,0,,,,,,,,,,,1724,1255.6,171.2,0,63.3,233.9,"Gaz naturel","Chaudière gaz basse température 1991-2000","installation individuelle","Radiateur bitube avec robinet thermostatique sur réseau individuel eau chaude basse ou moyenne température(inf 65°C)","Installation de chauffage simple","Chaudière individuelle gaz basse température installée entre 1991 et 2000 régulée, avec programmateur avec réduit. Emetteur(s): radiateur bitube avec robinet thermostatique",16121.8,120.6,,,"Chaudière gaz basse température 1991-2000","Gaz naturel","chauffage + ecs","Gaz Naturel - Chaudière gaz basse température installée entre 1991 et 2000",16121.8,,,,,,,,,,,,,,,,,,,,,,,,"Gaz naturel","Chaudière gaz basse température 1991-2000",,,"installation individuelle","Un seul système d'ECS sans solaire","Combiné au système de chauffage",2198.2,1,120.6,"Non affecté",,,,"Chaudière gaz basse température 1991-2000","Gaz naturel","chauffage + ecs","Gaz Naturel - Chaudière gaz basse température installée entre 1991 et 2000",0,,2198.2,,,,,,,,,,,,0,,,,,,,,,,,,0,
"2471E2141565T","2024-12-30","2024-06-13","2024-06-14","2024-06-15","2034-06-13",,,"KN3A1KFWAJH8","Reprise RNB",,,"DPE 3CL 2021 méthode logement",2.3,"dpe maison individuelle","E","B","maison",,"1983-1988",,,2.5,,,1,,,,88.5,,"Moyenne","inférieur à 400m","H1c","1 Rue Frédéric et Irène Joliot-Curie 71420 Ciry-le-Noble","1","Rue Frédéric et Irène Joliot-Curie","Ciry-le-Noble","71420","71132","71","27","71132_0345_00001",798965.42,6612983.85,0.59,"adresse non géocodée ban car aucune correspondance trouvée","1 RUE JOLIOT CURIE","CIRY-LE-NOBLE",71420,0,,,"4070",,"moyen",1,1,0,0,1,270.8,70.8,43.2,10.7,23.3,6.3,29.8,86.7,"bonne","bonne",,"très bonne",,"bonne","moyenne",0.61,11363.2,1214.7,0,2318.9,0,2937.1,0,28494.8,321,21810.1,4996.5,0,378.6,1309.6,12389,139,9482.7,2172.4,0,164.6,569.4,938.1,10,749.1,141.2,0,11.4,36.4,"Électricité",12389,9482.7,2172.4,2043.4,1564,358.3,938.1,749.1,141.2,,,,,,,,,,,,,,,,,,,,,2043.4,1564,358.3,0,27.1,93.9,"Électricité","Radiateur électrique à accumulation","installation individuelle","Radiateur électrique à accumulation","Installation de chauffage simple","Radiateur électrique à accumulation avec programmateur pièce par pièce (système individuel)",9482.7,88.5,,,"Radiateur électrique à accumulation","Électricité","chauffage","Electrique - Radiateur électrique à accumulation",9482.7,,,,,,,,,,,,,,,,,,,,,,,,"Électricité","Ballon électrique à accumulation vertical Catégorie B ou 2 étoiles",,,"installation individuelle","Un seul système d'ECS sans solaire","Ballon électrique à accumulation vertical (catégorie B ou 2 étoiles), contenance ballon 200 L",2172.4,1,88.5,"Non affecté",,,,"Ballon électrique à accumulation vertical Catégorie B ou 2 étoiles","Électricité","ecs","Electrique - Ballon électrique à accumulation vertical (catégorie B ou 2 étoiles)",200,,2172.4,,,,,,,,,,,,0,,,,,,,,,,,,0,
"2471E0618804A","2024-12-30","2024-02-19","2024-02-19","2024-02-20","2034-02-18",,,"TXC1WX116RJE","Reprise RNB",,,"DPE 3CL 2021 méthode logement",2.3,"dpe maison individuelle","E","E","maison",,"avant 1948",,,2.4,,,2,,,,73,,"Très lourde","inférieur à 400m","H1c","13 Rue Maurice Rizet 71420 Ciry-le-Noble","13","Rue Maurice Rizet","Ciry-le-Noble","71420","71132","71","27","71132_0487_00013",799807.62,6615363.01,0.51,"adresse géocodée ban à l'adresse","13 RUE MAURICE RIZET","CIRY-LE-NOBLE",71420,0,,,"3844",,"insuffisant",0,1,0,1,1,205.1,16.8,79.2,15.3,21.5,5.6,13.9,52.8,"insuffisante","insuffisante",,"insuffisante",,"insuffisante","moyenne",0.97,8675.8,1140,0,1991.8,0,1501.9,0,17439.9,238,12513.8,2883.6,0,312.3,1730.3,16285.4,223,12513.8,2883.6,0,135.8,752.3,5046.3,69,4054.5,934.3,0,9.4,48.1,"Fioul domestique",15397.4,12513.8,2883.6,1407.6,1144,263.6,4988.7,4054.5,934.3,"Électricité",888.1,0,0,257.6,0,0,57.5,0,0,,,,,,,,,,,1665.2,1144,263.6,0,39.4,218.2,"Fioul domestique","Chaudière fioul standard 1991-2015","installation individuelle","Radiateur bitube avec robinet thermostatique sur réseau individuel eau chaude haute température(sup ou egal 65°C)","Installation de chauffage simple","Chaudière individuelle fioul standard installée entre 1991 et 2015. Emetteur(s): radiateur bitube avec robinet thermostatique",12513.8,73,,,"Chaudière fioul standard 1991-2015","Fioul domestique","chauffage + ecs","Fioul - Chaudière fioul standard installée entre 1991 et 2015",12513.8,,,,,,,,,,,,,,,,,,,,,,,,"Fioul domestique","Chaudière fioul standard 1991-2015",,,"installation individuelle","Un seul système d'ECS sans solaire","Combiné au système de chauffage, contenance ballon 80 L",2883.6,1,73,"Non affecté",,,,"Chaudière fioul standard 1991-2015","Fioul domestique","chauffage + ecs","Fioul - Chaudière fioul standard installée entre 1991 et 2015",80,,2883.6,,,,,,,,,,,,0,,,,,,,,,,,,0,
"2471E0517034U","2024-12-30","2024-02-12","2024-02-12","2024-02-13","2034-02-11",,,"XQKF1EKHV932","Reprise RNB",,,"DPE 3CL 2021 méthode logement",2.3,"dpe maison individuelle","F","F","maison",,"avant 1948",,,2.6,,,1,,,,113.3,,"Légère","inférieur à 400m","H1c","12 Rue André Bouillot 71420 Ciry-le-Noble","12","Rue André Bouillot","Ciry-le-Noble","71420","71132","71","27","71132_0020_00012",799434.55,6612538.82,0.51,"adresse géocodée ban à l'adresse","12 Rue André Bouillot","CIRY-LE-NOBLE, France",71420,0,,,"24DUVIGNAUD203",,"insuffisant",1,0,0,0,0,464.2,29,68,115.3,38.3,34.7,48.2,130.8,"insuffisante","insuffisante",,"insuffisante",,"insuffisante","insuffisante",1.54,22343.7,1334.3,0,2841.8,0,2139.2,0,33686,297,30242.6,2115.6,0,484.5,843.3,32935.5,290,30242.6,2115.6,0,210.7,366.6,10522,92,9798.6,685.4,0,14.5,23.5,"Fioul domestique",32358.1,30242.6,2115.6,2958.2,2764.8,193.4,10484,9798.6,685.4,"Électricité",577.3,0,0,167.5,0,0,38,0,0,,,,,,,,,,,3125.6,2764.8,193.4,0,61.1,106.4,"Fioul domestique","Chaudière fioul standard 1991-2015","installation individuelle","Radiateur bitube sans robinet thermostatique sur réseau individuel eau chaude basse ou moyenne température(inf 65°C)","Installation de chauffage simple","Chaudière individuelle fioul standard installée entre 1991 et 2015 régulée. Emetteur(s): radiateur bitube sans robinet thermostatique",30242.6,113.3,,,"Chaudière fioul standard 1991-2015","Fioul domestique","chauffage + ecs","Fioul - Chaudière fioul standard installée entre 1991 et 2015",30242.6,,,,,,,,,,,,,,,,,,,,,,,,"Fioul domestique","Chaudière fioul standard 1991-2015",,,"installation individuelle","Un seul système d'ECS sans solaire","Combiné au système de chauffage",2115.6,1,113.3,"Non affecté",,,,"Chaudière fioul standard 1991-2015","Fioul domestique","chauffage + ecs","Fioul - Chaudière fioul standard installée entre 1991 et 2015",0,,2115.6,,,,,,,,,,,,0,,,,,,,,,,,,0,
"2471E1787508E","2024-12-12","2024-05-21","2024-05-21","2024-05-22","2034-05-20",,,"WCAMW5PVW7V9","Reprise RNB",,,"DPE 3CL 2021 méthode logement",2.3,"dpe maison individuelle","G","G","maison",,"avant 1948",,,2.5,,,1,,,,100,,"Lourde","inférieur à 400m","H1c","4 Rue André Bouillot 71420 Ciry-le-Noble","4","Rue André Bouillot","Ciry-le-Noble","71420","71132","71","27","71132_0020_00004",799489.7,6612588.04,0.51,"adresse géocodée ban à l'adresse","4 Rue Andre Bouillot","CIRY LE NOBLE, France",71420,0,,,"24VAUDIOT818",,"insuffisant",0,1,0,1,0,749.7,40.8,247,125.1,91.4,27,62.6,155.8,"insuffisante","insuffisante",,"insuffisante",,"insuffisante","insuffisante",2.17,36961.8,1270.2,0,2316.7,0,1977.4,0,49787.3,497,44997.8,2308.8,0,427.7,2053,48385.2,483,44997.8,2308.8,0,186,892.6,10808.6,108,10214.5,524.1,0,12.8,57.1,"Gaz naturel",47306.6,44997.8,2308.8,3320.5,3158.5,162.1,10738.6,10214.5,524.1,"Électricité",1078.6,0,0,300.7,0,0,70,0,0,,,,,,,,,,,3621.3,3158.5,162.1,0,51.9,248.9,"Gaz naturel","Chaudière gaz standard 1991-2000","installation individuelle","Radiateur bitube sans robinet thermostatique sur réseau individuel eau chaude haute température(sup ou egal 65°C)","Installation de chauffage simple","Chaudière individuelle gaz standard installée entre 1991 et 2000 avec programmateur sans réduit, réseau isolé. Emetteur(s): radiateur bitube sans robinet thermostatique",44997.8,100,,,"Chaudière gaz standard 1991-2000","Gaz naturel","chauffage + ecs","Gaz Naturel - Chaudière gaz standard installée entre 1991 et 2000",44997.8,,,,,,,,,,,,,,,,,,,,,,,,"Gaz naturel","Chaudière gaz standard 1991-2000",,,"installation individuelle","Un seul système d'ECS sans solaire","Combiné au système de chauffage",2308.8,1,100,"Non affecté",,,,"Chaudière gaz standard 1991-2000","Gaz naturel","chauffage + ecs","Gaz Naturel - Chaudière gaz standard installée entre 1991 et 2000",0,,2308.8,,,,,,,,,,,,0,,,,,,,,,,,,0,
"2471E0502285N","2024-12-30","2024-02-11","2024-02-11","2024-02-12","2034-02-10",,,"9FDY5J3QE8A2","Reprise RNB",,,"DPE 3CL 2021 méthode logement",2.3,"dpe maison individuelle","D","B","maison",,"avant 1948",,,2.5,,,2,,,,138,,"Très lourde","inférieur à 400m","H1c","71 Rue Henri Mugnier 71420 Ciry-le-Noble","71","Rue Henri Mugnier","Ciry-le-Noble","71420","71132","71","27","71132_0500_00071",799102.85,6614344.86,0.59,"adresse géocodée ban à l'adresse","71 RUE HENRI MUGNIER","CIRY-LE-NOBLE",71420,0,,,"3823",,"insuffisant",0,1,0,1,1,389.7,38.5,126.9,19.6,50,6.7,49.2,98.8,"insuffisante","insuffisante","insuffisante",,,"insuffisante","moyenne",1.18,15655.8,1453.5,1525.9,3363.4,156.2,4738.4,1170.4,27787.6,201,21392.6,5028.2,57.5,590.3,719,20994.5,152,18214,2186.2,25,256.6,312.6,847.6,6,666.2,142.1,1.6,17.7,20,"Bois – Granulés (pellets) ou briquettes",15769,15769,0,944.7,944.7,0,473.1,473.1,0,"Électricité",5225.5,2445.1,2186.2,916.2,428.7,383.3,374.6,193.2,142.1,,,,,,,,,,,1861,1373.4,383.3,4.4,45,54.8,"Bois – Granulés (pellets) ou briquettes","Chaudière bois granulés après 2019","installation individuelle","Radiateur bitube avec robinet thermostatique sur réseau individuel eau chaude haute température(sup ou egal 65°C)","Installation de chauffage simple","Chaudière individuelle bois (granulés) installée à partir de 2020 régulée. Emetteur(s): radiateur bitube avec robinet thermostatique",15769,105,,,"Chaudière bois granulés après 2019","Bois – Granulés (pellets) ou briquettes","chauffage","Bois - Chaudière bois (granulés) installée à partir de 2020",15769,,,,,,"installation individuelle","Convecteur électrique NFC, NF** et NF***","Installation de chauffage simple","Convecteur électrique NFC, NF** et NF*** (système individuel)",1741,17,,,"Convecteur électrique NFC, NF** et NF***","Électricité","chauffage","Electrique - Convecteur électrique NFC, NF** et NF***",1741,,,,,,"Électricité","Ballon électrique à accumulation vertical Catégorie B ou 2 étoiles",,,"installation individuelle","Un seul système d'ECS sans solaire","Ballon électrique à accumulation vertical (catégorie B ou 2 étoiles), contenance ballon 100 L",2186.2,1,138,"Non affecté",,,,"Ballon électrique à accumulation vertical Catégorie B ou 2 étoiles","Électricité","ecs","Electrique - Ballon électrique à accumulation vertical (catégorie B ou 2 étoiles)",100,,2186.2,,,,,,,,,,,,0,"PAC air/air installée à partir de 2015","Électricité","A partir de 2015","Refroidissement - Electrique - Pompe à chaleur (divisé) - type split",16,25,"Il existe plusieurs descriptifs ENR",,,,,0,
"2471E2254201X","2024-12-30","2024-05-29","2024-06-23","2024-06-24","2034-06-22",,,"75CK8AT2MEPD","Reprise RNB",,,"DPE 3CL 2021 méthode logement",2.3,"dpe maison individuelle","G","G","maison",,"avant 1948",,,2.5,,,1,,,,68,,"Légère","inférieur à 400m","H1c","49 Impasse des Touillards 71420 Ciry-le-Noble","49","Impasse des Touillards","Ciry-le-Noble","71420","71132","71","27","71132_y9dtou_00049",798385.06,6611431.46,0.48,"adresse géocodée ban à l'adresse","49 Impasses des Touillards","CIRY LE NOBLE, France",71420,0,,,"24DUMAS833",,"insuffisant",1,1,0,0,0,321.2,9.1,64.1,69,37.4,15.8,13.7,112.1,"insuffisante","insuffisante",,"insuffisante",,"insuffisante","insuffisante",0.91,15837.5,1101.4,0,1878,0,733,0,27262.3,400,22084.8,4428.3,0,290.9,458.2,24335.9,357,22084.8,1925.3,0,126.5,199.2,7302.1,107,7155.5,125.1,0,8.7,12.8,"Fioul domestique",22084.8,22084.8,0,2019,2019,0,7155.5,7155.5,0,"Électricité",2251,0,1925.3,465.6,0,398.3,146.6,0,125.1,,,,,,,,,,,2484.6,2019,398.3,0,26.2,41.2,"Fioul domestique","Chaudière fioul standard 1991-2015","installation individuelle","Radiateur bitube sans robinet thermostatique sur réseau individuel eau chaude haute température(sup ou egal 65°C)","Installation de chauffage simple","Chaudière individuelle fioul standard installée entre 1991 et 2015 avec programmateur sans réduit. Emetteur(s): radiateur bitube sans robinet thermostatique",22084.8,68,,,"Chaudière fioul standard 1991-2015","Fioul domestique","chauffage","Fioul - Chaudière fioul standard installée entre 1991 et 2015",22084.8,,,,,,,,,,,,,,,,,,,,,,,,"Électricité","Ballon électrique à accumulation vertical Autres ou inconnue",,,"installation individuelle","Un seul système d'ECS sans solaire","Ballon électrique à accumulation vertical (autres catégorie ou inconnue), contenance ballon 200 L",1925.3,1,68,"Non affecté",,,,"Ballon électrique à accumulation vertical Autres ou inconnue","Électricité","ecs","Electrique - Ballon électrique à accumulation vertical (autres catégorie ou inconnue)",200,,1925.3,,,,,,,,,,,,0,,,,,,,,,,,,0,
"2171E0405579Y","2024-12-30","2021-09-27","2021-09-27","2021-09-28","2031-09-26",,,"764QWHHYCKHN","Reprise RNB",,,"DPE 3CL 2021 méthode logement",1,"dpe maison individuelle","E","B","maison",1983,"1983-1988",,,2.5,,,1,,,,82.4,,"Moyenne","400-800m","H1c","46 Rue Henri Mugnier 71420 Ciry-le-Noble","46","Rue Henri Mugnier","Ciry-le-Noble","71420","71132","71","27","71132_0500_00046",799163.77,6613943.33,0.59,"adresse géocodée ban à l'adresse","46 Rue Henri Mugnier","CIRY LE NOBLE,",71420,0,,,,"Ce bien ne fait pas partie d'une copropriété",,,,,,,206.6,26.6,65.5,7.9,31.7,6.6,15.2,53.1,"bonne","insuffisante","très bonne",,,"insuffisante","très bonne",0.56,10033.2,1271,0,2588259,0,3173463.2,0,25232.3,306,17476.7,5366.5,0,352.2,2036.9,14588.3,177,11216.3,2333.3,0,153.2,885.6,791.4,9,572.5,151.7,0,10.6,56.7,"Électricité",14588.3,11216.3,2333.3,1889.9,1195.9,480.2,791.4,572.5,151.7,"Bois – Bûches",14588.3,11216.3,2333.3,1889.9,1195.9,480.2,791.4,572.5,151.7,,,,,,,,,,,1889.9,1195.9,480.2,0,31.5,182.3,"Électricité",,,,,,,,,,,,,,,,,,,,,,,,,,,,,,,,,,,,,,"Non affecté",,,,,,,,,,,,,,,,,,,,,,,,,,,,,,,,0,,,,,,,"chauffage au bois",,,,,0,
"2171E0951848H","2024-12-30","2021-12-15","2021-12-19","2021-12-20","2031-12-18",,,"S9G27XRT1FZT","Reprise RNB",,,"DPE 3CL 2021 méthode logement",2,"dpe maison individuelle","E","B","maison",2001,"2001-2005",,,2.5,,,1,,,,114.4,,"Moyenne","inférieur à 400m","H1c","73b Rue Henri Mugnier 71420 Ciry-le-Noble","73b","Rue Henri Mugnier","Ciry-le-Noble","71420","71132","71","27","71132_0500_00073_b",799142.37,6614352.39,0.59,"adresse géocodée ban à l'adresse","73b henri mugnier","CIRY-LE-NOBLE, France",71420,0,,,,,,,,,,,258,30.7,40.9,1.7,29,6.8,36.7,112.2,"très bonne","bonne",,"très bonne",,"moyenne","moyenne",0.38,10448.1,1339.7,0,2865637.3,0,1924936.5,0,30095.6,263,26934,2312.6,0,489.4,359.5,13085,114,11710.5,1005.5,0,212.8,156.3,1015.2,8,925.1,65.4,0,14.7,10,"Électricité",13085,11710.5,1005.5,2152.9,1926.8,165.4,1015.2,925.1,65.4,,,,,,,,,,,,,,,,,,,,,2152.9,1926.8,165.4,0,35,25.7,"Électricité","Chaudière électrique","installation individuelle","Plancher chauffant sur réseau individuel eau chaude haute température(sup ou egal 65°C)","Installation de chauffage simple","Chaudière individuelle électrique. Emetteur(s): plancher chauffant",11710.5,114.4,,,"Chaudière électrique","Électricité","chauffage","Electrique - Chaudière électrique",11710.5,,,,,,,,,,,,,,,,,,,,,,,,"Électricité","Ballon électrique à accumulation vertical Catégorie C ou 3 étoiles",,,"installation individuelle","Un seul système d'ECS avec solaire","Ballon électrique à accumulation vertical (catégorie C ou 3 étoiles), contenance ballon 300 L, couplé avec un système solaire",1005.5,1,114.4,"ECS solaire seule sup 5 ans",1133856.2,0.5,,"Ballon électrique à accumulation vertical Catégorie C ou 3 étoiles","Électricité","ecs","Electrique - Ballon électrique à accumulation vertical (catégorie C ou 3 étoiles)",300,,1005.5,,,,,,,,,,,,0,,,,,,,"panneaux solaires thermiques",,,,,0,
"2171E0650411O","2024-12-12","2021-11-07","2021-11-07","2021-11-08","2031-11-06",,,"Q575QRRWKC32","Reprise RNB",,,"DPE 3CL 2021 méthode logement",1.1,"dpe appartement individuel","E","D","appartement",1948,"1948-1974","individuel","individuel",2.5,1,,4,,,,64,,"Légère","inférieur à 400m","H1c","38 Rue Sully 71420 Ciry-le-Noble","38","Rue Sully","Ciry-le-Noble","71420","71132","71","27","71132_0800_00038",797561.29,6614177.26,0.52,"adresse géocodée ban à l'adresse","38 rue Sully
Appartement 15
Batiment C","CIRY-LE-NOBLE",71420,0,,,,,,,,,,,177.6,16.2,68.8,11.2,0,1.4,14.9,65.1,"insuffisante","insuffisante",,,"très bonne","très bonne","bonne",1.04,7399.5,1220,0,1872604.3,0,1539611,0,16653.5,260,11974.4,4017.8,0,273.8,387.6,14008.8,218,11974.4,1746.8,0,119,168.5,2850.7,44,2718.2,113.5,0,8.2,10.8,"Électricité",14008.8,11974.4,1746.8,1312.6,743.6,506.7,2850.7,2718.2,113.5,"Gaz naturel",14008.8,11974.4,1746.8,1312.6,743.6,506.7,2850.7,2718.2,113.5,,,,,,,,,,,1312.6,743.6,506.7,0,34.5,27.8,"Électricité","Chaudière gaz standard 2001-2015","installation collective","Radiateur bitube sans robinet thermostatique sur réseau collectif eau chaude haute température(sup ou egal 65°C)","Installation de chauffage simple","Chaudière collective gaz standard installée entre 2001 et 2015 avec équipement d'intermittence central collectif, réseau isolé. Emetteur(s): radiateur bitube sans robinet thermostatique",1,64,,,"Chaudière gaz standard 2001-2015","Gaz naturel","chauffage","Gaz Naturel - Chaudière gaz standard installée entre 2001 et 2015",1,,,,,,,,,,,,,,,,,,,,,,,,"Électricité","Ballon électrique à accumulation vertical Catégorie B ou 2 étoiles",,,"installation individuelle","Un seul système d'ECS sans solaire","Ballon électrique à accumulation vertical (catégorie B ou 2 étoiles), contenance ballon 100 L",1,,64,"Non affecté",,,,"Ballon électrique à accumulation vertical Catégorie B ou 2 étoiles","Électricité","chauffage","Electrique - Ballon électrique à accumulation vertical (catégorie B ou 2 étoiles)",100,,1,,,,,,,,,,,,0,,,,,,,,"Solaire Photovoltaïque",1,,,0,1
"2271E0060729N","2024-12-30","2021-08-05","2022-01-11","2022-01-12","2032-01-10","2171E0151238P",,"H1YKEX1YZT7C","Reprise RNB",,,"DPE 3CL 2021 méthode logement",2,"dpe maison individuelle","F","F","maison",1948,"1948-1974",,,2.5,,,1,,,,92,,"Moyenne","inférieur à 400m","H1c","35 Rue Henri Mugnier 71420 Ciry-le-Noble","35","Rue Henri Mugnier","Ciry-le-Noble","71420","71132","71","27","71132_0500_00035",799165.94,6613802.19,0.59,"adresse géocodée ban à l'adresse","35 Rue Henri Mugnier","CIRY LE NOBLE,",71420,0,,,,"Ce bien ne fait pas partie d'une copropriété",,,,,,,474,5.7,243.4,17.5,68.8,9,47.8,81.9,"insuffisante","insuffisante","moyenne",,,"insuffisante","moyenne",1.56,21401.4,1231.6,0,2392733.4,0,4185603.5,0,30783.3,334,25506,4324.3,0,393.5,559.5,27800.5,302,25506,1880.1,0,171.1,243.3,8413.5,91,8263.9,122.2,0,11.8,15.6,"Fioul domestique",25506,25506,0,2331.8,2331.8,0,8263.9,8263.9,0,"Électricité",2294.5,0,1880.1,471.7,0,386.5,149.6,0,122.2,,,,,,,,,,,2803.5,2331.8,386.5,0,35.2,50,"Fioul domestique","Chaudière fioul classique 1981-1990","installation individuelle","Radiateur bitube avec robinet thermostatique sur réseau individuel eau chaude haute température(sup ou egal 65°C)","Installation de chauffage simple","Chaudière individuelle fioul classique installée entre 1981 et 1990 avec programmateur sans réduit, réseau isolé. Emetteur(s): radiateur bitube avec robinet thermostatique",25506,92,,,"Chaudière fioul classique 1981-1990","Fioul domestique","chauffage","Fioul - Chaudière fioul classique installée entre 1981 et 1990",25506,,,,,,,,,,,,,,,,,,,,,,,,"Électricité","Ballon électrique à accumulation vertical Autres ou inconnue",,,"installation individuelle","Un seul système d'ECS sans solaire","Ballon électrique à accumulation vertical (autres catégorie ou inconnue), contenance ballon 150 L",1880.1,1,92,"Non affecté",,,,"Ballon électrique à accumulation vertical Autres ou inconnue","Électricité","ecs","Electrique - Ballon électrique à accumulation vertical (autres catégorie ou inconnue)",150,,1880.1,,,,,,,,,,,,0,,,,,,,,,,,,0,
"2271E0028811X","2024-12-30","2022-01-05","2022-01-06","2022-01-07","2032-01-05",,,"JE58PP665HTM","Reprise RNB",,,"DPE 3CL 2021 méthode logement",2,"dpe maison individuelle","C","A","maison",1978,"1978-1982",,,2.5,,,1,,,,105.1,,"Légère","inférieur à 400m","H1c","50 Rue Henri Mugnier 71420 Ciry-le-Noble","50","Rue Henri Mugnier","Ciry-le-Noble","71420","71132","71","27","71132_0500_00050",799178.26,6614067.85,0.59,"adresse géocodée ban à l'adresse","50 RUE HENRY MUGNIER","CIRY LE NOBLE",71420,0,,,,,,,,,,,207.8,0,27.5,13.6,21.1,6.3,44.2,95.2,"très bonne","bonne",,"bonne",,"bonne","moyenne",0.36,7761.7,1294.8,0,2669174.4,0,2625228.4,0,16305.1,155,14603.2,1143.7,0,449.6,108.7,15343.1,145,14603.2,497.2,0,195.5,47.3,486.9,4,438.1,32.3,0,13.5,3,"Bois – Bûches",14603.2,14603.2,0,467.4,467.4,0,438.1,438.1,0,"Électricité",740,0,497.2,214.6,0,144.2,48.8,0,32.3,,,,,,,,,,,682.1,467.4,144.2,0,56.7,13.7,"Bois – Bûches","insert installé entre 1990 et 2004","installation individuelle","Poêle bois","Installation de chauffage simple","Insert installé entre 1990 et 2004 (système individuel)",14603.2,105.1,,,"insert installé entre 1990 et 2004","Bois – Bûches","chauffage","Bois - Insert installé entre 1990 et 2004",14603.2,,,,,,,,,,,,,,,,,,,,,,,,"Électricité","CET sur air ambiant (sur local non chauffé) après 2014",,,"installation individuelle","Un seul système d'ECS sans solaire","Chauffe-eau thermodynamique sur air ambiant (sur local non chauffé) installé à partir de 2015, contenance ballon 200 L",497.2,1,105.1,"Non affecté",,,,"CET sur air ambiant (sur local non chauffé) après 2014","Électricité","ecs","Electrique - Chauffe-eau thermodynamique sur air ambiant (sur local non chauffé) installé à partir de 2015",200,2.8,497.2,"A partir de 2015",,,,,,,,,,,0,,,,,,,"Il existe plusieurs descriptifs ENR",,,,,0,
"2271E0628422W","2024-12-30","2021-09-20","2022-03-27","2022-03-28","2032-03-26","2171E0361557U",,"195XNVXP4523","Reprise RNB",,,"DPE 3CL 2021 méthode logement",2,"dpe maison individuelle","E","E","maison",1947,"avant 1948",,,2.5,,,1,,,,61,,"Moyenne","inférieur à 400m","H1c","3b Rue Lagrange 71420 Ciry-le-Noble","3b","Rue Lagrange","Ciry-le-Noble","71420","71132","71","27","71132_0450_00003_b",797917.23,6615230.32,0.49,"adresse géocodée ban à l'adresse","3B Rue Lagrange","CIRY LE NOBLE,",71420,0,,,,"Ce bien ne fait pas partie d'une copropriété","insuffisant",0,1,0,0,1,161.1,31.3,15.4,9.5,21.7,9,21.7,52.4,"bonne","bonne",,"bonne",,"insuffisante","moyenne",0.61,6686.2,1017,0,1701257.6,0,1385452.9,0,12933.9,212,9238.4,1722.3,0,260.9,1712.2,11818.6,193,9238.4,1722.3,0,113.4,744.4,3606.8,59,2993.2,558,0,7.8,47.6,"Fioul domestique",10960.7,9238.4,1722.3,1002,844.6,157.5,3551.3,2993.2,558,"Électricité",857.9,0,0,248.8,0,0,55.5,0,0,,,,,,,,,,,1250.9,844.6,157.5,0,32.9,215.9,"Fioul domestique","Chaudière fioul standard 1991-2015","installation individuelle","Plancher chauffant sur réseau individuel eau chaude haute température(sup ou egal 65°C)","Installation de chauffage simple","Chaudière individuelle fioul standard installée entre 1991 et 2015 régulée, avec programmateur avec réduit",9238.4,61,,,"Chaudière fioul standard 1991-2015","Fioul domestique","chauffage + ecs","Fioul - Chaudière fioul standard installée entre 1991 et 2015",9238.4,,,,,,,,,,,,,,,,,,,,,,,,"Fioul domestique","Chaudière fioul standard 1991-2015",,,"installation individuelle","Un seul système d'ECS sans solaire","Combiné au système de chauffage",1722.3,1,61,"Non affecté",,,,"Chaudière fioul standard 1991-2015","Fioul domestique","chauffage + ecs","Fioul - Chaudière fioul standard installée entre 1991 et 2015",0,,1722.3,,,,,,,,,,,,0,,,,,,,,,,,,0,
"2271E0920123D","2024-12-30","2022-04-28","2022-04-28","2022-04-29","2032-04-27",,,"133J9NGBB7BZ","Reprise RNB",,,"DPE 3CL 2021 méthode logement",2.1,"dpe maison individuelle","E","D","maison",1947,"avant 1948",,,2.5,,,1,,,,120,,"Légère","inférieur à 400m","H1c","10 Rue Benoit Lagrost 71420 Ciry-le-Noble","10","Rue Benoit Lagrost","Ciry-le-Noble","71420","71132","71","27","71132_0070_00010",799346.79,6612359.32,0.47,"adresse géocodée ban à l'adresse","10 Rue Benoit Lagrost","CIRY-LE-NOBLE",71420,0,,,,"Ce bien ne fait pas partie d'une copropriété","insuffisant",0,1,0,0,1,406.1,37.8,191.5,10.6,25.5,10.4,17,113.4,"insuffisante","insuffisante","bonne",,,"insuffisante","bonne",0.89,18770.7,1366.7,0,2983599.5,0,2140212,0,34333,286,27479.6,4602.7,0,513.3,1737.4,22585.2,188,19605.5,2001.2,0,223.2,755.4,3747.8,31,3554,130.1,0,15.4,48.3,"Gaz naturel",13548.4,13548.4,0,1115.1,1115.1,0,3075.5,3075.5,0,"Électricité",9036.8,6057.1,2001.2,1515.9,1016.1,335.7,672.3,478.5,130.1,,,,,,,,,,,2631.1,2131.2,335.7,0,37.4,126.7,"Gaz naturel","Chaudière gaz standard 2001-2015","installation individuelle","Radiateur bitube avec robinet thermostatique sur réseau individuel eau chaude haute température(sup ou egal 65°C)","Installation de chauffage simple","Chaudière individuelle gaz standard installée entre 2001 et 2015 régulée, avec programmateur sans réduit, réseau isolé. Emetteur(s): radiateur bitube avec robinet thermostatique",13548.4,70,,,"Chaudière gaz standard 2001-2015","Gaz naturel","chauffage","Gaz Naturel - Chaudière gaz standard installée entre 2001 et 2015",13548.4,,,,,,"installation individuelle","radiateur électrique NFC, NF** et NF***","Installation de chauffage simple","Radiateur électrique NFC, NF** et NF*** avec programmateur pièce par pièce (système individuel)",6057.1,50,,,"radiateur électrique NFC, NF** et NF***","Électricité","chauffage","Electrique - Radiateur électrique NFC, NF** et NF***",6057.1,,,,,,"Électricité","Ballon électrique à accumulation vertical Catégorie B ou 2 étoiles",,,"installation individuelle","Un seul système d'ECS sans solaire","Ballon électrique à accumulation vertical (catégorie B ou 2 étoiles), contenance ballon 150 L",2001.2,1,120,"Non affecté",,,,"Ballon électrique à accumulation vertical Catégorie B ou 2 étoiles","Électricité","ecs","Electrique - Ballon électrique à accumulation vertical (catégorie B ou 2 étoiles)",150,,2001.2,,,,,,,,,,,,0,,,,,,,,,,,,0,
"2271E0920039X","2024-12-30","2022-04-28","2022-04-28","2022-04-29","2032-04-27",,,"133J9NGBB7BZ","Reprise RNB",,,"DPE 3CL 2021 méthode logement",2,"dpe maison individuelle","E","D","maison",1947,"avant 1948",,,2.5,,,1,,,,120,,"Légère","inférieur à 400m","H1c","10 Rue Benoit Lagrost 71420 Ciry-le-Noble","10","Rue Benoit Lagrost","Ciry-le-Noble","71420","71132","71","27","71132_0070_00010",799346.79,6612359.32,0.47,"adresse géocodée ban à l'adresse","10 Rue Benoit Lagrost","CIRY-LE-NOBLE",71420,0,,,,"Ce bien ne fait pas partie d'une copropriété","insuffisant",0,1,0,0,1,406.1,37.8,191.5,10.6,25.5,10.4,17,113.4,"insuffisante","insuffisante","bonne",,,"insuffisante","bonne",0.89,18770.7,1366.7,0,2983599.5,0,2140212,0,34333,286,27479.6,4602.7,0,513.3,1737.4,22585.2,188,19605.5,2001.2,0,223.2,755.4,3747.8,31,3554,130.1,0,15.4,48.3,"Gaz naturel",13548.4,13548.4,0,1115.1,1115.1,0,3075.5,3075.5,0,"Électricité",9036.8,6057.1,2001.2,1515.9,1016.1,335.7,672.3,478.5,130.1,,,,,,,,,,,2631.1,2131.2,335.7,0,37.4,126.7,"Gaz naturel","Chaudière gaz standard 2001-2015","installation individuelle","Radiateur bitube avec robinet thermostatique sur réseau individuel eau chaude haute température(sup ou egal 65°C)","Installation de chauffage simple","Chaudière individuelle gaz standard installée entre 2001 et 2015 régulée, avec programmateur sans réduit, réseau isolé. Emetteur(s): radiateur bitube avec robinet thermostatique",13548.4,70,,,"Chaudière gaz standard 2001-2015","Gaz naturel","chauffage","Gaz Naturel - Chaudière gaz standard installée entre 2001 et 2015",13548.4,,,,,,"installation individuelle","radiateur électrique NFC, NF** et NF***","Installation de chauffage simple","Radiateur électrique NFC, NF** et NF*** avec programmateur pièce par pièce (système individuel)",6057.1,50,,,"radiateur électrique NFC, NF** et NF***","Électricité","chauffage","Electrique - Radiateur électrique NFC, NF** et NF***",6057.1,,,,,,"Électricité","Ballon électrique à accumulation vertical Catégorie B ou 2 étoiles",,,"installation individuelle","Un seul système d'ECS sans solaire","Ballon électrique à accumulation vertical (catégorie B ou 2 étoiles), contenance ballon 150 L",2001.2,1,120,"Non affecté",,,,"Ballon électrique à accumulation vertical Catégorie B ou 2 étoiles","Électricité","ecs","Electrique - Ballon électrique à accumulation vertical (catégorie B ou 2 étoiles)",150,,2001.2,,,,,,,,,,,,0,,,,,,,,,,,,0,
"2271E0451121P","2024-12-30","2022-03-06","2022-03-06","2022-03-07","2032-03-05",,,"BSE4T27Z4EPK","Reprise RNB",,,"DPE 3CL 2021 méthode logement",2.1,"dpe maison individuelle","F","F","maison",1961,"1948-1974",,,2.5,,,1,,,,103,,"Moyenne","inférieur à 400m","H1c","85 Rue Henri Mugnier 71420 Ciry-le-Noble","85","Rue Henri Mugnier","Ciry-le-Noble","71420","71132","71","27","71132_0500_00085",799233.99,6614710.11,0.59,"adresse géocodée ban à l'adresse","85 Rue Henri Mugnier","CIRY-LE-NOBLE",71420,0,,,,"Ce bien ne fait pas partie d'une copropriété",,,,,,,488.2,43.1,177.2,84.7,27,8.4,55.9,92,"insuffisante","insuffisante",,"insuffisante",,"insuffisante","insuffisante",1.48,23265.5,1284.7,0,2624859.4,0,2654749.6,0,30851.1,299,27504.2,2054.1,0,440.6,852.2,30120.4,292,27504.2,2054.1,0,191.6,370.5,9613.8,93,8911.3,665.5,0,13.2,23.7,"Fioul domestique",29558.3,27504.2,2054.1,2702.2,2514.4,187.8,9576.9,8911.3,665.5,"Électricité",562.1,0,0,163,0,0,36.9,0,0,,,,,,,,,,,2865.3,2514.4,187.8,0,55.6,107.5,"Fioul domestique","Chaudière fioul standard 1991-2015","installation individuelle","Plancher chauffant sur réseau individuel eau chaude basse ou moyenne température(inf 65°C)","Installation de chauffage simple","Chaudière individuelle fioul standard installée entre 1991 et 2015 régulée",27504.2,103,,,"Chaudière fioul standard 1991-2015","Fioul domestique","chauffage + ecs","Fioul - Chaudière fioul standard installée entre 1991 et 2015",27504.2,,,,,,,,,,,,,,,,,,,,,,,,"Fioul domestique","Chaudière fioul standard 1991-2015",,,"installation individuelle","Un seul système d'ECS sans solaire","Combiné au système de chauffage",2054.1,1,103,"Non affecté",,,,"Chaudière fioul standard 1991-2015","Fioul domestique","chauffage + ecs","Fioul - Chaudière fioul standard installée entre 1991 et 2015",0,,2054.1,,,,,,,,,,,,0,,,,,,,,,,,,0,
"2271E0874970M","2024-12-30","2022-04-25","2022-04-25","2022-04-26","2032-04-24",,,"J3T3WESNZR5H","Reprise RNB",,,"DPE 3CL 2021 méthode logement",2.1,"dpe maison individuelle","F","F","maison",1947,"avant 1948",,,2.5,,,1,,,,49,,"Légère","inférieur à 400m","H1c","2 Rue Jean-Louis Lagrange 71420 Ciry-le-Noble","2","Rue Jean-Louis Lagrange","Ciry-le-Noble","71420","71132","71","27","71132_0450_00002",797899.92,6615316.23,0.5,"adresse géocodée ban à l'adresse","6/2 Rue Jean-Louis Lagrange","CIRY-LE-NOBLE",71420,0,,,,,"moyen",1,1,0,0,1,221.8,4.6,120,11.7,21,9,8.8,46.7,"insuffisante","insuffisante","bonne",,,"insuffisante","bonne",1.12,10431.6,872.3,0,1398292.4,0,1240700.4,0,17052.5,348,13475.2,1635.4,0,209.6,1732.4,15954.9,325,13475.2,1635.4,0,91.1,753.2,3484.6,71,3058.9,371.2,0,6.3,48.2,"Gaz naturel",15110.6,13475.2,1635.4,1217.2,1085.4,131.7,3430.1,3058.9,371.2,"Électricité",844.3,0,0,244.9,0,0,54.5,0,0,,,,,,,,,,,1462.1,1085.4,131.7,0,26.4,218.5,"Gaz naturel","Chaudière gaz standard 1991-2000","installation individuelle","Radiateur bitube avec robinet thermostatique sur réseau individuel eau chaude haute température(sup ou egal 65°C)","Installation de chauffage simple","Chaudière individuelle gaz standard installée entre 1991 et 2000 réseau isolé. Emetteur(s): radiateur bitube avec robinet thermostatique",13475.2,49,,,"Chaudière gaz standard 1991-2000","Gaz naturel","chauffage + ecs","Gaz Naturel - Chaudière gaz standard installée entre 1991 et 2000",13475.2,,,,,,,,,,,,,,,,,,,,,,,,"Gaz naturel","Chaudière gaz standard 1991-2000",,,"installation individuelle","Un seul système d'ECS sans solaire","Combiné au système de chauffage",1635.4,1,49,"Non affecté",,,,"Chaudière gaz standard 1991-2000","Gaz naturel","chauffage + ecs","Gaz Naturel - Chaudière gaz standard installée entre 1991 et 2000",0,,1635.4,,,,,,,,,,,,0,,,,,,,,,,,,0,
"2271E0207730K","2024-12-30","2022-02-01","2022-02-01","2022-02-02","2032-01-31",,,"CGM9V434W5B3","Reprise RNB",,,"DPE 3CL 2021 méthode logement",2.1,"dpe maison individuelle","D","B","maison",1978,"1978-1982",,,2.5,,,1,,,,101,,"Moyenne","inférieur à 400m","H1c","6 Rue Jules Ferry 71420 Ciry-le-Noble","6","Rue Jules Ferry","Ciry-le-Noble","71420","71132","71","27","71132_0433_00006",799034.81,6613018.97,0.49,"adresse géocodée ban à l'adresse","6 Rue Jules Ferry","CIRY-LE-NOBLE",71420,0,,,,,,,,,,,214.7,51.1,27.4,18.6,11.9,9,28.1,68.6,"bonne","bonne","bonne",,,"moyenne","moyenne",0.49,8143.8,1275,0,2582654.7,0,2266388.6,0,22852.1,226,16376.6,4431.6,0,432,1611.8,9935.7,98,7120.3,1926.8,0,187.8,700.8,745.6,7,562.5,125.2,0,13,44.9,"Électricité",9935.7,7120.3,1926.8,1657.4,1187.7,321.4,745.6,562.5,125.2,,,,,,,,,,,,,,,,,,,,,1657.4,1187.7,321.4,0,31.3,116.9,"Électricité","Convecteur électrique NFC, NF** et NF***","installation individuelle","Convecteur électrique NFC, NF** et NF***","Installation de chauffage simple","Convecteur électrique NFC, NF** et NF*** avec programmateur avec réduit (système individuel)",7120.3,101,,,"Convecteur électrique NFC, NF** et NF***","Électricité","chauffage","Electrique - Convecteur électrique NFC, NF** et NF***",7120.3,,,,,,,,,,,,,,,,,,,,,,,,"Électricité","Ballon électrique à accumulation vertical Autres ou inconnue",,,"installation individuelle","Un seul système d'ECS sans solaire","Ballon électrique à accumulation vertical (autres catégorie ou inconnue), contenance ballon 150 L",1926.8,1,101,"Non affecté",,,,"Ballon électrique à accumulation vertical Autres ou inconnue","Électricité","ecs","Electrique - Ballon électrique à accumulation vertical (autres catégorie ou inconnue)",150,,1926.8,,,,,,,,,,,,0,,,,,,,,,,,,0,
"2271E1054232E","2024-12-30","2022-05-12","2022-05-14","2022-05-15","2032-05-13",,,"DSZ7J6KJHB6R","Reprise RNB",,,"DPE 3CL 2021 méthode logement",2.1,"dpe maison individuelle","D","D","maison",,"avant 1948",,,2.9,,,2,,,,55,,"Lourde","inférieur à 400m","H1c","2 Rue Gaspard Buisson 71420 Ciry-le-Noble","2","Rue Gaspard Buisson","Ciry-le-Noble","71420","71132","71","27","71132_0370_00002",797822.15,6614694.41,0.5,"adresse géocodée ban à l'adresse","2 RUE GASPARD BUISSON","CIRY-LE-NOBLE",71420,0,,,,,"bon",1,1,0,1,1,129.9,19.3,31.5,4.1,5.5,7.7,19.6,42.2,"insuffisante","insuffisante",,"bonne",,"insuffisante","moyenne",0.86,4654.1,944.6,0,1401639.1,0,1516898.3,0,11453.2,208,7042.1,2509.3,0,235.3,1666.5,10378.3,188,7042.1,2509.3,0,102.3,724.6,2221.6,40,1598.6,569.6,0,7.1,46.4,"Gaz naturel",9551.4,7042.1,2509.3,854,629.6,224.4,2168.2,1598.6,569.6,"Électricité",826.9,0,0,239.9,0,0,53.4,0,0,,,,,,,,,,,1093.8,629.6,224.4,0,29.7,210.2,"Gaz naturel","Chaudière gaz standard 2001-2015","installation individuelle","Radiateur bitube avec robinet thermostatique sur réseau individuel eau chaude haute température(sup ou egal 65°C)","Installation de chauffage simple","Chaudière individuelle gaz standard installée entre 2001 et 2015 régulée. Emetteur(s): radiateur bitube avec robinet thermostatique",7042.1,55,,,"Chaudière gaz standard 2001-2015","Gaz naturel","chauffage + ecs","Gaz Naturel - Chaudière gaz standard installée entre 2001 et 2015",7042.1,,,,,,,,,,,,,,,,,,,,,,,,"Gaz naturel","Chaudière gaz standard 2001-2015",,,"installation individuelle","Un seul système d'ECS sans solaire","Combiné au système de chauffage, contenance ballon 50 L",2509.3,1,55,"Non affecté",,,,"Chaudière gaz standard 2001-2015","Gaz naturel","chauffage + ecs","Gaz Naturel - Chaudière gaz standard installée entre 2001 et 2015",50,,2509.3,,,,,,,,,,,,0,,,,,,,,,,,,0,
"2271E1273944Q","2024-12-12","2022-06-01","2022-06-08","2022-06-09","2032-06-07",,,"EJCVW9WMYJMF","Reprise RNB",,,"DPE 3CL 2021 méthode logement",2.1,"dpe maison individuelle","D","D","maison",2007,"2006-2012",,,2.5,,,2,,,,87.6,,"Moyenne","inférieur à 400m","H1c","2 Impasse du Gymnase 71420 Ciry-le-Noble","2","Impasse du Gymnase","Ciry-le-Noble","71420","71132","71","27","71132_0385_00002",799338.92,6612656.31,0.55,"adresse non géocodée ban car aucune correspondance trouvée","2 IMPASSE DU GYMNASE","CIRY-LE-NOBLE",71420,,,"LES PETITS VINS - Logt 4",,,"moyen",1,1,0,0,1,262.3,112.5,37,15.9,17.1,3,15.3,61.4,"moyenne","bonne",,,"bonne","très bonne","très bonne",0.77,11292.1,1210.2,0,2298827.9,0,1979865,0,15329.1,175,11670.5,1989.8,0,366.7,1511.8,14385.5,164.3,11670.5,1989.8,0,159.4,657.3,3148.3,35.9,2649.2,451.7,0,11,42.1,"Gaz naturel",13660.3,11670.5,1989.8,1122,959,163,3100.9,2649.2,451.7,"Électricité",725.2,0,0,210.5,0,0,53.1,0,0,"Électricité d'origine renouvelable utilisée dans le bâtiment",580.7,0,0,0,0,0,0,0,0,1330.1,959,163,0,46,162.1,"Gaz naturel","Chaudière gaz à condensation 2001-2015","installation individuelle","Radiateur bitube avec robinet thermostatique sur réseau individuel eau chaude basse ou moyenne température(inf 65°C)","Installation de chauffage simple","Installation 1",11670.5,87.6,,,"Chaudière gaz à condensation 2001-2015","Gaz naturel","chauffage + ecs","Chaudière condensation",11670.5,,,,,,,,,,,,,,,,,,,,,,,,"Gaz naturel","Chaudière gaz à condensation 2001-2015",,,"installation individuelle","Un seul système d'ECS sans solaire","Chaudière condensation",1989.8,1,87.6,"Non affecté",,,,"Chaudière gaz à condensation 2001-2015","Gaz naturel","chauffage + ecs","Chaudière condensation",0,,1989.8,,,,,,,,,,"VMC SF Hygro A de 2001 à 2012",87.6,0,,,,,,,,"Solaire Photovoltaïque",1,4,2,997.3,
"2271E0786187T","2024-12-30","2022-04-12","2022-04-13","2022-04-14","2032-04-12",,,"PF8Y7VX5Q7KA","Reprise RNB",,,"DPE 3CL 2021 méthode logement",2.1,"dpe maison individuelle","D","D","maison",1948,"1948-1974",,,2.5,,,1,,,,92,,"Moyenne","inférieur à 400m","H1c","12 Rue Benoit Lagrost 71420 Ciry-le-Noble","12","Rue Benoit Lagrost","Ciry-le-Noble","71420","71132","71","27","71132_0070_00012",799334.11,6612352.67,0.47,"adresse géocodée ban à l'adresse","12 Rue Benoit Lagrost","CIRY-LE-NOBLE",71420,0,,,,"Ce bien ne fait pas partie d'une copropriété","moyen",1,1,0,0,1,294.1,19.9,79.1,10.5,40.4,11.9,24,108.4,"bonne","insuffisante",,"très bonne",,"insuffisante","bonne",0.6,12822.5,1231.6,0,2392733.4,0,2369866.6,0,15134.8,164,14301.9,0,0,393.5,439.4,14664,159,14301.9,0,0,171.1,191.1,3270.6,35,3246.5,0,0,11.8,12.2,"Gaz naturel",14301.9,14301.9,0,1164.3,1164.3,0,3246.5,3246.5,0,"Électricité",362.2,0,0,105.1,0,0,24,0,0,,,,,,,,,,,1269.4,1164.3,0,0,49.6,55.4,"Gaz naturel","Chaudière gaz à condensation 2001-2015","installation individuelle","Plancher chauffant sur réseau individuel eau chaude haute température(sup ou egal 65°C)","Installation de chauffage simple","Chaudière individuelle gaz à condensation installée entre 2001 et 2015 régulée, avec programmateur avec réduit",14301.9,92,,,"Chaudière gaz à condensation 2001-2015","Gaz naturel","chauffage","Gaz Naturel - Chaudière gaz à condensation installée entre 2001 et 2015",14301.9,,,,,,,,,,,,,,,,,,,,,,,,"Non affecté",,,,,,,,,,,,,,,,,,,,,,,,,,,,,,,,0,,,,,,,,,,,,0,
"2271E0067065F","2024-12-30","2022-01-10","2022-01-12","2022-01-13","2032-01-11",,,"VJTQJSGW957M","Reprise RNB",,,"DPE 3CL 2021 méthode logement",2,"dpe maison individuelle","G","G","maison",1947,"avant 1948",,,2.5,,,1,,,,50.7,,"Lourde","inférieur à 400m","H1c","66 Rue Henri Mugnier 71420 Ciry-le-Noble","66","Rue Henri Mugnier","Ciry-le-Noble","71420","71132","71","27","71132_0500_00066",799193.74,6614332.35,0.59,"adresse géocodée ban à l'adresse","66 Rue Henri Mugnier","CIRY-LE-NOBLE",71420,0,,,,,,,,,,,311.9,21.3,116.6,51.7,18.6,11.3,18.1,74.4,"insuffisante","insuffisante",,"insuffisante",,"insuffisante","insuffisante",1.34,14917.2,892.8,0,1303453.6,0,953317.7,0,21881.9,431,19097.2,2030.3,0,216.9,537.5,21455.5,423,19097.2,2030.3,0,94.3,233.7,6866.8,135,6187.5,657.8,0,6.5,15,"Fioul domestique",21127.5,19097.2,2030.3,1931.5,1745.9,185.6,6845.3,6187.5,657.8,"Électricité",328,0,0,95.1,0,0,21.5,0,0,,,,,,,,,,,2026.6,1745.9,185.6,0,27.4,67.8,"Fioul domestique","Chaudière fioul classique 1976-1980","installation individuelle","Radiateur bitube sans robinet thermostatique sur réseau individuel eau chaude basse ou moyenne température(inf 65°C)","Installation de chauffage simple","Chaudière individuelle fioul classique installée entre 1976 et 1980. Emetteur(s): radiateur bitube sans robinet thermostatique",19097.2,50.7,,,"Chaudière fioul classique 1976-1980","Fioul domestique","chauffage","Fioul - Chaudière fioul classique installée entre 1976 et 1980",19097.2,,,,,,,,,,,,,,,,,,,,,,,,"Fioul domestique","Chaudière fioul classique 1976-1980",,,"installation individuelle","Un seul système d'ECS sans solaire","Combiné au système de chauffage",2030.3,1,50.7,"Non affecté",,,,"Chaudière fioul classique 1976-1980","Fioul domestique","chauffage + ecs","Fioul - Chaudière fioul classique installée entre 1976 et 1980",0,,2030.3,,,,,,,,,,,,0,,,,,,,,,,,,0,
"2271E1486314S","2024-12-30","2022-06-29","2022-06-29","2022-06-30","2032-06-28",,,"DV8P1XX7A2YA","Reprise RNB",,,"DPE 3CL 2021 méthode logement",2.1,"dpe maison individuelle","D","D","maison",,"avant 1948",,,2.5,,,1,,,,102,,"Lourde","inférieur à 400m","H1c","12 Rue Charles Labaune 71420 Ciry-le-Noble","12","Rue Charles Labaune","Ciry-le-Noble","71420","71132","71","27","71132_0170_00012",797738.33,6614336.62,0.52,"adresse géocodée ban à l'adresse","12 rue Charles Labaune","CIRY-LE-NOBLE",71420,0,,,"22AHANDA0777",,"insuffisant",1,1,0,1,0,325.6,19.7,42.6,125,29.4,3,14.4,91.4,"insuffisante","bonne","insuffisante",,,"insuffisante","très bonne",0.96,13953,1279.9,0,2354875.9,0,1561929,0,23628.4,231,18379,4443.6,0,436.3,369.5,20661.3,202,18379,1932,0,189.7,160.6,3498.8,34,3349.9,125.6,0,13.1,10.3,"Fioul domestique",9518.7,9518.7,0,870.2,870.2,0,3084.1,3084.1,0,"Bois – Bûches",8860.3,8860.3,0,283.6,283.6,0,265.8,265.8,0,"Électricité",2282.3,0,1932,470,0,397.9,148.9,0,125.6,1623.9,1153.8,397.9,0,39.1,33.1,"Fioul domestique","Poêle à granulés flamme verte installé entre 2012 et 2019","installation individuelle","Radiateur bitube avec robinet thermostatique sur réseau individuel eau chaude haute température(sup ou egal 65°C)","Installation de chauffage simple","Chaudière individuelle fioul standard installée entre 1991 et 2015 réseau isolé. Emetteur(s): radiateur bitube avec robinet thermostatique",9518.7,52,,,"Chaudière fioul standard 1991-2015","Fioul domestique","chauffage","Fioul - Chaudière fioul standard installée entre 1991 et 2015",9518.7,,,,,,"installation individuelle","Poêle bois","Installation de chauffage simple","Poêle à granulés flamme verte installé entre 2012 et 2019 (système individuel)",8860.3,50,,,"Poêle à granulés flamme verte installé entre 2012 et 2019","Bois – Bûches","chauffage","Bois - Poêle à granulés flamme verte installé entre 2012 et 2019",8860.3,,,,,,"Électricité","Ballon électrique à accumulation vertical Autres ou inconnue",,,"installation individuelle","Un seul système d'ECS sans solaire","Ballon électrique à accumulation vertical (autres catégorie ou inconnue), contenance ballon 150 L",1932,1,102,"Non affecté",,,,"Ballon électrique à accumulation vertical Autres ou inconnue","Électricité","ecs","Electrique - Ballon électrique à accumulation vertical (autres catégorie ou inconnue)",150,,1932,,,,,,,,,,,,0,,,,,,,"chauffage au bois",,,,,0,
"2271E0350230E","2024-12-30","2022-02-21","2022-02-21","2022-02-22","2032-02-20",,,"8JWMQ6J3PMFT","Reprise RNB",,,"DPE 3CL 2021 méthode logement",2.1,"dpe maison individuelle","E","B","maison",1981,"1978-1982",,,2.5,,,1,,,,92,,"Moyenne","inférieur à 400m","H1c","4 Rue Jules Ferry 71420 Ciry-le-Noble","4","Rue Jules Ferry","Ciry-le-Noble","71420","71132","71","27","71132_0433_00004",799037.05,6612980.36,0.49,"adresse géocodée ban à l'adresse","4 Rue Jules Ferry","CIRY-LE-NOBLE",71420,0,,,,,,,,,,,232.3,56.8,56.8,8.8,8,3,23.6,75.2,"bonne","insuffisante","très bonne",,,"bonne","très bonne",0.58,9405.6,1231.6,0,2392733.4,0,2227026,0,25226.2,274,19198.8,4324.3,0,393.5,1309.6,16710.3,181,14089.7,1880.1,0,171.1,569.4,785.7,8,615.3,122.2,0,11.8,36.4,"Bois – Bûches",10159.7,10159.7,0,325.2,325.2,0,304.8,304.8,0,"Électricité",6550.7,3930.1,1880.1,1124.8,674.8,322.8,480.9,310.5,122.2,,,,,,,,,,,1450,1000,322.8,0,29.4,97.8,"Bois – Bûches","Foyer fermé installé avant 1990","installation individuelle","Poêle bois","Installation de chauffage simple","Foyer fermé installé avant 1990 (système individuel)",10159.7,45,,,"Foyer fermé installé avant 1990","Bois – Bûches","chauffage","Bois - Foyer fermé installé avant 1990",10159.7,,,,,,"installation individuelle","Convecteur électrique NFC, NF** et NF***","Installation de chauffage simple","Convecteur électrique NFC, NF** et NF*** avec programmateur pièce par pièce (système individuel)",3930.1,47,,,"Convecteur électrique NFC, NF** et NF***","Électricité","chauffage","Electrique - Convecteur électrique NFC, NF** et NF***",3930.1,,,,,,"Électricité","Ballon électrique à accumulation vertical Autres ou inconnue",,,"installation individuelle","Un seul système d'ECS sans solaire","Ballon électrique à accumulation vertical (autres catégorie ou inconnue), contenance ballon 150 L",1880.1,1,92,"Non affecté",,,,"Ballon électrique à accumulation vertical Autres ou inconnue","Électricité","ecs","Electrique - Ballon électrique à accumulation vertical (autres catégorie ou inconnue)",150,,1880.1,,,,,,,,,,,,0,,,,,,,"chauffage au bois",,,,,0,
"2271E0920028M","2024-12-30","2022-04-28","2022-04-28","2022-04-29","2032-04-27",,,"133J9NGBB7BZ","Reprise RNB",,,"DPE 3CL 2021 méthode logement",2.1,"dpe maison individuelle","E","D","maison",1947,"avant 1948",,,2.5,,,1,,,,120,,"Légère","inférieur à 400m","H1c","10 Rue Benoit Lagrost 71420 Ciry-le-Noble","10","Rue Benoit Lagrost","Ciry-le-Noble","71420","71132","71","27","71132_0070_00010",799346.79,6612359.32,0.47,"adresse géocodée ban à l'adresse","10 Rue Benoit Lagrost","CIRY-LE-NOBLE",71420,0,,,,"Ce bien ne fait pas partie d'une copropriété","insuffisant",0,1,0,0,1,406.1,37.8,191.5,10.6,25.5,10.4,17,113.4,"insuffisante","insuffisante","bonne",,,"insuffisante","bonne",0.89,18770.7,1366.7,0,2983599.5,0,2140212,0,34333,286,27479.6,4602.7,0,513.3,1737.4,22585.2,188,19605.5,2001.2,0,223.2,755.4,3747.8,31,3554,130.1,0,15.4,48.3,"Gaz naturel",13548.4,13548.4,0,1115.1,1115.1,0,3075.5,3075.5,0,"Électricité",9036.8,6057.1,2001.2,1515.9,1016.1,335.7,672.3,478.5,130.1,,,,,,,,,,,2631.1,2131.2,335.7,0,37.4,126.7,"Gaz naturel","Chaudière gaz standard 2001-2015","installation individuelle","Radiateur bitube avec robinet thermostatique sur réseau individuel eau chaude haute température(sup ou egal 65°C)","Installation de chauffage simple","Chaudière individuelle gaz standard installée entre 2001 et 2015 régulée, avec programmateur sans réduit, réseau isolé. Emetteur(s): radiateur bitube avec robinet thermostatique",13548.4,70,,,"Chaudière gaz standard 2001-2015","Gaz naturel","chauffage","Gaz Naturel - Chaudière gaz standard installée entre 2001 et 2015",13548.4,,,,,,"installation individuelle","radiateur électrique NFC, NF** et NF***","Installation de chauffage simple","Radiateur électrique NFC, NF** et NF*** avec programmateur pièce par pièce (système individuel)",6057.1,50,,,"radiateur électrique NFC, NF** et NF***","Électricité","chauffage","Electrique - Radiateur électrique NFC, NF** et NF***",6057.1,,,,,,"Électricité","Ballon électrique à accumulation vertical Catégorie B ou 2 étoiles",,,"installation individuelle","Un seul système d'ECS sans solaire","Ballon électrique à accumulation vertical (catégorie B ou 2 étoiles), contenance ballon 150 L",2001.2,1,120,"Non affecté",,,,"Ballon électrique à accumulation vertical Catégorie B ou 2 étoiles","Électricité","ecs","Electrique - Ballon électrique à accumulation vertical (catégorie B ou 2 étoiles)",150,,2001.2,,,,,,,,,,,,0,,,,,,,,,,,,0,
"2571E0797259S","2025-04-29","2025-02-26","2025-03-09","2025-03-10","2035-03-08",,,,,,,"DPE 3CL 2021 méthode logement",2.4,"dpe appartement individuel","E","E","appartement",,"avant 1948","individuel","individuel",2.6,1,,1,,,,93.5,,"Légère","inférieur à 400m","H1c","1 Rue du Devant 71420 Ciry-le-Noble","1","Rue du Devant","Ciry-le-Noble","71420","71132","71","27","71132_0228_00001",799714.72,6613935.4,0.48,"adresse géocodée ban à l'adresse","1 rue du criée","GENELARD",71420,0,,,"25LACHAT426","Etage 1er étage","insuffisant",1,1,0,0,0,399,13.4,21.5,180.7,0,7.9,12,163.5,"insuffisante","bonne",,"insuffisante",,"très bonne","bonne",1.35,19778.5,1419.5,0,2528.4,0,940.4,0,27745.8,296,24434.5,2166,0,400.1,745.3,27098.4,289,24434.5,2166,0,173.9,324,6071,64,5546.6,491.7,0,12,20.7,"Gaz naturel",26600.4,24434.5,2166,2705.8,2485.5,220.3,6038.3,5546.6,491.7,"Électricité",498,0,0,172.9,0,0,32.7,0,0,,,,,,,,,,,2878.8,2485.5,220.3,0,60.4,112.5,"Gaz naturel","Chaudière gaz basse température 2001-2015","installation individuelle","Radiateur bitube avec robinet thermostatique sur réseau individuel eau chaude basse ou moyenne température(inf 65°C)","Installation de chauffage simple","Chaudière individuelle gaz basse température installée entre 2001 et 2015 régulée. Emetteur(s): radiateur bitube avec robinet thermostatique",24434.5,93.5,,,"Chaudière gaz basse température 2001-2015","Gaz naturel","chauffage + ecs","Gaz Naturel - Chaudière gaz basse température installée entre 2001 et 2015",24434.5,,,,,,,,,,,,,,,,,,,,,,,,"Gaz naturel","Chaudière gaz basse température 2001-2015",,,"installation individuelle","Un seul système d'ECS sans solaire","Combiné au système de chauffage",2166,1,93.5,"Non affecté",,,,"Chaudière gaz basse température 2001-2015","Gaz naturel","chauffage + ecs","Gaz Naturel - Chaudière gaz basse température installée entre 2001 et 2015",0,,2166,,,,,,,,,,,,0,,,,,,,,,,,,0,
"2471E4001754M","2025-04-29","2024-11-12","2024-11-12","2024-11-13","2034-11-11",,,,,,,"DPE 3CL 2021 méthode logement",2.4,"dpe maison individuelle","D","D","maison",,"avant 1948",,,2.8,,,3,,,,104.9,,"Lourde","inférieur à 400m","H1c","10a Rue Champlong 71420 Ciry-le-Noble","10a","Rue Champlong","Ciry-le-Noble","71420","71132","71","27","71132_k74x4b_00010_a",797668.66,6614466.34,0.49,"adresse géocodée ban à l'adresse","10a Rue ChampLong","CIRY LE NOBLE, France",71420,0,,,"24PETARD1957",,"insuffisant",0,1,0,1,0,349.7,8.5,27,158,19.4,10.8,30.7,95.5,"insuffisante","très bonne","insuffisante",,,"insuffisante","bonne",1.01,14812.3,1293.8,0,2410.2,0,2177.8,0,18542.3,176,15610.7,1897.3,0,448.7,585.7,17957.7,171,15610.7,1897.3,0,195.1,254.6,4004.1,38,3543.6,430.7,0,13.5,16.3,"Gaz naturel",17507.9,15610.7,1897.3,1843.2,1643.4,199.7,3974.3,3543.6,430.7,"Électricité",449.7,0,0,156.2,0,0,29.8,0,0,,,,,,,,,,,1999.3,1643.4,199.7,0,67.7,88.4,"Gaz naturel","Chaudière gaz à condensation après 2015","installation individuelle","Radiateur bitube avec robinet thermostatique sur réseau individuel eau chaude basse ou moyenne température(inf 65°C)","Installation de chauffage simple","Chaudière individuelle gaz à condensation installée à partir de 2016 avec programmateur avec réduit, réseau isolé. Emetteur(s): radiateur bitube avec robinet thermostatique",15610.7,104.9,,,"Chaudière gaz à condensation après 2015","Gaz naturel","chauffage + ecs","Gaz Naturel - Chaudière gaz à condensation installée à partir de 2016",15610.7,,,,,,,,,,,,,,,,,,,,,,,,"Gaz naturel","Chaudière gaz à condensation après 2015",,,"installation individuelle","Un seul système d'ECS sans solaire","Combiné au système de chauffage",1897.3,1,104.9,"Non affecté",,,,"Chaudière gaz à condensation après 2015","Gaz naturel","chauffage + ecs","Gaz Naturel - Chaudière gaz à condensation installée à partir de 2016",0,,1897.3,,,,,,,,,,,,0,,,,,,,,,,,,0,
"2571E1329007O","2025-04-29","2025-04-16","2025-04-16","2025-04-17","2035-04-15",,,,,,,"DPE 3CL 2021 méthode logement",2.4,"dpe maison individuelle","E","B","maison",,"avant 1948",,,2.8,,,2,,,,145.9,,"Très lourde","inférieur à 400m","H1c","12 Rue Philippe Martin 71420 Ciry-le-Noble","12","Rue Philippe Martin","Ciry-le-Noble","71420","71132","71","27","71132_0560_00012",799632.81,6612288.61,0.52,"adresse géocodée ban à l'adresse","12 rue PHILLIPPE MARTIN","CIRY LE NOBLE",71420,0,,,"4578",,"insuffisant",0,1,0,1,0,861.1,59.7,308.1,195.5,28,5.1,50,214.7,"insuffisante","insuffisante",,"insuffisante",,"insuffisante","moyenne",1.64,40690.1,1491.4,0,3191.8,0,3663.7,0,44954.5,308,41891.7,1844.2,0,623.9,594.7,19545.4,134,18213.8,801.8,0,271.2,258.6,1526.3,10,1438.9,52.1,0,18.7,16.5,"Électricité",19545.4,18213.8,801.8,3987.3,3715.6,163.6,1526.3,1438.9,52.1,,,,,,,,,,,,,,,,,,,,,3987.3,3715.6,163.6,0,55.3,52.7,"Électricité","PAC air/eau installée avant 2008","installation individuelle","Radiateur bitube avec robinet thermostatique sur réseau individuel eau chaude haute température(sup ou egal 65°C)","Installation de chauffage simple","PAC air/eau installée avant 2008 avec programmateur avec réduit (système individuel). Emetteur(s): radiateur bitube avec robinet thermostatique",18213.8,145.9,,,"PAC air/eau installée avant 2008","Électricité","chauffage + ecs","Electrique - PAC air/eau installée avant 2008",18213.8,,,,,,,,,,,,,,,,,,,,,,,,"Électricité","PAC double service avant 2010",,,"installation individuelle","Un seul système d'ECS sans solaire","Combiné au système de chauffage",801.8,1,145.9,"Non affecté",,,,"PAC double service avant 2010","Électricité","chauffage + ecs","Electrique - PAC air/eau installée avant 2008",0,2,801.8,"Avant 2010",,,,,,,,,,,0,,,,,,,"pompe à chaleur",,,,,0,
"2471E2802459T","2025-04-29","2024-08-01","2024-08-02","2024-08-03","2034-08-01",,,,,,,"DPE 3CL 2021 méthode logement",2.4,"dpe maison individuelle","D","D","maison",,"avant 1948",,,2.7,,,2,,,,91,,"Lourde","inférieur à 400m","H1c","Rue Clément Marot 71420 Ciry-le-Noble",,"Rue Clément Marot","Ciry-le-Noble","71420","71132","71","27","71132_0200",797573.74,6614372.95,0.49,"adresse géocodée ban à l'adresse","7-2 RUE CLEMENT MAROT","CIRY LE NOBLE",71420,0,,,"MA2407133714","Bat. N/A; Etage N/A; Porte N/A","insuffisant",0,1,0,1,0,260.2,16.4,23.5,104.7,22.6,6.4,19.7,66.9,"insuffisante","très bonne","insuffisante",,,"insuffisante","bonne",0.93,10909.7,1226.8,0,2144.9,0,1443.6,0,13532,148,10743.2,1626.3,0,389.2,773.2,12874.9,141,10743.2,1626.3,0,169.2,336.2,2841.1,31,2438.7,369.2,0,11.7,21.5,"Gaz naturel",12369.5,10743.2,1626.3,1355.6,1177.4,178.2,2807.9,2438.7,369.2,"Électricité",505.4,0,0,175.5,0,0,33.2,0,0,,,,,,,,,,,1531.1,1177.4,178.2,0,58.8,116.7,"Gaz naturel","Chaudière gaz à condensation après 2015","installation individuelle","Radiateur bitube avec robinet thermostatique sur réseau individuel eau chaude basse ou moyenne température(inf 65°C)","Installation de chauffage simple","Chaudière individuelle gaz à condensation installée à partir de 2016 régulée, avec programmateur avec réduit, réseau isolé. Emetteur(s): radiateur bitube avec robinet thermostatique",10743.2,91,,,"Chaudière gaz à condensation après 2015","Gaz naturel","chauffage + ecs","Gaz Naturel - Chaudière gaz à condensation installée à partir de 2016",10743.2,,,,,,,,,,,,,,,,,,,,,,,,"Gaz naturel","Chaudière gaz à condensation après 2015",,,"installation individuelle","Un seul système d'ECS sans solaire","Combiné au système de chauffage",1626.3,1,91,"Non affecté",,,,"Chaudière gaz à condensation après 2015","Gaz naturel","chauffage + ecs","Gaz Naturel - Chaudière gaz à condensation installée à partir de 2016",0,,1626.3,,,,,,,,,,,,0,,,,,,,,,,,,0,
"2571E0059242L","2025-04-29","2025-01-07","2025-01-07","2025-01-08","2035-01-06",,,,,,,"DPE 3CL 2021 méthode logement",2.4,"dpe maison individuelle","G","E","maison",,"avant 1948",,,2.9,,,2,,,,92,,"Moyenne","inférieur à 400m","H1c","14b Rue Rabelais 71420 Ciry-le-Noble","14b","Rue Rabelais","Ciry-le-Noble","71420","71132","71","27","71132_0700_00014_b",797637.5,6614329.44,0.48,"adresse géocodée ban à l'adresse","14bis Rue Rablais","CIRY LE NOBLE, France",71420,0,,,"24PRIEST2233",,"insuffisant",0,1,0,0,1,480.5,33.7,241.5,11,19.3,18.3,48.6,108.1,"insuffisante","insuffisante",,"moyenne",,"insuffisante","moyenne",1.76,22510.5,1231.7,0,2393.2,0,3219.9,0,40236.1,437,35198.9,4189.6,0,393.6,454,37388.9,406,35198.9,1821.6,0,171.1,197.4,5864,63,5721.1,118.4,0,11.8,12.6,"Gaz naturel",23681,23681,0,2428.9,2428.9,0,5375.6,5375.6,0,"Bois – Bûches",11517.8,11517.8,0,483.7,483.7,0,345.5,345.5,0,"Électricité",2190.1,0,1821.6,573.1,0,476.7,142.8,0,118.4,3485.7,2912.6,476.7,0,44.8,51.7,"Gaz naturel","Chaudière gaz classique 1986-1990","installation individuelle","Poêle bois","Installation de chauffage avec insert ou poêle bois en appoint","Chaudière individuelle gaz classique installée entre 1986 et 1990 avec en appoint un insert installé avant 1990. Emetteur(s): radiateur bitube sans robinet thermostatique, radiateur bitube avec robinet thermostatique",35198.9,92,,,"Chaudière gaz classique 1986-1990","Gaz naturel","chauffage","Gaz Naturel - Chaudière gaz classique installée entre 1986 et 1990",23681,"insert installé avant 1990","Bois – Bûches","chauffage","Bois - Insert installé avant 1990",11517.8,,,,,,,,,,,,,,,,,,,"Électricité","Ballon électrique à accumulation vertical Catégorie C ou 3 étoiles",,,"installation individuelle","Un seul système d'ECS sans solaire","Ballon électrique à accumulation vertical (catégorie C ou 3 étoiles), contenance ballon 150 L",1821.6,1,92,"Non affecté",,,,"Ballon électrique à accumulation vertical Catégorie C ou 3 étoiles","Électricité","ecs","Electrique - Ballon électrique à accumulation vertical (catégorie C ou 3 étoiles)",150,,1821.6,,,,,,,,,,,,0,,,,,,,"chauffage au bois",,,,,0,
"2471E3303480U","2025-04-29","2024-09-22","2024-09-22","2024-09-23","2034-09-21",,,,,,,"DPE 3CL 2021 méthode logement",2.4,"dpe maison individuelle","E","B","maison",,"avant 1948",,,2.7,,,2,,,,187.8,,"Lourde","inférieur à 400m","H1c","11 Rue Charles Labaune 71420 Ciry-le-Noble","11","Rue Charles Labaune","Ciry-le-Noble","71420","71132","71","27","71132_0170_00011",797850.81,6614602.02,0.52,"adresse géocodée ban à l'adresse","11 Rue Charles Labaune","CIRY-LE-NOBLE, France",71420,0,,,"24RIBEIRO1634",,"insuffisant",0,1,0,1,1,851.8,105,368.2,17.2,39.5,41.2,38.7,241.9,"insuffisante","insuffisante",,"bonne",,"bonne","moyenne",1.12,41818.2,1693.7,0,4414.1,0,3019.6,0,60560.4,322,53039.1,6323.2,0,803.3,394.7,57593.5,306,53039.1,4033.5,0,349.2,171.6,1808.9,9,1591.2,182.7,0,24.1,11,"Bois – Bûches",55311.3,53039.1,2272.1,2323.1,2227.6,95.4,1659.3,1591.2,68.2,"Électricité",2282.2,0,1761.3,590.6,0,455.8,149.6,0,114.5,,,,,,,,,,,2913.6,2227.6,551.2,0,90.4,44.4,"Bois – Bûches","Chaudière bois bûche après 2019","installation individuelle","Poêle bois","Installation de chauffage simple","Poêle à Granules (système individuel)",27318.1,92.8,,,"Poêle à granulés installée avant 2012 ou sans label flamme verte","Bois – Bûches","chauffage","Bois - Poêle à granulés installée avant 2012 ou sans label flamme verte",27318.1,,,,,,"installation individuelle","Radiateur bitube sans robinet thermostatique sur réseau individuel eau chaude haute température(sup ou egal 65°C)","Installation de chauffage simple","Chaudière individuelle bois (bûche) installée à partir de 2020 régulée, réseau isolé. Emetteur(s): radiateur bitube sans robinet thermostatique",25721,95,,,"Chaudière bois bûche après 2019","Bois – Bûches","chauffage + ecs","Bois - Chaudière bois (bûche) installée à partir de 2020",25721,,,,,,"Bois – Bûches","Ballon électrique à accumulation vertical Autres ou inconnue",,,"installation individuelle","Un seul système d'ECS sans solaire","Combiné au système de chauffage",2272.1,1,93.9,"Non affecté",,,,"Chaudière bois bûche après 2019","Bois – Bûches","chauffage + ecs","Bois - Chaudière bois (bûche) installée à partir de 2020",0,,2272.1,,,,,,,,,,,,0,,,,,,,"chauffage au bois",,,,,0,
"2471E2710062A","2025-04-29","2024-07-24","2024-07-25","2024-07-26","2034-07-24",,,,,,,"DPE 3CL 2021 méthode logement",2.4,"dpe maison individuelle","D","D","maison",,"1948-1974",,,2.8,,,3,,,,106,,"Lourde","inférieur à 400m","H1c","Rue Rabelais 71420 Ciry-le-Noble",,"Rue Rabelais","Ciry-le-Noble","71420","71132","71","27","71132_0700",797653.3,6614356.02,0.48,"adresse géocodée ban à l'adresse","1.2 RUE RABELAIS","CIRY LE NOBLE",71420,0,,,"MA2407122805","Bat. N/A; Etage RDC; Porte N/A","bon",1,1,0,1,1,374.5,22.4,176.6,31.9,20.8,3.6,20.5,98.9,"insuffisante","insuffisante","insuffisante",,,"insuffisante","très bonne",1.11,16999.5,1299,0,2687.3,0,2207.7,0,20664.8,195,18028.6,1699,0,453.2,483.9,20135.1,190,18028.6,1699,0,197.1,210.4,4505.2,42,4092.5,385.7,0,13.6,13.5,"Gaz naturel",19727.6,18028.6,1699,2053.8,1876.9,176.9,4478.2,4092.5,385.7,"Électricité",407.5,0,0,141.5,0,0,27.1,0,0,,,,,,,,,,,2195.2,1876.9,176.9,0,68.4,73.1,"Gaz naturel","Chaudière gaz à condensation après 2015","installation individuelle","Radiateur bitube avec robinet thermostatique sur réseau individuel eau chaude haute température(sup ou egal 65°C)","Installation de chauffage simple","Chaudière individuelle gaz à condensation installée à partir de 2016 régulée, avec programmateur sans réduit. Emetteur(s): radiateur bitube avec robinet thermostatique",18028.6,106,,,"Chaudière gaz à condensation après 2015","Gaz naturel","chauffage + ecs","Gaz Naturel - Chaudière gaz à condensation installée à partir de 2016",18028.6,,,,,,,,,,,,,,,,,,,,,,,,"Gaz naturel","Chaudière gaz à condensation après 2015",,,"installation individuelle","Un seul système d'ECS sans solaire","Combiné au système de chauffage",1699,1,106,"Non affecté",,,,"Chaudière gaz à condensation après 2015","Gaz naturel","chauffage + ecs","Gaz Naturel - Chaudière gaz à condensation installée à partir de 2016",0,,1699,,,,,,,,,,,,0,,,,,,,,,,,,0,
"2471E4508479X","2025-04-29","2024-12-15","2024-12-18","2024-12-19","2034-12-17",,,,,,,"DPE 3CL 2021 méthode logement",2.4,"dpe maison individuelle","D","B","maison",,"avant 1948",,,2.5,,,1,,,,89,,"Légère","inférieur à 400m","H1c","269 Impasse des Touillards 71420 Ciry-le-Noble","269","Impasse des Touillards","Ciry-le-Noble","71420","71132","71","27","71132_y9dtou_00269",798444.16,6611629.47,0.48,"adresse géocodée ban à l'adresse","269 Impasse des Touillard","CIRY LE NOBLE",71420,0,,,"24/IMO/0243",,"insuffisant",0,1,0,0,1,184.7,31.2,38.5,7.5,15.6,4.4,19.7,67.8,"bonne","moyenne",,"très bonne",,"insuffisante","moyenne",0.63,7918.6,1217.2,414.3,2329.4,108.2,923.3,217.3,20010.6,224,13463.8,5077.3,24.2,380.7,1064.7,8700.3,97,5853.8,2207.5,10.5,165.5,462.9,647.7,7,462.5,143.5,0.7,11.4,29.6,"Électricité",8700.3,5853.8,2207.5,1835.2,1234.8,465.6,647.7,462.5,143.5,,,,,,,,,,,,,,,,,,,,,1835.2,1234.8,465.6,2.2,34.9,97.6,"Électricité","Radiateur électrique à accumulation","installation individuelle","radiateur électrique NFC, NF** et NF***","Installation de chauffage simple","Radiateur électrique à inertie (modélisé comme un radiateur NFC, NF** et NF***) avec programmateur pièce par pièce (système individuel)",5298,73,,,"Radiateur électrique à accumulation","Électricité","chauffage","Electrique - Radiateur électrique à accumulation",5298,,,,,,"installation individuelle","Soufflage d'air chaud (air soufflé) avec distribution par réseau aéraulique","Installation de chauffage simple","PAC air/air installée à partir de 2015 (système individuel)",555.8,16,,,"PAC air/air installée à partir de 2015","Électricité","chauffage","Electrique - PAC air/air sans réseau de distribution installée à partir de 2015",555.8,,,,,,"Électricité","Ballon électrique à accumulation vertical Autres ou inconnue",,,"installation individuelle","Un seul système d'ECS sans solaire","Ballon électrique à accumulation vertical (autres catégorie ou inconnue), contenance ballon 200 L",2207.5,1,89,"Non affecté",,,,"Ballon électrique à accumulation vertical Autres ou inconnue","Électricité","ecs","Electrique - Ballon électrique à accumulation vertical (autres catégorie ou inconnue)",200,,2207.5,,,,,,,,,,,,0,"PAC air/air installée à partir de 2015","Électricité","A partir de 2015","Refroidissement - Electrique - Pompe à chaleur (divisé) - type split",16,10.5,"pompe à chaleur",,,,,0,
"2571E0773049O","2025-04-29","2025-02-11","2025-03-06","2025-03-06","2035-03-05","2571E0737383U",,,,,,"DPE 3CL 2021 méthode logement",2.4,"dpe appartement individuel","D","D","appartement",,"1948-1974","collectif","individuel",2.5,1,,1,,,4423,77.4,,"Lourde","inférieur à 400m","H1c","Rue Sully 71420 Ciry-le-Noble",,"Rue Sully","Ciry-le-Noble","71420","71132","71","27","71132_0800",797511.56,6614304.08,0.49,"adresse géocodée ban à l'adresse","LE NOLAT , RUE DE SULLY
BAT C1, 3EME, PORTE 5","CIRY LE NOBLE",71420,0,,,"25-02-101","Etage : C1, 3ème","insuffisant",0,1,0,1,0,204.3,38.9,54.1,0,0,1,39.8,70.4,"bonne","insuffisante",,"très bonne",,"très bonne","bonne",0.53,7550.3,1310.5,0,2170.2,0,2772.5,0,16389,211,11150.3,4519.4,0,331.1,388.1,13428,173,11150.3,1965,0,143.9,168.8,2679.6,34,2531.1,127.7,0,9.9,10.8,"Gaz naturel",11150.3,11150.3,0,1039.1,1039.1,0,2531.1,2531.1,0,"Électricité",2277.7,0,1965,593.1,0,519.7,148.5,0,127.7,,,,,,,,,,,1632.2,1039.1,519.7,0,38.1,35.4,"Gaz naturel","Chaudière gaz à condensation 2001-2015","installation collective","Radiateur bitube sans robinet thermostatique sur réseau collectif eau chaude haute température(sup ou egal 65°C)","Installation de chauffage simple","Chaudière collective gaz classique installée avant 1981 (par défaut, age et date de pose non connus). Emetteur(s): radiateur bitube sans robinet thermostatique",11150.3,77.4,,,"Chaudière gaz à condensation 2001-2015","Gaz naturel","chauffage","Gaz Naturel - Chaudière gaz à condensation installée entre 2001 et 2015",11150.3,,,,,,,,,,,,,,,,,,,,,,,,"Électricité","Ballon électrique à accumulation vertical Autres ou inconnue",,,"installation individuelle","Un seul système d'ECS sans solaire","Ballon électrique à accumulation vertical (autres catégorie ou inconnue), contenance ballon 150 L",1965,1,77.4,"Non affecté",,,,"Ballon électrique à accumulation vertical Autres ou inconnue","Électricité","ecs","Electrique - Ballon électrique à accumulation vertical (autres catégorie ou inconnue)",150,,1965,,,,,,,,,,,,0,,,,,,,,,,,,0,
"2471E4164732W","2025-04-29","2024-10-28","2024-11-25","2024-11-26","2034-11-24",,,,,,,"DPE 3CL 2021 méthode logement",2.4,"dpe appartement individuel","F","E","appartement",1963,"1948-1974","collectif","individuel",2.5,1,,1,,,777,39.5,,"Lourde","inférieur à 400m","H1c","8 Rue du 8 Mai 1945 71420 Ciry-le-Noble","8","Rue du 8 Mai 1945","Ciry-le-Noble","71420","71132","71","27","71132_0400_00008",799421.36,6612828.61,0.47,"adresse géocodée ban à l'adresse","8 RUE DU 8 MAI 1945 - LES MURGERS bâtiment A","CIRY LE NOBLE",71420,0,,,"AB138_CIRY-LE-NOBLE_132001006L","1er étage - porte 6","bon",1,1,0,1,0,166.4,32.6,71.1,0,0,10.5,15.5,36.8,"insuffisante","insuffisante",,"très bonne",,"très bonne","bonne",1.03,6954.3,999.4,0,1297.6,0,1403.8,0,15175.9,383,11147.3,3472,0,169.1,387.5,12898.9,326,11147.3,1509.6,0,73.5,168.5,2644.4,66,2530.4,98.1,0,5.1,10.8,"Gaz naturel",11147.3,11147.3,0,1048.5,1048.5,0,2530.4,2530.4,0,"Électricité",1751.6,0,1509.6,498,0,436.8,114,0,98.1,,,,,,,,,,,1546.5,1048.5,436.8,0,21.3,40,"Gaz naturel","Chaudière gaz standard 2001-2015","installation collective","Radiateur bitube sans robinet thermostatique sur réseau collectif eau chaude haute température(sup ou egal 65°C)","Installation de chauffage simple","Chaudière collective gaz standard installée entre 2001 et 2015 régulée. Emetteur(s): radiateur bitube sans robinet thermostatique",11147.3,39.5,,,"Chaudière gaz standard 2001-2015","Gaz naturel","chauffage","Gaz Naturel - Chaudière gaz standard installée entre 2001 et 2015",11147.3,,,,,,,,,,,,,,,,,,,,,,,,"Électricité","Ballon électrique à accumulation vertical Catégorie B ou 2 étoiles",,,"installation individuelle","Un seul système d'ECS sans solaire","Ballon électrique à accumulation vertical (catégorie B ou 2 étoiles), contenance ballon 100 L",1509.6,1,39.5,"Non affecté",,,,"Ballon électrique à accumulation vertical Catégorie B ou 2 étoiles","Électricité","ecs","Electrique - Ballon électrique à accumulation vertical (catégorie B ou 2 étoiles)",100,,1509.6,,,,,,,,,,,,0,,,,,,,,,,,,0,
"2571E0206654D","2025-04-29","2025-01-20","2025-01-20","2025-01-21","2035-01-19",,,,,,,"DPE 3CL 2021 méthode logement",2.4,"dpe maison individuelle","E","E","maison",,"avant 1948",,,2.5,,,2,,,,130.8,,"Lourde","inférieur à 400m","H1c","687 Rue des Vernes 71420 Ciry-le-Noble","687","Rue des Vernes","Ciry-le-Noble","71420","71132","71","27","71132_pk1bec_00687",797062.52,6613450.03,0.47,"adresse géocodée ban à l'adresse","687 Rue Les vernes","CIRY LE NOBLE, France",71420,0,,,"24NARBOUX2324",,"insuffisant",0,0,0,1,1,534.3,18.5,254.5,21,39.6,13.3,16.2,171.3,"insuffisante","insuffisante","insuffisante",,,"insuffisante","moyenne",1.02,25666.2,1418.7,0,2904.2,0,808.3,0,42901.8,328,39450.3,2487.7,0,559.4,404.5,42357,323,39450.3,2487.7,0,243.2,175.8,6883.7,52,6049.6,806,0,16.8,11.3,"Bois – Bûches",22898.9,22898.9,0,961.8,961.8,0,687,687,0,"Fioul domestique",19039.1,16551.4,2487.7,2821.8,2453.1,368.7,6168.7,5362.6,806,"Électricité",419.1,0,0,145.5,0,0,28,0,0,3929,3414.8,368.7,0,84.4,61.1,"Bois – Bûches","insert installé entre 1990 et 2004","installation individuelle","Poêle bois","Installation de chauffage simple","Insert installé entre 1990 et 2004 (système individuel)",22898.9,65.8,,,"insert installé entre 1990 et 2004","Bois – Bûches","chauffage","Bois - Insert installé entre 1990 et 2004",22898.9,,,,,,"installation individuelle","Radiateur bitube avec robinet thermostatique sur réseau individuel eau chaude haute température(sup ou egal 65°C)","Installation de chauffage simple","Chaudière individuelle fioul standard installée entre 1991 et 2015 régulée. Emetteur(s): radiateur bitube avec robinet thermostatique",16551.4,65,,,"Chaudière fioul standard 1991-2015","Fioul domestique","chauffage + ecs","Fioul - Chaudière fioul standard installée entre 1991 et 2015",16551.4,,,,,,"Fioul domestique","Chaudière fioul standard 1991-2015",,,"installation individuelle","Un seul système d'ECS sans solaire","Combiné au système de chauffage",2487.7,1,130.8,"Non affecté",,,,"Chaudière fioul standard 1991-2015","Fioul domestique","chauffage + ecs","Fioul - Chaudière fioul standard installée entre 1991 et 2015",0,,2487.7,,,,,,,,,,,,0,,,,,,,"chauffage au bois",,,,,0,
"2571E0402079M","2025-04-29","2025-02-04","2025-02-04","2025-02-05","2035-02-03",,,,,,,"DPE 3CL 2021 méthode logement",2.4,"dpe appartement individuel","F","C","appartement",1974,"1948-1974","individuel","individuel",2.5,1,,1,,,,81,,"Légère","inférieur à 400m","H1c","Rue Docteur Leclerc 71420 Ciry-le-Noble",,"Rue Docteur Leclerc","Ciry-le-Noble","71420","71132","71","27","71132_0245",799585.16,6613335.58,0.71,"adresse non géocodée ban car aucune correspondance trouvée","RUE DOCTEUR FRANCOIS LECLERC","CIRY LE NOBLE",71420,0,,,"002EW551629","Etage : 1","moyen",1,1,0,0,0,233.7,43.4,112.2,0,0,3.6,27.4,47.1,"insuffisante","insuffisante",,"très bonne",,"très bonne","moyenne",2.3,10242.3,1334.8,0,2250.1,0,1230.1,0,27781.6,342,21260.3,5153.9,0,346.5,1021,12079,149,9243.6,2240.8,0,150.6,443.9,914.7,11,730.2,145.7,0,10.4,28.4,"Électricité",12079,9243.6,2240.8,2501.7,1914.5,464.1,914.7,730.2,145.7,,,,,,,,,,,,,,,,,,,,,2501.7,1914.5,464.1,0,31.2,91.9,"Électricité","radiateur électrique NFC, NF** et NF***","installation individuelle","radiateur électrique NFC, NF** et NF***","Installation de chauffage simple","Radiateur électrique NFC, NF** et NF*** avec programmateur avec réduit (système individuel)",9243.6,81,,,"radiateur électrique NFC, NF** et NF***","Électricité","chauffage","Electrique - Radiateur électrique NFC, NF** et NF***",9243.6,,,,,,,,,,,,,,,,,,,,,,,,"Électricité","Ballon électrique à accumulation vertical Catégorie B ou 2 étoiles",,,"installation individuelle","Un seul système d'ECS sans solaire","Ballon électrique à accumulation vertical (catégorie B ou 2 étoiles), contenance ballon 250 L",2240.8,1,81,"Non affecté",,,,"Ballon électrique à accumulation vertical Catégorie B ou 2 étoiles","Électricité","ecs","Electrique - Ballon électrique à accumulation vertical (catégorie B ou 2 étoiles)",250,,2240.8,,,,,,,,,,,,0,,,,,,,,,,,,0,
"2571E1223963K","2025-04-29","2025-04-08","2025-04-08","2025-04-09","2035-04-07",,,,,,,"DPE 3CL 2021 méthode logement",2.4,"dpe maison individuelle","C","C","maison",,"avant 1948",,,2.7,,,2,,,,58,,"Lourde","inférieur à 400m","H1c","Rue Gaspard Buisson 71420 Ciry-le-Noble",,"Rue Gaspard Buisson","Ciry-le-Noble","71420","71132","71","27","71132_0370",797742.3,6614696.56,0.49,"adresse géocodée ban à l'adresse","7-1 rue Gaspard Buisson","CIRY LE NOBLE",71420,0,,,"MA2504058179","Bat. N/A; Etage N/A; Porte N/A","insuffisant",0,1,0,1,1,119.1,20.4,17.8,3.9,16,0,14,47.1,"bonne","très bonne",,"très bonne",,"insuffisante","très bonne",0.48,4426.4,980.8,0,1470.1,0,842.2,0,7172.6,123,4918.9,1348.5,0,248.1,657.2,6660.9,114,4918.9,1348.5,0,107.9,285.7,1448.4,24,1116.6,306.1,0,7.4,18.3,"Gaz naturel",6267.3,4918.9,1348.5,776.6,609.5,167.1,1422.7,1116.6,306.1,"Électricité",393.6,0,0,136.7,0,0,25.7,0,0,,,,,,,,,,,913.3,609.5,167.1,0,37.5,99.2,"Gaz naturel","Chaudière gaz à condensation après 2015","installation individuelle","Radiateur bitube avec robinet thermostatique sur réseau individuel eau chaude haute température(sup ou egal 65°C)","Installation de chauffage simple","Chaudière individuelle gaz à condensation installée à partir de 2016 régulée, avec programmateur pièce par pièce. Emetteur(s): radiateur bitube avec robinet thermostatique",4918.9,58,,,"Chaudière gaz à condensation après 2015","Gaz naturel","chauffage + ecs","Gaz Naturel - Chaudière gaz à condensation installée à partir de 2016",4918.9,,,,,,,,,,,,,,,,,,,,,,,,"Gaz naturel","Chaudière gaz à condensation après 2015",,,"installation individuelle","Un seul système d'ECS sans solaire","Combiné au système de chauffage",1348.5,1,58,"Non affecté",,,,"Chaudière gaz à condensation après 2015","Gaz naturel","chauffage + ecs","Gaz Naturel - Chaudière gaz à condensation installée à partir de 2016",0,,1348.5,,,,,,,,,,,,0,,,,,,,,,,,,0,
"2471E3385353T","2025-04-29","2024-09-26","2024-09-26","2024-09-27","2034-09-25",,,,,,,"DPE 3CL 2021 méthode logement",2.4,"dpe maison individuelle","C","A","maison",,"avant 1948",,,2.7,,,1,,,,88.9,,"Moyenne","inférieur à 400m","H1c","75 Rue Henri Mugnier 71420 Ciry-le-Noble","75","Rue Henri Mugnier","Ciry-le-Noble","71420","71132","71","27","71132_0500_00075",799185.16,6614430.84,0.59,"adresse géocodée ban à l'adresse","75 Rue Henri Mugnier","CIRY LE NOBLE, France",71420,0,,,"24PICHARD1673",,"insuffisant",1,1,0,0,0,332.6,37.2,87.6,53.6,32.3,7.5,27.4,87,"insuffisante","insuffisante",,"insuffisante",,"insuffisante","moyenne",0.86,15579.1,1216.5,0,2326.7,0,1592.6,0,14808.1,166,12673.3,1204,0,380.1,550.7,6438.3,72,5510.1,523.5,0,165.3,239.4,496.1,5,435.3,34,0,11.4,15.3,"Électricité",6438.3,5510.1,523.5,1389,1188.8,112.9,496.1,435.3,34,,,,,,,,,,,,,,,,,,,,,1389,1188.8,112.9,0,35.7,51.7,"Électricité","PAC air/eau installée après 2017","installation individuelle","Radiateur bitube avec robinet thermostatique sur réseau individuel eau chaude basse ou moyenne température(inf 65°C)","Installation de chauffage simple","PAC air/eau installée à partir de 2017 réseau isolé (système individuel). Emetteur(s): radiateur bitube avec robinet thermostatique, radiateur bitube sans robinet thermostatique",5510.1,88.9,,,"PAC air/eau installée après 2017","Électricité","chauffage","Electrique - PAC air/eau installée à partir de 2017",5510.1,,,,,,,,,,,,,,,,,,,,,,,,"Électricité","CET sur air ambiant (sur local non chauffé) après 2014",,,"installation individuelle","Un seul système d'ECS sans solaire","Chauffe-eau thermodynamique sur air ambiant (sur local non chauffé) installé à partir de 2015, contenance ballon 200 L",523.5,1,88.9,"Non affecté",,,,"CET sur air ambiant (sur local non chauffé) après 2014","Électricité","ecs","Electrique - Chauffe-eau thermodynamique sur air ambiant (sur local non chauffé) installé à partir de 2015",200,2.8,523.5,"A partir de 2015",,,,,,,,,,,0,,,,,,,"Il existe plusieurs descriptifs ENR",,,,,0,
"2471E3122505F","2025-04-29","2024-09-08","2024-09-08","2024-09-09","2034-09-07",,,,,,,"DPE 3CL 2021 méthode logement",2.4,"dpe maison individuelle","B","A","maison",2020,"2013-2021",,,2.5,,,1,,,,113.5,,"Légère","inférieur à 400m","H1c","Rue Henri Mugnier 71420 Ciry-le-Noble",,"Rue Henri Mugnier","Ciry-le-Noble","71420","71132","71","27","71132_0500",799187.11,6614148.86,0.59,"adresse géocodée ban à l'adresse","77A RUE HENRI MUGNIER","CIRY LE NOBLE",71420,0,,,"4198",,"moyen",1,1,0,0,1,240.9,74,26.1,10.1,20.5,2.9,47.6,59.8,"bonne","très bonne",,"très bonne",,"très bonne","moyenne",0.5,8452,1335.5,1542.6,2847.3,132.3,4978.2,1287.5,10342.1,91,6943.8,1179.6,501.7,485.7,1231.4,4496.6,39,3019.1,512.9,218.1,211.2,535.4,334.6,2,238.5,33.3,14,14.6,34.3,"Électricité",4496.6,3019.1,512.9,1010.1,678.2,115.2,334.6,238.5,33.3,,,,,,,,,,,,,,,,,,,,,1010.1,678.2,115.2,49,47.4,120.3,"Électricité","PAC air/air installée à partir de 2015","installation individuelle","Soufflage d'air chaud (air soufflé) avec distribution par réseau aéraulique","Installation de chauffage simple","PAC air/air installée à partir de 2015 avec programmateur pièce par pièce (système individuel)",3019.1,113.5,,,"PAC air/air installée à partir de 2015","Électricité","chauffage","Electrique - PAC air/air sans réseau de distribution installée à partir de 2015",3019.1,,,,,,,,,,,,,,,,,,,,,,,,"Électricité","CET sur air ambiant (sur local non chauffé) après 2014",,,"installation individuelle","Un seul système d'ECS sans solaire","Chauffe-eau thermodynamique sur air ambiant (sur local non chauffé) installé à partir de 2015, contenance ballon 280 L",512.9,1,113.5,"Non affecté",,,,"CET sur air ambiant (sur local non chauffé) après 2014","Électricité","ecs","Electrique - Chauffe-eau thermodynamique sur air ambiant (sur local non chauffé) installé à partir de 2015",280,2.8,512.9,"A partir de 2015",,,,,,,,,,,0,"PAC air/air installée à partir de 2015","Électricité","A partir de 2015","Refroidissement - Electrique - Pompe à chaleur (divisé) - type split",113.5,218.1,"Il existe plusieurs descriptifs ENR",,,,,0,
"2571E1070643M","2025-04-29","2025-03-27","2025-03-27","2025-03-28","2035-03-26",,,,,,,"DPE 3CL 2021 méthode logement",2.4,"dpe appartement individuel","E","D","appartement",1966,"1948-1974","collectif","individuel",2.5,1,,1,,,4589,78.5,,"Moyenne","inférieur à 400m","H1c","Rue Sully 71420 Ciry-le-Noble",,"Rue Sully","Ciry-le-Noble","71420","71132","71","27","71132_0800",797511.56,6614304.08,0.49,"adresse géocodée ban à l'adresse","Rue de Sully, Résidence LE NOLAT","CIRY LE NOBLE",71420,0,,,"25BRISEPIERRE571","Bat. C; Etage 2ème étage; Porte 3","moyen",1,1,0,0,0,224.8,16,100.1,0,0,1.4,35.2,72.2,"insuffisante","insuffisante",,"très bonne",,"très bonne","moyenne",1.72,9305.4,1317.9,0,2194.4,0,1950.4,0,20954.1,266,15741.5,4482.1,0,335.7,394.8,18007.9,229,15741.5,1948.7,0,146,171.7,3721,47,3573.3,126.7,0,10.1,11,"Gaz naturel",15741.5,15741.5,0,1464.8,1464.8,0,3573.3,3573.3,0,"Électricité",2266.4,0,1948.7,590.9,0,516.4,147.7,0,126.7,,,,,,,,,,,2055.7,1464.8,516.4,0,38.7,35.9,"Gaz naturel","Chaudière gaz standard 1991-2000","installation collective","Radiateur bitube sans robinet thermostatique sur réseau collectif eau chaude haute température(sup ou egal 65°C)","Installation de chauffage simple","Chaudière collective gaz standard installée entre 1991 et 2000. Emetteur(s): radiateur bitube sans robinet thermostatique",15741.5,78.5,,,"Chaudière gaz standard 1991-2000","Gaz naturel","chauffage","Gaz Naturel - Chaudière gaz standard installée entre 1991 et 2000",15741.5,,,,,,,,,,,,,,,,,,,,,,,,"Électricité","Ballon électrique à accumulation vertical Catégorie B ou 2 étoiles",,,"installation individuelle","Un seul système d'ECS sans solaire","Ballon électrique à accumulation vertical (catégorie B ou 2 étoiles), contenance ballon 150 L",1948.7,1,78.5,"Non affecté",,,,"Ballon électrique à accumulation vertical Catégorie B ou 2 étoiles","Électricité","ecs","Electrique - Ballon électrique à accumulation vertical (catégorie B ou 2 étoiles)",150,,1948.7,,,,,,,,,,,,0,,,,,,,,,,,,0,
"2471E2783485Z","2025-04-29","2024-07-31","2024-07-31","2024-08-01","2034-07-30",,,,,,,"DPE 3CL 2021 méthode logement",2.4,"dpe maison individuelle","F","F","maison",,"avant 1948",,,2.9,,,1,,,,115.1,,"Moyenne","inférieur à 400m","H1c","Rue François Villon 71420 Ciry-le-Noble",,"Rue François Villon","Ciry-le-Noble","71420","71132","71","27","71132_0340",797629.4,6614433.05,0.46,"adresse géocodée ban à l'adresse","6-2 Rue François Villon","CIRY LE NOBLE, France",71420,0,,,"24REBICHON1342",,"insuffisant",1,1,0,0,0,718.7,34.7,376.5,99.5,19.7,0,49.9,138.4,"insuffisante","insuffisante","insuffisante",,,"insuffisante","moyenne",2.22,35930,1343.1,0,2880.4,0,2972.8,0,40196.7,349,36511.9,2439.4,0,492.4,753,39492.8,343,36511.9,2439.4,0,214.1,327.4,8877.7,77,8288.2,553.7,0,14.8,21,"Gaz naturel",38951.3,36511.9,2439.4,3877.7,3634.9,242.9,8842,8288.2,553.7,"Électricité",541.5,0,0,188,0,0,35.7,0,0,,,,,,,,,,,4065.7,3634.9,242.9,0,74.3,113.7,"Gaz naturel","Chaudière gaz à condensation 2001-2015","installation individuelle","Radiateur bitube avec robinet thermostatique sur réseau individuel eau chaude haute température(sup ou egal 65°C)","Installation de chauffage simple","Chaudière individuelle gaz à condensation installée entre 2001 et 2015 régulée, avec programmateur avec réduit. Emetteur(s): radiateur bitube avec robinet thermostatique",36511.9,115.1,,,"Chaudière gaz à condensation 2001-2015","Gaz naturel","chauffage + ecs","Gaz Naturel - Chaudière gaz à condensation installée entre 2001 et 2015",36511.9,,,,,,,,,,,,,,,,,,,,,,,,"Gaz naturel","Chaudière gaz à condensation 2001-2015",,,"installation individuelle","Un seul système d'ECS sans solaire","Combiné au système de chauffage",2439.4,1,115.1,"Non affecté",,,,"Chaudière gaz à condensation 2001-2015","Gaz naturel","chauffage + ecs","Gaz Naturel - Chaudière gaz à condensation installée entre 2001 et 2015",0,,2439.4,,,,,,,,,,,,0,,,,,,,,,,,,0,
"2571E0486616X","2025-04-29","2025-02-11","2025-02-11","2025-02-12","2035-02-10",,,,,,,"DPE 3CL 2021 méthode logement",2.4,"dpe maison individuelle","E","E","maison",,"avant 1948",,,2.8,,,3,,,,96,,"Lourde","inférieur à 400m","H1c","Rue Branly 71420 Ciry-le-Noble",,"Rue Branly","Ciry-le-Noble","71420","71132","71","27","71132_0100",797736.31,6614555.85,0.48,"adresse géocodée ban à l'adresse","6-1 RUE BRANLY","CIRY LE NOBLE",71420,0,,,"MA2409156343","Bat. N/A; Porte","insuffisant",0,1,0,1,0,493.2,27.9,224,65.2,16.8,8.7,38.6,111.9,"insuffisante","insuffisante",,"insuffisante",,"insuffisante","moyenne",1.85,22635.2,1250.9,0,2240.4,0,2323.9,0,31519.4,328,27032.1,2012.3,0,410.6,2064.3,30120.5,313,27032.1,2012.3,0,178.5,897.5,6662.8,69,6136.3,456.8,0,12.3,57.4,"Gaz naturel",29044.4,27032.1,2012.3,2937.7,2734.2,203.5,6593.1,6136.3,456.8,"Électricité",1076.1,0,0,362,0,0,69.8,0,0,,,,,,,,,,,3299.7,2734.2,203.5,0,60.1,301.9,"Gaz naturel","Chaudière gaz standard 2001-2015","installation individuelle","Radiateur bitube avec robinet thermostatique sur réseau individuel eau chaude basse ou moyenne température(inf 65°C)","Installation de chauffage simple","Chaudière individuelle gaz standard installée entre 2001 et 2015 régulée, avec programmateur avec réduit. Emetteur(s): radiateur bitube avec robinet thermostatique",27032.1,96,,,"Chaudière gaz standard 2001-2015","Gaz naturel","chauffage + ecs","Gaz Naturel - Chaudière gaz standard installée entre 2001 et 2015",27032.1,,,,,,,,,,,,,,,,,,,,,,,,"Gaz naturel","Chaudière gaz standard 2001-2015",,,"installation individuelle","Un seul système d'ECS sans solaire","Combiné au système de chauffage",2012.3,1,96,"Non affecté",,,,"Chaudière gaz standard 2001-2015","Gaz naturel","chauffage + ecs","Gaz Naturel - Chaudière gaz standard installée entre 2001 et 2015",0,,2012.3,,,,,,,,,,,,0,,,,,,,,,,,,0,
"2571E1223714V","2025-04-29","2025-04-08","2025-04-08","2025-04-09","2035-04-07",,,,,,,"DPE 3CL 2021 méthode logement",2.4,"dpe maison individuelle","G","G","maison",,"avant 1948",,,2.9,,,2,,,,82.2,,"Lourde","inférieur à 400m","H1c","Rue Sully 71420 Ciry-le-Noble",,"Rue Sully","Ciry-le-Noble","71420","71132","71","27","71132_0800",797511.56,6614304.08,0.49,"adresse géocodée ban à l'adresse","21-1 rue Sully","CIRY LE NOBLE",71420,0,,,"MA2504057379","Bat. N/A; Etage N/A; Porte N/A","insuffisant",0,1,0,1,1,489.9,44.2,274.3,13.6,18.2,0,31.9,107.7,"insuffisante","insuffisante",,"insuffisante",,"insuffisante","bonne",1.7,23312.2,1184.1,0,1976,0,1706.8,0,31057.7,378,28238.6,1948.1,0,351.4,519.6,30565.4,372,28238.6,1948.1,0,152.8,225.9,9805.5,119,9149.3,631.2,0,10.5,14.5,"Fioul domestique",30186.7,28238.6,1948.1,4474,4185.2,288.7,9780.5,9149.3,631.2,"Électricité",378.7,0,0,131.5,0,0,25,0,0,,,,,,,,,,,4605.5,4185.2,288.7,0,53,78.4,"Fioul domestique","Chaudière fioul standard 1991-2015","installation individuelle","Radiateur bitube avec robinet thermostatique sur réseau individuel eau chaude haute température(sup ou egal 65°C)","Installation de chauffage simple","Chaudière individuelle fioul standard installée entre 1991 et 2015 régulée, avec programmateur avec réduit. Emetteur(s): radiateur bitube avec robinet thermostatique",28238.6,82.2,,,"Chaudière fioul standard 1991-2015","Fioul domestique","chauffage + ecs","Fioul - Chaudière fioul standard installée entre 1991 et 2015",28238.6,,,,,,,,,,,,,,,,,,,,,,,,"Fioul domestique","Chaudière fioul standard 1991-2015",,,"installation individuelle","Un seul système d'ECS sans solaire","Combiné au système de chauffage",1948.1,1,82.2,"Non affecté",,,,"Chaudière fioul standard 1991-2015","Fioul domestique","chauffage + ecs","Fioul - Chaudière fioul standard installée entre 1991 et 2015",0,,1948.1,,,,,,,,,,,,0,,,,,,,,,,,,0,
"2571E0653607Q","2025-04-29","2025-02-25","2025-02-25","2025-02-26","2035-02-24",,,,,,,"DPE 3CL 2021 méthode logement",2.4,"dpe maison individuelle","E","B","maison",,"avant 1948",,,2.5,,,3,,,,114.3,,"Lourde","inférieur à 400m","H1c","10b Rue Clément Marot 71420 Ciry-le-Noble","10b","Rue Clément Marot","Ciry-le-Noble","71420","71132","71","27","71132_0200_00010_b",797532.22,6614437.48,0.49,"adresse géocodée ban à l'adresse","10b rue Clément Marot","CIRY LE NOBLE",71420,0,,,"25PAILLARD301",,"insuffisant",0,1,0,1,0,683.7,36.2,259.6,171.7,19.9,4.5,37,154.6,"insuffisante","insuffisante","insuffisante",,,"insuffisante","moyenne",2.14,33316.1,1339,0,2589.1,0,1719.9,0,34847,304,28446.9,5415,0,488.8,496.3,15150.9,132,12368.2,2354.4,0,212.5,215.8,1158.6,10,977.1,153,0,14.7,13.8,"Électricité",15150.9,12368.2,2354.4,3108.3,2537.4,483,1158.6,977.1,153,,,,,,,,,,,,,,,,,,,,,3108.3,2537.4,483,0,43.6,44.3,"Électricité","PAC air/eau installée après 2017","installation individuelle","Radiateur bitube sans robinet thermostatique sur réseau individuel eau chaude haute température(sup ou egal 65°C)","Installation de chauffage simple","PAC air/eau installée à partir de 2017 réseau isolé (système individuel). Emetteur(s): radiateur bitube sans robinet thermostatique",12368.2,114.3,,,"PAC air/eau installée après 2017","Électricité","chauffage","Electrique - PAC air/eau installée à partir de 2017",12368.2,,,,,,,,,,,,,,,,,,,,,,,,"Électricité","Ballon électrique à accumulation vertical Autres ou inconnue",,,"installation individuelle","Un seul système d'ECS sans solaire","Ballon électrique à accumulation vertical (autres catégorie ou inconnue), contenance ballon 200 L",2354.4,1,114.3,"Non affecté",,,,"Ballon électrique à accumulation vertical Autres ou inconnue","Électricité","ecs","Electrique - Ballon électrique à accumulation vertical (autres catégorie ou inconnue)",200,,2354.4,,,,,,,,,,,,0,,,,,,,"pompe à chaleur",,,,,0,
"2471E2912699T","2025-04-29","2024-08-19","2024-08-19","2024-08-20","2034-08-18",,,,,,,"DPE 3CL 2021 méthode logement",2.4,"dpe maison individuelle","G","F","maison",,"avant 1948",,,2.9,,,1,,,,77,,"Moyenne","inférieur à 400m","H1c","Rue Benoit Lagrost 71420 Ciry-le-Noble",,"Rue Benoit Lagrost","Ciry-le-Noble","71420","71132","71","27","71132_0070",799423.19,6612396.12,0.46,"adresse géocodée ban à l'adresse","Rue Benoit Lagrost","CIRY LE NOBLE, France",71420,0,,,"24GUERRIAUD1451",,"insuffisant",1,1,0,0,0,557.1,33.4,211.8,95.9,31.7,9.9,60.7,113.7,"insuffisante","insuffisante",,"insuffisante",,"insuffisante","insuffisante",1.63,27963.9,1159.1,0,2075.4,0,2302.5,0,36761.1,477,31360.3,4434.6,0,329.2,637,33708.5,438,31360.3,1928.1,0,143.1,276.9,7271.7,94,7118.8,125.3,0,9.9,17.7,"Gaz naturel",31360.3,31360.3,0,3157.5,3157.5,0,7118.8,7118.8,0,"Électricité",2348.2,0,1928.1,603.1,0,495.2,152.9,0,125.3,,,,,,,,,,,3760.5,3157.5,495.2,0,36.8,71.1,"Gaz naturel","Chaudière gaz standard 2001-2015","installation individuelle","Radiateur bitube avec robinet thermostatique sur réseau individuel eau chaude haute température(sup ou egal 65°C)","Installation de chauffage simple","Chaudière individuelle gaz standard installée entre 2001 et 2015 régulée, réseau isolé. Emetteur(s): radiateur bitube avec robinet thermostatique",31360.3,77,,,"Chaudière gaz standard 2001-2015","Gaz naturel","chauffage","Gaz Naturel - Chaudière gaz standard installée entre 2001 et 2015",31360.3,,,,,,,,,,,,,,,,,,,,,,,,"Électricité","Ballon électrique à accumulation vertical Catégorie B ou 2 étoiles",,,"installation individuelle","Un seul système d'ECS sans solaire","Ballon électrique à accumulation vertical (catégorie B ou 2 étoiles), contenance ballon 150 L",1928.1,1,77,"Non affecté",,,,"Ballon électrique à accumulation vertical Catégorie B ou 2 étoiles","Électricité","ecs","Electrique - Ballon électrique à accumulation vertical (catégorie B ou 2 étoiles)",150,,1928.1,,,,,,,,,,,,0,,,,,,,,,,,,0,
"2571E0873561K","2025-04-29","2025-03-13","2025-03-13","2025-03-14","2035-03-12",,,,,,,"DPE 3CL 2021 méthode logement",2.4,"dpe maison individuelle","E","B","maison",1981,"1978-1982",,,2.5,,,1,,,,74,,"Légère","inférieur à 400m","H1c","3b Rue André Bouillot 71420 Ciry-le-Noble","3b","Rue André Bouillot","Ciry-le-Noble","71420","71132","71","27","71132_0020_00003_b",799401.12,6612499.95,0.51,"adresse géocodée ban à l'adresse","3bis Rue André Bouillot","CIRY LE NOBLE",71420,0,,,"25THOMAS462",,"insuffisant",0,1,0,0,1,191.8,2.8,58.1,10.9,30.7,7.3,14.3,67.9,"bonne","insuffisante",,"bonne",,"insuffisante","bonne",0.53,8104.9,1144.8,0,2012.9,0,1422.6,0,21731.2,293,15995.5,4109.6,0,316.5,1309.6,9448.4,127,6954.6,1786.8,0,137.6,569.4,711.5,9,549.4,116.1,0,9.5,36.4,"Électricité",9448.4,6954.6,1786.8,1982.8,1459.5,375,711.5,549.4,116.1,,,,,,,,,,,,,,,,,,,,,1982.8,1459.5,375,0,28.9,119.5,"Électricité","Convecteur électrique NFC, NF** et NF***","installation individuelle","Convecteur électrique NFC, NF** et NF***","Installation de chauffage simple","Convecteur électrique NFC, NF** et NF*** avec programmateur avec réduit (système individuel)",6954.6,74,,,"Convecteur électrique NFC, NF** et NF***","Électricité","chauffage","Electrique - Convecteur électrique NFC, NF** et NF***",6954.6,,,,,,,,,,,,,,,,,,,,,,,,"Électricité","Ballon électrique à accumulation vertical Autres ou inconnue",,,"installation individuelle","Un seul système d'ECS sans solaire","Ballon électrique à accumulation vertical (autres catégorie ou inconnue), contenance ballon 150 L",1786.8,1,74,"Non affecté",,,,"Ballon électrique à accumulation vertical Autres ou inconnue","Électricité","ecs","Electrique - Ballon électrique à accumulation vertical (autres catégorie ou inconnue)",150,,1786.8,,,,,,,,,,,,0,,,,,,,,,,,,0,
"2571E0635920J","2025-04-29","2025-02-24","2025-02-24","2025-02-25","2035-02-23",,,,,,,"DPE 3CL 2021 méthode logement",2.4,"dpe immeuble collectif","D","B","immeuble",,"avant 1948","individuel","individuel",2.6,4,3,,"T1",,241.9,,,"Lourde","inférieur à 400m","H1c","9 Rue Philippe Martin 71420 Ciry-le-Noble","9","Rue Philippe Martin","Ciry-le-Noble","71420","71132","71","27","71132_0560_00009",799781.31,6612229.09,0.52,"adresse géocodée ban à l'adresse","9 Rue Philippe Martin","CIRY LE NOBLE, France",71420,0,"RDC",,"25CHARRIERES269",,,,,,,,433,45.4,81,20,44.3,12.4,41.3,188.8,"bonne","bonne","bonne",,,"insuffisante","très bonne",0.53,15103.9,4784.8,0,6490.6,0,3252,0,56418.3,233,33631.4,18053.6,0,1034.6,3698.8,24529.7,101,14622.3,7849.4,0,449.8,1608.2,1799.3,7,1155.2,510.2,0,31,102.9,"Électricité",24529.7,14622.3,7849.4,5314.7,3168.2,1700.7,1799.3,1155.2,510.2,,,,,,,,,,,,,,,,,,,,,5314.7,3168.2,1700.7,0,97.5,348.4,"Électricité","radiateur électrique NFC, NF** et NF***","installation individuelle","radiateur électrique NFC, NF** et NF***","Installation de chauffage simple","Radiateur électrique NFC, NF** et NF*** (système individuel)",14622.3,241.9,,,"radiateur électrique NFC, NF** et NF***","Électricité","chauffage","Electrique - Radiateur électrique NFC, NF** et NF***",14622.3,,,,,,,,,,,,,,,,,,,,,,,,"Électricité","Ballon électrique à accumulation vertical Autres ou inconnue",,,"installation individuelle","Un seul système d'ECS sans solaire","Ballon électrique à accumulation vertical (autres catégorie ou inconnue), contenance ballon 200 L",2492.4,1,73.5,"Non affecté",,,,"Ballon électrique à accumulation vertical Autres ou inconnue","Électricité","ecs","Electrique - Ballon électrique à accumulation vertical (autres catégorie ou inconnue)",200,,2492.4,,,,,,,,,,,,0,,,,,,,,,,,,0,
"2471E4184928Q","2025-04-29","2024-11-26","2024-11-26","2024-11-27","2034-11-25","2371E1714741K",,,,,,"DPE 3CL 2021 méthode logement",2.4,"dpe appartement individuel","D","D","appartement",,"avant 1948","individuel","individuel",2.5,1,,1,,,,180,,"Légère","inférieur à 400m","H1c","105bis Rue Henri Mugnier 71420 Ciry-le-Noble","105bis","Rue Henri Mugnier","Ciry-le-Noble","71420","71132","71","27","71132_0500_00105_bis",799232.92,6615278.01,0.59,"adresse géocodée ban à l'adresse","105b Rue Henri Mugnier","CIRY-LE-NOBLE",71420,0,,,"24KESSIRI2113","Droite","insuffisant",0,1,0,0,1,381.1,18.1,63,31,66.6,16,38.4,148.1,"bonne","bonne","bonne",,,"insuffisante","bonne",0.54,15801,2003.4,0,4448.7,0,3488.6,0,28606.2,158,21704.6,2867,0,769.9,3264.7,26325.7,146,21704.6,2867,0,334.8,1419.4,5691.7,31,4926.9,650.8,0,23.1,90.8,"Gaz naturel",24571.6,21704.6,2867,2513.3,2220.1,293.3,5577.7,4926.9,650.8,"Électricité",1754.2,0,0,490.5,0,0,113.9,0,0,,,,,,,,,,,3003.8,2220.1,293.3,0,93.6,396.9,"Gaz naturel","Chaudière gaz basse température 2001-2015","installation individuelle","Radiateur bitube avec robinet thermostatique sur réseau individuel eau chaude basse ou moyenne température(inf 65°C)","Installation de chauffage simple","Chaudière individuelle gaz basse température installée entre 2001 et 2015 avec programmateur sans réduit. Emetteur(s): radiateur bitube avec robinet thermostatique",21704.6,180,,,"Chaudière gaz basse température 2001-2015","Gaz naturel","chauffage + ecs","Gaz Naturel - Chaudière gaz basse température installée entre 2001 et 2015",21704.6,,,,,,,,,,,,,,,,,,,,,,,,"Gaz naturel","Chaudière gaz basse température 2001-2015",,,"installation individuelle","Un seul système d'ECS sans solaire","Combiné au système de chauffage",2867,1,180,"Non affecté",,,,"Chaudière gaz basse température 2001-2015","Gaz naturel","chauffage + ecs","Gaz Naturel - Chaudière gaz basse température installée entre 2001 et 2015",0,,2867,,,,,,,,,,,,0,,,,,,,,,,,,0,
"2571E0486023C","2025-04-29","2025-02-11","2025-02-11","2025-02-12","2035-02-10",,,,,,,"DPE 3CL 2021 méthode logement",2.4,"dpe maison individuelle","D","D","maison",,"avant 1948",,,2.8,,,3,,,,107.8,,"Lourde","inférieur à 400m","H1c","Rue François Villon 71420 Ciry-le-Noble",,"Rue François Villon","Ciry-le-Noble","71420","71132","71","27","71132_0340",797629.4,6614433.05,0.46,"adresse géocodée ban à l'adresse","8-2 RUE FRANCOIS VILLION","CIRY LE NOBLE",71420,0,,,"MA2501012176","Bat. N/A; Etage N/A; Porte N/A","insuffisant",0,1,0,1,1,476,43.9,277.3,4.2,19.4,6.3,19.4,105.5,"insuffisante","insuffisante",,"très bonne",,"insuffisante","très bonne",1.69,22269.5,1307.6,0,2464.6,0,1504.7,0,24608.2,228,21385.6,1717.6,0,460.9,1044.1,23757.6,220,21385.6,1717.6,0,200.4,454,5287.3,49,4854.5,389.9,0,13.8,29.1,"Gaz naturel",23103.2,21385.6,1717.6,2374,2197.5,176.5,5244.4,4854.5,389.9,"Électricité",654.3,0,0,227.2,0,0,42.9,0,0,,,,,,,,,,,2601.2,2197.5,176.5,0,69.6,157.6,"Gaz naturel","Chaudière gaz à condensation après 2015","installation individuelle","Radiateur bitube avec robinet thermostatique sur réseau individuel eau chaude basse ou moyenne température(inf 65°C)","Installation de chauffage simple","Chaudière individuelle gaz à condensation installée à partir de 2016 régulée, avec programmateur avec réduit. Emetteur(s): radiateur bitube avec robinet thermostatique",21385.6,107.8,,,"Chaudière gaz à condensation après 2015","Gaz naturel","chauffage + ecs","Gaz Naturel - Chaudière gaz à condensation installée à partir de 2016",21385.6,,,,,,,,,,,,,,,,,,,,,,,,"Gaz naturel","Chaudière gaz à condensation après 2015",,,"installation individuelle","Un seul système d'ECS sans solaire","Combiné au système de chauffage",1717.6,1,107.8,"Non affecté",,,,"Chaudière gaz à condensation après 2015","Gaz naturel","chauffage + ecs","Gaz Naturel - Chaudière gaz à condensation installée à partir de 2016",0,,1717.6,,,,,,,,,,,,0,,,,,,,,,,,,0,
"2571E0398443Q","2025-04-29","2025-02-04","2025-02-04","2025-02-05","2035-02-03",,,,,,,"DPE 3CL 2021 méthode logement",2.4,"dpe maison individuelle","C","A","maison",,"avant 1948",,,2.5,,,3,,,,125.8,,"Lourde","inférieur à 400m","H1c","Rue François Villon 71420 Ciry-le-Noble",,"Rue François Villon","Ciry-le-Noble","71420","71132","71","27","71132_0340",797629.4,6614433.05,0.46,"adresse géocodée ban à l'adresse","6 Rue François Villon","CIRY LE NOBLE, France",71420,0,,,"25ACHAINTRE149",,"insuffisant",0,1,0,1,1,262.2,36.8,39.7,9.9,25,10.8,29.7,110.2,"bonne","très bonne",,"très bonne",,"insuffisante","très bonne",0.52,9754.8,1394.7,990.5,2809.1,144.3,2403,711.7,21245.3,168,14762.8,5569.2,50.1,538.1,325.1,16891.6,134,14073.1,2421.4,21.8,234,141.4,632.2,5,448.2,157.4,1.4,16.1,9,"Bois – Bûches",13542.5,13542.5,0,568.8,568.8,0,406.3,406.3,0,"Électricité",3349,530.6,2421.4,792.6,125.6,573.1,225.9,41.9,157.4,,,,,,,,,,,1361.4,694.4,573.1,5.2,55.4,33.5,"Bois – Bûches","Poêle bûche installé installé de 2007 à 2017 avec label flamme verte","installation individuelle","Poêle bois","Installation de chauffage simple","Poêle à bois (bûche) installé de 2007 à 2017 avec label flamme verte (système individuel)",13542.5,106.2,,,"Poêle bûche installé installé de 2007 à 2017 avec label flamme verte","Bois – Bûches","chauffage","Bois - Poêle à bois (bûche) installé de 2007 à 2017 avec label flamme verte",13542.5,,,,,,"installation individuelle","Soufflage d'air chaud (air soufflé) avec distribution par réseau aéraulique","Installation de chauffage simple","PAC air/air installée à partir de 2015 avec programmateur pièce par pièce, réseau isolé (système individuel)",530.6,19.6,,,"PAC air/air installée à partir de 2015","Électricité","chauffage","Electrique - PAC air/air sans réseau de distribution installée à partir de 2015",530.6,,,,,,"Électricité","Ballon électrique à accumulation vertical Autres ou inconnue",,,"installation individuelle","Un seul système d'ECS sans solaire","Ballon électrique à accumulation vertical (autres catégorie ou inconnue), contenance ballon 200 L",2421.4,1,125.8,"Non affecté",,,,"Ballon électrique à accumulation vertical Autres ou inconnue","Électricité","ecs","Electrique - Ballon électrique à accumulation vertical (autres catégorie ou inconnue)",200,,2421.4,,,,,,,,,,,,0,"PAC air/air installée à partir de 2015","Électricité","A partir de 2015","Refroidissement - Electrique - Pompe à chaleur air/air",19.6,21.8,"Il existe plusieurs descriptifs ENR",,,,,0,
"2571E1370125A","2025-04-29","2025-04-14","2025-04-21","2025-04-22","2035-04-20",,,,,,,"DPE 3CL 2021 méthode logement",2.4,"dpe maison individuelle","E","D","maison",,"1948-1974",,,2.6,,,1,,,,94.1,,"Moyenne","inférieur à 400m","H1c","107 Rue Henri Mugnier 71420 Ciry-le-Noble","107","Rue Henri Mugnier","Ciry-le-Noble","71420","71132","71","27","71132_0500_00107",799236.43,6615306.5,0.59,"adresse géocodée ban à l'adresse","107 RUE HENRI MUGNIER","CIRY LE NOBLE",71420,0,,,"4573",,"moyen",1,1,0,0,1,324.7,18.3,121.2,10.9,29.5,8.6,33.2,103.1,"moyenne","insuffisante",,"bonne",,"moyenne","moyenne",0.78,13713.7,1241.5,0,2436,0,3850.7,0,23859,253,21032.1,2000.6,0,402.3,424,23392,248,21032.1,2000.6,0,174.9,184.3,3803.9,40,3325.9,454.1,0,12.1,11.8,"Gaz naturel",15680.3,13679.6,2000.6,1669.7,1456.7,213,3559.4,3105.3,454.1,"Bois – Bûches",7352.5,7352.5,0,308.8,308.8,0,220.6,220.6,0,"Électricité",359.3,0,0,124.7,0,0,23.9,0,0,2103.3,1765.5,213,0,60.7,64,"Gaz naturel","Chaudière gaz standard 2001-2015","installation individuelle","Radiateur bitube avec robinet thermostatique sur réseau individuel eau chaude haute température(sup ou egal 65°C)","Installation de chauffage avec insert ou poêle bois en appoint","Chaudière individuelle gaz standard installée entre 2001 et 2015 avec en appoint un poêle à bois (bûche) installé avant 1990 avec programmateur avec réduit. Emetteur(s): radiateur bitube avec robinet thermostatique",21032.1,94.1,,,"Chaudière gaz standard 2001-2015","Gaz naturel","chauffage + ecs","Gaz Naturel - Chaudière gaz standard installée entre 2001 et 2015",13679.6,"Poêle bûche installé avant 1990","Bois – Bûches","chauffage","Bois - Poêle à bois (bûche) installé avant 1990",7352.5,,,,,,,,,,,,,,,,,,,"Gaz naturel","Chaudière gaz standard 2001-2015",,,"installation individuelle","Un seul système d'ECS sans solaire","Combiné au système de chauffage",2000.6,1,94.1,"Non affecté",,,,"Chaudière gaz standard 2001-2015","Gaz naturel","chauffage + ecs","Gaz Naturel - Chaudière gaz standard installée entre 2001 et 2015",0,,2000.6,,,,,,,,,,,,0,,,,,,,"chauffage au bois",,,,,0,
"2571E1291765E","2025-04-29","2025-04-14","2025-04-14","2025-04-15","2035-04-13",,,,,,,"DPE 3CL 2021 méthode logement",2.4,"dpe maison individuelle","D","D","maison",,"avant 1948",,,2.9,,,3,,,,98.3,,"Lourde","inférieur à 400m","H1c","Rue François Villon 71420 Ciry-le-Noble",,"Rue François Villon","Ciry-le-Noble","71420","71132","71","27","71132_0340",797629.4,6614433.05,0.46,"adresse géocodée ban à l'adresse","1-2 Rue François Villon","Ciry-le-Noble",71420,0,,,"MA2504061674","Bat. N/A; Etage N/A; Porte N/A","insuffisant",0,1,0,1,1,372.3,49.8,189.7,4.6,9.3,0,26.9,92,"insuffisante","insuffisante","très bonne",,,"très bonne","très bonne",1.44,16333.1,1261.8,0,2283.3,0,2025,0,20247,206,16832,1665.8,0,420.3,1328.9,19258.3,196,16832,1665.8,0,182.7,577.8,4248.6,43,3820.9,378.1,0,12.6,37,"Gaz naturel",18497.8,16832,1665.8,1937.1,1762.6,174.4,4199,3820.9,378.1,"Électricité",760.5,0,0,264.1,0,0,49.6,0,0,,,,,,,,,,,2201.1,1762.6,174.4,0,63.4,200.6,"Gaz naturel","Chaudière gaz à condensation après 2015","installation individuelle","Radiateur bitube avec robinet thermostatique sur réseau individuel eau chaude haute température(sup ou egal 65°C)","Installation de chauffage simple","Chaudière individuelle gaz à condensation installée à partir de 2016 régulée, avec programmateur avec réduit. Emetteur(s): radiateur bitube avec robinet thermostatique",16832,98.3,,,"Chaudière gaz à condensation après 2015","Gaz naturel","chauffage + ecs","Gaz Naturel - Chaudière gaz à condensation installée à partir de 2016",16832,,,,,,,,,,,,,,,,,,,,,,,,"Gaz naturel","Chaudière gaz à condensation après 2015",,,"installation individuelle","Un seul système d'ECS sans solaire","Combiné au système de chauffage",1665.8,1,98.3,"Non affecté",,,,"Chaudière gaz à condensation après 2015","Gaz naturel","chauffage + ecs","Gaz Naturel - Chaudière gaz à condensation installée à partir de 2016",0,,1665.8,,,,,,,,,,,,0,,,,,,,,,,,,0,
"2571E0720657M","2025-04-29","2025-02-24","2025-03-02","2025-03-03","2035-03-01",,,,,,,"DPE 3CL 2021 méthode logement",2.4,"dpe maison individuelle","C","A","maison",,"avant 1948",,,2.6,,,1,,,,217,,"Légère","inférieur à 400m","H1c","541 Route de Rozelay 71420 Ciry-le-Noble","541","Route de Rozelay","Ciry-le-Noble","71420","71132","71","27","71132_t1cfun_00541",798224.66,6613244.56,0.39,"adresse géocodée ban à l'adresse","541 Route de Rozelay","CIRY LE NOBLE",71420,0,,,"25/IMO/0330",,"insuffisant",0,1,0,0,1,521.6,87.6,87.5,33.3,67.4,15.4,60,170.4,"moyenne","bonne",,"insuffisante",,"insuffisante","moyenne",0.67,22067.2,1834.6,1315.7,5030.5,233.7,4740,830.4,31438.9,144,20454.9,8010.9,224.6,928.2,1820.3,13669.1,62,8893.4,3483,97.6,403.6,791.4,1013.7,4,702.6,226.4,6.2,27.8,50.7,"Électricité",13669.1,8893.4,3483,2815.4,1831.7,717.4,1013.7,702.6,226.4,,,,,,,,,,,,,,,,,,,,,2815.4,1831.7,717.4,20.1,83.1,163,"Électricité","PAC air/eau installée après 2017","installation individuelle","Radiateur bitube avec robinet thermostatique sur réseau individuel eau chaude basse ou moyenne température(inf 65°C)","Installation de chauffage simple","PAC air/eau installée à partir de 2017 avec programmateur avec réduit, réseau isolé (système individuel). Emetteur(s): radiateur bitube avec robinet thermostatique",4572.8,126,,,"PAC air/eau installée après 2017","Électricité","chauffage","Electrique - PAC air/eau installée à partir de 2017",4572.8,,,,,,"installation individuelle","Convecteur électrique NFC, NF** et NF***","Installation de chauffage simple","Convecteur électrique NFC, NF** et NF*** avec programmateur pièce par pièce (système individuel)",3130.8,37.3,,,"Convecteur électrique NFC, NF** et NF***","Électricité","chauffage","Electrique - Convecteur électrique NFC, NF** et NF***",3130.8,,,,,,"Électricité","Ballon électrique à accumulation vertical Autres ou inconnue",,,"installation individuelle","Un seul système d'ECS sans solaire","Ballon électrique à accumulation vertical (autres catégorie ou inconnue), contenance ballon 200 L",1846.2,1,108.5,"Non affecté",,,,"Ballon électrique à accumulation vertical Autres ou inconnue","Électricité","ecs","Electrique - Ballon électrique à accumulation vertical (autres catégorie ou inconnue)",200,,1846.2,,,,,,,,,,,,0,"PAC air/air installée entre 2008 et 2014","Électricité","2008-2014","Refroidissement - Electrique - Pompe à chaleur (divisé) - type split",53.7,97.6,"pompe à chaleur",,,,,0,
"2571E1202596P","2025-04-29","2025-04-07","2025-04-07","2025-04-08","2035-04-06",,,,,,,"DPE 3CL 2021 méthode logement",2.4,"dpe maison individuelle","D","D","maison",,"avant 1948",,,2.8,,,2,,,,118.9,,"Légère","inférieur à 400m","H1c","13 Rue Gaspard Buisson 71420 Ciry-le-Noble","13","Rue Gaspard Buisson","Ciry-le-Noble","71420","71132","71","27","71132_0370_00013",797639.01,6614666.79,0.95,"adresse non géocodée ban car aucune correspondance trouvée","13 Rue Gaspard Buisson","CIRY LE NOBLE",71420,0,,,"25GOUTHERAUD792",,"moyen",1,1,0,0,1,320.5,53.1,76.8,11,30.4,3.8,39.8,105.8,"moyenne","moyenne",,"bonne",,"insuffisante","bonne",0.72,13601.4,1361.4,0,2960.4,0,3119.5,0,22997.4,193,18243.3,2511.6,0,508.6,1733.8,21729.9,182,18243.3,2511.6,0,221.1,753.8,3845.9,32,3212.3,570.1,0,15.3,48.2,"Gaz naturel",16039.6,13527.9,2511.6,1703.8,1437,266.8,3641,3070.8,570.1,"Bois – Granulés (pellets) ou briquettes",4715.4,4715.4,0,466.7,466.7,0,141.5,141.5,0,"Électricité",975,0,0,338.5,0,0,63.5,0,0,2509,1903.7,266.8,0,76.8,261.7,"Gaz naturel","Chaudière gaz standard 1991-2000","installation individuelle","Radiateur bitube avec robinet thermostatique sur réseau individuel eau chaude haute température(sup ou egal 65°C)","Installation de chauffage avec insert ou poêle bois en appoint","Chaudière individuelle gaz standard installée entre 1991 et 2000 avec en appoint un poêle à granulés installée avant 2012 ou sans label flamme verte avec programmateur avec réduit, réseau isolé. Emetteur(s): radiateur bitube avec robinet thermostatique",18243.3,118.9,,,"Chaudière gaz standard 1991-2000","Gaz naturel","chauffage + ecs","Gaz Naturel - Chaudière gaz standard installée entre 1991 et 2000",13527.9,"Poêle à granulés installée avant 2012 ou sans label flamme verte","Bois – Granulés (pellets) ou briquettes","chauffage","Bois - Poêle à granulés installée avant 2012 ou sans label flamme verte",4715.4,,,,,,,,,,,,,,,,,,,"Gaz naturel","Chaudière gaz standard 1991-2000",,,"installation individuelle","Un seul système d'ECS sans solaire","Combiné au système de chauffage",2511.6,1,118.9,"Non affecté",,,,"Chaudière gaz standard 1991-2000","Gaz naturel","chauffage + ecs","Gaz Naturel - Chaudière gaz standard installée entre 1991 et 2000",0,,2511.6,,,,,,,,,,,,0,,,,,,,"chauffage au bois",,,,,0,
"2571E1224153S","2025-04-29","2025-04-08","2025-04-08","2025-04-09","2035-04-07",,,,,,,"DPE 3CL 2021 méthode logement",2.4,"dpe maison individuelle","D","D","maison",,"avant 1948",,,2.9,,,3,,,,105.3,,"Lourde","inférieur à 400m","H1c","Rue Clément Marot 71420 Ciry-le-Noble",,"Rue Clément Marot","Ciry-le-Noble","71420","71132","71","27","71132_0200",797573.74,6614372.95,0.49,"adresse géocodée ban à l'adresse","13-2 rue ClÈment Marot","CIRY LE NOBLE",71420,0,,,"MA2503052109","Bat. N/A; Etage N/A; Porte N/A","insuffisant",0,1,0,1,0,352.3,86.2,27.9,107.6,18.2,0,36.8,75.6,"insuffisante","très bonne","insuffisante",,,"insuffisante","bonne",1.2,15063.7,1295.9,0,2418.4,0,2120.5,0,18633.3,176,15760.7,1704.4,0,450.5,717.7,17973,170,15760.7,1704.4,0,195.9,312,3998.1,37,3577.7,386.9,0,13.5,20,"Gaz naturel",17465.1,15760.7,1704.4,1839.1,1659.6,179.5,3964.6,3577.7,386.9,"Électricité",507.9,0,0,176.4,0,0,33.5,0,0,,,,,,,,,,,2015.4,1659.6,179.5,0,68,108.3,"Gaz naturel","Chaudière gaz à condensation après 2015","installation individuelle","Radiateur bitube avec robinet thermostatique sur réseau individuel eau chaude haute température(sup ou egal 65°C)","Installation de chauffage simple","Chaudière individuelle gaz à condensation installée à partir de 2016 régulée, avec programmateur avec réduit. Emetteur(s): radiateur bitube avec robinet thermostatique",15760.7,105.3,,,"Chaudière gaz à condensation après 2015","Gaz naturel","chauffage + ecs","Gaz Naturel - Chaudière gaz à condensation installée à partir de 2016",15760.7,,,,,,,,,,,,,,,,,,,,,,,,"Gaz naturel","Chaudière gaz à condensation après 2015",,,"installation individuelle","Un seul système d'ECS sans solaire","Combiné au système de chauffage",1704.4,1,105.3,"Non affecté",,,,"Chaudière gaz à condensation après 2015","Gaz naturel","chauffage + ecs","Gaz Naturel - Chaudière gaz à condensation installée à partir de 2016",0,,1704.4,,,,,,,,,,,,0,,,,,,,,,,,,0,
"2571E0874549K","2025-04-29","2025-03-13","2025-03-13","2025-03-14","2035-03-12",,,,,,,"DPE 3CL 2021 méthode logement",2.4,"dpe maison individuelle","F","F","maison",,"avant 1948",,,2.8,,,2,,,,59,,"Lourde","inférieur à 400m","H1c","Rue Dumas 71420 Ciry-le-Noble",,"Rue Dumas","Ciry-le-Noble","71420","71132","71","27","71132_0250",797718.06,6614629.3,0.5,"adresse géocodée ban à l'adresse","2-2 RUE DUMAS","CIRY LE NOBLE",71420,0,,,"MA2409156221","Bat. N/A; Porte","insuffisant",0,1,0,1,0,354.1,20.7,164.1,52.5,15.9,0,25.4,75.6,"insuffisante","insuffisante",,"insuffisante",,"insuffisante","moyenne",1.81,16896.1,992.9,0,1493,0,1100.3,0,21934.5,371,19448.2,1653.8,0,252.4,580.1,21464,363,19448.2,1653.8,0,109.7,252.2,4813.9,81,4414.7,375.4,0,7.6,16.1,"Gaz naturel",21102.1,19448.2,1653.8,2184.2,2013,171.2,4790.2,4414.7,375.4,"Électricité",361.9,0,0,125.7,0,0,23.7,0,0,,,,,,,,,,,2309.8,2013,171.2,0,38.1,87.6,"Gaz naturel","Chaudière gaz basse température 2001-2015","installation individuelle","Radiateur bitube avec robinet thermostatique sur réseau individuel eau chaude basse ou moyenne température(inf 65°C)","Installation de chauffage simple","Chaudière individuelle gaz basse température installée entre 2001 et 2015 avec programmateur avec réduit. Emetteur(s): radiateur bitube avec robinet thermostatique",19448.2,59,,,"Chaudière gaz basse température 2001-2015","Gaz naturel","chauffage + ecs","Gaz Naturel - Chaudière gaz basse température installée entre 2001 et 2015",19448.2,,,,,,,,,,,,,,,,,,,,,,,,"Gaz naturel","Chaudière gaz basse température 2001-2015",,,"installation individuelle","Un seul système d'ECS sans solaire","Combiné au système de chauffage",1653.8,1,59,"Non affecté",,,,"Chaudière gaz basse température 2001-2015","Gaz naturel","chauffage + ecs","Gaz Naturel - Chaudière gaz basse température installée entre 2001 et 2015",0,,1653.8,,,,,,,,,,,,0,,,,,,,,,,,,0,
"2471E3003107Z","2025-04-29","2024-08-28","2024-08-28","2024-08-29","2034-08-27",,,"NQEY9PHYEAF3","Reprise RNB",,,"DPE 3CL 2021 méthode logement",2.4,"dpe maison individuelle","E","D","maison",1965,"1948-1974",,,2.5,,,1,,,,85.9,,"Moyenne","inférieur à 400m","H1c","109 Rue Henri Mugnier 71420 Ciry-le-Noble","109","Rue Henri Mugnier","Ciry-le-Noble","71420","71132","71","27","71132_0500_00109",799222.35,6615334.48,0.59,"adresse géocodée ban à l'adresse","109 Rue Henri Mugnier","CIRY LE NOBLE, France",71420,0,,,"24SEMPESKI1483",,"insuffisant",0,1,0,0,1,337,59.1,94.8,15,28.6,14.6,41.2,83.8,"insuffisante","insuffisante",,"bonne",,"insuffisante","moyenne",0.89,15158.9,1202.1,0,2263.6,0,2488.3,0,27930.8,325,22067.4,5061.9,0,367.3,434.1,25866.2,301,22067.4,3450.3,0,159.7,188.8,4050.7,47,3445.2,582.4,0,11,12.1,"Gaz naturel",16338.3,14127.7,2210.7,1732.2,1497.8,234.4,3708.8,3207,501.8,"Bois – Bûches",7939.7,7939.7,0,333.5,333.5,0,238.2,238.2,0,"Électricité",1588.1,0,1239.7,459,0,358.3,103.7,0,80.6,2524.7,1831.3,592.7,0,46.2,54.6,"Gaz naturel","Chaudière gaz standard 1991-2000","installation individuelle","Poêle bois","Installation de chauffage avec insert ou poêle bois en appoint","Chaudière individuelle gaz standard installée entre 1991 et 2000 avec en appoint un insert installé avant 1990 régulée, réseau isolé. Emetteur(s): radiateur bitube avec robinet thermostatique",22067.4,85.9,,,"Chaudière gaz standard 1991-2000","Gaz naturel","chauffage + ecs","Gaz Naturel - Chaudière gaz standard installée entre 1991 et 2000",14127.7,"insert installé avant 1990","Bois – Bûches","chauffage","Bois - Insert installé avant 1990",7939.7,,,,,,,,,,,,,,,,,,,"Gaz naturel","Chaudière gaz standard 1991-2000",,,"installation individuelle","Un seul système d'ECS sans solaire","Combiné au système de chauffage, contenance ballon 80 L",2210.7,1,42.9,"Non affecté",,,,"Chaudière gaz standard 1991-2000","Gaz naturel","chauffage + ecs","Gaz Naturel - Chaudière gaz standard installée entre 1991 et 2000",80,,2210.7,,,,,,,,,,,,0,,,,,,,"chauffage au bois",,,,,0,
"2571E0312964Z","2025-04-29","2025-01-28","2025-01-28","2025-01-29","2035-01-27",,,,,,,"DPE 3CL 2021 méthode logement",2.4,"dpe maison individuelle","D","B","maison",,"avant 1948",,,2.6,,,2,,,,59.7,,"Lourde","inférieur à 400m","H1c","12a Rue Dumas 71420 Ciry-le-Noble","12a","Rue Dumas","Ciry-le-Noble","71420","71132","71","27","71132_0250_00012_a",797669.3,6614648.95,0.5,"adresse géocodée ban à l'adresse","12a Rue Dumas","CIRY LE NOBLE, France",71420,0,,,"25BAUJARD105",,"bon",1,1,0,1,1,129.3,9.6,37.9,3.4,8.3,2.3,12.7,55.2,"bonne","moyenne",,,"très bonne","bonne","très bonne",0.49,4807.8,1001.1,0,1508.5,0,993.5,0,14368.3,240,10060.7,4052.3,0,255.3,0,6247.1,104,4374.2,1761.9,0,111,0,467.7,7,345.6,114.5,0,7.7,0,"Électricité",6247.1,4374.2,1761.9,1351.3,946.2,381.1,467.7,345.6,114.5,,,,,,,,,,,,,,,,,,,,,1351.3,946.2,381.1,0,24,0,"Électricité","radiateur électrique NFC, NF** et NF***","installation individuelle","radiateur électrique NFC, NF** et NF***","Installation de chauffage simple","Radiateur électrique NFC, NF** et NF*** (système individuel)",4374.2,59.7,,,"radiateur électrique NFC, NF** et NF***","Électricité","chauffage","Electrique - Radiateur électrique NFC, NF** et NF***",4374.2,,,,,,,,,,,,,,,,,,,,,,,,"Électricité","Ballon électrique à accumulation vertical Autres ou inconnue",,,"installation individuelle","Un seul système d'ECS sans solaire","Ballon électrique à accumulation vertical (autres catégorie ou inconnue), contenance ballon 150 L",1761.9,1,59.7,"Non affecté",,,,"Ballon électrique à accumulation vertical Autres ou inconnue","Électricité","ecs","Electrique - Ballon électrique à accumulation vertical (autres catégorie ou inconnue)",150,,1761.9,,,,,,,,,,,,0,,,,,,,,,,,,0,
"2571E0873223K","2025-04-29","2025-03-13","2025-03-13","2025-03-14","2035-03-12",,,,,,,"DPE 3CL 2021 méthode logement",2.4,"dpe maison individuelle","G","G","maison",,"avant 1948",,,2.8,,,2,,,,59,,"Lourde","inférieur à 400m","H1c","2 Rue Gaspard Buisson 71420 Ciry-le-Noble","2","Rue Gaspard Buisson","Ciry-le-Noble","71420","71132","71","27","71132_0370_00002",797822.15,6614694.41,0.49,"adresse géocodée ban à l'adresse","9-2 RUE GASPARD BUISSON","CIRY LE NOBLE",71420,0,,,"MA2409156324","Bat. N/A; Porte","insuffisant",1,1,0,1,0,417.8,22.8,185.8,72.8,18.6,13.6,19.7,84.7,"insuffisante","insuffisante",,"insuffisante",,"insuffisante","moyenne",1.9,20613.8,992.9,0,1493,0,868.7,0,31763.5,538,27631.3,2099.5,0,252.4,1780.3,30614.6,518,27631.3,2099.5,0,109.7,774.1,6806,115,6272.3,476.6,0,7.6,49.5,"Gaz naturel",29730.8,27631.3,2099.5,3002.9,2790.8,212.1,6748.9,6272.3,476.6,"Électricité",883.8,0,0,306.9,0,0,57.1,0,0,,,,,,,,,,,3309.7,2790.8,212.1,0,38.1,268.8,"Gaz naturel","Chaudière gaz standard 1991-2000","installation individuelle","Radiateur bitube sans robinet thermostatique sur réseau individuel eau chaude haute température(sup ou egal 65°C)","Installation de chauffage simple","Chaudière individuelle gaz standard installée entre 1991 et 2000 avec programmateur avec réduit. Emetteur(s): radiateur bitube sans robinet thermostatique",27631.3,59,,,"Chaudière gaz standard 1991-2000","Gaz naturel","chauffage + ecs","Gaz Naturel - Chaudière gaz standard installée entre 1991 et 2000",27631.3,,,,,,,,,,,,,,,,,,,,,,,,"Gaz naturel","Chaudière gaz standard 1991-2000",,,"installation individuelle","Un seul système d'ECS sans solaire","Combiné au système de chauffage",2099.5,1,59,"Non affecté",,,,"Chaudière gaz standard 1991-2000","Gaz naturel","chauffage + ecs","Gaz Naturel - Chaudière gaz standard installée entre 1991 et 2000",0,,2099.5,,,,,,,,,,,,0,,,,,,,,,,,,0,
"2571E0874107K","2025-04-29","2025-03-13","2025-03-13","2025-03-14","2035-03-12",,,,,,,"DPE 3CL 2021 méthode logement",2.4,"dpe maison individuelle","D","B","maison",1992,"1989-2000",,,2.5,,,1,,,,133,,"Légère","inférieur à 400m","H1c","93d Rue Henri Mugnier 71420 Ciry-le-Noble","93d","Rue Henri Mugnier","Ciry-le-Noble","71420","71132","71","27","71132_0500_00093_d",799254.7,6614888.61,0.59,"adresse géocodée ban à l'adresse","93d Rue Henri Mugnier","CIRY LE NOBLE, France",71420,0,,,"25MICHALAK478",,"moyen",1,1,0,0,1,254.7,39.9,46.1,17.5,4.8,7.6,34.7,104,"bonne","moyenne",,"moyenne",,"moyenne","moyenne",0.57,10208,1429.4,0,3257.9,0,2314.7,0,26389.9,198,20705.4,4813.4,0,568.9,302.2,11473.9,86,9002.3,2092.8,0,247.3,131.4,872.7,6,711.2,136,0,17.1,8.4,"Électricité",11473.9,9002.3,2092.8,2382.3,1869.2,434.5,872.7,711.2,136,,,,,,,,,,,,,,,,,,,,,2382.3,1869.2,434.5,0,51.4,27.3,"Électricité","Convecteur électrique NFC, NF** et NF***","installation individuelle","Convecteur électrique NFC, NF** et NF***","Installation de chauffage simple","Convecteur électrique NFC, NF** et NF*** avec programmateur avec réduit (système individuel)",9002.3,133,,,"Convecteur électrique NFC, NF** et NF***","Électricité","chauffage","Electrique - Convecteur électrique NFC, NF** et NF***",9002.3,,,,,,,,,,,,,,,,,,,,,,,,"Électricité","Ballon électrique à accumulation vertical Autres ou inconnue",,,"installation individuelle","Un seul système d'ECS sans solaire","Ballon électrique à accumulation vertical (autres catégorie ou inconnue), contenance ballon 150 L",2092.8,1,133,"Non affecté",,,,"Ballon électrique à accumulation vertical Autres ou inconnue","Électricité","ecs","Electrique - Ballon électrique à accumulation vertical (autres catégorie ou inconnue)",150,,2092.8,,,,,,,,,,,,0,,,,,,,,,,,,0,
"2471E3437262G","2025-04-29","2024-09-30","2024-09-30","2024-10-01","2034-09-29",,,,,,,"DPE 3CL 2021 méthode logement",2.4,"dpe appartement individuel","E","E","appartement",1974,"1948-1974","collectif","individuel",2.5,1,,1,,,1172,63,,"Lourde","inférieur à 400m","H1c","Rue Docteur Leclerc 71420 Ciry-le-Noble",,"Rue Docteur Leclerc","Ciry-le-Noble","71420","71132","71","27","71132_0245",799585.16,6613335.58,0.71,"adresse non géocodée ban car aucune correspondance trouvée","RUE DOCTEUR FRANCOIS LECLERC","CIRY LE NOBLE",71420,0,,,"002EW306421","Etage : 2","bon",1,1,0,1,0,176.4,41.6,60.6,0,0,1.4,19.7,53.1,"insuffisante","insuffisante",,"très bonne",,"très bonne","bonne",2.19,7319.3,1213.3,0,1850.4,0,1291.6,0,14822.1,235,12148.7,2015.1,0,269.5,388.9,14450,229,12148.7,2015.1,0,117.2,169.1,3234.1,51,2757.8,457.4,0,8.1,10.8,"Gaz naturel",14163.7,12148.7,2015.1,1406.5,1142.2,264.4,3215.2,2757.8,457.4,"Électricité",286.3,0,0,81.2,0,0,18.9,0,0,,,,,,,,,,,1487.7,1142.2,264.4,0,40.7,40.5,"Gaz naturel","Chaudière gaz standard 2001-2015","installation collective","Radiateur bitube sans robinet thermostatique sur réseau collectif eau chaude haute température(sup ou egal 65°C)","Installation de chauffage simple","Chaudière collective gaz standard installée entre 2001 et 2015 régulée, avec équipement d'intermittence central collectif. Emetteur(s): radiateur bitube sans robinet thermostatique",12148.7,63,,,"Chaudière gaz standard 2001-2015","Gaz naturel","chauffage","Gaz Naturel - Chaudière gaz standard installée entre 2001 et 2015",12148.7,,,,,,,,,,,,,,,,,,,,,,,,"Gaz naturel","Chauffe-eau gaz à production instantanée 2001-2015",,,"installation individuelle","Un seul système d'ECS sans solaire","Chauffe-eau gaz à production instantanée installé entre 2001 et 2015",2015.1,1,63,"Non affecté",,,,"Chauffe-eau gaz à production instantanée 2001-2015","Gaz naturel","ecs","Gaz Naturel - Chauffe-eau gaz à production instantanée installé entre 2001 et 2015",0,,2015.1,,,,,,,,,,,,0,,,,,,,,,,,,0,
"2571E1224071O","2025-04-29","2025-04-08","2025-04-08","2025-04-09","2035-04-07",,,,,,,"DPE 3CL 2021 méthode logement",2.4,"dpe maison individuelle","D","D","maison",,"avant 1948",,,2.7,,,2,,,,59.5,,"Lourde","inférieur à 400m","H1c","2 Rue Gaspard Buisson 71420 Ciry-le-Noble","2","Rue Gaspard Buisson","Ciry-le-Noble","71420","71132","71","27","71132_0370_00002",797822.15,6614694.41,0.49,"adresse géocodée ban à l'adresse","3-2 rue Gaspard Buisson","CIRY LE NOBLE",71420,0,,,"MA2503052114","Bat. N/A; Etage N/A; Porte N/A","insuffisant",0,1,0,1,0,177,20.4,17.8,62,16,0,13.5,47.4,"insuffisante","très bonne",,"insuffisante",,"insuffisante","très bonne",0.86,7505.6,998.4,0,1503.5,0,802.4,0,10175.2,171,7878.3,1368.3,0,254.3,674.3,9650.4,162,7878.3,1368.3,0,110.6,293.2,2125.4,35,1788.4,310.6,0,7.6,18.8,"Gaz naturel",9246.6,7878.3,1368.3,1059.3,902.6,156.8,2099,1788.4,310.6,"Électricité",403.8,0,0,140.2,0,0,26.4,0,0,,,,,,,,,,,1199.5,902.6,156.8,0,38.4,101.8,"Gaz naturel","Chaudière gaz à condensation après 2015","installation individuelle","Radiateur bitube avec robinet thermostatique sur réseau individuel eau chaude haute température(sup ou egal 65°C)","Installation de chauffage simple","Chaudière individuelle gaz à condensation installée à partir de 2016 régulée, avec programmateur pièce par pièce. Emetteur(s): radiateur bitube avec robinet thermostatique",7878.3,59.5,,,"Chaudière gaz à condensation après 2015","Gaz naturel","chauffage + ecs","Gaz Naturel - Chaudière gaz à condensation installée à partir de 2016",7878.3,,,,,,,,,,,,,,,,,,,,,,,,"Gaz naturel","Chaudière gaz à condensation après 2015",,,"installation individuelle","Un seul système d'ECS sans solaire","Combiné au système de chauffage",1368.3,1,59.5,"Non affecté",,,,"Chaudière gaz à condensation après 2015","Gaz naturel","chauffage + ecs","Gaz Naturel - Chaudière gaz à condensation installée à partir de 2016",0,,1368.3,,,,,,,,,,,,0,,,,,,,,,,,,0,
"2471E2453339B","2025-04-29","2024-06-21","2024-07-06","2024-07-07","2034-07-05","2471E2453298M",,,,,,"DPE 3CL 2021 méthode logement",2.4,"dpe maison individuelle","E","B","maison",,"avant 1948",,,2.1,,,1,,,,46.5,,"Légère","inférieur à 400m","H1c","Les Terres Rouges 71420 Ciry-le-Noble",,,"Ciry-le-Noble","71420","71132","71","27","71132_B332",796350.58,6612099.44,0.37,"adresse géocodée ban à l'adresse","LES TERRES ROUGES","CIRY LE NOBLE",71420,0,,,"24-06-494",,"moyen",1,0,0,0,1,233.1,27.1,99.2,5.5,22.3,5.6,7,66.4,"moyenne","insuffisante",,"très bonne",,"insuffisante","bonne",0.82,11438,842.2,293.1,1335.4,62,822,143.7,14784.7,317,8985.8,3953.1,168.5,198.9,1478.3,6428.1,138,3906.9,1718.8,73.3,86.5,642.7,472.2,10,308.6,111.7,4.7,6,41.1,"Électricité",6428.1,3906.9,1718.8,1387,843,370.9,472.2,308.6,111.7,,,,,,,,,,,,,,,,,,,,,1387,843,370.9,15.8,18.7,138.7,"Électricité","PAC air/air installée à partir de 2015","installation individuelle","Soufflage d'air chaud (air soufflé) avec distribution par réseau aéraulique","Installation de chauffage simple","PAC air/air installée 2015 (estimé) avec programmateur pièce par pièce (système individuel)",3300.5,43.3,,,"PAC air/air installée à partir de 2015","Électricité","chauffage","Electrique - PAC air/air sans réseau de distribution installée à partir de 2015",3300.5,,,,,,"installation individuelle","Panneau rayonnant NFC, NF** et NF***","Installation de chauffage simple","Panneau rayonnant électrique NFC, NF** et NF*** (système individuel)",606.4,3.2,,,"Panneau rayonnant électrique NFC, NF** et NF***","Électricité","chauffage","Electrique - Panneau rayonnant électrique NFC, NF** et NF***",606.4,,,,,,"Électricité","Ballon électrique à accumulation vertical Autres ou inconnue",,,"installation individuelle","Un seul système d'ECS sans solaire","Ballon électrique à accumulation vertical (autres catégorie ou inconnue), contenance ballon 190 L",1718.8,1,46.5,"Non affecté",,,,"Ballon électrique à accumulation vertical Autres ou inconnue","Électricité","ecs","Electrique - Ballon électrique à accumulation vertical (autres catégorie ou inconnue)",190,,1718.8,,,,,,,,,,,,0,"PAC air/air installée avant 2008","Électricité","Avant 2008","Refroidissement - Electrique - Pompe à chaleur (divisé) - type split",46.5,73.3,"pompe à chaleur",,,,,0,
"2471E4355840E","2025-04-29","2024-12-08","2024-12-08","2024-12-09","2034-12-07",,,,,,,"DPE 3CL 2021 méthode logement",2.4,"dpe maison individuelle","G","G","maison",,"avant 1948",,,2.5,,,2,,,,113,,"Moyenne","inférieur à 400m","H1c","29 Rue Philippe Martin 71420 Ciry-le-Noble","29","Rue Philippe Martin","Ciry-le-Noble","71420","71132","71","27","71132_0560_00029",799919.61,6612037.21,0.52,"adresse géocodée ban à l'adresse","29 Rue Philippe Martin","CIRY LE NOBLE, France",71420,0,,,"24CLEMENT2137",,"insuffisant",0,1,0,0,1,646,64.6,269.2,39.2,43.3,6.6,66,157.2,"insuffisante","insuffisante",,"très bonne",,"insuffisante","insuffisante",1.47,31512.9,1332.9,0,2835.9,0,3331.2,0,41508.3,367,38105.7,2188.3,0,483.4,730.9,40822,361,38105.7,2188.3,0,210.2,317.8,13090.1,115,12346.3,709,0,14.5,20.3,"Fioul domestique",40294.1,38105.7,2188.3,5972,5647.6,324.3,13055.3,12346.3,709,"Électricité",527.9,0,0,183.3,0,0,34.8,0,0,,,,,,,,,,,6155.3,5647.6,324.3,0,73,110.3,"Fioul domestique","Chaudière fioul classique 1981-1990","installation individuelle","Radiateur bitube avec robinet thermostatique sur réseau individuel eau chaude haute température(sup ou egal 65°C)","Installation de chauffage simple","Chaudière individuelle fioul classique installée entre 1981 et 1990 avec programmateur sans réduit. Emetteur(s): radiateur bitube avec robinet thermostatique",38105.7,113,,,"Chaudière fioul classique 1981-1990","Fioul domestique","chauffage + ecs","Fioul - Chaudière fioul classique installée entre 1981 et 1990",38105.7,,,,,,,,,,,,,,,,,,,,,,,,"Fioul domestique","Chaudière fioul classique 1981-1990",,,"installation individuelle","Un seul système d'ECS sans solaire","Combiné au système de chauffage",2188.3,1,113,"Non affecté",,,,"Chaudière fioul classique 1981-1990","Fioul domestique","chauffage + ecs","Fioul - Chaudière fioul classique installée entre 1981 et 1990",0,,2188.3,,,,,,,,,,,,0,,,,,,,,,,,,0,
"2471E3472517F","2025-04-29","2022-10-26","2024-10-03","2024-10-04","2034-10-02",,,,,,,"DPE 3CL 2021 méthode logement",2.4,"dpe maison individuelle","F","D","maison",1949,"1948-1974",,,2.5,,,2,,,,136,,"Lourde","inférieur à 400m","H1c","Route de Villars 71420 Ciry-le-Noble",,"Route de Villars","Ciry-le-Noble","71420","71132","71","27","71132_im5f6u",798790.59,6607229.12,0.46,"adresse géocodée ban à l'adresse","VILLARS","CIRY LE NOBLE",71420,0,,,"DIA-JCT01-2410-001",,"insuffisant",1,1,0,1,0,539.9,32.4,197.5,121.2,48.3,27.4,35.7,77.3,"insuffisante","insuffisante",,"insuffisante",,"insuffisante","insuffisante",1.26,26141.8,1443.9,0,3321.2,0,1753.3,0,55720,409,52016.5,2713.3,0,581.7,408.4,46902.5,344,43758.7,2713.3,0,252.9,177.6,4563.2,33,3655.3,879.1,0,17.5,11.4,"Bois – Bûches",30497.5,30497.5,0,1280.9,1280.9,0,914.9,914.9,0,"Fioul domestique",9622.3,6909,2713.3,1426.1,1024,402.1,3117.6,2238.5,879.1,"Électricité",6782.7,6352.2,0,1456.9,1364.5,0,530.6,501.8,0,4164,3669.4,402.1,0,54.3,38.1,"Bois – Bûches","Chaudière bois bûche 1978-1994","installation individuelle","Radiateur bitube sans robinet thermostatique sur réseau individuel eau chaude haute température(sup ou egal 65°C)","Installation de chauffage avec une chaudière ou une PAC en relève d’une chaudière bois","Chaudière individuelle bois (bûche) installée entre 1978 et 1994 relèvée par une chaudière fioul classique installée entre 1976 et 1980 régulée. Emetteur(s): radiateur bitube sans robinet thermostatique",37406.5,94,,,"Chaudière bois bûche 1978-1994","Bois – Bûches","chauffage + ecs","Bois - Chaudière bois (bûche) installée entre 1978 et 1994",30497.5,"Chaudière fioul classique 1976-1980","Fioul domestique","chauffage + ecs","Fioul - Chaudière fioul classique installée entre 1976 et 1980",6909,"installation individuelle","Panneau rayonnant NFC, NF** et NF***","Installation de chauffage simple","Panneau rayonnant électrique NFC, NF** et NF*** avec programmateur pièce par pièce (système individuel)",6352.2,42,,,"Panneau rayonnant électrique NFC, NF** et NF***","Électricité","chauffage","Electrique - Panneau rayonnant électrique NFC, NF** et NF***",6352.2,,,,,,"Fioul domestique","Chaudière fioul classique 1976-1980",,,"installation individuelle","Un seul système d'ECS sans solaire","Combiné au système de chauffage",2713.3,1,136,"Non affecté",,,,"Chaudière fioul classique 1976-1980","Fioul domestique","chauffage + ecs","Fioul - Chaudière fioul classique installée entre 1976 et 1980",0,,2713.3,,,,,,,,,,,,0,,,,,,,"chauffage au bois",,,,,0,
"2471E3837190C","2025-04-29","2024-10-29","2024-10-29","2024-10-30","2034-10-28","2471E3837169H",,,,,,"DPE 3CL 2021 méthode logement",2.4,"dpe maison individuelle","E","B","maison",,"avant 1948",,,2.5,,,2,,,,58.5,,"Lourde","inférieur à 400m","H1c","766 Route du Perrier 71420 Ciry-le-Noble","766","Route du Perrier","Ciry-le-Noble","71420","71132","71","27","71132_dfh4t7_00766",800349.47,6610967.71,0.46,"adresse géocodée ban à l'adresse","766 Le Perrier","CIRY LE NOBLE, France",71420,0,,,"24AURIC1851",,"insuffisant",0,1,0,1,1,137.1,13.2,22.9,7.3,18,4.7,11.4,59.7,"très bonne","très bonne","très bonne",,,"insuffisante","très bonne",0.41,5101.7,986.2,0,1480.4,0,1008.4,0,16290.6,278,11618,3717.4,0,250,705.2,13649.6,233,11618,1616.3,0,108.7,306.6,480.7,8,348.5,105.1,0,7.5,19.6,"Bois – Bûches",11618,11618,0,488,488,0,348.5,348.5,0,"Électricité",2031.6,0,1616.3,543.1,0,432,132.2,0,105.1,,,,,,,,,,,1031,488,432,0,29.1,82,"Bois – Bûches","Poêle bûche installé avant 1990","installation individuelle","Poêle bois","Installation de chauffage simple","Poêle à bois (bûche) installé avant 1990 (système individuel)",11618,58.5,,,"Poêle bûche installé avant 1990","Bois – Bûches","chauffage","Bois - Poêle à bois (bûche) installé avant 1990",11618,,,,,,,,,,,,,,,,,,,,,,,,"Électricité","Ballon électrique à accumulation vertical Autres ou inconnue",,,"installation individuelle","Un seul système d'ECS sans solaire","Ballon électrique à accumulation vertical (autres catégorie ou inconnue), contenance ballon 150 L",1616.3,1,58.5,"Non affecté",,,,"Ballon électrique à accumulation vertical Autres ou inconnue","Électricité","ecs","Electrique - Ballon électrique à accumulation vertical (autres catégorie ou inconnue)",150,,1616.3,,,,,,,,,,,,0,,,,,,,"chauffage au bois",,,,,0,
"2471E2504227H","2025-04-29","2024-07-09","2024-07-09","2024-07-10","2034-07-08",,,,,,,"DPE 3CL 2021 méthode logement",2.4,"dpe maison individuelle","D","D","maison",,"1948-1974",,,2.7,,,1,,,,103,,"Lourde","inférieur à 400m","H1c","Rue Dumas 71420 Ciry-le-Noble",,"Rue Dumas","Ciry-le-Noble","71420","71132","71","27","71132_0250",797718.06,6614629.3,0.5,"adresse géocodée ban à l'adresse","5.1 RUE DUMAS","CIRY LE NOBLE",71420,0,,,"MA2406098909","Bat. N/A; Etage RDC; Porte N/A","insuffisant",0,1,0,1,0,370.9,57.3,153.7,25.8,18.7,8.9,37,69.6,"insuffisante","insuffisante",,"insuffisante",,"insuffisante","moyenne",1.78,16156.6,1284.7,0,2374,0,1996.2,0,23460.5,227,19918.2,1957.3,0,440.6,1144.4,22564.6,219,19918.2,1957.3,0,191.6,497.6,5010.8,48,4521.4,444.3,0,13.2,31.8,"Gaz naturel",21875.5,19918.2,1957.3,2257.5,2055.6,202,4965.7,4521.4,444.3,"Électricité",689.1,0,0,239.3,0,0,45.1,0,0,,,,,,,,,,,2496.8,2055.6,202,0,66.5,172.8,"Gaz naturel","Chaudière gaz à condensation 2001-2015","installation individuelle","Radiateur bitube sans robinet thermostatique sur réseau individuel eau chaude haute température(sup ou egal 65°C)","Installation de chauffage simple","Chaudière individuelle gaz à condensation installée entre 2001 et 2015 régulée, avec programmateur avec réduit. Emetteur(s): radiateur bitube sans robinet thermostatique",19918.2,103,,,"Chaudière gaz à condensation 2001-2015","Gaz naturel","chauffage + ecs","Gaz Naturel - Chaudière gaz à condensation installée entre 2001 et 2015",19918.2,,,,,,,,,,,,,,,,,,,,,,,,"Gaz naturel","Chaudière gaz à condensation 2001-2015",,,"installation individuelle","Un seul système d'ECS sans solaire","Combiné au système de chauffage",1957.3,1,103,"Non affecté",,,,"Chaudière gaz à condensation 2001-2015","Gaz naturel","chauffage + ecs","Gaz Naturel - Chaudière gaz à condensation installée entre 2001 et 2015",0,,1957.3,,,,,,,,,,,,0,,,,,,,,,,,,0,
"2471E2594606K","2025-04-29","2024-07-09","2024-07-17","2024-07-17","2034-07-16",,,,,,,"DPE 3CL 2021 méthode logement",2.4,"dpe appartement individuel","E","E","appartement",,"1948-1974","collectif","individuel",2.6,1,,1,,,1000,73.8,,"Très lourde","inférieur à 400m","H1c","Rue Sully 71420 Ciry-le-Noble",,"Rue Sully","Ciry-le-Noble","71420","71132","71","27","71132_0800",797511.56,6614304.08,0.49,"adresse géocodée ban à l'adresse","RUE SULLY","CIRY LE NOBLE",71420,0,,,"MA2406108275","Bat. N/A; Etage 2; Porte 6","insuffisant",0,1,0,1,0,192.9,31.1,58.8,0,0,2.7,37.8,62.6,"insuffisante","insuffisante",,"très bonne",,"très bonne","moyenne",2.53,8013.4,1286.5,0,2091.1,0,1082.7,0,18666.4,252,13498.2,4460,0,315.8,392.3,15745.2,213,13498.2,1939.1,0,137.3,170.6,4519.9,61,4373.4,126,0,9.5,10.9,"Fioul domestique",13498.2,13498.2,0,2000.6,2000.6,0,4373.4,4373.4,0,"Électricité",2247,0,1939.1,595.6,0,515.1,146.4,0,126,,,,,,,,,,,2596.1,2000.6,515.1,0,36.5,44,"Fioul domestique","Chaudière fioul standard 1991-2015","installation collective","Radiateur bitube sans robinet thermostatique sur réseau collectif eau chaude haute température(sup ou egal 65°C)","Installation de chauffage simple","Chaudière collective fioul standard installée entre 1991 et 2015 avec équipement d'intermittence central collectif, réseau isolé. Emetteur(s): radiateur bitube sans robinet thermostatique",13498.2,73.8,,,"Chaudière fioul standard 1991-2015","Fioul domestique","chauffage","Fioul - Chaudière fioul standard installée entre 1991 et 2015",13498.2,,,,,,,,,,,,,,,,,,,,,,,,"Électricité","Ballon électrique à accumulation vertical Autres ou inconnue",,,"installation individuelle","Un seul système d'ECS sans solaire","Ballon électrique à accumulation vertical (autres catégorie ou inconnue), contenance ballon 150 L",1939.1,1,73.8,"Non affecté",,,,"Ballon électrique à accumulation vertical Autres ou inconnue","Électricité","ecs","Electrique - Ballon électrique à accumulation vertical (autres catégorie ou inconnue)",150,,1939.1,,,,,,,,,,,,0,,,,,,,,,,,,0,
"2471E2802440A","2025-04-29","2024-08-01","2024-08-02","2024-08-03","2034-08-01",,,,,,,"DPE 3CL 2021 méthode logement",2.4,"dpe maison individuelle","C","C","maison",,"1948-1974",,,2.5,,,1,,,,52,,"Lourde","inférieur à 400m","H1c","Rue Jean-Louis Lagrange 71420 Ciry-le-Noble",,"Rue Jean-Louis Lagrange","Ciry-le-Noble","71420","71132","71","27","71132_0450",797939.28,6615201.02,0.49,"adresse géocodée ban à l'adresse","2-1 RUE LAGRANGE","CIRY LE NOBLE",71420,0,,,"MA2407133702","Bat. N/A; Etage N/A; Porte N/A","insuffisant",0,1,0,1,1,99.8,12.4,10.3,7.5,9.5,6.1,13.1,40.9,"très bonne","très bonne","très bonne",,,"très bonne","bonne",0.37,3463.4,908.4,0,1333.1,0,986.3,0,5732.8,110,3619.5,1239.4,0,222.4,651.5,5238.8,100,3619.5,1239.4,0,96.7,283.3,1127.8,21,821.6,281.3,0,6.7,18.1,"Gaz naturel",4858.8,3619.5,1239.4,637.5,474.9,162.6,1103,821.6,281.3,"Électricité",380,0,0,131.9,0,0,24.8,0,0,,,,,,,,,,,769.4,474.9,162.6,0,33.6,98.3,"Gaz naturel","Chaudière gaz à condensation après 2015","installation individuelle","Radiateur bitube avec robinet thermostatique sur réseau individuel eau chaude basse ou moyenne température(inf 65°C)","Installation de chauffage simple","Chaudière individuelle gaz à condensation installée à partir de 2016 régulée, avec programmateur avec réduit, réseau isolé. Emetteur(s): radiateur bitube avec robinet thermostatique",3619.5,52,,,"Chaudière gaz à condensation après 2015","Gaz naturel","chauffage + ecs","Gaz Naturel - Chaudière gaz à condensation installée à partir de 2016",3619.5,,,,,,,,,,,,,,,,,,,,,,,,"Gaz naturel","Chaudière gaz à condensation après 2015",,,"installation individuelle","Un seul système d'ECS sans solaire","Combiné au système de chauffage",1239.4,1,52,"Non affecté",,,,"Chaudière gaz à condensation après 2015","Gaz naturel","chauffage + ecs","Gaz Naturel - Chaudière gaz à condensation installée à partir de 2016",0,,1239.4,,,,,,,,,,,,0,,,,,,,,,,,,0,
"2471E2339548M","2025-04-29","2024-06-27","2024-06-27","2024-06-28","2034-06-26",,,"S3P2JR2NRMEF","Reprise RNB",,,"DPE 3CL 2021 méthode logement",2.3,"dpe appartement individuel","C","A","appartement",,"avant 1948","individuel","individuel",2.6,1,,1,,,,93.6,,"Lourde","inférieur à 400m","H1c","2 Rue Benoit Lagrost 71420 Ciry-le-Noble","2","Rue Benoit Lagrost","Ciry-le-Noble","71420","71132","71","27","71132_0070_00002",799512.27,6612439.57,0.46,"adresse géocodée ban à l'adresse","2 Rue Benoit Lagrost","CIRY LE NOBLE, France",71420,0,,,"24Ciry-le-Noble1139",,"bon",1,1,0,1,1,128.4,9.7,16.7,10.1,0,1.4,12.5,78.1,"très bonne","très bonne",,"très bonne",,"très bonne","bonne",0.27,3815.2,1419.6,0,2287.1,0,1227.7,0,14335.8,153,8247.8,5141.2,0,400.2,546.6,6232.9,66,3586,2235.3,0,174,237.7,455.8,4,283.3,145.3,0,12,15.2,"Électricité",6232.9,3586,2235.3,1074.8,618.3,385.4,455.8,283.3,145.3,,,,,,,,,,,,,,,,,,,,,1074.8,618.3,385.4,0,30,41,"Électricité","radiateur électrique NFC, NF** et NF***","installation individuelle","radiateur électrique NFC, NF** et NF***","Installation de chauffage simple","Radiateur électrique NFC, NF** et NF*** avec programmateur pièce par pièce (système individuel)",3586,93.6,,,"radiateur électrique NFC, NF** et NF***","Électricité","chauffage","Electrique - Radiateur électrique NFC, NF** et NF***",3586,,,,,,,,,,,,,,,,,,,,,,,,"Électricité","Ballon électrique à accumulation vertical Catégorie B ou 2 étoiles",,,"installation individuelle","Un seul système d'ECS sans solaire","Ballon électrique à accumulation vertical (catégorie B ou 2 étoiles), contenance ballon 200 L",2235.3,1,93.6,"Non affecté",,,,"Ballon électrique à accumulation vertical Catégorie B ou 2 étoiles","Électricité","ecs","Electrique - Ballon électrique à accumulation vertical (catégorie B ou 2 étoiles)",200,,2235.3,,,,,,,,,,,,0,,,,,,,,,,,,0,
"2471E4339005R","2025-04-29","2024-12-05","2024-12-05","2024-12-06","2034-12-04",,,,,,,"DPE 3CL 2021 méthode logement",2.4,"dpe maison individuelle","C","C","maison",,"avant 1948",,,3,,,1,,,,64,,"Lourde","inférieur à 400m","H1c","2 Rue Gaspard Buisson 71420 Ciry-le-Noble","2","Rue Gaspard Buisson","Ciry-le-Noble","71420","71132","71","27","71132_0370_00002",797822.15,6614694.41,0.49,"adresse géocodée ban à l'adresse","11-2 rue Gaspard Buisson","CIRY LE NOBLE",71420,0,,,"MA2411187994","Bat. N/A; Etage N/A; Porte N/A","bon",1,1,0,1,1,125.7,9.9,23.7,4.7,11.4,11.4,13.8,50.8,"bonne","bonne","très bonne",,,"insuffisante","moyenne",0.47,4785.4,1053.2,0,1607.1,0,661.7,0,8218.8,128,5855.3,1430.2,0,273.8,659.6,7691.3,120,5855.3,1430.2,0,119,286.8,1680.4,26,1329.1,324.7,0,8.2,18.4,"Gaz naturel",7285.5,5855.3,1430.2,873.2,701.8,171.4,1653.8,1329.1,324.7,"Électricité",405.8,0,0,140.9,0,0,26.6,0,0,,,,,,,,,,,1014.1,701.8,171.4,0,41.3,99.6,"Gaz naturel","Chaudière gaz à condensation après 2015","installation individuelle","Radiateur bitube avec robinet thermostatique sur réseau individuel eau chaude haute température(sup ou egal 65°C)","Installation de chauffage simple","Chaudière individuelle gaz à condensation installée à partir de 2016 avec programmateur avec réduit. Emetteur(s): radiateur bitube avec robinet thermostatique",5855.3,64,,,"Chaudière gaz à condensation après 2015","Gaz naturel","chauffage + ecs","Gaz Naturel - Chaudière gaz à condensation installée à partir de 2016",5855.3,,,,,,,,,,,,,,,,,,,,,,,,"Gaz naturel","Chaudière gaz à condensation après 2015",,,"installation individuelle","Un seul système d'ECS sans solaire","Combiné au système de chauffage",1430.2,1,64,"Non affecté",,,,"Chaudière gaz à condensation après 2015","Gaz naturel","chauffage + ecs","Gaz Naturel - Chaudière gaz à condensation installée à partir de 2016",0,,1430.2,,,,,,,,,,,,0,,,,,,,,,,,,0,
"2471E3249080M","2025-04-29","2024-09-17","2024-09-17","2024-09-18","2034-09-16",,,,,,,"DPE 3CL 2021 méthode logement",2.4,"dpe maison individuelle","F","F","maison",,"avant 1948",,,2.8,,,3,,,,315.7,,"Lourde","inférieur à 400m","H1c","6 Rue Philippe Martin 71420 Ciry-le-Noble","6","Rue Philippe Martin","Ciry-le-Noble","71420","71132","71","27","71132_0560_00006",799664.35,6612344.34,0.52,"adresse géocodée ban à l'adresse","6 Rue Philippe Martin","CIRY LE NOBLE, France",71420,0,,,"24HANOTTE,324",,"insuffisant",0,1,0,1,0,1649.7,97.4,575.8,373.6,56.1,29.3,169.1,348.5,"insuffisante","insuffisante","insuffisante",,,"insuffisante","insuffisante",2.06,78298.8,2310.7,0,6433.4,0,6182.5,0,118398.2,375,107906.9,8107.5,0,1350.4,1033.4,89048.7,282,84487.2,3525,0,587.1,449.3,23258.6,73,22960.2,229.1,0,40.5,28.8,"Fioul domestique",66472.2,66472.2,0,9851.8,9851.8,0,21537,21537,0,"Électricité",22576.5,18015.1,3525,4593.5,3665.4,717.2,1721.6,1423.2,229.1,,,,,,,,,,,14445.4,13517.3,717.2,0,119.5,91.4,"Fioul domestique","Chaudière fioul standard 1991-2015","installation individuelle","Radiateur bitube avec robinet thermostatique sur réseau individuel eau chaude haute température(sup ou egal 65°C)","Installation de chauffage simple","Chaudière individuelle fioul standard installée entre 1991 et 2015 régulée, réseau isolé. Emetteur(s): radiateur bitube avec robinet thermostatique",66472.2,226.4,,,"Chaudière fioul standard 1991-2015","Fioul domestique","chauffage","Fioul - Chaudière fioul standard installée entre 1991 et 2015",66472.2,,,,,,"installation individuelle","Radiateur électrique à accumulation","Installation de chauffage simple","Radiateur électrique à accumulation avec programmateur pièce par pièce (système individuel)",18015.1,89.3,,,"Radiateur électrique à accumulation","Électricité","chauffage","Electrique - Radiateur électrique à accumulation",18015.1,,,,,,"Électricité","Ballon électrique à accumulation vertical Autres ou inconnue",,,"installation individuelle","Un seul système d'ECS sans solaire","Ballon électrique à accumulation vertical (autres catégorie ou inconnue), contenance ballon 200 L",3525,1,315.7,"Non affecté",,,,"Ballon électrique à accumulation vertical Autres ou inconnue","Électricité","ecs","Electrique - Ballon électrique à accumulation vertical (autres catégorie ou inconnue)",200,,3525,,,,,,,,,,,,0,,,,,,,,,,,,0,
"2571E0874313I","2025-04-29","2025-03-13","2025-03-13","2025-03-14","2035-03-12",,,,,,,"DPE 3CL 2021 méthode logement",2.4,"dpe maison individuelle","E","E","maison",,"avant 1948",,,2.7,,,2,,,,85,,"Moyenne","inférieur à 400m","H1c","Rue Dumas 71420 Ciry-le-Noble",,"Rue Dumas","Ciry-le-Noble","71420","71132","71","27","71132_0250",797718.06,6614629.3,0.5,"adresse géocodée ban à l'adresse","9-2 RUE DUMAS","CIRY LE NOBLE",71420,0,,,"MA2409156167","Bat. N/A; Porte","insuffisant",0,1,0,0,1,401.4,34.4,172.7,41.8,18.6,8.4,30.1,95.4,"insuffisante","insuffisante",,"insuffisante",,"insuffisante","moyenne",1.59,19157.8,1197.9,0,2245,0,1995.5,0,26336.1,309,22302.8,1875.2,0,363.6,1794.5,25116.3,295,22302.8,1875.2,0,158.1,780.2,5549.2,65,5062.7,425.7,0,10.9,49.9,"Gaz naturel",24178,22302.8,1875.2,2476,2284,192,5488.4,5062.7,425.7,"Électricité",938.3,0,0,325.8,0,0,60.8,0,0,,,,,,,,,,,2801.8,2284,192,0,54.9,270.9,"Gaz naturel","Chaudière gaz à condensation 1986-2000","installation individuelle","Radiateur bitube avec robinet thermostatique sur réseau individuel eau chaude haute température(sup ou egal 65°C)","Installation de chauffage simple","Chaudière individuelle gaz à condensation installée entre 1986 et 2000 avec programmateur avec réduit. Emetteur(s): radiateur bitube avec robinet thermostatique",22302.8,85,,,"Chaudière gaz à condensation 1986-2000","Gaz naturel","chauffage + ecs","Gaz Naturel - Chaudière gaz à condensation installée entre 1986 et 2000",22302.8,,,,,,,,,,,,,,,,,,,,,,,,"Gaz naturel","Chaudière gaz à condensation 1986-2000",,,"installation individuelle","Un seul système d'ECS sans solaire","Combiné au système de chauffage",1875.2,1,85,"Non affecté",,,,"Chaudière gaz à condensation 1986-2000","Gaz naturel","chauffage + ecs","Gaz Naturel - Chaudière gaz à condensation installée entre 1986 et 2000",0,,1875.2,,,,,,,,,,,,0,,,,,,,,,,,,0,
"2471E3423970A","2025-04-29","2024-09-30","2024-09-30","2024-10-01","2034-09-29",,,,,,,"DPE 3CL 2021 méthode logement",2.4,"dpe maison individuelle","F","E","maison",,"avant 1948",,,2.5,,,1,,,,76,,"Lourde","inférieur à 400m","H1c","Chemin des Gonnots 71420 Ciry-le-Noble",,"Chemin des Gonnots","Ciry-le-Noble","71420","71132","71","27","71132_xerhr6",799299.66,6609537.09,0.4,"adresse géocodée ban à l'adresse","2465 Les gonnots","CIRY LE NOBLE, France",71420,0,,,"24GUERRIAUD1604",,"insuffisant",1,1,0,1,0,389,42.4,97.2,88.2,36.5,6.4,19.1,99.3,"insuffisante","insuffisante",,"insuffisante",,"insuffisante","bonne",1.16,18544.3,1154.4,0,1858.7,0,859.6,0,29601.1,389,24428.5,4133.4,0,325.1,714.1,26677.4,351,24428.5,1797.1,0,141.3,310.5,4492.7,59,4346.2,116.8,0,9.8,19.9,"GPL",14931.2,14931.2,0,2340,2340,0,4061.3,4061.3,0,"Bois – Bûches",9497.2,9497.2,0,398.9,398.9,0,284.9,284.9,0,"Électricité",2248.9,0,1797.1,584.3,0,466.9,146.4,0,116.8,3323.2,2738.9,466.9,0,36.7,80.7,"GPL","Chaudière gpl/propane/butane à condensation après 2015","installation individuelle","Poêle bois","Installation de chauffage avec insert ou poêle bois en appoint","Chaudière individuelle GPL/propane/butane à condensation installée à partir de 2016 avec en appoint un foyer fermé installé avant 1990 avec programmateur sans réduit. Emetteur(s): radiateur bitube avec robinet thermostatique",24428.5,76,,,"Chaudière gpl/propane/butane à condensation après 2015","GPL","chauffage","GPL - Chaudière GPL/propane/butane à condensation installée à partir de 2016",14931.2,"Foyer fermé installé avant 1990","Bois – Bûches","chauffage","Bois - Foyer fermé installé avant 1990",9497.2,,,,,,,,,,,,,,,,,,,"Électricité","Ballon électrique à accumulation vertical Autres ou inconnue",,,"installation individuelle","Un seul système d'ECS sans solaire","Ballon électrique à accumulation vertical (autres catégorie ou inconnue), contenance ballon 150 L",1797.1,1,76,"Non affecté",,,,"Ballon électrique à accumulation vertical Autres ou inconnue","Électricité","ecs","Electrique - Ballon électrique à accumulation vertical (autres catégorie ou inconnue)",150,,1797.1,,,,,,,,,,,,0,,,,,,,"chauffage au bois",,,,,0,
"2571E0452095E","2025-04-29","2025-02-09","2025-02-09","2025-02-10","2035-02-08",,,,,,,"DPE 3CL 2021 méthode logement",2.4,"dpe maison individuelle","C","A","maison",,"avant 1948",,,2.5,,,2,,,,193.3,,"Lourde","inférieur à 400m","H1c","Route du Perrier 71420 Ciry-le-Noble",,"Route du Perrier","Ciry-le-Noble","71420","71132","71","27","71132_dfh4t7",800274.98,6610468.75,0.46,"adresse géocodée ban à l'adresse","1364 Route du Perrier","CIRY LE NOBLE, France",71420,0,,,"25COLETTE164",,"bon",1,1,0,1,1,608.7,53,263.7,17.3,41.2,8.6,28.3,196.7,"insuffisante","insuffisante",,"bonne",,"insuffisante","bonne",1.12,27947.8,1720.2,0,4530.2,0,2923.5,0,31855.1,164,24430.9,6045.2,0,826.8,552.2,18248,94,15020.1,2628.3,0,359.5,240.1,1016.3,5,805.3,170.8,0,24.8,15.4,"Électricité",10467,7239.1,2628.3,2183.7,1510.3,548.3,782.9,571.9,170.8,"Bois – Granulés (pellets) ou briquettes",7781,7781,0,770.1,770.1,0,233.4,233.4,0,,,,,,,,,,,2953.8,2280.4,548.3,0,75,50.1,"Bois – Granulés (pellets) ou briquettes","PAC air/eau installée après 2017","installation individuelle","Poêle bois","Installation de chauffage simple","Poêle à granulés flamme verte installé entre 2012 et 2019 avec programmateur avec réduit (système individuel)",7781,43.1,,,"Poêle à granulés flamme verte installé entre 2012 et 2019","Bois – Granulés (pellets) ou briquettes","chauffage","Bois - Poêle à granulés flamme verte installé entre 2012 et 2019",7781,,,,,,"installation individuelle","Radiateur bitube avec robinet thermostatique sur réseau individuel eau chaude haute température(sup ou egal 65°C)","Installation de chauffage simple","PAC air/eau installée à partir de 2017 avec programmateur avec réduit (système individuel). Emetteur(s): plancher chauffant, radiateur bitube avec robinet thermostatique",7239.1,150.2,,,"PAC air/eau installée après 2017","Électricité","chauffage","Electrique - PAC air/eau installée à partir de 2017",7239.1,,,,,,"Électricité","Ballon électrique à accumulation vertical Autres ou inconnue",,,"installation individuelle","Un seul système d'ECS sans solaire","Ballon électrique à accumulation vertical (autres catégorie ou inconnue), contenance ballon 150 L",2628.3,1,193.3,"Non affecté",,,,"Ballon électrique à accumulation vertical Autres ou inconnue","Électricité","ecs","Electrique - Ballon électrique à accumulation vertical (autres catégorie ou inconnue)",150,,2628.3,,,,,,,,,,,,0,,,,,,,"Il existe plusieurs descriptifs ENR",,,,,0,
"2571E0486539Y","2025-04-29","2025-02-11","2025-02-11","2025-02-12","2035-02-10",,,,,,,"DPE 3CL 2021 méthode logement",2.4,"dpe maison individuelle","F","F","maison",,"avant 1948",,,2.8,,,2,,,,62,,"Lourde","inférieur à 400m","H1c","Rue Gaspard Buisson 71420 Ciry-le-Noble",,"Rue Gaspard Buisson","Ciry-le-Noble","71420","71132","71","27","71132_0370",797742.3,6614696.56,0.49,"adresse géocodée ban à l'adresse","4-1 RUE GASPARD BUISSON","CIRY LE NOBLE",71420,0,,,"MA2409156159","Bat. N/A; Porte","insuffisant",1,1,0,1,0,363.5,19.5,168,57.4,17.4,9.4,12.5,79.3,"insuffisante","insuffisante",,"insuffisante",,"insuffisante","moyenne",1.81,17854.8,1029,0,1561.5,0,569.9,0,23812.3,384,19981.7,1659.7,0,265.2,1905.8,22585.2,364,19981.7,1659.7,0,115.3,828.6,4973.6,80,4535.8,376.7,0,8,53,"Gaz naturel",21641.3,19981.7,1659.7,2235.3,2063.9,171.4,4912.6,4535.8,376.7,"Électricité",943.9,0,0,327.7,0,0,61,0,0,,,,,,,,,,,2563.1,2063.9,171.4,0,40,287.7,"Gaz naturel","Chaudière gaz à condensation 2001-2015","installation individuelle","Radiateur bitube avec robinet thermostatique sur réseau individuel eau chaude basse ou moyenne température(inf 65°C)","Installation de chauffage simple","Chaudière individuelle gaz à condensation installée entre 2001 et 2015 avec programmateur avec réduit. Emetteur(s): radiateur bitube avec robinet thermostatique",19981.7,62,,,"Chaudière gaz à condensation 2001-2015","Gaz naturel","chauffage + ecs","Gaz Naturel - Chaudière gaz à condensation installée entre 2001 et 2015",19981.7,,,,,,,,,,,,,,,,,,,,,,,,"Gaz naturel","Chaudière gaz à condensation 2001-2015",,,"installation individuelle","Un seul système d'ECS sans solaire","Combiné au système de chauffage",1659.7,1,62,"Non affecté",,,,"Chaudière gaz à condensation 2001-2015","Gaz naturel","chauffage + ecs","Gaz Naturel - Chaudière gaz à condensation installée entre 2001 et 2015",0,,1659.7,,,,,,,,,,,,0,,,,,,,,,,,,0,
"2571E0486416F","2025-04-29","2025-02-11","2025-02-11","2025-02-12","2035-02-10",,,,,,,"DPE 3CL 2021 méthode logement",2.4,"dpe maison individuelle","G","G","maison",,"avant 1948",,,2.9,,,2,,,,58,,"Lourde","inférieur à 400m","H1c","Rue Gaspard Buisson 71420 Ciry-le-Noble",,"Rue Gaspard Buisson","Ciry-le-Noble","71420","71132","71","27","71132_0370",797742.3,6614696.56,0.49,"adresse géocodée ban à l'adresse","9-1 RUE GASPARD BUISSON","CIRY LE NOBLE",71420,0,,,"MA2409156288","Bat. N/A; Porte","insuffisant",0,0,0,1,0,385.1,19.8,178.7,60.5,20.4,9.8,18.2,77.7,"insuffisante","insuffisante",,"insuffisante",,"insuffisante","insuffisante",1.86,19525.5,980.8,0,1470.1,0,164.5,0,29218.5,503,26331.8,2197,0,248.1,441.6,28828.7,497,26331.8,2197,0,107.9,192,6495.8,111,5977.3,498.7,0,7.4,12.3,"Gaz naturel",28528.8,26331.8,2197,2888.8,2666.4,222.5,6476,5977.3,498.7,"Électricité",299.9,0,0,104.1,0,0,19.7,0,0,,,,,,,,,,,2992.9,2666.4,222.5,0,37.5,66.7,"Gaz naturel","Chaudière gaz standard 1991-2000","installation individuelle","Radiateur bitube sans robinet thermostatique sur réseau individuel eau chaude haute température(sup ou egal 65°C)","Installation de chauffage simple","Chaudière individuelle gaz standard installée entre 1991 et 2000 régulée, avec programmateur avec réduit. Emetteur(s): radiateur bitube sans robinet thermostatique",26331.8,58,,,"Chaudière gaz standard 1991-2000","Gaz naturel","chauffage + ecs","Gaz Naturel - Chaudière gaz standard installée entre 1991 et 2000",26331.8,,,,,,,,,,,,,,,,,,,,,,,,"Gaz naturel","Chaudière gaz standard 1991-2000",,,"installation individuelle","Un seul système d'ECS sans solaire","Combiné au système de chauffage",2197,1,58,"Non affecté",,,,"Chaudière gaz standard 1991-2000","Gaz naturel","chauffage + ecs","Gaz Naturel - Chaudière gaz standard installée entre 1991 et 2000",0,,2197,,,,,,,,,,,,0,,,,,,,,,,,,0,
"2571E1224264Z","2025-04-29","2025-04-08","2025-04-08","2025-04-09","2035-04-07",,,,,,,"DPE 3CL 2021 méthode logement",2.4,"dpe maison individuelle","D","D","maison",,"avant 1948",,,2.9,,,3,,,,104.9,,"Lourde","inférieur à 400m","H1c","Rue Clément Marot 71420 Ciry-le-Noble",,"Rue Clément Marot","Ciry-le-Noble","71420","71132","71","27","71132_0200",797573.74,6614372.95,0.49,"adresse géocodée ban à l'adresse","18-2 rue ClÈment Marot","CIRY LE NOBLE",71420,0,,,"MA2503052222","Bat. N/A; Etage N/A; Porte N/A","insuffisant",0,1,0,1,0,335.2,80.6,28.4,106.9,17.7,0,26.6,75.1,"insuffisante","très bonne","insuffisante",,,"insuffisante","bonne",1.14,14598.3,1293.9,0,2410.6,0,1579.9,0,18227,173,15361,1702.2,0,448.8,715.1,17569.2,167,15361,1702.2,0,195.1,310.9,3906.7,37,3486.9,386.4,0,13.5,19.9,"Gaz naturel",17063.1,15361,1702.2,1801,1621.3,179.7,3873.3,3486.9,386.4,"Électricité",506,0,0,175.7,0,0,33.4,0,0,,,,,,,,,,,1976.6,1621.3,179.7,0,67.7,107.9,"Gaz naturel","Chaudière gaz à condensation après 2015","installation individuelle","Radiateur bitube avec robinet thermostatique sur réseau individuel eau chaude haute température(sup ou egal 65°C)","Installation de chauffage simple","Chaudière individuelle gaz à condensation installée à partir de 2016 régulée, avec programmateur avec réduit. Emetteur(s): radiateur bitube avec robinet thermostatique",15361,104.9,,,"Chaudière gaz à condensation après 2015","Gaz naturel","chauffage + ecs","Gaz Naturel - Chaudière gaz à condensation installée à partir de 2016",15361,,,,,,,,,,,,,,,,,,,,,,,,"Gaz naturel","Chaudière gaz à condensation après 2015",,,"installation individuelle","Un seul système d'ECS sans solaire","Combiné au système de chauffage",1702.2,1,104.9,"Non affecté",,,,"Chaudière gaz à condensation après 2015","Gaz naturel","chauffage + ecs","Gaz Naturel - Chaudière gaz à condensation installée à partir de 2016",0,,1702.2,,,,,,,,,,,,0,,,,,,,,,,,,0,
"2571E1409954X","2025-04-29","2025-04-17","2025-04-24","2025-04-25","2035-04-23",,,,,,,"DPE 3CL 2021 méthode logement",2.4,"dpe maison individuelle","E","E","maison",,"avant 1948",,,2.5,,,1,,,,103,,"Légère","inférieur à 400m","H1c","111 Impasse de Ramus 71420 Ciry-le-Noble","111","Impasse de Ramus","Ciry-le-Noble","71420","71132","71","27","71132_rx7on7_00111",797846.87,6615010.7,0.42,"adresse géocodée ban à l'adresse","111 Impasse Ramus","CIRY LE NOBLE",71420,0,,,"25PROUTEAU706",,"insuffisant",1,0,0,0,0,483.9,48.9,178.8,72.8,22.2,6.4,19.4,135.4,"insuffisante","insuffisante","insuffisante",,,"insuffisante","bonne",1.67,23839.9,1284.7,0,2624.9,0,1745.3,0,30474.9,295,27214.1,1957.3,0,440.6,863,29738.1,288,27214.1,1957.3,0,191.6,375.2,6659.1,64,6177.6,444.3,0,13.2,24,"Gaz naturel",29171.4,27214.1,1957.3,2949.8,2751.9,197.9,6621.9,6177.6,444.3,"Électricité",566.8,0,0,196.8,0,0,37.2,0,0,,,,,,,,,,,3146.6,2751.9,197.9,0,66.5,130.3,"Gaz naturel","Chaudière gaz à condensation 2001-2015","installation individuelle","Radiateur bitube avec robinet thermostatique sur réseau individuel eau chaude basse ou moyenne température(inf 65°C)","Installation de chauffage simple","Chaudière individuelle gaz à condensation installée entre 2001 et 2015. Emetteur(s): radiateur bitube avec robinet thermostatique",27214.1,103,,,"Chaudière gaz à condensation 2001-2015","Gaz naturel","chauffage + ecs","Gaz Naturel - Chaudière gaz à condensation installée entre 2001 et 2015",27214.1,,,,,,,,,,,,,,,,,,,,,,,,"Gaz naturel","Chaudière gaz à condensation 2001-2015",,,"installation individuelle","Un seul système d'ECS sans solaire","Combiné au système de chauffage",1957.3,1,103,"Non affecté",,,,"Chaudière gaz à condensation 2001-2015","Gaz naturel","chauffage + ecs","Gaz Naturel - Chaudière gaz à condensation installée entre 2001 et 2015",0,,1957.3,,,,,,,,,,,,0,,,,,,,,,,,,0,
"2571E1438902H","2025-04-29","2025-04-27","2025-04-27","2025-04-28","2035-04-26",,,,,,,"DPE 3CL 2021 méthode logement",2.4,"dpe maison individuelle","F","B","maison",,"avant 1948",,,2.7,,,3,,,,116.4,,"Lourde","inférieur à 400m","H1c","Rue Sully 71420 Ciry-le-Noble",,"Rue Sully","Ciry-le-Noble","71420","71132","71","27","71132_0800",797511.56,6614304.08,0.49,"adresse géocodée ban à l'adresse","31 Rue de Sully","CIRY LE NOBLE",71420,0,,,"25BELLIN785",,"bon",1,1,0,1,1,433.3,42.7,209.7,24.5,20.4,3.8,24.1,108.1,"insuffisante","insuffisante","moyenne",,,"insuffisante","très bonne",1.71,19467.7,1349.3,0,2629.5,0,1868.2,0,38823.1,333,33307.9,5017.3,0,497.9,0,25125.7,215,22727.8,2181.4,0,216.5,0,1237.4,10,1080.6,141.8,0,14.9,0,"Bois – Bûches",14589.2,14589.2,0,612.7,612.7,0,437.7,437.7,0,"Électricité",10536.5,8138.6,2181.4,2197.4,1697.3,454.9,799.7,642.9,141.8,,,,,,,,,,,2810.2,2310.1,454.9,0,45.1,0,"Bois – Bûches","Poêle bûche installé installé à partir de 2018 avec label flamme verte","installation individuelle","Poêle bois","Installation de chauffage simple","Poêle à bois (bûche) installé à partir de 2018 avec label flamme verte (système individuel)",14589.2,60,,,"Poêle bûche installé installé à partir de 2018 avec label flamme verte","Bois – Bûches","chauffage","Bois - Poêle à bois (bûche) installé à partir de 2018 avec label flamme verte",14589.2,,,,,,"installation individuelle","radiateur électrique NFC, NF** et NF***","Installation de chauffage simple","Radiateur électrique NFC, NF** et NF*** (système individuel)",8138.6,56.4,,,"radiateur électrique NFC, NF** et NF***","Électricité","chauffage","Electrique - Radiateur électrique NFC, NF** et NF***",8138.6,,,,,,"Électricité","Ballon électrique à accumulation vertical Autres ou inconnue",,,"installation individuelle","Un seul système d'ECS sans solaire","Ballon électrique à accumulation vertical (autres catégorie ou inconnue), contenance ballon 150 L",2181.4,1,116.4,"Non affecté",,,,"Ballon électrique à accumulation vertical Autres ou inconnue","Électricité","ecs","Electrique - Ballon électrique à accumulation vertical (autres catégorie ou inconnue)",150,,2181.4,,,,,,,,,,,,0,,,,,,,"chauffage au bois",,,,,0,
"2571E0806344D","2025-04-29","2025-03-09","2025-03-09","2025-03-10","2035-03-08",,,,,,,"DPE 3CL 2021 méthode logement",2.4,"dpe maison individuelle","E","E","maison",,"avant 1948",,,2.7,,,3,,,,118,,"Lourde","inférieur à 400m","H1c","Rue Clément Marot 71420 Ciry-le-Noble",,"Rue Clément Marot","Ciry-le-Noble","71420","71132","71","27","71132_0200",797573.74,6614372.95,0.49,"adresse géocodée ban à l'adresse","10-1 RUE CLEMENT MAROT","CIRY LE NOBLE",71420,0,,,"MA2409156302","Bat. N/A; Porte","insuffisant",0,1,0,1,0,592.4,51.7,256,107,19.5,0,42.8,115.4,"insuffisante","insuffisante","insuffisante",,,"insuffisante","moyenne",2.22,27885.2,1357,0,2660.2,0,2107.1,0,36813.3,311,32346.7,2041.5,0,504.7,1920.4,35442.5,300,32346.7,2041.5,0,219.5,835,7874.7,66,7342.7,463.4,0,15.1,53.4,"Gaz naturel",34388.1,32346.7,2041.5,3444.7,3240.2,204.5,7806.1,7342.7,463.4,"Électricité",1054.4,0,0,357.9,0,0,68.6,0,0,,,,,,,,,,,3802.6,3240.2,204.5,0,74.5,283.4,"Gaz naturel","Chaudière gaz à condensation 2001-2015","installation individuelle","Radiateur bitube avec robinet thermostatique sur réseau individuel eau chaude haute température(sup ou egal 65°C)","Installation de chauffage simple","Chaudière individuelle gaz à condensation installée entre 2001 et 2015 avec programmateur avec réduit. Emetteur(s): radiateur bitube avec robinet thermostatique",32346.7,118,,,"Chaudière gaz à condensation 2001-2015","Gaz naturel","chauffage + ecs","Gaz Naturel - Chaudière gaz à condensation installée entre 2001 et 2015",32346.7,,,,,,,,,,,,,,,,,,,,,,,,"Gaz naturel","Chaudière gaz à condensation 2001-2015",,,"installation individuelle","Un seul système d'ECS sans solaire","Combiné au système de chauffage",2041.5,1,118,"Non affecté",,,,"Chaudière gaz à condensation 2001-2015","Gaz naturel","chauffage + ecs","Gaz Naturel - Chaudière gaz à condensation installée entre 2001 et 2015",0,,2041.5,,,,,,,,,,,,0,,,,,,,,,,,,0,
"2471E3248874O","2025-04-29","2024-09-17","2024-09-17","2024-09-18","2034-09-16",,,,,,,"DPE 3CL 2021 méthode logement",2.4,"dpe maison individuelle","G","G","maison",,"avant 1948",,,2.8,,,1,,,,50.8,,"Lourde","inférieur à 400m","H1c","6 Rue Philippe Martin 71420 Ciry-le-Noble","6","Rue Philippe Martin","Ciry-le-Noble","71420","71132","71","27","71132_0560_00006",799664.35,6612344.34,0.52,"adresse géocodée ban à l'adresse","6 Rue Philippe Martin","CIRY LE NOBLE, France",71420,0,,,"24HANOTTE,1416",,"insuffisant",1,1,0,1,0,387.6,9.1,181.2,48.8,28,11.3,26.6,82.8,"insuffisante","insuffisante",,"insuffisante",,"insuffisante","insuffisante",1.54,19343.1,894.3,0,1306.4,0,661.4,0,25734.9,506,23492.8,1570.3,0,217.4,454.4,25355.2,498,23492.8,1570.3,0,94.5,197.6,8139.6,160,7611.7,508.8,0,6.5,12.6,"Fioul domestique",25063.1,23492.8,1570.3,3714.6,3481.9,232.7,8120.4,7611.7,508.8,"Électricité",292.1,0,0,101.4,0,0,19.2,0,0,,,,,,,,,,,3816,3481.9,232.7,0,32.8,68.6,"Fioul domestique","Chaudière fioul standard 1991-2015","installation individuelle","Plancher chauffant sur réseau individuel eau chaude haute température(sup ou egal 65°C)","Installation de chauffage simple","Chaudière individuelle fioul standard installée entre 1991 et 2015",23492.8,50.8,,,"Chaudière fioul standard 1991-2015","Fioul domestique","chauffage + ecs","Fioul - Chaudière fioul standard installée entre 1991 et 2015",23492.8,,,,,,,,,,,,,,,,,,,,,,,,"Fioul domestique","Chaudière fioul standard 1991-2015",,,"installation individuelle","Un seul système d'ECS sans solaire","Combiné au système de chauffage",1570.3,1,50.8,"Non affecté",,,,"Chaudière fioul standard 1991-2015","Fioul domestique","chauffage + ecs","Fioul - Chaudière fioul standard installée entre 1991 et 2015",0,,1570.3,,,,,,,,,,,,0,,,,,,,,,,,,0,
"2471E2407912W","2025-04-29","2024-07-02","2024-07-02","2024-07-03","2034-07-01",,,,,,,"DPE 3CL 2021 méthode logement",2.4,"dpe maison individuelle","G","G","maison",,"avant 1948",,,2.5,,,1,,,,75.5,,"Lourde","inférieur à 400m","H1c","1730 Route des Levriaux 71420 Ciry-le-Noble","1730","Route des Levriaux","Ciry-le-Noble","71420","71132","71","27","71132_qzgn4w_01730",798285.34,6609544.73,0.44,"adresse géocodée ban à l'adresse","1730 route des Lévriaux","CIRY LE NOBLE, France",71420,0,,,"24DROUHIN1147",,"insuffisant",1,1,0,1,0,433.9,20.6,163.8,72.5,41.9,3,7.3,124.8,"insuffisante","insuffisante",,"insuffisante",,"insuffisante","bonne",1.21,21508.3,1152.1,0,1849.5,0,488.6,0,29400.2,389,26466.6,2117.5,0,323,493,28938.9,383,26466.6,2117.5,0,140.4,214.4,9284.7,122,8575.2,686.1,0,9.7,13.7,"Fioul domestique",28584.1,26466.6,2117.5,4236.4,3922.6,313.8,9261.2,8575.2,686.1,"Électricité",354.8,0,0,123.2,0,0,23.4,0,0,,,,,,,,,,,4359.6,3922.6,313.8,0,48.8,74.4,"Fioul domestique","Chaudière fioul standard 1991-2015","installation individuelle","Radiateur bitube avec robinet thermostatique sur réseau individuel eau chaude haute température(sup ou egal 65°C)","Installation de chauffage simple","Chaudière individuelle fioul standard installée entre 1991 et 2015 régulée. Emetteur(s): radiateur bitube avec robinet thermostatique",26466.6,75.5,,,"Chaudière fioul standard 1991-2015","Fioul domestique","chauffage + ecs","Fioul - Chaudière fioul standard installée entre 1991 et 2015",26466.6,,,,,,,,,,,,,,,,,,,,,,,,"Fioul domestique","Chaudière fioul standard 1991-2015",,,"installation individuelle","Un seul système d'ECS sans solaire","Combiné au système de chauffage",2117.5,1,75.5,"Non affecté",,,,"Chaudière fioul standard 1991-2015","Fioul domestique","chauffage + ecs","Fioul - Chaudière fioul standard installée entre 1991 et 2015",0,,2117.5,,,,,,,,,,,,0,,,,,,,,,,,,0,
"2571E0806529G","2025-04-29","2025-03-09","2025-03-09","2025-03-10","2035-03-08",,,,,,,"DPE 3CL 2021 méthode logement",2.4,"dpe maison individuelle","F","F","maison",,"avant 1948",,,2.9,,,3,,,,107,,"Moyenne","inférieur à 400m","H1c","Rue Champlong 71420 Ciry-le-Noble",,"Rue Champlong","Ciry-le-Noble","71420","71132","71","27","71132_k74x4b",797727.16,6614473.73,0.49,"adresse géocodée ban à l'adresse","5-2 RUE CHAMPLONG","CIRY LE NOBLE",71420,0,,,"MA2409156242","Bat. N/A; Porte","insuffisant",0,1,0,0,0,579.4,37.4,209.4,141.6,19.4,8,47.4,116.3,"insuffisante","insuffisante","insuffisante",,,"insuffisante","moyenne",2.02,28015.9,1304,0,2709.3,0,2830.2,0,41650.6,389,35400,4447.6,0,457.7,1345.2,38117.7,356,35400,1933.8,0,199,584.9,8212.7,76,8035.8,125.7,0,13.7,37.4,"Gaz naturel",35400,35400,0,3540.8,3540.8,0,8035.8,8035.8,0,"Électricité",2717.6,0,1933.8,673,0,478.9,176.9,0,125.7,,,,,,,,,,,4213.7,3540.8,478.9,0,49.3,144.8,"Gaz naturel","Chaudière gaz standard 1991-2000","installation individuelle","Radiateur bitube avec robinet thermostatique sur réseau individuel eau chaude haute température(sup ou egal 65°C)","Installation de chauffage simple","Chaudière individuelle gaz standard installée entre 1991 et 2000 régulée. Emetteur(s): radiateur bitube avec robinet thermostatique",35400,107,,,"Chaudière gaz standard 1991-2000","Gaz naturel","chauffage","Gaz Naturel - Chaudière gaz standard installée entre 1991 et 2000",35400,,,,,,,,,,,,,,,,,,,,,,,,"Électricité","Ballon électrique à accumulation vertical Catégorie B ou 2 étoiles",,,"installation individuelle","Un seul système d'ECS sans solaire","Ballon électrique à accumulation vertical (catégorie B ou 2 étoiles), contenance ballon 150 L",1933.8,1,107,"Non affecté",,,,"Ballon électrique à accumulation vertical Catégorie B ou 2 étoiles","Électricité","ecs","Electrique - Ballon électrique à accumulation vertical (catégorie B ou 2 étoiles)",150,,1933.8,,,,,,,,,,,,0,,,,,,,,,,,,0,
"2571E1565464B","2025-05-12","2025-05-08","2025-05-11","2025-05-12","2035-05-10",,,,,,,"DPE 3CL 2021 méthode logement",2.4,"dpe maison individuelle","D","B","maison",1957,"1948-1974",,,2.3,,,2,,,,107.4,,"Moyenne","inférieur à 400m","H1c","10 Rue Henri Mugnier 71420 Ciry-le-Noble","10","Rue Henri Mugnier","Ciry-le-Noble","71420","71132","71","27","71132_0500_00010",799210.82,6613404.06,0.96,"adresse géocodée ban à l'adresse","10 rue Henri Mugnier","CIRY-LE-NOBLE",71420,,,,,,"moyen",1,1,0,0,1,269.6,22.8,69.4,8.3,48.3,13.5,19.1,88.2,"moyenne","moyenne",,"très bonne",,"insuffisante","bonne",0.66,11038.8,1305.9,0,2717709.8,0,2303127.2,0,26430.3,246,20183,5082.7,0,459.4,705.2,11491.4,107,8775.2,2209.9,0,199.7,306.6,869.9,8,693.2,143.6,0,13.8,19.6,"Électricité",11491.4,8775.2,2209.9,2386,1822,459,870.3,693.2,143.6,,,,,,,,,,,,,,,,,,,,,2386,1822,459,0,41,64,"Électricité","radiateur électrique NFC, NF** et NF***","installation individuelle","radiateur électrique NFC, NF** et NF***","Installation de chauffage simple","Chauffage sans solaire",7936.1,97.1,,,"radiateur électrique NFC, NF** et NF***","Électricité","chauffage","Radiateur électrique NF***",7936.1,,,,,,"installation individuelle","radiateur électrique NFC, NF** et NF***","Installation de chauffage simple","Chauffage sans solaire",839.1,10.3,,,"radiateur électrique NFC, NF** et NF***","Électricité","chauffage","Radiateur électrique NF**",839.1,,,,,,"Électricité","Ballon électrique à accumulation vertical Catégorie B ou 2 étoiles",,,"installation individuelle","Un seul système d'ECS sans solaire","Chauffe-eau vertical Electrique",2209.9,1,107.4,"Non affecté",,,,"Ballon électrique à accumulation vertical Catégorie B ou 2 étoiles","Électricité","ecs","Chauffe-eau vertical",200,,2209.9,,,,,,,,,,,,0,,,,,,,,,,,,0,
"2571E1552220R","2025-05-10","2025-04-28","2025-05-09","2025-05-10","2035-05-08","2571E1552219Q",,,,,,"DPE 3CL 2021 méthode logement",2.4,"dpe maison individuelle","C","A","maison",2002,"2001-2005",,,2.5,,,2,,,,203.8,,"Légère","inférieur à 400m","H1c","16d Rue Henri Mugnier 71420 Ciry-le-Noble","16d","Rue Henri Mugnier","Ciry-le-Noble","71420","71132","71","27","71132_0500_00016_d",799198.94,6613591.36,0.59,"adresse géocodée ban à l'adresse","16 D RUE HENRI MUGNIER","CIRY LE NOBLE",71420,0,,,"25-04-264",,"insuffisant",0,0,0,0,1,322.9,72.3,40.9,24,30.6,5.6,34.4,115,"bonne","bonne",,,"moyenne","bonne","très bonne",0.6,11959.3,1770.9,1404.6,4752,220.7,4108.8,1019.4,28990.2,142,19457.2,6825.1,469.2,871.7,1366.9,12604.4,61,8459.7,2967.5,204,379,594.3,938.4,4,668.3,192.9,13.1,26.2,38,"Électricité",12604.4,8459.7,2967.5,2605.4,1748.6,613.4,938.4,668.3,192.9,,,,,,,,,,,,,,,,,,,,,2605.4,1748.6,613.4,42.2,78.3,122.8,"Électricité","PAC air/air installée à partir de 2015","installation individuelle","Plancher rayonnant électrique avec régulation terminale","Installation de chauffage simple","Plancher rayonnant électrique avec régulation terminale avec programmateur pièce par pièce (système individuel)",3681.4,68.9,,,"Plancher ou plafond rayonnant électrique avec régulation terminale","Électricité","chauffage","Electrique - Plancher rayonnant électrique avec régulation terminale",3681.4,,,,,,"installation individuelle","radiateur électrique NFC, NF** et NF***","Installation de chauffage simple","Radiateur électrique à fluide caloporteur (modélisé comme un radiateur NFC, NF** et NF***) avec programmateur avec réduit (système individuel)",3236.9,63,,,"Radiateur électrique à accumulation","Électricité","chauffage","Electrique - Radiateur électrique à accumulation",3236.9,,,,,,"Électricité","Ballon électrique à accumulation vertical Autres ou inconnue",,,"installation individuelle","Un seul système d'ECS sans solaire","Ballon électrique à accumulation vertical (autres catégorie ou inconnue), contenance ballon 300 L",2967.5,1,203.8,"Non affecté",,,,"Ballon électrique à accumulation vertical Autres ou inconnue","Électricité","ecs","Electrique - Ballon électrique à accumulation vertical (autres catégorie ou inconnue)",300,,2967.5,,,,,,,,,,,,0,"PAC air/air installée avant 2008","Électricité","Avant 2008","Refroidissement - Electrique - Pompe à chaleur (divisé) - type split",118.4,204,"pompe à chaleur",,,,,0,
"2571E1547632F","2025-05-09","2025-05-08","2025-05-08","2025-05-09","2035-05-07",,,,,,,"DPE 3CL 2021 méthode logement",2.4,"dpe maison individuelle","E","B","maison",,"avant 1948",,,2.6,,,1,,,,93.7,,"Moyenne","inférieur à 400m","H1c","Rue Laplace 71420 Ciry-le-Noble",,"Rue Laplace","Ciry-le-Noble","71420","71132","71","27","71132_0460",797932.75,6615297.11,0.47,"adresse géocodée ban à l'adresse","1 Rue Laplace","CIRY-LE-NOBLE",71420,0,,,"25HEUDE973",,"moyen",1,1,0,0,1,369.9,41.9,151.5,11.8,41.1,3.8,27.8,92,"insuffisante","insuffisante","très bonne",,,"insuffisante","très bonne",0.9,16532.6,1239.7,800.8,2428.2,112.8,2899.7,514.9,30569.9,326,24408.6,4541.3,70.2,386.1,1163.7,19877.8,212,17199,1974.5,30.5,167.8,506,962,10,787.7,128.3,2,11.6,32.4,"Bois – Bûches",11653.1,11653.1,0,489.4,489.4,0,349.6,349.6,0,"Électricité",8224.7,5545.8,1974.5,1741.4,1174.2,418.1,612.4,438.1,128.3,,,,,,,,,,,2230.8,1663.6,418.1,6.5,35.5,107.1,"Bois – Bûches","Poêle à granulés installée avant 2012 ou sans label flamme verte","installation individuelle","Poêle bois","Installation de chauffage simple","Poêle à granulés installée avant 2012 ou sans label flamme verte (système individuel)",11653.1,50.2,,,"Poêle à granulés installée avant 2012 ou sans label flamme verte","Bois – Bûches","chauffage","Bois - Poêle à granulés installée avant 2012 ou sans label flamme verte",11653.1,,,,,,"installation individuelle","radiateur électrique NFC, NF** et NF***","Installation de chauffage simple","Radiateur électrique NFC, NF** et NF*** (système individuel)",4686.4,31.9,,,"radiateur électrique NFC, NF** et NF***","Électricité","chauffage","Electrique - Radiateur électrique NFC, NF** et NF***",4686.4,,,,,,"Électricité","Ballon électrique à accumulation vertical Autres ou inconnue",,,"installation individuelle","Un seul système d'ECS sans solaire","Ballon électrique à accumulation vertical (autres catégorie ou inconnue), contenance ballon 150 L",2049.4,1,93.7,"Non affecté",,,,"Ballon électrique à accumulation vertical Autres ou inconnue","Électricité","ecs","Electrique - Ballon électrique à accumulation vertical (autres catégorie ou inconnue)",150,,2049.4,,,,,,,,,,"VMC SF Auto réglable de 1982 à 2000",93.7,0,"PAC air/air installée entre 2008 et 2014","Électricité","2008-2014","Refroidissement - Electrique - Pompe à chaleur air/air",30,37.4,"Il existe plusieurs descriptifs ENR","Solaire Photovoltaïque",1,14.4,12,5681.6,
"2571E1649946J","2025-05-19","2025-05-18","2025-05-18","2025-05-19","2035-05-17",,,,,,,"DPE 3CL 2021 méthode logement",2.4,"dpe maison individuelle","G","G","maison",1971,"1948-1974",,,2.5,,,1,,,,62,,"Moyenne","inférieur à 400m","H1c","1 Rue du 19 Mars 1962 71420 Ciry-le-Noble","1","Rue du 19 Mars 1962","Ciry-le-Noble","71420","71132","71","27","71132_0240_00001",799143.14,6612789.27,0.5,"adresse géocodée ban à l'adresse","1 Rue du Dix Neuf Mars 1962","CIRY LE NOBLE",71420,0,,,"25GAUTHY971",,"insuffisant",1,1,0,0,0,445.9,39.1,148.2,131.8,31,6.6,23.5,65.7,"insuffisante","insuffisante",,"insuffisante",,"insuffisante","bonne",1.84,22258.3,1029,0,1726.5,0,1867,0,29748,479,25901.8,1737.3,0,265.2,1843.7,28556,460,25901.8,1737.3,0,115.3,801.6,9014.3,145,8392.2,562.9,0,8,51.3,"Fioul domestique",27639.1,25901.8,1737.3,4096.4,3838.9,257.5,8955.1,8392.2,562.9,"Électricité",916.9,0,0,318.4,0,0,59.3,0,0,,,,,,,,,,,4414.8,3838.9,257.5,0,40,278.3,"Fioul domestique","Chaudière fioul standard 1991-2015","installation individuelle","Radiateur bitube avec robinet thermostatique sur réseau individuel eau chaude haute température(sup ou egal 65°C)","Installation de chauffage simple","Chaudière individuelle fioul standard installée entre 1991 et 2015 avec programmateur sans réduit. Emetteur(s): radiateur bitube avec robinet thermostatique",25901.8,62,,,"Chaudière fioul standard 1991-2015","Fioul domestique","chauffage + ecs","Fioul - Chaudière fioul standard installée entre 1991 et 2015",25901.8,,,,,,,,,,,,,,,,,,,,,,,,"Fioul domestique","Chaudière fioul standard 1991-2015",,,"installation individuelle","Un seul système d'ECS sans solaire","Combiné au système de chauffage",1737.3,1,62,"Non affecté",,,,"Chaudière fioul standard 1991-2015","Fioul domestique","chauffage + ecs","Fioul - Chaudière fioul standard installée entre 1991 et 2015",0,,1737.3,,,,,,,,,,,,0,,,,,,,,,,,,0,
"2571E1869759S","2025-06-06","2025-05-25","2025-06-05","2025-06-06","2035-06-04",,,,,,,"DPE 3CL 2021 méthode logement",2.4,"dpe appartement individuel","E","D","appartement",,"1948-1974","collectif","individuel",2.5,1,,1,,,1212,64.3,,"Très lourde","inférieur à 400m","H1c","Cite Rozelay 71420 Ciry-le-Noble",,,"Ciry-le-Noble","71420","71132","71","27","71132_A150",797473.68,6613986.35,0.36,"adresse géocodée ban à l'adresse","Cité Rozelay","CIRY LE NOBLE",71420,0,,,"SER/25/14283_p01","Bat. C; Etage 3; Porte Gauche","insuffisant",0,1,0,1,0,179.7,32.5,53.9,0,0,1.3,36.9,55,"bonne","insuffisante",,"très bonne",,"très bonne","moyenne",0.6,6955.7,1221.7,0,1878.2,0,1887,0,16108,250,11201.5,4244.2,0,274.8,387.4,13334.8,207,11201.5,1845.3,0,119.5,168.4,2681.7,41,2542.8,119.9,0,8.2,10.8,"Gaz naturel",11201.5,11201.5,0,1054.1,1054.1,0,2542.8,2542.8,0,"Électricité",2133.2,0,1845.3,570.7,0,498.2,139,0,119.9,,,,,,,,,,,1624.8,1054.1,498.2,0,32.3,40.3,"Gaz naturel","Chaudière gaz basse température 1991-2000","installation collective","Radiateur bitube sans robinet thermostatique sur réseau collectif eau chaude basse ou moyenne température(inf 65°C)","Installation de chauffage simple","Chaudière collective gaz basse température installée entre 1991 et 2000 avec équipement d'intermittence central collectif. Emetteur(s): radiateur bitube sans robinet thermostatique",11201.5,64.3,,,"Chaudière gaz basse température 1991-2000","Gaz naturel","chauffage","Gaz Naturel - Chaudière gaz basse température installée entre 1991 et 2000",11201.5,,,,,,,,,,,,,,,,,,,,,,,,"Électricité","Ballon électrique à accumulation vertical Catégorie B ou 2 étoiles",,,"installation individuelle","Un seul système d'ECS sans solaire","Ballon électrique à accumulation vertical (catégorie B ou 2 étoiles), contenance ballon 150 L",1845.3,1,64.3,"Non affecté",,,,"Ballon électrique à accumulation vertical Catégorie B ou 2 étoiles","Électricité","ecs","Electrique - Ballon électrique à accumulation vertical (catégorie B ou 2 étoiles)",150,,1845.3,,,,,,,,,,,,0,,,,,,,,,,,,0,
"2571E1869019G","2025-06-06","2025-05-25","2025-06-05","2025-06-06","2035-06-04",,,,,,,"DPE 3CL 2021 méthode logement",2.4,"dpe appartement individuel","E","D","appartement",,"1948-1974","collectif","individuel",2.5,1,,1,,,1203,63.8,,"Très lourde","inférieur à 400m","H1c","Cite Rozelay 71420 Ciry-le-Noble",,,"Ciry-le-Noble","71420","71132","71","27","71132_A150",797473.68,6613986.35,0.36,"adresse géocodée ban à l'adresse","Cité Rozelay","CIRY LE NOBLE",71420,0,,,"SER/25/14283","Bat. B; Etage 2; Porte Droite","insuffisant",0,1,0,1,0,187.6,32.7,61.6,0,0,2.1,36.3,54.9,"bonne","insuffisante",,"très bonne",,"très bonne","moyenne",0.63,7312.2,1218.6,0,1867.7,0,1995.8,0,16600.5,260,11701.7,4236.4,0,272.8,389.6,13831.6,216,11701.7,1841.9,0,118.6,169.4,2795,43,2656.3,119.7,0,8.2,10.8,"Gaz naturel",11701.7,11701.7,0,1100.5,1100.5,0,2656.3,2656.3,0,"Électricité",2129.9,0,1841.9,570.1,0,497.6,138.7,0,119.7,,,,,,,,,,,1670.6,1100.5,497.6,0,32,40.5,"Gaz naturel","Chaudière gaz basse température 1991-2000","installation collective","Radiateur bitube sans robinet thermostatique sur réseau collectif eau chaude basse ou moyenne température(inf 65°C)","Installation de chauffage simple","Chaudière collective gaz basse température installée entre 1991 et 2000 avec équipement d'intermittence central collectif. Emetteur(s): radiateur bitube sans robinet thermostatique",11701.7,63.8,,,"Chaudière gaz basse température 1991-2000","Gaz naturel","chauffage","Gaz Naturel - Chaudière gaz basse température installée entre 1991 et 2000",11701.7,,,,,,,,,,,,,,,,,,,,,,,,"Électricité","Ballon électrique à accumulation vertical Catégorie B ou 2 étoiles",,,"installation individuelle","Un seul système d'ECS sans solaire","Ballon électrique à accumulation vertical (catégorie B ou 2 étoiles), contenance ballon 150 L",1841.9,1,63.8,"Non affecté",,,,"Ballon électrique à accumulation vertical Catégorie B ou 2 étoiles","Électricité","ecs","Electrique - Ballon électrique à accumulation vertical (catégorie B ou 2 étoiles)",150,,1841.9,,,,,,,,,,,,0,,,,,,,,,,,,0,
