"numero_dpe","date_derniere_modification_dpe","date_visite_diagnostiqueur","date_etablissement_dpe","date_reception_dpe","date_fin_validite_dpe","numero_dpe_remplace","numero_dpe_immeuble_associe","id_rnb","numero_rpls_logement","numero_immatriculation_copropriete","modele_dpe","version_dpe","methode_application_dpe","etiquette_dpe","etiquette_ges","type_batiment","annee_construction","periode_construction","type_installation_chauffage","type_installation_ecs","hauteur_sous_plafond","nombre_appartement","nombre_niveau_immeuble","nombre_niveau_logement","typologie_logement","appartement_non_visite","surface_habitable_immeuble","surface_habitable_logement","surface_tertiaire_immeuble","classe_inertie_batiment","classe_altitude","zone_climatique","adresse_ban","numero_voie_ban","nom_rue_ban","nom_commune_ban","code_postal_ban","code_insee_ban","code_departement_ban","code_region_ban","identifiant_ban","coordonnee_cartographique_x_ban","coordonnee_cartographique_y_ban","score_ban","statut_geocodage","adresse_brut","nom_commune_brut","code_postal_brut","numero_etage_appartement","position_logement_dans_immeuble","nom_residence","complement_adresse_batiment","complement_adresse_logement","indicateur_confort_ete","protection_solaire_exterieure","logement_traversant","presence_brasseur_air","inertie_lourde","isolation_toiture","deperditions_enveloppe","deperditions_ponts_thermiques","deperditions_murs","deperditions_planchers_hauts","deperditions_planchers_bas","deperditions_portes","deperditions_baies_vitrees","deperditions_renouvellement_air","qualite_isolation_enveloppe","qualite_isolation_murs","qualite_isolation_plancher_haut_comble_amenage","qualite_isolation_plancher_haut_comble_perdu","qualite_isolation_plancher_haut_toit_terrasse","qualite_isolation_plancher bas","qualite_isolation_menuiseries","ubat_w_par_m2_k","besoin_chauffage","besoin_ecs","besoin_refroidissement","apport_interne_saison_chauffe","apport_interne_saison_froide","apport_solaire_saison_chauffe","apport_solaire_saison_froide","conso_5_usages_ep","conso_5_usages_par_m2_ep","conso_chauffage_ep","conso_ecs_ep","conso_refroidissement_ep","conso_eclairage_ep","conso_auxiliaires_ep","conso_5 usages_ef","conso_5 usages_par_m2_ef","conso_chauffage_ef","conso_ecs_ef","conso_refroidissement_ef","conso_eclairage_ef","conso_auxiliaires_ef","emission_ges_5_usages","emission_ges_5_usages par_m2","emission_ges_chauffage","emission_ges_ecs","emission_ges_refroidissement","emission_ges_eclairage","emission_ges_auxiliaires","type_energie_n1","conso_5 usages_ef_energie_n1","conso_chauffage_ef_energie_n1","conso_ecs_ef_energie_n1","cout_total_5_usages_energie_n1","cout_chauffage_energie_n1","cout_ecs_energie_n1","emission_ges_5_usages_energie_n1","emission_ges_chauffage_energie_n1","emission_ges_ecs_energie_n1","type_energie_n2","conso_5 usages_ef_energie_n2","conso_chauffage_ef_energie_n2","conso_ecs_ef_energie_n2","cout_total_5_usages_energie_n2","cout_chauffage_energie_n2","cout_ecs_energie_n2","emission_ges_5_usages_energie_n2","emission_ges_chauffage_energie_n2","emission_ges_ecs_energie_n2","type_energie_n3","conso_5_usages_ef_energie_n3","conso_chauffage_ef_energie_n3","conso_ecs_ef_energie_n3","cout_total_5_usages energie_n3","cout_chauffage_energie_n3","cout_ecs_energie_n3","emission_ges_5_usages_energie_n3","emission_ges_chauffage_energie_n3","emission_ges_ecs_energie_n3","cout_total_5_usages","cout_chauffage","cout_ecs","cout_refroidissement","cout_eclairage","cout_auxiliaires","type_energie_principale_chauffage","type_generateur_chauffage_principal","type_installation_chauffage_n1","type_emetteur_installation_chauffage_n1","configuration_installation_chauffage_n1","description_installation_chauffage_n1","conso_chauffage_installation_chauffage_n1","surface_chauffee_installation_chauffage_n1","facteur_couverture_solaire_installation_chauffage_n1","facteur_couverture_solaire_saisi_installation_chauffage_n1","type_generateur_n1_installation_n1","type_energie_generateur_n1_installation_n1","usage_generateur_n1_installation_n1","description_generateur_chauffage_n1_installation_n1","conso_chauffage_generateur_n1_installation_n1","type_generateur_n2_installation_n1","type_energie_generateur_n2_installation_n1","usage_generateur_n2_installation_n1","description_generateur_chauffage_n2_installation_n1","conso_chauffage_generateur_n2_installation_n1","type_installation_chauffage_n2","type_emetteur_installation_chauffage_n2","configuration_installation_chauffage_n2","description_installation_chauffage_n2","conso_chauffage_installation_chauffage_n2","surface_chauffee_installation_chauffage_n2","facteur_couverture_solaire_installation_chauffage_n2","facteur_couverture_solaire_saisi_installation_chauffage_n2","type_generateur_n1_installation_n2","type_energie_generateur_n1_installation_n2","usage_generateur_n1_installation_n2","description_generateur_chauffage_n1_installation_n2","conso_chauffage_generateur_n1_installation_n2","type_generateur_n2_installation_n2","type_energie_generateur_n2_installation_n2","usage_generateur_n2_installation_n2","description_generateur_chauffage_n2_installation_n2","conso_chauffage_generateur_n2_installation_n2","type_energie_principale_ecs","type_generateur_chauffage_principal_ecs","besoin_ecs_batiment","besoin_ecs_logement","type_installation_ecs_n1","configuration_installation_ecs_n1","description_installation_ecs_n1","conso_ef_installation_ecs_n1"," nombre_logements_desservis_par_installation_ecs_n1","surface_habitable_desservie_par_installation_ecs_n1","type_installation_solaire_n1","production_ecs_solaire_installation_n1","facteur_couverture_solaire_n1","facteur_couverture_solaire_saisi_n1","type_generateur_n1_ecs_n1","type_energie_generateur_n1_ecs_n1","usage_generateur_n1_ecs_n1","description_generateur_n1_ecs_n1","volume_stockage_generateur_n1_ecs_n1","cop_generateur_n1_ecs_n1","conso_ef_generateur_n1_ecs_n1","date_installation_generateur_n1_ecs_n1","type_generateur_n2_ecs_n1","type_energie_generateur_n2_ecs_n1","usage_generateur_n2_ecs_n1","description_generateur_n2_ecs_n1","volume_stockage_generateur_n2_ecs_n1","cop_generateur_n2_ecs_n1","conso_ef_generateur_n2_ecs_n1","date_installation_generateur_n2_ecs_n1","type_ventilation","surface_ventilee","ventilation_posterieure_2012","type_generateur_froid","type_energie_climatisation","periode_installation_generateur_froid","description_generateur_froid","surface_climatisee","conso_refroidissement_annuel","categorie_enr","systeme_production_electricite_origine_renouvelable","presence_production_pv","surface_totale_capteurs_pv","nombre_module","production_electricite_pv_kwhep_par_an","electricite_pv_autoconsommee"
"2284E0389945E","2024-02-06","2022-02-23","2022-02-25","2022-02-26","2032-02-24",,,,,,"DPE 3CL 2021 méthode logement",2.1,"dpe maison individuelle","F","F","maison",1947,"avant 1948",,,2.5,,,2,,,,318,,"Lourde","inférieur à 400m","H2d","1476 Chemin des Molliards 84220 Gordes","1476","Chemin des Molliards","Gordes","84220","84050","84","93","84050_0560_01476",874578.98,6312910.45,0.47,"adresse géocodée ban à l'adresse","1476 Chemin des Molliards","GORDES",84220,0,,,,,,,,,,,1329.2,45.6,426.7,450.5,79.7,5,136.2,185.6,"insuffisante","insuffisante","insuffisante",,,"insuffisante","insuffisante",1.92,56302.6,2067.5,6114.8,5596153.6,842653.4,7717421.9,3274576.9,82005.8,257,73743.3,5182.1,168.8,1443.2,1468.5,80264.7,252,73743.3,5182.1,73.4,627.5,638.5,25660.7,80,23892.8,1679,4.7,43.3,40.9,"Fioul domestique",78925.4,73743.3,5182.1,7215.4,6741.6,473.7,25571.8,23892.8,1679,"Électricité",1339.3,0,0,337.4,0,0,88.9,0,0,,,,,,,,,,,7552.7,6741.6,473.7,18.5,158.1,160.8,"Fioul domestique","Chaudière fioul standard 1991-2015","installation individuelle","Radiateur monotube avec robinet thermostatique sur réseau individuel eau chaude haute température(sup ou egal 65°C)","Installation de chauffage simple","Chaudière individuelle fioul standard installée entre 1991 et 2015. Emetteur(s): radiateur monotube avec robinet thermostatique",73743.3,318,,,"Chaudière fioul standard 1991-2015","Fioul domestique","chauffage + ecs","Fioul - Chaudière fioul standard installée entre 1991 et 2015",73743.3,,,,,,,,,,,,,,,,,,,,,,,,"Fioul domestique","Chaudière fioul standard 1991-2015",,,"installation individuelle","Un seul système d'ECS sans solaire","Combiné au système de chauffage, contenance ballon 300 L",5182.1,1,318,"Non affecté",,,,"Chaudière fioul standard 1991-2015","Fioul domestique","chauffage + ecs","Fioul - Chaudière fioul standard installée entre 1991 et 2015",300,,5182.1,,,,,,,,,,,,0,"PAC air/air installée avant 2008","Électricité","Avant 2008","Refroidissement - Electrique - Pompe à chaleur (divisé) - type split",14.5,73.4,"pompe à chaleur",,,,,0,
"2284E0561885G","2024-02-06","2022-03-13","2022-03-20","2022-03-21","2032-03-19",,,,,,"DPE 3CL 2021 méthode logement",2.1,"dpe appartement individuel","C","A","appartement",1978,"1978-1982","individuel","individuel",2.5,1,,1,,,,110.2,,"Légère","inférieur à 400m","H2d","139 Route de Murs 84220 Gordes","139","Route de Murs","Gordes","84220","84050","84","93","84050_0580_00139",876712.29,6315082.49,0.53,"adresse géocodée ban à l'adresse","139, Route de Murs","GORDES",84220,0,,,,,"moyen",1,1,0,0,1,297.3,22.9,113,8.4,0,6.3,34.4,112.1,"moyenne","insuffisante",,"très bonne",,"très bonne","moyenne",0.79,12170,1364.3,0,2503029.9,0,2180681.4,0,17281.8,156,10989.9,5078.5,0,500.1,713.3,7513.8,68,4778.2,2208,0,217.4,310.1,555.9,5,377.5,143.5,0,15,19.8,"Électricité",7513.8,4778.2,2208,1276.3,811.6,375.1,555.9,377.5,143.5,,,,,,,,,,,,,,,,,,,,,1276.3,811.6,375.1,0,36.9,52.7,"Électricité","PAC air/eau installée après 2017","installation individuelle","Radiateur monotube avec robinet thermostatique sur réseau individuel eau chaude basse ou moyenne température(inf 65°C)","Installation de chauffage simple","PAC air/eau avec programmateur avec réduit (système individuel). Emetteur(s): radiateur monotube avec robinet thermostatique",4778.2,110.2,,,"PAC air/eau installée après 2017","Électricité","chauffage","Electrique - PAC air/eau installée à partir de 2017",4778.2,,,,,,,,,,,,,,,,,,,,,,,,"Électricité","Ballon électrique à accumulation vertical Autres ou inconnue",,,"installation individuelle","Un seul système d'ECS sans solaire","Ballon électrique à accumulation vertical (autres catégorie ou inconnue), contenance ballon 200 L",2208,1,110.2,"Non affecté",,,,"Ballon électrique à accumulation vertical Autres ou inconnue","Électricité","ecs","Electrique - Ballon électrique à accumulation vertical (autres catégorie ou inconnue)",200,,2208,,,,,,,,,,,,0,,,,,,,"pompe à chaleur",,,,,0,
"2284E0926890X","2024-02-06","2021-08-17","2022-04-29","2022-04-30","2032-04-28","2184E0199777Z",,,,,"DPE 3CL 2021 méthode logement",2,"dpe maison individuelle","G","C","maison",1948,"1948-1974",,,2.5,,,1,,,,82,,"Lourde","inférieur à 400m","H2d","Chemin du Four à Chaux 84220 Gordes",,,"Gordes","84220","84050","84","93","84050_0293",879622.47,6314876.36,0.42,"adresse géocodée ban à l'adresse","Chemin des Graveliers
Quartier du Four à Chaux","GORDES",84220,0,,,,,"bon",1,1,0,1,1,497.7,39.9,139,84.4,49.6,18.1,80.5,86.2,"insuffisante","insuffisante","insuffisante",,,"insuffisante","insuffisante",1.54,21433.7,1053.8,0,1883975.5,0,4085443,0,47129.3,574,42446.6,4310.6,0,372.1,0,44482.6,542,42446.6,1874.2,0,161.8,0,1406.4,17,1273.4,121.8,0,11.2,0,"Bois – Bûches",42446.6,42446.6,0,1358.7,1358.7,0,1273.4,1273.4,0,"Électricité",2036,0,1874.2,435.4,0,400.8,133,0,121.8,,,,,,,,,,,1794.1,1358.7,400.8,0,34.6,0,"Bois – Bûches","insert installé avant 1990","installation individuelle","Poêle bois","Installation de chauffage simple","Insert  (système individuel)",42446.6,82,,,"insert installé avant 1990","Bois – Bûches","chauffage","Bois - Insert installé avant 1990",42446.6,,,,,,,,,,,,,,,,,,,,,,,,"Électricité","Ballon électrique à accumulation vertical Autres ou inconnue",,,"installation individuelle","Un seul système d'ECS sans solaire","Ballon électrique à accumulation vertical (autres catégorie ou inconnue), contenance ballon 200 L",1874.2,1,82,"Non affecté",,,,"Ballon électrique à accumulation vertical Autres ou inconnue","Électricité","ecs","Electrique - Ballon électrique à accumulation vertical (autres catégorie ou inconnue)",200,,1874.2,,,,,,,,,,,,0,,,,,,,"chauffage au bois",,,,,0,
"2284E0033544L","2024-02-06","2022-01-05","2022-01-06","2022-01-07","2032-01-05","2284E0007000N",,,,,"DPE 3CL 2021 méthode logement",2,"dpe maison individuelle","D","B","maison",1975,"1975-1977",,,2.5,,,1,,,,189,,"Moyenne","inférieur à 400m","H2d","1072 Route de Goult 84220 Gordes","1072","Route de Goult","Gordes","84220","84050","84","93","84050_0330_01072",879148.49,6313905.95,0.51,"adresse géocodée ban à l'adresse","Les Bessons; 1072 route de Goult","GORDES",84220,0,,,,,,,,,,,1032.8,123.1,486.4,74.2,50.7,9.6,111.1,177.7,"insuffisante","insuffisante","insuffisante",,,"insuffisante","insuffisante",1.51,46412.2,1513.4,3685.8,3469072.1,522363.4,4178755.1,1905110.6,47141.7,249,36623.9,7151.7,1198.7,857.7,1309.6,20496.4,108,15923.4,3109.5,521.2,372.9,569.4,1555.6,8,1258,202.1,33.4,25.7,36.4,"Électricité",20496.4,15923.4,3109.5,3333.2,2589.5,505.7,1555.6,1258,202.1,,,,,,,,,,,,,,,,,,,,,3333.2,2589.5,505.7,84.8,60.6,92.6,"Électricité","PAC air/air installée à partir de 2015","installation individuelle","Soufflage d'air chaud (air soufflé) avec distribution par réseau aéraulique","Installation de chauffage simple","PAC air/air installée à partir de 2015 (système individuel)",15923.4,189,,,"PAC air/air installée à partir de 2015","Électricité","chauffage","Electrique - PAC air/air installée à partir de 2015",15923.4,,,,,,,,,,,,,,,,,,,,,,,,"Électricité","Ballon électrique à accumulation vertical Autres ou inconnue",,,"installation individuelle","Un seul système d'ECS sans solaire","Ballon électrique à accumulation vertical (autres catégorie ou inconnue), contenance ballon 200 L",1554.7,1,94.5,"Non affecté",,,,"Ballon électrique à accumulation vertical Autres ou inconnue","Électricité","ecs","Electrique - Ballon électrique à accumulation vertical (autres catégorie ou inconnue)",200,,1554.7,,,,,,,,,,,,0,"PAC air/air installée à partir de 2015","Électricité","A partir de 2015","Refroidissement - Pompe à chaleur air/air",189,521.2,"pompe à chaleur",,,,,0,
"2284E1085006H","2024-12-30","2022-05-17","2022-05-17","2022-05-18","2032-05-16",,,"2S8RRNJTNNGH",,,"DPE 3CL 2021 méthode logement",2.1,"dpe maison individuelle","E","E","maison",,"avant 1948",,,2.3,,,2,,,,330,,"Lourde","inférieur à 400m","H2d","3283 Route de Saint Pantaleon 84220 Gordes","3283","Route de Saint Pantaleon","Gordes","84220","84050","84","93","84050_0803_03283",877445.33,6311595.01,0.51,"adresse géocodée ban à l'adresse","3283, Route de Saint Pantaléon","GORDES",84220,0,,,,"Ce bien ne fait pas partie d'une copropriété","bon",1,1,0,1,1,1072.7,30.4,242.3,368.7,104.1,13.1,76.6,237.5,"insuffisante","insuffisante","insuffisante",,,"insuffisante","insuffisante",1.28,48641.7,2119.1,0,5794021.7,0,1467847.8,0,79978.7,242,66947,10627.7,0,1497.6,906.4,75793.2,229,66947,7801,0,651.1,394.1,16685.7,50,15197,1418.6,0,44.9,25.2,"Gaz naturel",72573.6,66947,5626.6,4888.4,4509.4,379,16474.2,15197,1277.2,"Électricité",3219.6,0,2174.4,610.6,0,412.4,211.5,0,141.3,,,,,,,,,,,5499,4509.4,791.4,0,123.5,74.7,"Gaz naturel","Chaudière gaz classique avant 1981","installation individuelle","Radiateur bitube avec robinet thermostatique sur réseau individuel eau chaude haute température(sup ou egal 65°C)","Installation de chauffage simple","Chaudière individuelle gaz classique installée avant 1981 avec programmateur avec réduit. Emetteur(s): radiateur bitube avec robinet thermostatique",66947,330,,,"Chaudière gaz classique avant 1981","Gaz naturel","chauffage + ecs","Gaz Naturel - Chaudière gaz classique installée avant 1981",66947,,,,,,,,,,,,,,,,,,,,,,,,"Gaz naturel","Chaudière gaz classique avant 1981",,,"installation individuelle","Un seul système d'ECS sans solaire","Combiné au système de chauffage, contenance ballon 300 L",5626.6,1,110,"Non affecté",,,,"Chaudière gaz classique avant 1981","Gaz naturel","chauffage + ecs","Gaz Naturel - Chaudière gaz classique installée avant 1981",300,,5626.6,,,,,,,,,,,,0,,,,,,,,,,,,0,
"2284E0854447Q","2024-02-06","2022-04-12","2022-04-21","2022-04-22","2032-04-20",,,,,,"DPE 3CL 2021 méthode logement",2.1,"dpe maison individuelle","C","A","maison",1948,"1948-1974",,,2.5,,,2,,,,178.5,,"Légère","inférieur à 400m","H2d","248 Chemin de l'Hôpital 84220 Gordes","248","Chemin de l'Hôpital","Gordes","84220","84050","84","93","84050_0350_00248",876776.02,6315275.47,0.41,"adresse géocodée ban à l'adresse","Les Barres
248, Chemin de L'Hôpital","GORDES",84220,0,,,,,"insuffisant",0,1,0,0,1,528.3,6.7,140.5,75.2,22.2,10.5,112.6,160.5,"moyenne","insuffisante","insuffisante",,,"moyenne","insuffisante",0.78,20333.7,1468.3,5090.3,3642452.3,1458114.4,7396036.1,3712779.7,21425.3,120,15605.2,1578.8,2802.3,810.1,628.9,9315.3,52,6784.9,686.5,1218.4,352.2,273.4,700.4,3,536,44.6,78,24.3,17.5,"Électricité",9315.3,6784.9,686.5,1559.8,1136.1,114.9,700.4,536,44.6,,,,,,,,,,,,,,,,,,,,,1559.8,1136.1,114.9,204,59,45.8,"Électricité","PAC air/eau installée après 2017","installation individuelle","Radiateur monotube avec robinet thermostatique sur réseau individuel eau chaude haute température(sup ou egal 65°C)","Installation de chauffage simple","PAC air/eau avec programmateur avec réduit (système individuel). Emetteur(s): plancher chauffant, radiateur monotube avec robinet thermostatique",6033.6,161,,,"PAC air/eau installée après 2017","Électricité","chauffage + ecs","Electrique - PAC air/eau installée à partir de 2017",6033.6,,,,,,"installation individuelle","Soufflage d'air chaud (air soufflé) avec distribution par réseau aéraulique","Installation de chauffage simple","PAC air/air (système individuel)",751.2,17.5,,,"PAC air/air installée à partir de 2015","Électricité","chauffage","Electrique - PAC air/air installée à partir de 2015",751.2,,,,,,"Électricité","PAC double service après 2014",,,"installation individuelle","Un seul système d'ECS sans solaire","Combiné au système de chauffage",686.5,1,178.5,"Non affecté",,,,"PAC double service après 2014","Électricité","chauffage + ecs","Electrique - PAC air/eau installée à partir de 2017",0,2.3,686.5,"A partir de 2015",,,,,,,,,,,0,"PAC air/eau installée avant 2008","Électricité","Avant 2008","Refroidissement  1 - Electrique - Pompe à chaleur air/eau",161,1147.8,"pompe à chaleur",,,,,0,
"2284E0503552R","2024-02-06","2022-03-10","2022-03-12","2022-03-13","2032-03-11",,,,,,"DPE 3CL 2021 méthode logement",2.1,"dpe maison individuelle","F","F","maison",1947,"avant 1948",,,2.5,,,2,,,,150,,"Lourde","inférieur à 400m","H2d","Hameau les Bouilladoires 84220 Gordes",,,"Gordes","84220","84050","84","93","84050_m9a0nm",876474.31,6310917.62,0.35,"adresse géocodée ban à l'adresse","Hameau les Bouilladoires","GORDES",84220,0,,,,,,,,,,,757.3,23.1,278.1,188.7,30.7,0,58.4,178.3,"insuffisante","insuffisante",,"insuffisante",,"insuffisante","insuffisante",1.6,34788.2,1345.9,2088,2826001,425531.5,2095008.6,823173.5,53624.5,357,48531.2,3273.1,176.1,680.7,963.4,51520.9,343,48531.2,2198.4,76.6,296,418.9,13679.4,91,13200.5,426.8,4.9,20.4,26.8,"GPL",49902.8,48531.2,1371.7,7138.6,6942.4,196.2,13573.6,13200.5,373.1,"Électricité",1618.1,0,826.7,376.6,0,192.4,105.9,0,53.7,,,,,,,,,,,7515.2,6942.4,388.6,17.8,68.9,97.5,"GPL","Chaudière gpl/propane/butane standard 2001-2015","installation individuelle","Radiateur monotube sans robinet thermostatique sur réseau individuel eau chaude haute température(sup ou egal 65°C)","Installation de chauffage simple","Chaudière individuelle GPL/propane/butane standard installée entre 2001 et 2015. Emetteur(s): radiateur monotube sans robinet thermostatique",48531.2,150,,,"Chaudière gpl/propane/butane standard 2001-2015","GPL","chauffage + ecs","GPL - Chaudière GPL/propane/butane standard installée entre 2001 et 2015",48531.2,,,,,,,,,,,,,,,,,,,,,,,,"GPL","Ballon électrique à accumulation vertical Autres ou inconnue",,,"installation individuelle","Un seul système d'ECS sans solaire","Combiné au système de chauffage",1371.7,1,75,"Non affecté",,,,"Chaudière gpl/propane/butane standard 2001-2015","GPL","chauffage + ecs","GPL - Chaudière GPL/propane/butane standard installée entre 2001 et 2015",0,,1371.7,,,,,,,,,,,,0,"PAC air/air installée avant 2008","Électricité","Avant 2008","Refroidissement - Electrique - Pompe à chaleur (divisé) - type split",20.9,76.6,"pompe à chaleur",,,,,0,
"2284E1167455K","2024-12-30","2022-05-24","2022-05-27","2022-05-28","2032-05-26",,,"WHRZEPDAD9JK",,,"DPE 3CL 2021 méthode logement",2.1,"dpe maison individuelle","E","B","maison",1988,"1983-1988",,,2.5,,,1,,,,115,,"Légère","inférieur à 400m","H2d","140 Chemin des Graveliers 84220 Gordes","140","Chemin des Graveliers","Gordes","84220","84050","84","93","84050_0337_00140",874858.32,6312289.53,0.44,"adresse géocodée ban à l'adresse","140, Chemin des Graveliers","GORDES",84220,0,,,,,"moyen",1,1,0,0,1,339.9,36.2,82.6,36.8,30.6,7,40.6,106.1,"moyenne","insuffisante","moyenne",,,"moyenne","moyenne",0.65,15793,1195.6,932.1,2485319.9,994901.3,442919.2,229732.9,34155.4,297,28894.5,4661.2,77.8,521.9,0,21979.6,191,19692.2,2026.6,33.8,226.9,0,1087.2,9,937.6,131.7,2.2,15.7,0,"Bois – Bûches",12613.6,12613.6,0,403.8,403.8,0,378.4,378.4,0,"Électricité",9366,7078.6,2026.6,1567.7,1184.9,339.2,708.8,559.2,131.7,,,,,,,,,,,1971.5,1588.6,339.2,5.7,38,0,"Bois – Bûches","Poêle bûche installé à partir de 2005 sans label flamme verte","installation individuelle","Poêle bois","Installation de chauffage simple","Poêle à bois (bûche) installé à partir de 2005 sans label flamme verte (système individuel)",12613.6,55,,,"Poêle bûche installé à partir de 2005 sans label flamme verte","Bois – Bûches","chauffage","Bois - Poêle à bois (bûche) installé à partir de 2005 sans label flamme verte",12613.6,,,,,,"installation individuelle","Panneau rayonnant NFC, NF** et NF***","Installation de chauffage simple","Panneau rayonnant électrique NFC, NF** et NF*** (système individuel)",7078.6,60,,,"Panneau rayonnant électrique NFC, NF** et NF***","Électricité","chauffage","Electrique - Panneau rayonnant électrique NFC, NF** et NF***",7078.6,,,,,,"Électricité","Ballon électrique à accumulation vertical Autres ou inconnue",,,"installation individuelle","Un seul système d'ECS sans solaire","Ballon électrique à accumulation vertical (autres catégorie ou inconnue), contenance ballon 200 L",2026.6,1,115,"Non affecté",,,,"Ballon électrique à accumulation vertical Autres ou inconnue","Électricité","ecs","Electrique - Ballon électrique à accumulation vertical (autres catégorie ou inconnue)",200,,2026.6,,,,,,,,,,,,0,"PAC air/air installée avant 2008","Électricité","Avant 2008","Refroidissement - Electrique - Pompe à chaleur (divisé) - type split",16.7,33.8,"Il existe plusieurs descriptifs ENR",,,,,0,
"2284E1404514B","2024-12-30","2022-06-21","2022-06-21","2022-06-22","2032-06-20",,,"NGEP88V76KSF",,,"DPE 3CL 2021 méthode logement",2.1,"dpe maison individuelle","G","C","maison",,"1948-1974",,,2.5,,,1,,,,60,,"Lourde","inférieur à 400m","H2d","543 Chemin de Soubeyran 84220 Gordes","543","Chemin de Soubeyran","Gordes","84220","84050","84","93","84050_0840_00543",877590.3,6314488.85,0.46,"adresse géocodée ban à l'adresse","543, Chemin de Soubeyran","GORDES",84220,0,,,,,"insuffisant",0,1,0,1,0,627,35,264.1,150,37.1,13.3,51.1,76.4,"insuffisante","insuffisante","insuffisante",,,"insuffisante","insuffisante",2.26,30531.3,894.9,0,1447288.1,0,2411865.7,0,49515.2,825,47715,1527.9,0,272.3,0,21528.3,358,20745.7,664.3,0,118.4,0,1690.3,28,1638.9,43.2,0,8.2,0,"Électricité",21528.3,20745.7,664.3,3498.2,3371,107.9,1690.3,1638.9,43.2,,,,,,,,,,,,,,,,,,,,,3498.2,3371,107.9,0,19.2,0,"Électricité","Panneau rayonnant électrique NFC, NF** et NF***","installation individuelle","Panneau rayonnant NFC, NF** et NF***","Installation de chauffage simple","Panneau rayonnant électrique NFC, NF** et NF*** (système individuel)",20745.7,60,,,"Panneau rayonnant électrique NFC, NF** et NF***","Électricité","chauffage","Electrique - Panneau rayonnant électrique NFC, NF** et NF***",20745.7,,,,,,,,,,,,,,,,,,,,,,,,"Électricité","Ballon électrique à accumulation vertical Autres ou inconnue",,,"installation individuelle","Un seul système d'ECS avec solaire","Ballon électrique à accumulation vertical (autres catégorie ou inconnue), contenance ballon 200 L, couplé avec un système solaire",664.3,1,60,"ECS solaire seule sup 5 ans",1039010.3,0.6,,"Ballon électrique à accumulation vertical Autres ou inconnue","Électricité","ecs","Electrique - Ballon électrique à accumulation vertical (autres catégorie ou inconnue)",200,,664.3,,,,,,,,,,,,0,,,,,,,"panneaux solaires thermiques",,,,,0,
"2284E1292294X","2024-12-12","2022-06-09","2022-06-11","2022-06-12","2032-06-10",,,"45K4KM54PCK6",,,"DPE 3CL 2021 méthode logement",2.1,"dpe maison individuelle","D","B","maison",,"avant 1948",,,2.5,,,2,,,,191.5,,"Lourde","inférieur à 400m","H2d","574 Avenue Justin Bonfils 84220 Gordes","574","Avenue Justin Bonfils","Gordes","84220","84050","84","93","84050_0460_00574",875952,6313405.38,0.53,"adresse géocodée ban à l'adresse","574, Avenue Justin Bonfils","GORDES",84220,0,,,,,"insuffisant",0,1,0,1,0,983.7,24.2,358.2,214.3,59.4,6.3,90.1,231.2,"insuffisante","insuffisante",,"insuffisante",,"insuffisante","insuffisante",1.57,45427.9,1524.2,2684.2,3510294.6,528570.5,2433828,1073007.1,45798.2,239,37136.1,6214.9,872.9,869.1,705.2,19912.3,103,16146.1,2702.1,379.5,377.9,306.6,1521.2,7,1275.5,175.6,24.3,26.1,19.6,"Électricité",19912.3,16146.1,2702.1,3239.8,2627,439.6,1521.2,1275.5,175.6,,,,,,,,,,,,,,,,,,,,,3239.8,2627,439.6,61.8,61.5,49.9,"Électricité","PAC air/air installée à partir de 2015","installation individuelle","Soufflage d'air chaud (air soufflé) avec distribution par réseau aéraulique","Installation de chauffage simple","PAC air/air installée à partir de 2015 (système individuel)",16146.1,191.5,,,"PAC air/air installée à partir de 2015","Électricité","chauffage","Electrique - PAC air/air installée à partir de 2015",16146.1,,,,,,,,,,,,,,,,,,,,,,,,"Électricité","Ballon électrique à accumulation vertical Autres ou inconnue",,,"installation individuelle","Un seul système d'ECS sans solaire","Ballon électrique à accumulation vertical (autres catégorie ou inconnue), contenance ballon 300 L",2702.1,1,191.5,"Non affecté",,,,"Ballon électrique à accumulation vertical Autres ou inconnue","Électricité","ecs","Electrique - Ballon électrique à accumulation vertical (autres catégorie ou inconnue)",300,,2702.1,,,,,,,,,,,,0,"PAC air/air installée à partir de 2015","Électricité","A partir de 2015","Refroidissement - Electrique - Pompe à chaleur (divisé) - type split",191.5,379.5,"pompe à chaleur",,,,,0,
"2284E0854809O","2024-02-06","2022-04-12","2022-04-21","2022-04-22","2032-04-20",,,,,,"DPE 3CL 2021 méthode logement",2.1,"dpe maison individuelle","C","A","maison",1948,"1948-1974",,,3.5,,,2,,,,178.5,,"Légère","inférieur à 400m","H2d","248 Chemin de l'Hôpital 84220 Gordes","248","Chemin de l'Hôpital","Gordes","84220","84050","84","93","84050_0350_00248",876776.02,6315275.47,0.41,"adresse géocodée ban à l'adresse","Les Barres
248, Chemin de L'Hôpital","GORDES",84220,0,,,,,"insuffisant",0,1,0,0,1,549.7,6.7,157.2,75.2,22.2,10.5,112.6,165.2,"moyenne","insuffisante","insuffisante",,,"moyenne","insuffisante",0.78,21429,1468.3,5120.6,3642452.3,1458114.4,7396036.1,3712779.7,22805.6,127,16951.7,1578.8,2818.9,810.1,646,9915.5,55,7370.3,686.5,1225.6,352.2,280.9,747.6,4,582.3,44.6,78.4,24.3,18,"Électricité",9915.5,7370.3,686.5,1654.2,1229.6,114.5,747.6,582.3,44.6,,,,,,,,,,,,,,,,,,,,,1654.2,1229.6,114.5,204.5,58.8,46.9,"Électricité","PAC air/eau installée après 2017","installation individuelle","Radiateur monotube avec robinet thermostatique sur réseau individuel eau chaude haute température(sup ou egal 65°C)","Installation de chauffage simple","PAC air/eau avec programmateur avec réduit (système individuel). Emetteur(s): plancher chauffant, radiateur monotube avec robinet thermostatique",6554.2,161,,,"PAC air/eau installée après 2017","Électricité","chauffage + ecs","Electrique - PAC air/eau installée à partir de 2017",6554.2,,,,,,"installation individuelle","Soufflage d'air chaud (air soufflé) avec distribution par réseau aéraulique","Installation de chauffage simple","PAC air/air (système individuel)",816.1,17.5,,,"PAC air/air installée à partir de 2015","Électricité","chauffage","Electrique - PAC air/air installée à partir de 2015",816.1,,,,,,"Électricité","PAC double service après 2014",,,"installation individuelle","Un seul système d'ECS sans solaire","Combiné au système de chauffage",686.5,1,178.5,"Non affecté",,,,"PAC double service après 2014","Électricité","chauffage + ecs","Electrique - PAC air/eau installée à partir de 2017",0,2.3,686.5,"A partir de 2015",,,,,,,,,,,0,"PAC air/eau installée avant 2008","Électricité","Avant 2008","Refroidissement  1 - Electrique - Pompe à chaleur air/eau",161,1154.6,"pompe à chaleur",,,,,0,
"2284E1084851I","2024-12-30","2022-05-17","2022-05-17","2022-05-18","2032-05-16",,,"2S8RRNJTNNGH",,,"DPE 3CL 2021 méthode logement",2.1,"dpe maison individuelle","F","F","maison",,"1948-1974",,,2.5,,,1,,,,63,,"Lourde","inférieur à 400m","H2d","3283 Route de Saint Pantaleon 84220 Gordes","3283","Route de Saint Pantaleon","Gordes","84220","84050","84","93","84050_0803_03283",877445.33,6311595.01,0.51,"adresse géocodée ban à l'adresse","3283, Route de Saint Pantaléon","GORDES",84220,0,,,,"Ce bien ne fait pas partie d'une copropriété","insuffisant",0,1,0,1,1,298.8,13.3,131.1,15.2,31.3,4.2,37.5,66.1,"insuffisante","insuffisante",,"insuffisante",,"insuffisante","insuffisante",1.13,13946.5,927.1,0,1368787.2,0,347156.3,0,24791.3,393,20367.5,3791.8,0,285.9,346.1,22290.9,353,20367.5,1648.6,0,124.3,150.5,4595.5,72,4470.1,107.2,0,8.6,9.6,"Fioul domestique",13126.3,13126.3,0,1200,1200,0,4252.9,4252.9,0,"Bois – Bûches",7241.2,7241.2,0,231.8,231.8,0,217.2,217.2,0,"Électricité",1923.4,0,1648.6,419.5,0,359.6,125.4,0,107.2,1851.3,1431.8,359.6,0,27.1,32.8,"Fioul domestique","Chaudière fioul à condensation 1996-2015","installation individuelle","Poêle bois","Installation de chauffage avec insert ou poêle bois en appoint","Chaudière individuelle fioul à condensation installée entre 1996 et 2015 avec en appoint une cuisinière installée avant 1990 avec programmateur avec réduit. Emetteur(s): radiateur bitube sans robinet thermostatique",20367.5,63,,,"Chaudière fioul à condensation 1996-2015","Fioul domestique","chauffage","Fioul - Chaudière fioul à condensation installée entre 1996 et 2015",13126.3,"Cuisinière installé avant 1990","Bois – Bûches","chauffage","Bois - Cuisinière installée avant 1990",7241.2,,,,,,,,,,,,,,,,,,,"Électricité","Ballon électrique à accumulation vertical Catégorie B ou 2 étoiles",,,"installation individuelle","Un seul système d'ECS sans solaire","Ballon électrique à accumulation vertical (catégorie B ou 2 étoiles), contenance ballon 150 L",1648.6,1,63,"Non affecté",,,,"Ballon électrique à accumulation vertical Catégorie B ou 2 étoiles","Électricité","ecs","Electrique - Ballon électrique à accumulation vertical (catégorie B ou 2 étoiles)",150,,1648.6,,,,,,,,,,,,0,,,,,,,"chauffage au bois",,,,,0,
"2284E1165371G","2024-02-06","2022-05-16","2022-05-26","2022-05-27","2032-05-25",,,,,,"DPE 3CL 2021 méthode logement",2.1,"dpe maison individuelle","G","C","maison",,"avant 1948",,,2.5,,,2,,,,89,,"Moyenne","inférieur à 400m","H2d","110 Chemin des Martins 84220 Gordes","110","Chemin des Martins","Gordes","84220","84050","84","93","84050_0545_00110",876443.3,6310560.7,0.47,"adresse géocodée ban à l'adresse","110, Hameau Les Martins","GORDES",84220,0,,,,,"insuffisant",0,1,0,0,0,411.2,15.1,81.7,161,51.8,5.6,29.2,66.7,"insuffisante","insuffisante","insuffisante",,,"insuffisante","insuffisante",1.88,18677.9,1083.9,0,2011533.4,0,1954737.9,0,39429,443,34640.1,4385,0,403.9,0,17143.1,192,15060.9,1906.5,0,175.6,0,1325.9,14,1189.8,123.9,0,12.1,0,"Électricité",17143.1,15060.9,1906.5,2797,2457.3,311.1,1325.9,1189.8,123.9,,,,,,,,,,,,,,,,,,,,,2797,2457.3,311.1,0,28.7,0,"Électricité","Panneau rayonnant électrique NFC, NF** et NF***","installation individuelle","Panneau rayonnant NFC, NF** et NF***","Installation de chauffage simple","Panneau rayonnant électrique NFC, NF** et NF*** (système individuel)",15060.9,89,,,"Panneau rayonnant électrique NFC, NF** et NF***","Électricité","chauffage","Electrique - Panneau rayonnant électrique NFC, NF** et NF***",15060.9,,,,,,,,,,,,,,,,,,,,,,,,"Électricité","Ballon électrique à accumulation vertical Autres ou inconnue",,,"installation individuelle","Un seul système d'ECS sans solaire","Ballon électrique à accumulation vertical (autres catégorie ou inconnue), contenance ballon 200 L",1906.5,1,89,"Non affecté",,,,"Ballon électrique à accumulation vertical Autres ou inconnue","Électricité","ecs","Electrique - Ballon électrique à accumulation vertical (autres catégorie ou inconnue)",200,,1906.5,,,,,,,,,,,,0,,,,,,,,,,,,0,
"2284E1147122J","2024-02-06","2022-05-22","2022-05-23","2022-05-24","2032-05-22",,,,,,"DPE 3CL 2021 méthode logement",2.1,"dpe maison individuelle","D","B","maison",1991,"1989-2000",,,2.5,,,1,,,,90,,"Légère","inférieur à 400m","H2d","Les Imberts 84220 Gordes",,,"Gordes","84220","84050","84","93","84050_7lah4v",874175.48,6312080.66,0.37,"adresse géocodée ban à l'adresse","277, Chemin des Prés","LES IMBERTS",84220,0,,,,,"insuffisant",0,1,0,0,1,270.7,9.1,64.6,22.8,30.7,13.9,42.3,87.4,"bonne","moyenne",,"moyenne",,"moyenne","insuffisante",0.62,11873,1088.2,1175,2029756,812534,1294399.1,527042.7,21738.3,241,17758.2,3165.5,406.1,408.4,0,9451.4,105,7721,1376.3,176.6,177.6,0,723,8,610,89.5,11.3,12.3,0,"Électricité",9451.4,7721,1376.3,1581.2,1291.7,230.2,723,610,89.5,,,,,,,,,,,,,,,,,,,,,1581.2,1291.7,230.2,29.5,29.7,0,"Électricité","PAC air/air installée avant 2008","installation individuelle","Panneau rayonnant NFC, NF** et NF***","Installation de chauffage simple","Panneau rayonnant électrique NFC, NF** et NF*** (système individuel)",4060.3,35.9,,,"Panneau rayonnant électrique NFC, NF** et NF***","Électricité","chauffage","Electrique - Panneau rayonnant électrique NFC, NF** et NF***",4060.3,,,,,,"installation individuelle","Soufflage d'air chaud (air soufflé) avec distribution par réseau aéraulique","Installation de chauffage simple","PAC air/air installée avant 2008 (système individuel)",3660.7,54.1,,,"PAC air/air installée avant 2008","Électricité","chauffage","Electrique - PAC air/air installée avant 2008",3660.7,,,,,,"Électricité","Ballon électrique à accumulation vertical Autres ou inconnue",,,"installation individuelle","Un seul système d'ECS sans solaire","Ballon électrique à accumulation vertical (autres catégorie ou inconnue), contenance ballon 40 L",1376.3,1,90,"Non affecté",,,,"Ballon électrique à accumulation vertical Autres ou inconnue","Électricité","ecs","Electrique - Ballon électrique à accumulation vertical (autres catégorie ou inconnue)",40,,1376.3,,,,,,,,,,,,0,"PAC air/air installée avant 2008","Électricité","Avant 2008","Refroidissement - Electrique - Pompe à chaleur (divisé) - type split",54.1,176.6,"pompe à chaleur",,,,,0,
"2184E0373048G","2023-10-26","2021-09-21","2021-09-21","2021-09-22","2031-09-20",,,,,,"DPE 3CL 2021 méthode logement",1,"dpe maison individuelle","C","C","maison",1978,"1978-1982",,,2.5,,,1,,,,170,,"Moyenne","inférieur à 400m","H2d","389 Chemin de Fontcaudette 84220 Gordes","389","Chemin de Fontcaudette","Gordes","84220","84050","84","93","84050_0288_00389",876076.33,6311039.96,0.49,"adresse géocodée ban à l'adresse","389 , chemin de fontcaudette","GORDES",84220,0,,,,"Ce bien ne fait pas partie d'une copropriété",,,,,,,419.3,55.1,146,16.9,41.6,8.6,67.7,83.4,"insuffisante","insuffisante","insuffisante",,,"insuffisante","insuffisante",0.92,15786.5,1431.8,2805.7,3155781,475188.8,3755639.7,1627166.4,23479.6,138,18472.7,2180.8,432.3,771.5,1622.4,17367.8,102,13958.2,2180.8,188,335.4,705.4,2118.9,12,1543.6,495,12,23.1,45.1,"Gaz naturel",17367.8,13958.2,2180.8,2155.8,1596.4,273.2,2118.9,1543.6,495,"Bois – Bûches",17367.8,13958.2,2180.8,2155.8,1596.4,273.2,2118.9,1543.6,495,"Électricité",17367.8,13958.2,2180.8,2155.8,1596.4,273.2,2118.9,1543.6,495,2155.8,1596.4,273.2,43.8,78.1,164.3,"Électricité",,,,,,,,,,,,,,,,,,,,,,,,,,,,,,,,,,,,,,"Non affecté",,,,,,,,,,,,,,,,,,,,,,,,,,,,,,,,0,,,,,,,"Il existe plusieurs descriptifs ENR",,,,,0,
"2184E0387158Y","2023-10-26","2021-09-22","2021-09-23","2021-09-24","2031-09-22",,,,,,"DPE 3CL 2021 méthode logement",1,"dpe maison individuelle","C","A","maison",1947,"avant 1948",,,2.6,,,1,,,,170,,"Moyenne","400-800m","H2d","Route de Murs 84220 Gordes",,,"Gordes","84220","84050","84","93","84050_0580",876875.16,6315826.25,0.54,"adresse géocodée ban à l'adresse","3TER Route de Murs","GORDES",84220,0,,,,"Ce bien ne fait pas partie d'une copropriété",,,,,,,421.9,0,75.9,30.6,77.1,11.6,71,155.6,"bonne","bonne","très bonne",,,"insuffisante","bonne",0.49,17806.9,1548.4,3346.9,3925540.5,286818.7,9559164,2670149.8,22859.4,134,14871.7,5825.5,1088.5,771.5,302.2,9938.9,58,6465.9,2532.8,473.3,335.4,131.4,737.3,4,510.8,164.6,30.3,23.1,8.4,"Électricité",9938.9,6465.9,2532.8,1978.7,1287.3,504.3,737.3,510.8,164.6,,,,,,,,,,,,,,,,,,,,,1978.7,1287.3,504.3,94.2,66.8,26.2,"Électricité",,,,,,,,,,,,,,,,,,,,,,,,,,,,,,,,,,,,,,"Non affecté",,,,,,,,,,,,,,,,,,,,,,,,,,,,,,,,0,,,,,,,"pompe à chaleur",,,,,0,
"2184E0051403H","2023-10-26","2021-07-14","2021-07-14","2021-07-15","2031-07-13",,,,,,"DPE 3CL 2021 méthode logement",1,"dpe maison individuelle","D","D","maison",1989,"1989-2000",,,2.6,,,1,,,,160,,"Moyenne","inférieur à 400m","H2d","85 Chemin de la Dragonne 84220 Gordes","85","Chemin de la Dragonne","Gordes","84220","84050","84","93","84050_0210_00085",875056.67,6312332.68,0.49,"adresse géocodée ban à l'adresse","85, Chemin de la Dragonne
Quartier Gravelier de la Senancole
Hameau les Imberts","GORDES",84220,0,,,,,,,,,,,524.4,48.2,104.6,20.9,50.1,8.8,64.6,227.3,"bonne","moyenne",,"bonne",,"bonne","moyenne",0.6,22113,1388.9,0,3305335,0,3838384.8,0,35412.9,221,29516.7,5139.2,0,726.1,30.9,32080.3,200,29516.7,2234.4,0,315.7,13.5,5794.6,36,5626.7,145.2,0,21.8,0.9,"Bois – Bûches",32080.3,29516.7,2234.4,3820.2,3120.3,610,5794.6,5626.7,145.2,"Électricité",32080.3,29516.7,2234.4,3820.2,3120.3,610,5794.6,5626.7,145.2,"GPL",32080.3,29516.7,2234.4,3820.2,3120.3,610,5794.6,5626.7,145.2,3820.2,3120.3,610,0,86.2,3.7,"Électricité",,,,,,,,,,,,,,,,,,,,,,,,,,,,,,,,,,,,,,"Non affecté",,,,,,,,,,,,,,,,,,,,,,,,,,,,,,,,0,,,,,,,"chauffage au bois",,,,,0,
"2184E0606622W","2024-02-06","2021-10-26","2021-10-31","2021-11-01","2031-10-30",,,,,,"DPE 3CL 2021 méthode logement",1.1,"dpe appartement individuel","F","C","appartement",1947,"avant 1948","individuel","individuel",2.5,1,,1,,,,52,,"Moyenne","inférieur à 400m","H2d","Rue de la Combe 84220 Gordes",,,"Gordes","84220","84050","84","93","84050_0130",876525.32,6315092.96,0.49,"adresse géocodée ban à l'adresse","Rue de la Combe","GORDES",84220,0,,,,,,,,,,,293.9,16.2,74.5,130,0,3.2,21.4,48.7,"insuffisante","insuffisante","insuffisante",,,"très bonne","insuffisante",2.29,13948.3,1014.3,1031.7,1386929.2,555203.3,730415.7,486367.4,19394.9,372,14600.1,4212.9,345.9,236,1,8432.5,162,6347.9,1831.7,150.4,102.6,0,637.2,12,501.5,119.1,9.6,7.1,0,"Électricité",8432.5,6347.9,1831.7,1420.9,1069.6,308.6,637.2,501.5,119.1,,,,,,,,,,,,,,,,,,,,,1420.9,1069.6,308.6,25.3,17.3,0,"Électricité","PAC air/air installée entre 2008 et 2014","installation individuelle","Soufflage d'air chaud (air soufflé) avec distribution par réseau aéraulique","Installation de chauffage simple","PAC air/air avec programmateur pièce par pièce (système individuel)",1,52,,,"PAC air/air installée entre 2008 et 2014","Électricité","chauffage","Electrique - PAC air/air installée entre 2008 et 2014",1,,,,,,,,,,,,,,,,,,,,,,,,"Électricité","Ballon électrique à accumulation vertical Autres ou inconnue",,,"installation individuelle","Un seul système d'ECS sans solaire","Ballon électrique à accumulation vertical (autres catégorie ou inconnue), contenance ballon 200 L",1,,52,"Non affecté",,,,"Ballon électrique à accumulation vertical Autres ou inconnue","Électricité","chauffage","Electrique - Ballon électrique à accumulation vertical (autres catégorie ou inconnue)",200,,1,,,,,,,,,,,,0,,,,,,,"pompe à chaleur","Solaire Photovoltaïque",1,,,0,1
"2184E0307845L","2023-10-26","2021-09-12","2021-09-12","2021-09-13","2031-09-11",,,,,,"DPE 3CL 2021 méthode logement",1,"dpe maison individuelle","G","G","maison",1975,"1975-1977",,,2.5,,,1,,,,125,,"Légère","inférieur à 400m","H2d","77 Chemin des Coucourdons 84220 Gordes","77","Chemin des Coucourdons","Gordes","84220","84050","84","93","84050_0140_00077",878250.23,6312205.74,0.43,"adresse géocodée ban à l'adresse","77, chemin des Coucourdons","GORDES",84220,0,,,,"Ce bien ne fait pas partie d'une copropriété",,,,,,,864.2,0,513.3,53,40.4,5.2,96.4,156,"insuffisante","insuffisante","insuffisante",,,"insuffisante","insuffisante",1.65,44087.9,1238.5,0,2667545.5,0,960063.4,0,61205.7,489,54177.3,3994.2,0,567.3,2467,59490.7,475,54177.3,3994.2,0,246.6,1072.6,15908.3,127,14736.2,1086.4,0,17,68.6,"Électricité",59490.7,54177.3,3994.2,8754.5,7750.1,571.4,15908.3,14736.2,1086.4,"GPL",59490.7,54177.3,3994.2,8754.5,7750.1,571.4,15908.3,14736.2,1086.4,,,,,,,,,,,8754.5,7750.1,571.4,0,81,352.1,"Électricité",,,,,,,,,,,,,,,,,,,,,,,,,,,,,,,,,,,,,,"Non affecté",,,,,,,,,,,,,,,,,,,,,,,,,,,,,,,,0,,,,,,,,,,,,0,
"2184E0900340S","2024-12-30","2021-12-07","2021-12-10","2021-12-11","2031-12-09",,,"TXEB421AHCMS",,,"DPE 3CL 2021 méthode logement",2,"dpe maison individuelle","D","B","maison",1947,"avant 1948",,,2.5,,,2,,,,108,,"Moyenne","inférieur à 400m","H2d","1735 Route des Beaumettes 84220 Gordes","1735","Route des Beaumettes","Gordes","84220","84050","84","93","84050_0063_01735",876380.3,6311024.95,0.51,"adresse géocodée ban à l'adresse","1735, Route des Beaumettes","GORDES",84220,0,,,,,,,,,,,399.3,4.9,82,8.3,47.8,0,140.9,115.3,"moyenne","moyenne","très bonne",,,"insuffisante","insuffisante",0.8,11747.5,1165.5,4260.8,2133462.8,321251,9356597.3,3266796.1,21539.6,199,15641.5,4586.8,821.2,490.1,1,9365.1,86,6800.7,1994.3,357,213.1,0,704.4,6,537.3,129.6,22.8,14.7,0,"Électricité",9365.1,6800.7,1994.3,1567.6,1138.3,333.8,704.4,537.3,129.6,,,,,,,,,,,,,,,,,,,,,1567.6,1138.3,333.8,59.8,35.7,0,"Électricité","Radiateur électrique à accumulation","installation individuelle","Radiateur électrique à accumulation","Installation de chauffage simple","Radiateur électrique à fluide caloporteur NFC (système individuel)",4251.1,44,,,"Radiateur électrique à accumulation","Électricité","chauffage","Electrique - Radiateur électrique à fluide caloporteur NFC",4251.1,,,,,,"installation individuelle","Soufflage d'air chaud (air soufflé) avec distribution par réseau aéraulique","Installation de chauffage simple","PAC air/air installée à partir de 2015 (système individuel)",2549.6,64,,,"PAC air/air installée à partir de 2015","Électricité","chauffage","Electrique - PAC air/air installée à partir de 2015",2549.6,,,,,,"Électricité","Ballon électrique à accumulation vertical Autres ou inconnue",,,"installation individuelle","Un seul système d'ECS sans solaire","Ballon électrique à accumulation vertical (autres catégorie ou inconnue), contenance ballon 200 L",1994.3,1,108,"Non affecté",,,,"Ballon électrique à accumulation vertical Autres ou inconnue","Électricité","ecs","Electrique - Ballon électrique à accumulation vertical (autres catégorie ou inconnue)",200,,1994.3,,,,,,,,,,,,0,"autre système thermodynamique électrique","Électricité","A partir de 2015","Refroidissement - Pompe à chaleur (divisé) - type split",64,357,"pompe à chaleur",,,,,0,
"2184E0058736I","2023-10-26","2021-07-14","2021-07-17","2021-07-18","2031-07-16",,,,,,"DPE 3CL 2021 méthode logement",1,"dpe maison individuelle","B","A","maison",2013,"2013-2021",,,2.8,,,1,,,,223,,"Moyenne","inférieur à 400m","H2d","391 Chemin du Bois dâ€™Audibert 84220 Gordes","391","Chemin du Bois dâ€™Audibert","Gordes","84220","84050","84","93","84050_0073_00391",879458.04,6315421.73,0.49,"adresse géocodée ban à l'adresse","Résidence Les Bastides- Les Cortasses
391, Chemin du Bois d'Audibert","GORDES",84220,0,,,,,,,,,,,442.6,81.3,86.7,25.1,28.6,18.2,88.1,114.5,"bonne","bonne",,"bonne",,"très bonne","moyenne",0.58,14662.4,1659.5,0,4453356,0,7097836,0,20291,90,11685.7,6549.5,0,1012,1043.7,8822.2,39,5080.7,2847.6,0,440,453.8,645.9,2,401.4,185.1,0,30.4,29,"Électricité",8822.2,5080.7,2847.6,1791.4,1031.7,578.2,645.9,401.4,185.1,,,,,,,,,,,,,,,,,,,,,1791.4,1031.7,578.2,0,89.3,92.1,"Électricité",,,,,,,,,,,,,,,,,,,,,,,,,,,,,,,,,,,,,,"Non affecté",,,,,,,,,,,,,,,,,,,,,,,,,,,,,,,,0,,,,,,,"pompe à chaleur",,,,,0,
"2184E0264232A","2024-12-12","2021-08-22","2021-09-03","2021-09-04","2031-09-02",,,"B5YNWYM7CEHP",,,"DPE 3CL 2021 méthode logement",1,"dpe maison individuelle","F","F","maison",1947,"avant 1948",,,2.5,,,1,,,,148.5,,"Moyenne","inférieur à 400m","H2d","16 Chemin des Trois Places 84220 Gordes","16","Chemin des Trois Places","Gordes","84220","84050","84","93","84050_0879_00016",874219.29,6312145,0.46,"adresse géocodée ban à l'adresse","16, Chemin des 3 Places","GORDES",84220,0,,,,,,,,,,,726.4,70.9,230.9,88.3,33.4,12.2,50.1,240.7,"insuffisante","insuffisante","insuffisante",,,"insuffisante","insuffisante",1.55,32812.2,1339.5,3159.7,3095775.6,1239273.6,4521167.4,1753737.4,41434.6,279,37365.4,2122,450.7,673.9,822.5,37106.1,249,34137.4,2122,196,293,357.6,11195.4,75,10452.2,687.5,12.5,20.2,22.9,"Fioul domestique",37106.1,34137.4,2122,3929.4,3521.4,194,11195.4,10452.2,687.5,"Électricité",37106.1,34137.4,2122,3929.4,3521.4,194,11195.4,10452.2,687.5,,,,,,,,,,,3929.4,3521.4,194,49.5,74.1,90.4,"Électricité",,,,,,,,,,,,,,,,,,,,,,,,,,,,,,,,,,,,,,"Non affecté",,,,,,,,,,,,,,,,,,,,,,,,,,,,,,,,0,,,,,,,"pompe à chaleur",,,,,0,
"2184E0127340Y","2023-10-26","2021-07-27","2021-07-31","2021-08-01","2031-07-30",,,,,,"DPE 3CL 2021 méthode logement",1,"dpe maison individuelle","D","B","maison",1989,"1989-2000",,,2.5,,,1,,,,85.5,,"Moyenne","inférieur à 400m","H2d","Route de Senanque 84220 Gordes",,,"Gordes","84220","84050","84","93","84050_0810",876255.47,6315731.85,0.51,"adresse géocodée ban à l'adresse","Bastide de Léa
Route de Sénanque","GORDES",84220,0,,,,,,,,,,,202.2,32.6,40.6,11.1,15.8,7,27,68.1,"moyenne","moyenne","moyenne",,,"insuffisante","moyenne",0.72,7706.6,1068.8,1767.2,1947754.5,779707.9,1717014.6,1150070.1,19236.1,224,12137.1,4866.6,534.8,388,1309.6,9288,108,6201.5,2115.9,232.5,168.7,569.4,610.3,7,409.8,137.5,14.9,11.6,36.4,"Bois – Bûches",9288,6201.5,2115.9,1647.6,1004.2,441.1,610.3,409.8,137.5,"Électricité",9288,6201.5,2115.9,1647.6,1004.2,441.1,610.3,409.8,137.5,,,,,,,,,,,1647.6,1004.2,441.1,48.5,35.2,118.7,"Électricité",,,,,,,,,,,,,,,,,,,,,,,,,,,,,,,,,,,,,,"Non affecté",,,,,,,,,,,,,,,,,,,,,,,,,,,,,,,,0,,,,,,,"Il existe plusieurs descriptifs ENR",,,,,0,
"2184E0242959V","2023-10-26","2021-08-30","2021-08-31","2021-09-01","2031-08-30",,,,,,"DPE 3CL 2021 méthode logement",1,"dpe maison individuelle","C","A","maison",2013,"2013-2021",,,2.5,,,1,,,,134.2,,"Moyenne","inférieur à 400m","H2d","587 Chemin de Fontcaudette 84220 Gordes","587","Chemin de Fontcaudette","Gordes","84220","84050","84","93","84050_0288_00587",876110.87,6310870.17,0.49,"adresse géocodée ban à l'adresse","587 chemin de Fontcaudette","GORDES",84220,0,,,,,,,,,,,279.7,60.3,29.6,20,31.3,7,71.8,59.7,"bonne","très bonne","très bonne",,,"moyenne","insuffisante",0.53,8656.9,1278.1,0,2835375.2,0,5401692.7,0,21021.1,156,18845.5,1264.3,0,609.1,302.2,9139.6,68,8193.7,549.7,0,264.8,131.4,709.7,5,647.3,35.7,0,18.3,8.4,"Électricité",9139.6,8193.7,549.7,1844.7,1653.7,110.9,709.7,647.3,35.7,,,,,,,,,,,,,,,,,,,,,1844.7,1653.7,110.9,0,53.4,26.5,"Électricité",,,,,,,,,,,,,,,,,,,,,,,,,,,,,,,,,,,,,,"Non affecté",,,,,,,,,,,,,,,,,,,,,,,,,,,,,,,,0,,,,,,,"chauffe-eau thermodynamique",,,,,0,
"2184E0550656I","2024-12-12","2021-10-19","2021-10-21","2021-10-22","2031-10-20",,,"SKNNW812S3DJ",,,"DPE 3CL 2021 méthode logement",1.1,"dpe maison individuelle","E","B","maison",1989,"1989-2000",,,2.5,,,1,,,,46.6,,"Légère","inférieur à 400m","H2d","34 Domaine des Bastidons 84220 Gordes","34","Domaine des Bastidons","Gordes","84220","84050","84","93","84050_6f3393_00034",876264.61,6315102.49,0.51,"adresse géocodée ban à l'adresse","Le Mirabeau
34, Domaine les Bastidons
8, Chemin des Mians","GORDES",84220,0,,,,,,,,,,,102.6,6.7,21.8,3.1,14.7,8.1,5.5,42.7,"très bonne","moyenne",,"très bonne",,"insuffisante","bonne",0.41,4149.9,750.4,0,1154055.6,0,402151.5,0,12563.2,269,7908.1,3134.3,0,211.3,1309.6,5462.3,117,3438.3,1362.7,0,91.9,569.4,403,8,271.6,88.6,0,6.3,36.4,"Électricité",5462.3,3438.3,1362.7,953.5,600.2,237.9,403,271.6,88.6,,,,,,,,,,,,,,,,,,,,,953.5,600.2,237.9,0,16,99.4,"Électricité","Convecteur électrique NFC, NF** et NF***","installation individuelle","Convecteur électrique NFC, NF** et NF***","Installation de chauffage simple","Convecteur électrique NFC, NF** et NF*** avec programmateur pièce par pièce (système individuel)",1,46.6,,,"Convecteur électrique NFC, NF** et NF***","Électricité","chauffage","Electrique - Convecteur électrique NFC, NF** et NF***",1,,,,,,,,,,,,,,,,,,,,,,,,"Électricité","Ballon électrique à accumulation vertical Autres ou inconnue",,,"installation individuelle","Un seul système d'ECS sans solaire","Ballon électrique à accumulation vertical (autres catégorie ou inconnue), contenance ballon 150 L",1,,46.6,"Non affecté",,,,"Ballon électrique à accumulation vertical Autres ou inconnue","Électricité","chauffage","Electrique - Ballon électrique à accumulation vertical (autres catégorie ou inconnue)",150,,1,,,,,,,,,,,,0,,,,,,,,"Solaire Photovoltaïque",1,,,0,1
"2184E0039833H","2023-10-26","2021-07-07","2021-07-12","2021-07-13","2031-07-11",,,,,,"DPE 3CL 2021 méthode logement",1,"dpe maison individuelle","C","A","maison",2006,"2006-2012",,,2.5,,,1,,,,99.6,,"Légère","inférieur à 400m","H2d","954 Chemin de Font-Blanche 84220 Gordes","954","Chemin de Font-Blanche","Gordes","84220","84050","84","93","84050_0284_00954",878542.38,6314496.58,0.54,"adresse géocodée ban à l'adresse","954 CHEMIN DE LA CAPOUNE
QUARTIER FONT BLANCHE","GORDES",84220,0,,,,,,,,,,,172.1,16.8,30.9,14.1,16,0,29.1,65.2,"bonne","bonne","bonne",,,"très bonne","bonne",0.45,5558.4,1129.3,1853.7,2204145.9,882344.2,3045613.4,1256136.4,16387.9,164,9745.4,4171.1,709.9,451.9,1309.6,7125.2,71,4237.1,1813.5,308.7,196.5,569.4,522.4,5,334.7,117.9,19.8,13.6,36.4,"Électricité",7125.2,4237.1,1813.5,1506.8,896,383.5,522.4,334.7,117.9,,,,,,,,,,,,,,,,,,,,,1506.8,896,383.5,65.3,41.5,120.4,"Électricité",,,,,,,,,,,,,,,,,,,,,,,,,,,,,,,,,,,,,,"Non affecté",,,,,,,,,,,,,,,,,,,,,,,,,,,,,,,,0,,,,,,,"pompe à chaleur",,,,,0,
"2184E0093510U","2023-10-26","2021-07-22","2021-07-25","2021-07-26","2031-07-24",,,,,,"DPE 3CL 2021 méthode logement",1,"dpe maison individuelle","D","B","maison",1989,"1989-2000",,,2.5,,,1,,,,140,,"Légère","inférieur à 400m","H2d","Route de Senanque 84220 Gordes",,,"Gordes","84220","84050","84","93","84050_0810",876255.47,6315731.85,0.51,"adresse géocodée ban à l'adresse","Le Clos des Chênes
Route de Sénanque","GORDES",84220,0,,,,,,,,,,,348.7,43.8,72.4,19.2,36.3,5.7,88.2,83.2,"moyenne","moyenne",,"bonne",,"insuffisante","insuffisante",0.68,13012.6,1302.9,2294.1,2940883.8,1177268.7,4214854.2,1338290.3,27728.5,198,18608.5,6631.2,543.8,635.4,1309.6,12055.9,86,8090.6,2883.1,236.4,276.2,569.4,897.2,6,639.2,187.4,15.1,19.1,36.4,"Électricité",12055.9,8090.6,2883.1,2333.8,1566.2,558.1,897.2,639.2,187.4,,,,,,,,,,,,,,,,,,,,,2333.8,1566.2,558.1,45.8,53.5,110.2,"Électricité",,,,,,,,,,,,,,,,,,,,,,,,,,,,,,,,,,,,,,"Non affecté",,,,,,,,,,,,,,,,,,,,,,,,,,,,,,,,0,,,,,,,"pompe à chaleur",,,,,0,
"2184E0550209D","2024-06-25","2021-10-18","2021-10-20","2021-10-21","2031-10-19",,,,,,"DPE 3CL 2021 méthode logement",1.1,"dpe maison individuelle","C","A","maison",1948,"1948-1974",,,2.5,,,1,,,,35.3,,"Légère","inférieur à 400m","H2d","Ancien Chemin des Beaumettes 84220 Gordes",,,"Gordes","84220","84050","84","93","84050_0064",877663.12,6311268.62,0.38,"adresse géocodée ban à l'adresse","Chemin Moulin des Roberts
LE MOULIN BLANC","BEAUMETTES-GORDES",84220,0,,,,"Bat. C; Etage RDJ; Porte 106",,,,,,,93.5,14.6,25.7,0,14,6.7,10.5,22,"bonne","insuffisante",,"très bonne",,"insuffisante","moyenne",0.53,3496.7,629.4,536.7,908350.8,363623,913834,270258.5,6388,181,3068.2,2835,324.8,160.1,1,2777.4,78,1334,1232.6,141.2,69.6,0,199.3,5,105.4,80.1,9,4.8,0,"Électricité",2777.4,1334,1232.6,543.5,261,241.2,199.3,105.4,80.1,,,,,,,,,,,,,,,,,,,,,543.5,261,241.2,27.6,13.6,0,"Électricité","PAC air/air installée à partir de 2015","installation individuelle","Soufflage d'air chaud (air soufflé) avec distribution par réseau aéraulique","Installation de chauffage simple","PAC air/air installée à partir de 2015 (système individuel)",1,35.3,,,"PAC air/air installée à partir de 2015","Électricité","chauffage","Electrique - PAC air/air installée à partir de 2015",1,,,,,,,,,,,,,,,,,,,,,,,,"Électricité","Ballon électrique à accumulation vertical Autres ou inconnue",,,"installation individuelle","Un seul système d'ECS sans solaire","Ballon électrique à accumulation vertical (autres catégorie ou inconnue), contenance ballon 150 L",1,,35.3,"Non affecté",,,,"Ballon électrique à accumulation vertical Autres ou inconnue","Électricité","chauffage","Electrique - Ballon électrique à accumulation vertical (autres catégorie ou inconnue)",150,,1,,,,,,,,,,,,0,,,,,,,"pompe à chaleur","Solaire Photovoltaïque",1,,,0,1
"2184E0603431D","2024-02-06","2021-10-29","2021-10-29","2021-10-30","2031-10-28",,,,,,"DPE 3CL 2021 méthode logement",1.1,"dpe maison individuelle","C","A","maison",2013,"2013-2021",,,2.5,,,2,,,,110,,"Moyenne","inférieur à 400m","H2d","104bis Chemin de la Dragonne 84220 Gordes","104bis","Chemin de la Dragonne","Gordes","84220","84050","84","93","84050_0210_00104_bis",875135.26,6312406.66,0.48,"adresse géocodée ban à l'adresse","104 B Chemin de la Dragonne
Les Imberts","GORDES",84220,0,,,,"Ce bien ne fait pas partie d'une copropriété",,,,,,,165.1,14.7,27.1,13,13,0,37.5,59.8,"très bonne","très bonne","bonne",,,"moyenne","moyenne",0.41,5715.8,1174.1,0,2394207.1,0,1335609.7,0,15115.4,137,10082.2,4534,0,499.2,1,6571.9,59,4383.6,1971.3,0,217,0,489.4,4,346.3,128.1,0,15,0,"Électricité",6571.9,4383.6,1971.3,1128.1,752.5,338.4,489.4,346.3,128.1,,,,,,,,,,,,,,,,,,,,,1128.1,752.5,338.4,0,37.3,0,"Électricité","Panneau rayonnant électrique NFC, NF** et NF***","installation individuelle","Panneau rayonnant NFC, NF** et NF***","Installation de chauffage simple","Panneau rayonnant électrique NFC, NF** et NF*** (système individuel)",1,80,,,"Panneau rayonnant électrique NFC, NF** et NF***","Électricité","chauffage","Electrique - Panneau rayonnant électrique NFC, NF** et NF***",1,,,,,,"installation individuelle","Soufflage d'air chaud (air soufflé) avec distribution par réseau aéraulique","Installation de chauffage simple","PAC air/air sans réseau de distribution installée entre 2008 et 2014 avec programmateur pièce par pièce (système individuel)",1,30,,,"PAC air/air installée entre 2008 et 2014","Électricité","chauffage","Electrique - PAC air/air sans réseau de distribution installée entre 2008 et 2014",1,,,,,,"Électricité","Ballon électrique à accumulation vertical Catégorie B ou 2 étoiles",,,"installation individuelle","Un seul système d'ECS sans solaire","Ballon électrique à accumulation vertical (catégorie B ou 2 étoiles), contenance ballon 200 L",1,,110,"Non affecté",,,,"Ballon électrique à accumulation vertical Catégorie B ou 2 étoiles","Électricité","chauffage","Electrique - Ballon électrique à accumulation vertical (catégorie B ou 2 étoiles)",200,,1,,,,,,,,,,,,0,,,,,,,"pompe à chaleur","Solaire Photovoltaïque",1,,,0,1
"2184E0606569V","2024-02-06","2021-10-26","2021-10-31","2021-11-01","2031-10-30",,,,,,"DPE 3CL 2021 méthode logement",1.1,"dpe maison individuelle","E","B","maison",1947,"avant 1948",,,2.5,,,1,,,,65,,"Lourde","inférieur à 400m","H2d","Rue de la Combe 84220 Gordes",,,"Gordes","84220","84050","84","93","84050_0130",876525.32,6315092.96,0.49,"adresse géocodée ban à l'adresse","Rue de la Combe","GORDES",84220,0,,,,,,,,,,,260.2,33.8,98.6,9.7,22.9,8.4,25.5,61.3,"insuffisante","insuffisante",,"insuffisante",,"insuffisante","moyenne",1,10870.1,948.6,1570.2,1408242.5,212049.3,1302538.5,929045.4,16753.1,257,11433.6,3624.3,392.8,295,1007.4,7284,112,4971.2,1575.8,170.8,128.3,438,543,8,392.7,102.4,10.9,8.8,28,"Électricité",7284,4971.2,1575.8,1240.1,846.4,268.3,543,392.7,102.4,,,,,,,,,,,,,,,,,,,,,1240.1,846.4,268.3,29.1,21.8,74.6,"Électricité","PAC air/air installée à partir de 2015","installation individuelle","Soufflage d'air chaud (air soufflé) avec distribution par réseau aéraulique","Installation de chauffage simple","PAC air/air installée à partir de 2015 avec programmateur pièce par pièce (système individuel)",1,50,,,"PAC air/air installée à partir de 2015","Électricité","chauffage","Electrique - PAC air/air installée à partir de 2015",1,,,,,,"installation individuelle","Convecteur électrique NFC, NF** et NF***","Installation de chauffage simple","Convecteur électrique NFC, NF** et NF*** avec programmateur avec réduit (système individuel)",1,15,,,"Convecteur électrique NFC, NF** et NF***","Électricité","chauffage","Electrique - Convecteur électrique NFC, NF** et NF***",1,,,,,,"Électricité","Ballon électrique à accumulation vertical Autres ou inconnue",,,"installation individuelle","Un seul système d'ECS sans solaire","Ballon électrique à accumulation vertical (autres catégorie ou inconnue), contenance ballon 150 L",1,,65,"Non affecté",,,,"Ballon électrique à accumulation vertical Autres ou inconnue","Électricité","chauffage","Electrique - Ballon électrique à accumulation vertical (autres catégorie ou inconnue)",150,,1,,,,,,,,,,,,0,,,,,,,"pompe à chaleur","Solaire Photovoltaïque",1,,,0,1
"2184E0050842S","2023-10-26","2021-07-14","2021-07-14","2021-07-15","2031-07-13",,,,,,"DPE 3CL 2021 méthode logement",1,"dpe maison individuelle","D","B","maison",2006,"2006-2012",,,2.5,,,1,,,,120,,"Légère","inférieur à 400m","H2d","Chemin de la Capoune 84220 Gordes",,,"Gordes","84220","84050","84","93","84050_0103",878886.97,6314132.9,0.49,"adresse géocodée ban à l'adresse","253, Chemin du Bois
La Capoune","GORDES",84220,0,,,,,,,,,,,290.2,43.8,66.7,19.6,19,13,41.4,86.8,"bonne","moyenne","bonne",,,"très bonne","moyenne",0.6,11342.4,1217,1867.8,2576432.7,1031374.8,2671483,1053387.2,28122.9,234,20470.7,5588.8,209.1,544.6,1309.6,14455.8,120,11128.7,2429.9,90.9,236.8,569.4,902.5,7,686,157.9,5.8,16.3,36.4,"Électricité",14455.8,11128.7,2429.9,2201.3,1544.6,479.6,902.5,686,157.9,"Bois – Bûches",14455.8,11128.7,2429.9,2201.3,1544.6,479.6,902.5,686,157.9,,,,,,,,,,,2201.3,1544.6,479.6,17.9,46.7,112.4,"Électricité",,,,,,,,,,,,,,,,,,,,,,,,,,,,,,,,,,,,,,"Non affecté",,,,,,,,,,,,,,,,,,,,,,,,,,,,,,,,0,,,,,,,"Il existe plusieurs descriptifs ENR",,,,,0,
"2184E0414363H","2024-12-30","2021-09-20","2021-09-28","2021-09-29","2031-09-27",,,"JG6Z7TT4ZC21",,,"DPE 3CL 2021 méthode logement",1,"dpe maison individuelle","F","C","maison",1983,"1983-1988",,,2.5,,,1,,,,130,,"Légère","inférieur à 400m","H2d","1190 Route des Moines 84220 Gordes","1190","Route des Moines","Gordes","84220","84050","84","93","84050_0565_01190",876303.76,6314090.23,0.51,"adresse géocodée ban à l'adresse","1190, Route des Moines","GORDES",84220,0,,,,,,,,,,,532.3,52.3,168.9,20.2,36.5,7,57.6,189.9,"moyenne","insuffisante","moyenne",,,"insuffisante","insuffisante",0.81,24845,1260,0,2758658.3,0,1866332.6,0,52656.9,405,47246.4,4820.5,0,590,1,22894.3,176,20541.9,2095.9,0,256.5,0,1776.7,13,1622.8,136.2,0,17.7,0,"Électricité",22894.3,20541.9,2095.9,4089.9,3669.6,374.4,1776.7,1622.8,136.2,,,,,,,,,,,,,,,,,,,,,4089.9,3669.6,374.4,0,45.8,0,"Électricité",,,,,,,,,,,,,,,,,,,,,,,,,,,,,,,,,,,,,,"Non affecté",,,,,,,,,,,,,,,,,,,,,,,,,,,,,,,,0,,,,,,,,,,,,0,
"2184E0532807V","2023-10-26","2021-09-30","2021-10-18","2021-10-19","2031-10-17",,,,,,"DPE 3CL 2021 méthode logement",1,"dpe maison individuelle","C","A","maison",1989,"1989-2000",,,2.5,,,1,,,,111,,"Moyenne","inférieur à 400m","H2d","Chemin des Pourquiers 84220 Gordes",,,"Gordes","84220","84050","84","93","84050_0710",878812.18,6314310.98,0.48,"adresse géocodée ban à l'adresse","Les Pourquiers","GORDES",84220,0,,,,,,,,,,,331,38.6,50.3,28.9,35.1,10.7,62,105.4,"bonne","moyenne","moyenne",,,"insuffisante","insuffisante",0.63,12939.7,1178.4,2280.8,2412429.7,965722.6,3340050,1404136.9,19285.1,173,13398.1,4618.7,764.6,503.7,1,8384.8,75,5825.2,2008.1,332.4,219,0,627.1,5,460.2,130.5,21.3,15.1,0,"Électricité",8384.8,5825.2,2008.1,1413.4,981.9,338.5,627.1,460.2,130.5,,,,,,,,,,,,,,,,,,,,,1413.4,981.9,338.5,56,36.9,0,"Électricité",,,,,,,,,,,,,,,,,,,,,,,,,,,,,,,,,,,,,,"Non affecté",,,,,,,,,,,,,,,,,,,,,,,,,,,,,,,,0,,,,,,,"pompe à chaleur",,,,,0,
"2184E0473021J","2023-10-26","2021-10-07","2021-10-09","2021-10-10","2031-10-08",,,,,,"DPE 3CL 2021 méthode logement",1,"dpe maison individuelle","C","A","maison",2013,"2013-2021",,,2.5,,,1,,,,232,,"Légère","inférieur à 400m","H2d","Chemin des Escortiels 84220 Gordes",,,"Gordes","84220","84050","84","93","84050_0240",876427.18,6314025.19,0.46,"adresse géocodée ban à l'adresse","Chemin des Escortiels","GORDES",84220,0,,,,,,,,,,,666.7,65.2,123.7,96.7,45.3,14.5,207.7,113.6,"moyenne","moyenne","insuffisante",,,"moyenne","insuffisante",0.78,21321,1698.1,8399.8,4617359,1848380.5,16934770,6650964.6,26626.9,114,21040.2,1499.9,2731.7,1052.9,302.2,16263.8,70,13834.8,652.1,1187.7,457.8,131.4,845,3,686.6,42.4,76,31.6,8.4,"Électricité",16263.8,13834.8,652.1,1914.2,1411.8,134.9,845,686.6,42.4,"Bois – Bûches",16263.8,13834.8,652.1,1914.2,1411.8,134.9,845,686.6,42.4,,,,,,,,,,,1914.2,1411.8,134.9,245.7,94.7,27.2,"Électricité",,,,,,,,,,,,,,,,,,,,,,,,,,,,,,,,,,,,,,"Non affecté",,,,,,,,,,,,,,,,,,,,,,,,,,,,,,,,0,,,,,,,"Il existe plusieurs descriptifs ENR",,,,,0,
"2184E0059120C","2024-12-30","2021-07-14","2021-07-17","2021-07-18","2031-07-16",,,"5RV8MG5CPRCE",,,"DPE 3CL 2021 méthode logement",1,"dpe maison individuelle","C","A","maison",1989,"1989-2000",,,2.5,,,1,,,,190,,"Légère","inférieur à 400m","H2d","3688 Route des Trois Soldats 84220 Gordes","3688","Route des Trois Soldats","Gordes","84220","84050","84","93","84050_0880_03688",879095.39,6314917.92,0.52,"adresse géocodée ban à l'adresse","3688, Route des 3 Soldats
Sauvestre de Véroncle","GORDES",84220,0,,,,,,,,,,,560.2,43.6,59.1,96.3,50.1,7.7,99.2,204.2,"moyenne","bonne","insuffisante",,,"bonne","insuffisante",0.71,22142.8,1517.7,3897,3852011.7,1542003.3,6449823.4,2483889.4,31490.1,165,24836.4,5457.9,333.5,862.3,1,17863.5,94,14970.6,2373,145,374.9,0,1010.4,5,821,154.2,9.3,25.9,0,"Bois – Bûches",17863.5,14970.6,2373,2306.1,1734.9,468.6,1010.4,821,154.2,"Électricité",17863.5,14970.6,2373,2306.1,1734.9,468.6,1010.4,821,154.2,,,,,,,,,,,2306.1,1734.9,468.6,28.6,74,0,"Électricité",,,,,,,,,,,,,,,,,,,,,,,,,,,,,,,,,,,,,,"Non affecté",,,,,,,,,,,,,,,,,,,,,,,,,,,,,,,,0,,,,,,,"Il existe plusieurs descriptifs ENR",,,,,0,
"2184E0257100S","2023-10-26","2021-09-01","2021-09-02","2021-09-03","2031-09-01",,,,,,"DPE 3CL 2021 méthode logement",1,"dpe maison individuelle","D","B","maison",2001,"2001-2005",,,2.5,,,1,,,,195,,"Légère","inférieur à 400m","H2d","169 Chemin des Pourquiers 84220 Gordes","169","Chemin des Pourquiers","Gordes","84220","84050","84","93","84050_0710_00169",878809.21,6314299.67,0.48,"adresse géocodée ban à l'adresse","169, Les Pourquiers","GORDES",84220,0,,,,,,,,,,,482.6,82.1,100.8,24.8,27.9,7,85.6,154.4,"bonne","bonne","bonne",,,"moyenne","moyenne",0.65,18390,1539.2,0,3943124.4,0,5679342.6,0,46454.6,238,37361.6,7200.7,0,885,1007.4,20197.7,103,16244.2,3130.7,0,384.8,438,1541.4,7,1283.3,203.5,0,26.5,28,"Électricité",20197.7,16244.2,3130.7,3658.7,2942.5,567.1,1541.4,1283.3,203.5,,,,,,,,,,,,,,,,,,,,,3658.7,2942.5,567.1,0,69.7,79.3,"Électricité",,,,,,,,,,,,,,,,,,,,,,,,,,,,,,,,,,,,,,"Non affecté",,,,,,,,,,,,,,,,,,,,,,,,,,,,,,,,0,,,,,,,,,,,,0,
"2184E0265368S","2023-10-26","2021-09-01","2021-09-04","2021-09-05","2031-09-03",,,,,,"DPE 3CL 2021 méthode logement",1,"dpe maison individuelle","C","A","maison",1947,"avant 1948",,,2.5,,,1,,,,256,,"Moyenne","inférieur à 400m","H2d","Rue Saint Pons 84220 Gordes",,,"Gordes","84220","84050","84","93","84050_0804",876805.74,6315008.06,0.45,"adresse géocodée ban à l'adresse","Rue Saint Pons","GORDES",84220,0,,,,,,,,,,,742.8,103.7,279.6,14.6,45.1,23.1,90.1,186.6,"insuffisante","insuffisante","bonne",,,"insuffisante","moyenne",1.45,29744.3,1801.2,5348,5054700.4,2023453.1,6680180.5,3411500.3,41740.7,163,28074,10623.9,577.5,1161.8,1303.5,18148.1,70,12206.1,4619.1,251.1,505.1,566.7,1351.7,5,964.3,300.2,16.1,34.9,36.3,"Électricité",18148.1,12206.1,4619.1,3331,2240.4,847.8,1351.7,964.3,300.2,,,,,,,,,,,,,,,,,,,,,3331,2240.4,847.8,46.1,92.7,104,"Électricité",,,,,,,,,,,,,,,,,,,,,,,,,,,,,,,,,,,,,,"Non affecté",,,,,,,,,,,,,,,,,,,,,,,,,,,,,,,,0,,,,,,,"pompe à chaleur",,,,,0,
"2184E0551642G","2023-11-08","2021-10-18","2021-10-20","2021-10-22","2031-10-19",,,,,,"DPE 3CL 2021 méthode logement",1,"dpe maison individuelle","B","A","maison",2003,"2001-2005",,,3,,,2,,,,376.6,,,"inférieur à 400m","H2d","Chemin de la Dragonne 84220 Gordes",,,"Gordes","84220","84050","84","93","84050_0210",875042.75,6312347.53,0.49,"adresse géocodée ban à l'adresse","Quartier la Dragonne","GORDES",84220,,,"Le mas des étoiles, les Imbert Maison individuelle",,,"bon",0,1,0,,1,850.6,165.5,149.3,43.2,67.5,9.6,128.4,287.1,"moyenne","bonne","bonne",,,"bonne","moyenne",0.7,27513.6,2319,15054.5,7251484.5,2902850.3,21837304,12645520.8,40244.3,106.8,24900.7,3213.1,9112,1708.9,0,17497.5,46.5,10826.4,1397,3961.7,743,0,1287.8,3.4,855.3,90.8,253.6,51.3,36.4,"Électricité",17497.5,10826.4,1397,1349,1994,257,1287.3,855.3,90.8,,,,,,,,,,,,,,,,,,,,,3223,1994,257,730,137,105,"Électricité",,,,,,,,,,,,,,,,,,,,,,,,,,,,,,,,,,,,,,"Non affecté",,,,,,,,,,,,,,,,,,,,,,,,,,,,,,,,0,,,,,,,"Il existe plusieurs descriptifs ENR",,,,,0,
"2184E0594159N","2024-02-06","2021-10-26","2021-10-27","2021-10-28","2031-10-26",,,,,,"DPE 3CL 2021 méthode logement",1.1,"dpe maison individuelle","A","A","maison",2013,"2013-2021",,,2.5,,,2,,,,168,,"Moyenne","inférieur à 400m","H2d","Chemin des Pourquiers 84220 Gordes",,,"Gordes","84220","84050","84","93","84050_0710",878812.18,6314310.98,0.48,"adresse géocodée ban à l'adresse","Lot B 2 Les Pourquiers - Les Bastides de Fontblanque","GORDES",84220,0,,,,,,,,,,,389.3,76.2,69.5,13.8,20.1,13.3,122,74.4,"moyenne","bonne",,"très bonne",,"bonne","insuffisante",0.69,11036.4,1423.2,0,3451115.4,0,10043266.7,0,11510.1,68,8602.6,1530.3,0,762.4,614.7,5004.4,29,3740.3,665.4,0,331.5,267.3,378.7,2,295.5,43.2,0,22.9,17.1,"Électricité",5004.4,3740.3,665.4,881.4,658.8,117.2,378.7,295.5,43.2,,,,,,,,,,,,,,,,,,,,,881.4,658.8,117.2,0,58.4,47.1,"Électricité","PAC air/eau installée après 2017","installation individuelle","Plancher chauffant sur réseau individuel eau chaude haute température(sup ou egal 65°C)","Installation de chauffage simple","PAC air/eau installée à partir de 2017 (système individuel). Emetteur(s): plancher chauffant",1,168,,,"PAC air/eau installée après 2017","Électricité","chauffage","Electrique - PAC air/eau installée à partir de 2017",1,,,,,,,,,,,,,,,,,,,,,,,,"Électricité","PAC double service après 2014",,,"installation individuelle","Un seul système d'ECS sans solaire","Combiné au système de chauffage, contenance ballon 300 L",1,,168,"Non affecté",,,,"PAC double service après 2014","Électricité","chauffage","Electrique - PAC air/eau installée à partir de 2017",300,,1,,,,,,,,,,,,0,,,,,,,"pompe à chaleur","Solaire Photovoltaïque",1,,,0,1
"2184E0559695Z","2024-06-25","2021-10-18","2021-10-23","2021-10-24","2031-10-22",,,,,,"DPE 3CL 2021 méthode logement",1.1,"dpe appartement individuel","D","A","appartement",1948,"1948-1974","individuel","individuel",2.5,1,,1,,,,35.3,,"Légère","inférieur à 400m","H2d","Ancien Chemin des Beaumettes 84220 Gordes",,,"Gordes","84220","84050","84","93","84050_0064",877663.12,6311268.62,0.38,"adresse géocodée ban à l'adresse","Chemin Moulin des Roberts
LE MOULIN BLANC","BEAUMETTES-GORDES",84220,0,,,,"Bat. C; Etage RDJ; Porte 106",,,,,,,93.5,14.6,25.7,0,14,6.7,10.5,22,"bonne","insuffisante",,"très bonne",,"insuffisante","moyenne",0.53,3415.2,844.2,554.2,1027654.6,411381.6,913834,270258.5,7072.3,200,3210.7,3366.1,335.5,160.1,1,3074.9,87,1395.9,1463.5,145.9,69.6,0,219.5,6,110.3,95.1,9.3,4.8,0,"Électricité",3074.9,1395.9,1463.5,588.7,267.2,280.2,219.5,110.3,95.1,,,,,,,,,,,,,,,,,,,,,588.7,267.2,280.2,27.9,13.3,0,"Électricité","PAC air/air installée à partir de 2015","installation individuelle","Soufflage d'air chaud (air soufflé) avec distribution par réseau aéraulique","Installation de chauffage simple","PAC air/air installée à partir de 2015 (système individuel)",1,35.3,,,"PAC air/air installée à partir de 2015","Électricité","chauffage","Electrique - PAC air/air installée à partir de 2015",1,,,,,,,,,,,,,,,,,,,,,,,,"Électricité","Ballon électrique à accumulation vertical Autres ou inconnue",,,"installation individuelle","Un seul système d'ECS sans solaire","Ballon électrique à accumulation vertical (autres catégorie ou inconnue), contenance ballon 150 L",1,,35.3,"Non affecté",,,,"Ballon électrique à accumulation vertical Autres ou inconnue","Électricité","chauffage","Electrique - Ballon électrique à accumulation vertical (autres catégorie ou inconnue)",150,,1,,,,,,,,,,,,0,,,,,,,"pompe à chaleur","Solaire Photovoltaïque",1,,,0,1
"2184E0386443L","2023-10-26","2021-09-22","2021-09-23","2021-09-24","2031-09-22",,,,,,"DPE 3CL 2021 méthode logement",1,"dpe maison individuelle","F","C","maison",1900,"avant 1948",,,4,,,3,,,,140.1,,,"inférieur à 400m","H2d","Les Bouilladoires 84220 Gordes",,,"Gordes","84220","84050","84","93","84050_7a94dz",876430.12,6311040.45,0.52,"adresse géocodée ban à l'adresse","Les Bouilladoires","GORDES",84220,,,,,,"bon",0,1,0,,0,689.5,71.1,175.3,142.5,22,0,78.5,200.1,"insuffisante","insuffisante","insuffisante",,,"bonne","insuffisante",2.06,28826.2,1303.2,0,2942177.6,0,8044729.3,0,57914.8,413.4,51963.3,5315.9,0,635.7,0,25180.4,179.8,22592.7,2311.2,0,276.4,0,1954,13.9,1784.8,150.2,0,19.1,0,"Électricité",25180.4,22592.7,2311.2,818,3994,409,1954.1,1784.8,150.2,,,,,,,,,,,,,,,,,,,,,4452,3994,409,0,49,0,"Électricité",,,,,,,,,,,,,,,,,,,,,,,,,,,,,,,,,,,,,,"Non affecté",,,,,,,,,,,,,,,,,,,,,,,,,,,,,,,,0,,,,,,,,,,,,0,
"2184E0165881H","2023-10-26","2021-08-08","2021-08-10","2021-08-11","2031-08-09",,,,,,"DPE 3CL 2021 méthode logement",1,"dpe maison individuelle","G","C","maison",1989,"1989-2000",,,2.8,,,1,,,,228,,"Lourde","inférieur à 400m","H2d","Beaumes Brunes 84220 Gordes",,,"Gordes","84220","84050","84","93","84050_B014",876345.64,6313541.04,0.36,"adresse géocodée ban à l'adresse","45 Chemin des Mians","GORDES",84220,0,,,,"Ce bien ne fait pas partie d'une copropriété",,,,,,,1331.9,159.7,596,41,44.9,7.5,195.3,287.3,"insuffisante","insuffisante","bonne",,,"insuffisante","insuffisante",1.36,55978,1680.9,8344.8,4112143.3,619195.2,9960080.2,5604717.3,104939,460,96937.3,6201.5,429.4,1034.7,336.1,45625.7,200,42146.6,2696.3,186.7,449.9,146.1,3557.2,15,3329.6,175.3,11.9,31,9.4,"Électricité",45625.7,42146.6,2696.3,7724.4,7135.4,456.5,3557.2,3329.6,175.3,,,,,,,,,,,,,,,,,,,,,7724.4,7135.4,456.5,31.6,76.2,24.7,"Électricité",,,,,,,,,,,,,,,,,,,,,,,,,,,,,,,,,,,,,,"Non affecté",,,,,,,,,,,,,,,,,,,,,,,,,,,,,,,,0,,,,,,,"pompe à chaleur",,,,,0,
"2184E0386436E","2023-10-26","2021-09-22","2021-09-23","2021-09-24","2031-09-22",,,,,,"DPE 3CL 2021 méthode logement",1,"dpe maison individuelle","E","B","maison",1978,"1978-1982",,,2.5,,,1,,,,240,,"Moyenne","inférieur à 400m","H2d","446 Chemin du Serre 84220 Gordes","446","Chemin du Serre","Gordes","84220","84050","84","93","84050_0820_00446",875089.81,6310688.73,0.45,"adresse géocodée ban à l'adresse","446 Chemin du Serre","GORDES",84220,0,,,,"Ce bien ne fait pas partie d'une copropriété",,,,,,,914.7,55.8,259.9,111.7,94.7,5.7,108.3,278.6,"insuffisante","insuffisante","insuffisante",,,"insuffisante","moyenne",0.88,36274.7,1732.5,5945.5,4310011.3,648989.7,7832178.5,3839389.4,69663.1,290,58334.8,9354.4,923.6,1050.3,1,30288.3,126,25363,4067.1,401.6,456.6,0,2325.2,9,2003.7,264.4,25.7,31.5,0,"Électricité d'origine renouvelable utilisée dans le bâtiment",30288.3,25363,4067.1,5272.1,4414.8,707.9,2325.2,2003.7,264.4,,,,,,,,,,,,,,,,,,,,,5272.1,4414.8,707.9,69.9,79.5,0,"Électricité d'origine renouvelable utilisée dans le bâtiment",,,,,,,,,,,,,,,,,,,,,,,,,,,,,,,,,,,,,,"Non affecté",,,,,,,,,,,,,,,,,,,,,,,,,,,,,,,,0,,,,,,,"Il existe plusieurs descriptifs ENR",,,,,12272.2,
"2184E0470718U","2024-12-30","2021-10-07","2021-10-08","2021-10-09","2031-10-07",,,"CWJS7HJJBYZD",,,"DPE 3CL 2021 méthode logement",1,"dpe maison individuelle","C","A","maison",2013,"2013-2021",,,2.5,,,1,,,,273,,"Légère","inférieur à 400m","H2d","942 Chemin des Gros 84220 Gordes","942","Chemin des Gros","Gordes","84220","84050","84","93","84050_0340_00942",875475.98,6310900.38,0.53,"adresse géocodée ban à l'adresse","942, Chemin des Gros","GORDES",84220,0,,,,,,,,,,,687.2,94,66.8,43.4,45.5,6,146.7,284.8,"bonne","très bonne",,"bonne",,"bonne","moyenne",0.51,26618.8,1874.2,6602.1,5364483.9,2147462.9,7645160.5,4713197.1,34823.3,127,26739.1,5770.8,707.8,1238.9,366.6,19424.9,71,15910.1,2509,307.8,538.7,159.4,1115.6,4,885.5,163.1,19.7,37.2,10.2,"Bois – Bûches",19424.9,15910.1,2509,2541.1,1859,486.9,1115.6,885.5,163.1,"Électricité",19424.9,15910.1,2509,2541.1,1859,486.9,1115.6,885.5,163.1,,,,,,,,,,,2541.1,1859,486.9,59.7,104.5,30.9,"Électricité",,,,,,,,,,,,,,,,,,,,,,,,,,,,,,,,,,,,,,"Non affecté",,,,,,,,,,,,,,,,,,,,,,,,,,,,,,,,0,,,,,,,"Il existe plusieurs descriptifs ENR",,,,,0,
"2184E0594160O","2024-02-06","2021-10-26","2021-10-27","2021-10-28","2031-10-26",,,,,,"DPE 3CL 2021 méthode logement",1.1,"dpe maison individuelle","A","A","maison",2013,"2013-2021",,,2.5,,,2,,,,168,,"Moyenne","inférieur à 400m","H2d","Chemin des Pourquiers 84220 Gordes",,,"Gordes","84220","84050","84","93","84050_0710",878812.18,6314310.98,0.48,"adresse géocodée ban à l'adresse","Lot B 2 Les Pourquiers - Les Bastides de Fontblanque","GORDES",84220,0,,,,,,,,,,,389.3,76.2,69.5,13.8,20.1,13.3,122,74.4,"moyenne","bonne",,"très bonne",,"bonne","insuffisante",0.69,11036.4,1423.2,0,3451115.4,0,10043266.7,0,11510.1,68,8602.6,1530.3,0,762.4,614.7,5004.4,29,3740.3,665.4,0,331.5,267.3,378.7,2,295.5,43.2,0,22.9,17.1,"Électricité",5004.4,3740.3,665.4,881.4,658.8,117.2,378.7,295.5,43.2,,,,,,,,,,,,,,,,,,,,,881.4,658.8,117.2,0,58.4,47.1,"Électricité","PAC air/eau installée après 2017","installation individuelle","Plancher chauffant sur réseau individuel eau chaude haute température(sup ou egal 65°C)","Installation de chauffage simple","PAC air/eau installée à partir de 2017 (système individuel). Emetteur(s): plancher chauffant",1,168,,,"PAC air/eau installée après 2017","Électricité","chauffage","Electrique - PAC air/eau installée à partir de 2017",1,,,,,,,,,,,,,,,,,,,,,,,,"Électricité","PAC double service après 2014",,,"installation individuelle","Un seul système d'ECS sans solaire","Combiné au système de chauffage, contenance ballon 300 L",1,,168,"Non affecté",,,,"PAC double service après 2014","Électricité","chauffage","Electrique - PAC air/eau installée à partir de 2017",300,,1,,,,,,,,,,,,0,,,,,,,"pompe à chaleur","Solaire Photovoltaïque",1,,,0,1
"2184E0504922I","2023-10-26","2021-10-11","2021-10-13","2021-10-14","2031-10-12",,,,,,"DPE 3CL 2021 méthode logement",1,"dpe maison individuelle","A","A","maison",2013,"2013-2021",,,2.5,,,1,,,,195,,"Légère","inférieur à 400m","H2d","Chemin des Pourquiers 84220 Gordes",,,"Gordes","84220","84050","84","93","84050_0710",878812.18,6314310.98,0.48,"adresse géocodée ban à l'adresse","Lot B 3 Les Pourquiers - Les Bastides de Fontblanque","GORDES",84220,0,,,,,,,,,,,385.9,56.5,35.6,26,42.3,13.1,119.2,93.3,"bonne","très bonne",,"très bonne",,"moyenne","moyenne",0.5,11168.3,1539.2,0,3943124.4,0,10515220.3,0,13648.6,69,8825.6,3323.7,0,885,614.4,5934.2,30,3837.2,1445.1,0,384.8,267.1,440.7,2,303.1,93.9,0,26.5,17.1,"Électricité",5934.2,3837.2,1445.1,1307,845.2,318.3,440.7,303.1,93.9,,,,,,,,,,,,,,,,,,,,,1307,845.2,318.3,0,84.7,58.8,"Électricité",,,,,,,,,,,,,,,,,,,,,,,,,,,,,,,,,,,,,,"Non affecté",,,,,,,,,,,,,,,,,,,,,,,,,,,,,,,,0,,,,,,,"pompe à chaleur",,,,,0,
"2184E0059116Y","2024-12-12","2021-07-14","2021-07-17","2021-07-18","2031-07-16",,,"5RV8MG5CPRCE",,,"DPE 3CL 2021 méthode logement",1,"dpe maison individuelle","C","A","maison",1989,"1989-2000",,,2.5,,,1,,,,190,,"Légère","inférieur à 400m","H2d","3688 Route des Trois Soldats 84220 Gordes","3688","Route des Trois Soldats","Gordes","84220","84050","84","93","84050_0880_03688",879095.39,6314917.92,0.52,"adresse géocodée ban à l'adresse","3688, Route des 3 Soldats
Sauvestre de Véroncle","GORDES",84220,0,,,,,,,,,,,511.6,39.6,59.1,56.3,50.1,7.7,99.2,199.6,"bonne","bonne","insuffisante",,,"bonne","insuffisante",0.65,19637.4,1517.7,3838.6,3852011.7,1542003.3,6449823.4,2483889.4,28898.7,152,22249.9,5457.9,328.5,862.3,1,16302.3,85,13411.5,2373,142.8,374.9,0,924.7,4,735.5,154.2,9.1,25.9,0,"Électricité",16302.3,13411.5,2373,2148.6,1570.7,474.4,924.7,735.5,154.2,"Bois – Bûches",16302.3,13411.5,2373,2148.6,1570.7,474.4,924.7,735.5,154.2,,,,,,,,,,,2148.6,1570.7,474.4,28.6,74.9,0,"Électricité",,,,,,,,,,,,,,,,,,,,,,,,,,,,,,,,,,,,,,"Non affecté",,,,,,,,,,,,,,,,,,,,,,,,,,,,,,,,0,,,,,,,"Il existe plusieurs descriptifs ENR",,,,,0,
"2184E0994136G","2024-06-25","2021-10-18","2021-12-26","2021-12-27","2031-12-25","2184E0774262O",,,,,"DPE 3CL 2021 méthode logement",2,"dpe appartement individuel","D","A","appartement",1948,"1948-1974","individuel","individuel",2.5,1,,1,,,,35.3,,"Légère","inférieur à 400m","H2d","Ancien Chemin des Beaumettes 84220 Gordes",,,"Gordes","84220","84050","84","93","84050_0064",877663.12,6311268.62,0.38,"adresse géocodée ban à l'adresse","Chemin Moulin des Roberts
LE MOULIN BLANC","BEAUMETTES-GORDES",84220,0,,,,"Bat. C; Etage RDJ; Porte 106",,,,,,,93.5,14.6,25.7,0,14,6.7,10.5,22,"bonne","insuffisante",,"très bonne",,"insuffisante","moyenne",0.53,3415.2,844.2,554.2,1027654.6,411381.6,913834,270258.5,7072.3,200,3210.7,3366.1,335.5,160.1,1,3074.9,87,1395.9,1463.5,145.9,69.6,0,219.5,6,110.3,95.1,9.3,4.8,0,"Électricité",3074.9,1395.9,1463.5,588.7,267.2,280.2,219.5,110.3,95.1,,,,,,,,,,,,,,,,,,,,,588.7,267.2,280.2,27.9,13.3,0,"Électricité","PAC air/air installée à partir de 2015","installation individuelle","Soufflage d'air chaud (air soufflé) avec distribution par réseau aéraulique","Installation de chauffage simple","PAC air/air installée à partir de 2015 (système individuel)",1395.9,35.3,,,"PAC air/air installée à partir de 2015","Électricité","chauffage","Electrique - PAC air/air installée à partir de 2015",1395.9,,,,,,,,,,,,,,,,,,,,,,,,"Électricité","Ballon électrique à accumulation vertical Autres ou inconnue",,,"installation individuelle","Un seul système d'ECS sans solaire","Ballon électrique à accumulation vertical (autres catégorie ou inconnue), contenance ballon 150 L",1463.5,1,35.3,"Non affecté",,,,"Ballon électrique à accumulation vertical Autres ou inconnue","Électricité","ecs","Electrique - Ballon électrique à accumulation vertical (autres catégorie ou inconnue)",150,,1463.5,,,,,,,,,,,,0,"PAC air/air installée avant 2008","Électricité","Avant 2008","Refroidissement - Pompe à chaleur air/air",35.3,145.9,"pompe à chaleur",,,,,0,
"2284E0664628X","2024-12-30","2022-03-30","2022-03-30","2022-03-31","2032-03-29",,,"E289JXWS2FBM",,,"DPE 3CL 2021 méthode logement",2.1,"dpe maison individuelle","D","B","maison",2001,"2001-2005",,,2.5,,,1,,,,118,,"Légère","inférieur à 400m","H2d","1563 Route de Murs 84220 Gordes","1563","Route de Murs","Gordes","84220","84050","84","93","84050_0580_01563",877001.03,6316449.49,0.53,"adresse géocodée ban à l'adresse","1563 Route de Murs","GORDES",84220,0,,,,"Ce bien ne fait pas partie d'une copropriété","moyen",1,1,0,0,1,260.3,35.3,36,17.4,28.3,0,42,101.4,"très bonne","bonne",,"bonne",,"bonne","moyenne",0.44,9282.8,1208.4,0,2539987.6,0,4035084.5,0,26514.5,224,19399.7,5571.9,0,535.5,1007.4,11528,97,8434.6,2422.6,0,232.8,438,867.9,7,666.3,157.5,0,16.1,28,"Électricité",11528,8434.6,2422.6,1907.9,1396,400.9,867.9,666.3,157.5,,,,,,,,,,,,,,,,,,,,,1907.9,1396,400.9,0,38.5,72.5,"Électricité","Plancher ou plafond rayonnant électrique avec régulation terminale","installation individuelle","Plancher rayonnant électrique avec régulation terminale","Installation de chauffage simple","Plancher rayonnant électrique avec régulation terminale avec programmateur avec réduit (système individuel)",8434.6,118,,,"Plancher ou plafond rayonnant électrique avec régulation terminale","Électricité","chauffage","Electrique - Plancher rayonnant électrique avec régulation terminale",8434.6,,,,,,,,,,,,,,,,,,,,,,,,"Électricité","Ballon électrique à accumulation vertical Catégorie B ou 2 étoiles",,,"installation individuelle","Un seul système d'ECS sans solaire","Ballon électrique à accumulation vertical (catégorie B ou 2 étoiles), contenance ballon 300 L",2422.6,1,118,"Non affecté",,,,"Ballon électrique à accumulation vertical Catégorie B ou 2 étoiles","Électricité","ecs","Electrique - Ballon électrique à accumulation vertical (catégorie B ou 2 étoiles)",300,,2422.6,,,,,,,,,,,,0,,,,,,,,,,,,0,
"2184E1032060W","2024-02-06","2021-09-22","2021-09-25","2022-02-08","2031-09-24",,,,,,"DPE 3CL 2021 méthode logement",2,"dpe maison individuelle","F","C","maison",1900,"avant 1948",,,4,,,3,,,,140.1,,"Légère","inférieur à 400m","H2d","Les Bouilladoires 84220 Gordes",,,"Gordes","84220","84050","84","93","84050_7a94dz",876430.12,6311040.45,0.52,"adresse géocodée ban à l'adresse","Les Bouilladoires","GORDES",84220,,,,,,"bon",0,1,0,0,0,638.5,71.1,175.3,142.5,22,15.7,78.5,133.4,"insuffisante","insuffisante","insuffisante",,,"bonne","insuffisante",2.13,28844.4,1303.2,0,2942177.6,0,4042292.7,0,58414.2,417,52462.7,5315.9,0,635.7,0,25397.5,181.3,22809.9,2311.2,0,276.4,0,1970.8,14,1802,150.2,0,19.1,0,"Électricité",25397.5,22809.9,2311.2,750,3697,375,1971.3,1802,150.2,,,,,,,,,,,,,,,,,,,,,4117,3697,375,0,45,0,"Électricité","Panneau rayonnant électrique NFC, NF** et NF***","installation individuelle","Panneau rayonnant NFC, NF** et NF***","Installation de chauffage simple","Installation 1",22809.9,140.1,,,"Panneau rayonnant électrique NFC, NF** et NF***","Électricité","chauffage","Panneau rayonnant électrique NFC",22809.9,,,,,,,,,,,,,,,,,,,,,,,,"Électricité","Ballon électrique à accumulation vertical Autres ou inconnue",,,"installation individuelle","Un seul système d'ECS sans solaire","Chauffe-eau vertical",2311.2,1,140.1,"Non affecté",,,,"Ballon électrique à accumulation vertical Autres ou inconnue","Électricité","ecs","Chauffe-eau vertical",200,,2311.2,,,,,,,,,,,,0,,,,,,,,,,,,0,
"2284E1024202R","2024-02-06","2022-05-09","2022-05-11","2022-05-12","2032-05-10",,,,,,"DPE 3CL 2021 méthode logement",2.1,"dpe maison individuelle","G","C","maison",,"avant 1948",,,2.5,,,2,,,,186,,"Lourde","400-800m","H2d","Chemin de la Gardette 84220 Gordes",,,"Gordes","84220","84050","84","93","84050_0299",877260.76,6317986.86,0.39,"adresse géocodée ban à l'adresse","La GARDETTE","GORDES",84220,0,,,,,"insuffisant",0,1,0,1,0,905.8,32.2,320.5,247.5,44.5,4.6,56.6,199.8,"insuffisante","insuffisante","insuffisante",,,"insuffisante","moyenne",1.81,51328.5,1622.7,1815.3,3850520.7,310796.8,2920214.7,861946.5,102516.3,551,93470.1,8111.2,90.8,844.1,0,44572.3,239,40639.2,3526.6,39.5,367,0,3467.6,18,3210.5,229.2,2.5,25.3,0,"Électricité",44572.3,40639.2,3526.6,7182.7,6548.9,568.3,3467.6,3210.5,229.2,,,,,,,,,,,,,,,,,,,,,7182.7,6548.9,568.3,6.4,59.1,0,"Électricité","Radiateur électrique à accumulation","installation individuelle","Radiateur électrique à accumulation","Installation de chauffage simple","Radiateur électrique à inertie (modélisé comme un radiateur à accumulation) (système individuel)",37806.7,157.4,,,"Radiateur électrique à accumulation","Électricité","chauffage","Electrique - Radiateur électrique à inertie (modélisé comme un radiateur à accumulation)",37806.7,,,,,,"installation individuelle","Soufflage d'air chaud (air soufflé) avec distribution par réseau aéraulique","Installation de chauffage simple","PAC air/air installée à partir de 2015 (système individuel)",2832.5,28.6,,,"PAC air/air installée à partir de 2015","Électricité","chauffage","Electrique - PAC air/air installée à partir de 2015",2832.5,,,,,,"Électricité","Ballon électrique à accumulation vertical Autres ou inconnue",,,"installation individuelle","Un seul système d'ECS sans solaire","Ballon électrique à accumulation vertical (autres catégorie ou inconnue), contenance ballon 200 L",1322.7,1,62,"Non affecté",,,,"Ballon électrique à accumulation vertical Autres ou inconnue","Électricité","ecs","Electrique - Ballon électrique à accumulation vertical (autres catégorie ou inconnue)",200,,1322.7,,,,,,,,,,,,0,"PAC air/air installée à partir de 2015","Électricité","A partir de 2015","Refroidissement - Electrique - Pompe à chaleur (divisé) - type split",28.6,39.5,"pompe à chaleur",,,,,0,
"2284E1392569Q","2024-02-06","2022-06-20","2022-06-21","2022-06-22","2032-06-20",,,,,,"DPE 3CL 2021 méthode logement",2.1,"dpe maison individuelle","C","A","maison",,"1989-2000",,,2.5,,,2,,,,292,,"Moyenne","inférieur à 400m","H2d","939 Chemin des Gros 84220 Gordes","939","Chemin des Gros","Gordes","84220","84050","84","93","84050_0340_00939",875485.01,6310899.41,0.52,"adresse géocodée ban à l'adresse","939 Chemin des Gros","GORDES",84220,0,,,,,"insuffisant",0,1,0,0,1,864.5,97.6,190.8,46.2,66.8,5.4,187.4,270.1,"moyenne","moyenne","bonne",,,"insuffisante","moyenne",0.74,30832.3,1955.8,8997.5,5710712.5,2286062,14699016.5,6731252.7,37305.7,127,24200.3,7865.3,2745.8,1325.2,1169.2,16219.9,55,10521.9,3419.7,1193.8,576.2,508.3,1202.2,4,831.2,222.3,76.4,39.8,32.5,"Électricité",16219.9,10521.9,3419.7,2649.4,1718.7,558.6,1202.2,831.2,222.3,,,,,,,,,,,,,,,,,,,,,2649.4,1718.7,558.6,195,94.1,83,"Électricité","PAC air/air installée à partir de 2015","installation individuelle","Soufflage d'air chaud (air soufflé) avec distribution par réseau aéraulique","Installation de chauffage simple","PAC air/air installée à partir de 2015 avec programmateur avec réduit (système individuel)",5563.5,145,,,"PAC air/air installée à partir de 2015","Électricité","chauffage","Electrique - PAC air/air installée à partir de 2015",5563.5,,,,,,"installation individuelle","Plancher chauffant sur réseau individuel eau chaude basse ou moyenne température(inf 65°C)","Installation de chauffage simple","PAC air/eau installée à partir de 2017 avec programmateur avec réduit (système individuel). Emetteur(s): plancher chauffant",4958.4,147,,,"PAC air/eau installée après 2017","Électricité","chauffage","Electrique - PAC air/eau installée à partir de 2017",4958.4,,,,,,"Électricité","Ballon électrique à accumulation vertical Autres ou inconnue",,,"installation individuelle","Un seul système d'ECS sans solaire","Ballon électrique à accumulation vertical (autres catégorie ou inconnue), contenance ballon 300 L",3419.7,1,292,"Non affecté",,,,"Ballon électrique à accumulation vertical Autres ou inconnue","Électricité","ecs","Electrique - Ballon électrique à accumulation vertical (autres catégorie ou inconnue)",300,,3419.7,,,,,,,,,,,,0,"PAC air/eau installée après 2017","Électricité","A partir de 2015","Refroidissement  1 - Electrique - Pompe à chaleur air/eau",147,640.5,"pompe à chaleur",,,,,0,
"2284E0640854N","2024-02-06","2022-03-23","2022-03-28","2022-03-29","2032-03-27",,,,,,"DPE 3CL 2021 méthode logement",2.1,"dpe maison individuelle","E","C","maison",1970,"1948-1974",,,2.5,,,2,,,,135,,"Légère","400-800m","H2d","Route de Murs 84220 Gordes",,,"Gordes","84220","84050","84","93","84050_0580",876875.16,6315826.25,0.53,"adresse géocodée ban à l'adresse","Route de Murs","GORDES",84220,0,,,,,"moyen",1,1,0,0,1,751.7,96.5,388,24.6,52.8,21.1,47.4,121.3,"insuffisante","insuffisante","moyenne",,,"insuffisante","moyenne",1.71,43675,1385.8,1895.9,3207655.2,234366.6,4711099.9,1136639.8,37753.6,279,34337.2,2179.4,616.6,612.7,7.8,17646.5,130,14929.2,2179.4,268.1,266.4,3.4,1921.3,14,1179.4,706.1,17.2,18.4,0.2,"Électricité",15467,14929.2,0,2529,2441.1,0,1215.2,1179.4,0,"Fioul domestique",2179.4,0,2179.4,199.2,0,199.2,706.1,0,706.1,,,,,,,,,,,2728.3,2441.1,199.2,43.8,43.6,0.6,"Électricité","PAC air/air installée à partir de 2015","installation individuelle","Soufflage d'air chaud (air soufflé) avec distribution par réseau aéraulique","Installation de chauffage simple","PAC air/air installée à partir de 2015 (système individuel)",14929.2,135,,,"PAC air/air installée à partir de 2015","Électricité","chauffage","Electrique - PAC air/air installée à partir de 2015",14929.2,,,,,,,,,,,,,,,,,,,,,,,,"Fioul domestique","Chaudière fioul standard 1991-2015",,,"installation individuelle","Un seul système d'ECS sans solaire","Chaudière individuelle fioul standard installée entre 1991 et 2015",2179.4,1,135,"Non affecté",,,,"Chaudière fioul standard 1991-2015","Fioul domestique","ecs","Fioul - Chaudière fioul standard installée entre 1991 et 2015",0,,2179.4,,,,,,,,,,,,0,"PAC air/air installée à partir de 2015","Électricité","A partir de 2015","Refroidissement - Electrique - Pompe à chaleur (divisé) - type split",135,268.1,"pompe à chaleur",,,,,0,
"2284E0332572N","2024-02-06","2022-02-15","2022-02-17","2022-02-18","2032-02-16",,,,,,"DPE 3CL 2021 méthode logement",2.1,"dpe maison individuelle","F","C","maison",1947,"avant 1948",,,2.5,,,3,,,,90,,"Moyenne","inférieur à 400m","H2d","1491 Chemin des Gros 84220 Gordes","1491","Chemin des Gros","Gordes","84220","84050","84","93","84050_0340_01491",875479.44,6310656.25,0.53,"adresse géocodée ban à l'adresse","1491 Chemin des GROS","GORDES",84220,0,,,,,,,,,,,360.2,13.9,145.8,20.5,12,5,30.2,132.9,"insuffisante","insuffisante","moyenne",,,"insuffisante","moyenne",0.98,15469,1088.2,0,1836660.7,0,1491054.6,0,36145.3,401,30822.5,4914.4,0,408.4,0,15715.3,174,13401.1,2136.7,0,177.6,0,1209.8,13,1058.7,138.9,0,12.3,0,"Électricité",15715.3,13401.1,2136.7,2568.7,2190.5,349.2,1209.8,1058.7,138.9,,,,,,,,,,,,,,,,,,,,,2568.7,2190.5,349.2,0,29,0,"Électricité","Plancher ou plafond rayonnant électrique avec régulation terminale","installation individuelle","Plancher rayonnant électrique avec régulation terminale","Installation de chauffage simple","Plancher rayonnant électrique avec régulation terminale (système individuel)",13401.1,90,,,"Plancher ou plafond rayonnant électrique avec régulation terminale","Électricité","chauffage","Electrique - Plancher rayonnant électrique avec régulation terminale",13401.1,,,,,,,,,,,,,,,,,,,,,,,,"Électricité","Ballon électrique à accumulation vertical Catégorie B ou 2 étoiles",,,"installation individuelle","Un seul système d'ECS sans solaire","Ballon électrique à accumulation vertical (catégorie B ou 2 étoiles), contenance ballon 300 L",2136.7,1,90,"Non affecté",,,,"Ballon électrique à accumulation vertical Catégorie B ou 2 étoiles","Électricité","ecs","Electrique - Ballon électrique à accumulation vertical (catégorie B ou 2 étoiles)",300,,2136.7,,,,,,,,,,,,0,,,,,,,,,,,,0,
"2284E1122185G","2024-02-06","2022-05-21","2022-05-21","2022-05-22","2032-05-20",,,,,,"DPE 3CL 2021 méthode logement",2.1,"dpe maison individuelle","D","B","maison",1997,"1989-2000",,,2.5,,,1,,,,48.3,,"Moyenne","inférieur à 400m","H2d","8 Chemin des Mians 84220 Gordes","8","Chemin des Mians","Gordes","84220","84050","84","93","84050_0550_00008",876396.37,6315063.02,0.51,"adresse non géocodée ban car aucune correspondance trouvée","8 ch des mians   Appartement 29","Gordes",84220,,,,,,"insuffisant",0,0,0,0,0,102.6,13.2,20.5,0,16.7,0,19.6,32.5,"bonne","bonne",,,,"moyenne","bonne",0.7,3000.7,769.7,0,1193080.6,0,2037161.3,0,10971.6,226.9,6129.5,3313.1,0,219.4,1309.6,4770.3,98.7,2665,1440.5,0,95.4,569.4,7.2,7.1,173.2,93.6,0,6.6,0,"Électricité",4105.5,2665,1440.5,728,473,255,304.2,210.5,93.6,,,,,,,,,,,,,,,,,,,,,846,473,255,0,17,101,"Électricité","Panneau rayonnant électrique NFC, NF** et NF***","installation individuelle","Panneau rayonnant NFC, NF** et NF***","Installation de chauffage simple","Chauffage",2665,48.3,,,"Panneau rayonnant électrique NFC, NF** et NF***","Électricité","chauffage","Chauffage 1",2665,,,,,,,,,,,,,,,,,,,,,,,,"Électricité","Ballon électrique à accumulation vertical Autres ou inconnue",,,"installation individuelle","Un seul système d'ECS sans solaire","Installation ECS 1",1440.5,1,48.3,"Non affecté",,,,"Ballon électrique à accumulation vertical Autres ou inconnue","Électricité","ecs","Equipement ECS 1",150,,1440.5,,,,,,,,,,,,0,,,,,,,,,,,,0,
"2284E0927057I","2024-12-30","2021-08-22","2022-04-29","2022-04-30","2032-04-28","2184E0230127H",,"4VBKRWMXHNWM",,,"DPE 3CL 2021 méthode logement",1.1,"dpe maison individuelle","E","B","maison",1948,"1948-1974",,,2.5,,,1,,,,200,,"Légère","inférieur à 400m","H2d","119 Route Neuve 84220 Gordes","119","Route Neuve","Gordes","84220","84050","84","93","84050_0600_00119",876908.81,6315173.46,0.51,"adresse géocodée ban à l'adresse","119, Route Neuve","GORDES",84220,0,,,,,"insuffisant",0,1,0,0,1,672.4,87.2,211,14.5,57.2,23.2,125.6,153.7,"insuffisante","insuffisante","bonne",,,"insuffisante","insuffisante",1.16,28581.2,1560.7,4775.6,4034237.2,1614950.3,5241545.1,3158061.1,54073.1,270,42581.5,8009.7,1264.7,907.7,1309.6,30327.7,151,25331.3,3482.5,549.9,394.6,569.4,1735.4,8,1410.1,226.4,35.2,27.2,36.4,"Électricité",18265.7,13269.4,3482.5,2976.5,2162.3,567.5,1373.5,1048.3,226.4,"Bois – Bûches",12061.9,12061.9,0,386.1,386.1,0,361.9,361.9,0,,,,,,,,,,,3362.6,2548.4,567.5,89.6,64.3,92.8,"Électricité",,,,,,,,,,,,,,,,,,,,,,,,,,,,,,,,,,,,,,"Non affecté",,,,,,,,,,,,,,,,,,,,,,,,,,,,,,,,0,,,,,,,"Il existe plusieurs descriptifs ENR",,,,,0,
"2284E1488624B","2024-12-30","2022-06-28","2022-06-29","2022-06-30","2032-06-28",,,"CDB3C7HJHKNV",,,"DPE 3CL 2021 méthode logement",2.1,"dpe maison individuelle","D","B","maison",2002,"2001-2005",,,2.5,,,1,,,,122.5,,"Légère","inférieur à 400m","H2d","233 Chemin de la Dragonne 84220 Gordes","233","Chemin de la Dragonne","Gordes","84220","84050","84","93","84050_0210_00233",874951.9,6312359.36,0.86,"adresse géocodée ban à l'adresse","de la Dragonne","GORDES",84220,,,"Les Imberts",,,"moyen",1,1,0,0,1,305.6,39.2,39.6,19.9,29.8,13,52.2,111.9,"bonne","bonne","bonne","très bonne",,"très bonne","moyenne",0.49,10841.4,1227.8,0,2621989.1,0,4839376,0,27920.7,227.9,21197,4858.1,0,555.9,1309.6,12139.4,99.1,9216.1,2112.2,0,241.7,569.4,918.8,7.5,728.1,137.3,0,16.7,36.4,"Électricité",12139.4,9216.1,2112.2,2005,1522,349,918.5,728.1,137.3,,,,,,,,,,,,,,,,,,,,,2005,1522,349,0,40,94,"Électricité","Plancher ou plafond rayonnant électrique avec régulation terminale","installation individuelle","Plancher rayonnant électrique avec régulation terminale","Installation de chauffage simple","Installation 1",4868.6,61.3,,,"Plancher ou plafond rayonnant électrique avec régulation terminale","Électricité","chauffage","Plancher rayonnant électrique",4868.6,,,,,,"installation individuelle","Panneau rayonnant NFC, NF** et NF***","Installation de chauffage simple","Installation 2",4347.5,61.3,,,"Panneau rayonnant électrique NFC, NF** et NF***","Électricité","chauffage","Panneau rayonnant électrique NF**",4347.5,,,,,,"Électricité","Ballon électrique à accumulation vertical Catégorie C ou 3 étoiles",,,"installation individuelle","Un seul système d'ECS sans solaire","Chauffe-eau vertical",2112.2,1,122.5,"Non affecté",,,,"Ballon électrique à accumulation vertical Catégorie C ou 3 étoiles","Électricité","ecs","Chauffe-eau vertical",300,,2112.2,,,,,,,,,,,,0,,,,,,,,,,,,0,
"2246E0250220R","2024-02-06","2022-02-07","2022-02-07","2022-02-08","2032-02-06",,,,,,"DPE 3CL 2021 méthode logement",2,"dpe maison individuelle","D","C","maison",2003,"2001-2005",,,2.7,,,1,,,,108,,"Moyenne","inférieur à 400m","H2c","Route de Saint Pantaleon 84220 Gordes",,,"Gordes","84220","84050","84","93","84050_0803",876140.02,6311711.48,0.74,"adresse géocodée ban à l'adresse","de Saint Pantaleon","SAUZET",46140,,,,,,"bon",0,1,0,0,1,339.5,84.6,55.3,25,62.2,9.7,40.1,62.6,"moyenne","bonne",,"moyenne","moyenne","moyenne","moyenne",0.74,12360.8,1204.2,9485.8,2613505,8669583.7,2454379,596951.7,25489,236,16725.9,4967.2,2923.9,490.1,381.9,18790.5,174,14980.4,2159.6,1271.2,213.1,166.1,3094.2,28.6,2847.6,140.4,81.4,14.7,10.6,"Fioul domestique",7933.5,7933.5,0,725,725,0,2570.4,2570.4,0,"Bois – Bûches",5704.2,5704.2,0,182.6,182.6,0,171.1,171.1,0,"Électricité",5152.8,1342.7,2159.6,981,236,379,353.1,106.1,140.4,1812,1144,379,223,37,29,"Fioul domestique","Chaudière fioul classique 1981-1990","installation individuelle","Radiateur bitube avec robinet thermostatique sur réseau individuel eau chaude basse ou moyenne température(inf 65°C)","Installation de chauffage simple","Installation 1",7933.5,53,,,"Chaudière fioul classique 1981-1990","Fioul domestique","chauffage","Chaudière classique",7933.5,,,,,,"installation individuelle","Poêle bois","Installation de chauffage simple","Installation 3",5704.2,27.5,,,"Poêle bûche installé entre 1990 et 2004","Bois – Bûches","chauffage","Poêle bûche",5704.2,,,,,,"Électricité","Ballon électrique à accumulation vertical Catégorie B ou 2 étoiles",,,"installation individuelle","Un seul système d'ECS sans solaire","Chauffe-eau vertical",2159.6,1,108,"Non affecté",,,,"Ballon électrique à accumulation vertical Catégorie B ou 2 étoiles","Électricité","ecs","Chauffe-eau vertical",200,,2159.6,,,,,,,,,,,,0,"PAC air/air installée avant 2008",,"Avant 2008","Pac air / air",55,1271.2,,,,,,0,
"2284E0648668B","2024-02-06","2022-03-28","2022-03-29","2022-03-30","2032-03-28",,,,,,"DPE 3CL 2021 méthode logement",2.1,"dpe maison individuelle","E","E","maison",1976,"1975-1977",,,2.5,,,1,,,,129,,"Moyenne","inférieur à 400m","H2d","2684 Route des Adams 84220 Gordes","2684","Route des Adams","Gordes","84220","84050","84","93","84050_0006_02684",878729.27,6312886.65,0.5,"adresse géocodée ban à l'adresse","2684, Route des ADAMS","GORDES",84220,0,,,,,"moyen",1,1,0,0,1,456.9,132,45.1,23.5,43.9,7.7,79.3,125.5,"moyenne","bonne","bonne",,,"moyenne","moyenne",0.77,19006.2,1255.7,0,2740435.7,0,4147035.3,0,28922.3,224,25602.7,2018.2,0,585.4,716,28186.7,218,25602.7,2018.2,0,254.5,311.3,8986.6,69,8295.3,653.9,0,17.6,19.9,"Fioul domestique",27620.9,25602.7,2018.2,2525.1,2340.6,184.5,8949.2,8295.3,653.9,"Électricité",565.9,0,0,164.1,0,0,37.5,0,0,,,,,,,,,,,2689.2,2340.6,184.5,0,73.8,90.3,"Fioul domestique","Chaudière fioul standard 1991-2015","installation individuelle","Radiateur monotube avec robinet thermostatique sur réseau individuel eau chaude haute température(sup ou egal 65°C)","Installation de chauffage simple","Chaudière individuelle fioul standard installée entre 1991 et 2015. Emetteur(s): radiateur monotube avec robinet thermostatique",25602.7,129,,,"Chaudière fioul standard 1991-2015","Fioul domestique","chauffage + ecs","Fioul - Chaudière fioul standard installée entre 1991 et 2015",25602.7,,,,,,,,,,,,,,,,,,,,,,,,"Fioul domestique","Chaudière fioul standard 1991-2015",,,"installation individuelle","Un seul système d'ECS sans solaire","Combiné au système de chauffage",2018.2,1,129,"Non affecté",,,,"Chaudière fioul standard 1991-2015","Fioul domestique","chauffage + ecs","Fioul - Chaudière fioul standard installée entre 1991 et 2015",0,,2018.2,,,,,,,,,,,,0,,,,,,,,,,,,0,
"2284E1000190D","2024-02-06","2022-05-02","2022-05-08","2022-05-09","2032-05-07",,,,,,"DPE 3CL 2021 méthode logement",2.1,"dpe appartement individuel","D","B","appartement",,"1989-2000","individuel","individuel",2.5,1,,1,,,,42.3,,"Moyenne","inférieur à 400m","H2d","Ancien Chemin des Beaumettes 84220 Gordes",,,"Gordes","84220","84050","84","93","84050_0064",877663.12,6311268.62,0.37,"adresse géocodée ban à l'adresse","Immeuble : 53195 Lot : 24

Chemin du Moulin 
commune des Beaumettes","GORDES, France",84220,0,,,,,"moyen",1,0,0,0,1,105.1,10.9,22.7,16.9,0,6.7,14.6,33.4,"moyenne","moyenne",,,"insuffisante","très bonne","moyenne",0.77,3727.3,919.1,716.8,1179830.3,472299.3,1043844.6,379494.2,9287.7,219,4600.3,3495.9,412.2,191.8,587.5,4038.1,95,2000.1,1520,179.2,83.4,255.4,290.4,6,158,98.8,11.5,5.8,16.3,"Électricité",4038.1,2000.1,1520,734.8,364,276.6,290.4,158,98.8,,,,,,,,,,,,,,,,,,,,,734.8,364,276.6,32.6,15.2,46.5,"Électricité","PAC air/air installée entre 2008 et 2014","installation individuelle","Soufflage d'air chaud (air soufflé) avec distribution par réseau aéraulique","Installation de chauffage simple","PAC air/air installée entre 2008 et 2014 (système individuel)",2000.1,42.3,,,"PAC air/air installée entre 2008 et 2014","Électricité","chauffage","Electrique - PAC air/air installée entre 2008 et 2014",2000.1,,,,,,,,,,,,,,,,,,,,,,,,"Électricité","Ballon électrique à accumulation vertical Catégorie B ou 2 étoiles",,,"installation individuelle","Un seul système d'ECS sans solaire","Ballon électrique à accumulation vertical (catégorie B ou 2 étoiles), contenance ballon 150 L",1520,1,42.3,"Non affecté",,,,"Ballon électrique à accumulation vertical Catégorie B ou 2 étoiles","Électricité","ecs","Electrique - Ballon électrique à accumulation vertical (catégorie B ou 2 étoiles)",150,,1520,,,,,,,,,,,,0,"PAC air/air installée avant 2008","Électricité","Avant 2008","Refroidissement - Electrique - Pompe à chaleur air/air",42.3,179.2,"pompe à chaleur",,,,,0,
"2284E0346327O","2024-02-06","2022-02-17","2022-02-20","2022-02-21","2032-02-19",,,,,,"DPE 3CL 2021 méthode logement",2.1,"dpe maison individuelle","E","B","maison",1947,"avant 1948",,,2.5,,,3,,,,231,,"Moyenne","inférieur à 400m","H2d","Les Imberts 84220 Gordes",,,"Gordes","84220","84050","84","93","84050_7lah4v",874175.48,6312080.66,0.38,"adresse géocodée ban à l'adresse","481 Chemin des PRES
Les Imberts","GORDES",84220,0,,,,,,,,,,,738.7,39.6,288.5,12.6,41,10.6,144.8,201.7,"insuffisante","insuffisante","bonne",,,"insuffisante","insuffisante",1.45,32266.2,1693.8,0,4161610.3,0,2234911.9,0,65751.2,284,57104.9,7597.9,0,1048.3,0,38137.6,165,34378.4,3303.4,0,455.8,0,2134.1,9,1888,214.7,0,31.5,0,"Électricité",21241.2,17482,3303.4,3452.3,2841.3,536.9,1627.2,1381.1,214.7,"Bois – Granulés (pellets) ou briquettes",16896.4,16896.4,0,1012.3,1012.3,0,506.9,506.9,0,,,,,,,,,,,4464.5,3853.5,536.9,0,74.1,0,"Électricité","Poêle à granulés installée avant 2012 ou sans label flamme verte","installation individuelle","Poêle bois","Installation de chauffage simple","Poêle à granulés installée avant 2012 ou sans label flamme verte (système individuel)",16896.4,90,,,"Poêle à granulés installée avant 2012 ou sans label flamme verte","Bois – Granulés (pellets) ou briquettes","chauffage","Bois - Poêle à granulés installée avant 2012 ou sans label flamme verte",16896.4,,,,,,"installation individuelle","Plancher rayonnant électrique sans régulation","Installation de chauffage simple","Plancher rayonnant électrique sans régulation terminale (système individuel)",8917.5,70,,,"Plancher ou plafond rayonnant électrique sans régulation terminale","Électricité","chauffage","Electrique - Plancher rayonnant électrique sans régulation terminale",8917.5,,,,,,"Électricité","Ballon électrique à accumulation vertical Autres ou inconnue",,,"installation individuelle","Un seul système d'ECS sans solaire","Ballon électrique à accumulation vertical (autres catégorie ou inconnue), contenance ballon 200 L",1651.7,1,115.5,"Non affecté",,,,"Ballon électrique à accumulation vertical Autres ou inconnue","Électricité","ecs","Electrique - Ballon électrique à accumulation vertical (autres catégorie ou inconnue)",200,,1651.7,,,,,,,,,,,,0,,,,,,,"chauffage au bois",,,,,0,
"2284E0234144V","2024-02-06","2022-02-04","2022-02-06","2022-02-07","2032-02-05",,,,,,"DPE 3CL 2021 méthode logement",2,"dpe maison individuelle","D","D","maison",1995,"1989-2000",,,3,,,3,,,,240,,"Légère","inférieur à 400m","H2d","Chemin des Firmins 84220 Gordes",,"Chemin des Firmins","Gordes","84220","84050","84","93","84050_0269",877915.4,6312247.92,0.62,"adresse non géocodée ban car aucune correspondance trouvée","Les Firmins","GORDES",84220,,,,,,"bon",0,1,0,0,1,564,109.7,192.2,32.2,34.1,8.4,44,143.4,"moyenne","moyenne","moyenne",,"insuffisante","bonne","moyenne",0.69,23544.9,1732.5,0,4763139.5,0,3516714.6,0,37508.1,156.2,27878.1,6423.2,0,1089.2,2117.6,33437.8,139.3,27878.1,4165.5,0,473.6,920.7,10024.8,41.7,9032.5,899.8,0,32.7,58.9,"Fioul domestique",30306.8,27878.1,2428.7,2771,2549,222,9819.4,9032.5,786.9,"Électricité",3131,0,1736.7,771,0,331,204.5,0,112.9,,,,,,,,,,,3367,2549,553,0,90,175,"Fioul domestique","Chaudière fioul à condensation 1996-2015","installation individuelle","Radiateur bitube avec robinet thermostatique sur réseau individuel eau chaude basse ou moyenne température(inf 65°C)","Installation de chauffage simple","Installation 1",27878.1,240,,,"Chaudière fioul à condensation 1996-2015","Fioul domestique","chauffage + ecs","Chaudière condensation",27878.1,,,,,,,,,,,,,,,,,,,,,,,,"Fioul domestique","Ballon électrique à accumulation vertical Autres ou inconnue",,,"installation individuelle","Deux systèmes d'ECS dans une maison ou un appartement","Chaudière condensation",2428.7,1,120,"Non affecté",,,,"Chaudière fioul à condensation 1996-2015","Fioul domestique","chauffage + ecs","Chaudière condensation",100,,2428.7,,,,,,,,,,,,0,,,,,,,,,,,,0,
"2284E0140586L","2024-02-06","2022-01-20","2022-01-23","2022-01-24","2032-01-22",,,,,,"DPE 3CL 2021 méthode logement",2,"dpe maison individuelle","E","E","maison",1989,"1989-2000",,,2.8,,,2,,,,272,,"Légère","400-800m","H2d","1424 Route de Senanque 84220 Gordes","1424","Route de Senanque","Gordes","84220","84050","84","93","84050_0810_01424",875990,6316168.67,0.51,"adresse géocodée ban à l'adresse","1424 Route de Senanque","GORDES",84220,0,,,,"Ce bien ne fait pas partie d'une copropriété",,,,,,,924.5,140.6,116.9,38.2,69.1,9.4,222.9,327.3,"moyenne","bonne",,"moyenne",,"insuffisante","moyenne",0.68,43501.8,2022.2,5708,6017663.3,439679.2,18285684.7,4451764.2,62878.1,231,55113.1,3325.8,2032.3,1234.4,1172.6,53691.9,197,48436,3325.8,883.6,536.7,509.8,15638.7,57,14434.9,1077.5,56.6,37,32.6,"Fioul domestique",46625.6,43299.9,3325.8,4262.5,3958.5,304,15106.7,14029.2,1077.5,"Électricité",7066.3,5136.2,0,1205.9,876.5,0,532,405.8,0,,,,,,,,,,,5468.4,4835,304,150.8,91.6,87,"Fioul domestique","Chaudière fioul standard 1991-2015","installation individuelle","Radiateur monotube sans robinet thermostatique sur réseau individuel eau chaude haute température(sup ou egal 65°C)","Installation de chauffage simple","Chaudière individuelle fioul standard installée entre 1991 et 2015 en cascade avec une chaudière électrique avec programmateur sans réduit. Emetteur(s): radiateur monotube sans robinet thermostatique",43299.9,207,,,"Chaudière fioul standard 1991-2015","Fioul domestique","chauffage","Fioul - Chaudière fioul standard installée entre 1991 et 2015",43299.9,"Chaudière électrique","Électricité","chauffage","Electrique - Chaudière électrique",0,"installation individuelle","Soufflage d'air chaud (air soufflé) avec distribution par réseau aéraulique","Installation de chauffage simple","PAC air/air installée avant 2008 avec programmateur avec réduit (système individuel)",5136.2,65,,,"PAC air/air installée avant 2008","Électricité","chauffage","Electrique - PAC air/air installée avant 2008",5136.2,,,,,,"Fioul domestique","Chaudière fioul standard 1991-2015",,,"installation individuelle","Un seul système d'ECS sans solaire","Chaudière individuelle fioul standard installée entre 1991 et 2015",3325.8,1,272,"Non affecté",,,,"Chaudière fioul standard 1991-2015","Fioul domestique","ecs","Fioul - Chaudière fioul standard installée entre 1991 et 2015",0,,3325.8,,,,,,,,,,,,0,"PAC air/air installée avant 2008","Électricité","Avant 2008","Refroidissement - Electrique - Pompe à chaleur air/air",160,883.6,"pompe à chaleur",,,,,0,
"2284E1239139M","2024-12-30","2022-06-02","2022-06-05","2022-06-06","2032-06-04",,,"78CFHHNDV8XR",,,"DPE 3CL 2021 méthode logement",2.1,"dpe maison individuelle","E","B","maison",,"1948-1974",,,2.5,,,3,,,,172,,"Moyenne","inférieur à 400m","H2d","460 Route Neuve 84220 Gordes","460","Route Neuve","Gordes","84220","84050","84","93","84050_0600_00460",877210.41,6315259.02,0.5,"adresse géocodée ban à l'adresse","460, Route Neuve","GORDES",84220,0,,,,,"moyen",1,1,0,0,1,659.4,88.4,296.3,47.1,33.5,2.7,51.7,139.7,"insuffisante","insuffisante","insuffisante",,,"insuffisante","moyenne",1.22,29669.6,1440.4,3045.1,3524005.6,1410698.9,3000088.1,1611802.3,50650.2,294,40056.4,7841.9,661.8,780.6,1309.6,24323.7,141,19717.7,3409.5,287.7,339.4,569.4,1658,9,1358.1,221.6,18.4,23.4,36.4,"Électricité",20251.2,15645.2,3409.5,3294,2544.8,554.6,1535.9,1236,221.6,"Bois – Bûches",4072.5,4072.5,0,130.4,130.4,0,122.2,122.2,0,,,,,,,,,,,3424.3,2675.1,554.6,46.8,55.2,92.6,"Électricité","PAC air/air installée à partir de 2015","installation individuelle","Convecteur électrique NFC, NF** et NF***","Installation de chauffage simple","Convecteur électrique NFC, NF** et NF*** (système individuel)",8629.5,59,,,"Convecteur électrique NFC, NF** et NF***","Électricité","chauffage","Electrique - Convecteur électrique NFC, NF** et NF***",8629.5,,,,,,"installation individuelle","Soufflage d'air chaud (air soufflé) avec distribution par réseau aéraulique","Installation de chauffage avec insert ou poêle bois en appoint","PAC air/air avec en appoint un insert (système individuel)",7945.8,63,,,"insert installé installé de 2007 à 2017 avec label flamme verte","Bois – Bûches","chauffage","Bois - Insert installé de 2007 à 2017 avec label flamme verte",4072.5,"PAC air/air installée entre 2008 et 2014","Électricité","chauffage","Electrique - PAC air/air installée entre 2008 et 2014",3873.3,"Électricité","Ballon électrique à accumulation vertical Autres ou inconnue",,,"installation individuelle","Un seul système d'ECS sans solaire","Ballon électrique à accumulation vertical (autres catégorie ou inconnue), contenance ballon 300 L",1837.7,1,86,"Non affecté",,,,"Ballon électrique à accumulation vertical Autres ou inconnue","Électricité","ecs","Electrique - Ballon électrique à accumulation vertical (autres catégorie ou inconnue)",300,,1837.7,,,,,,,,,,,,0,"PAC air/air installée entre 2008 et 2014","Électricité","2008-2014","Refroidissement  1 - Electrique - Pompe à chaleur air/air",63,162.6,"Il existe plusieurs descriptifs ENR",,,,,0,
"2284E0140457M","2024-02-06","2022-01-20","2022-01-23","2022-01-24","2032-01-22",,,,,,"DPE 3CL 2021 méthode logement",2.1,"dpe maison individuelle","E","B","maison",1989,"1989-2000",,,2.9,,,1,,,,61,,"Légère","400-800m","H2d","1424 Route de Senanque 84220 Gordes","1424","Route de Senanque","Gordes","84220","84050","84","93","84050_0810_01424",875990,6316168.67,0.51,"adresse géocodée ban à l'adresse","1424 Route de Senanque
Maison gardien","GORDES",84220,0,,,,"Ce bien ne fait pas partie d'une copropriété",,,,,,,234,26,59.6,13.3,21.1,0,26,88,"bonne","moyenne","bonne",,,"insuffisante","moyenne",0.55,12560.8,979.4,667.3,1653583.2,120818.7,1873564.9,369880.1,20075.2,329,15694.1,3700.4,403.9,276.8,0,8728.3,143,6823.5,1608.9,175.6,120.4,0,663.2,10,539.1,104.6,11.2,8.3,0,"Électricité",8728.3,6823.5,1608.9,1467.4,1147.2,270.5,663.2,539.1,104.6,,,,,,,,,,,,,,,,,,,,,1467.4,1147.2,270.5,29.5,20.2,0,"Électricité","PAC air/air installée avant 2008","installation individuelle","Convecteur électrique NFC, NF** et NF***","Installation de chauffage simple","Convecteur électrique NFC, NF** et NF*** avec programmateur pièce par pièce (système individuel)",4073.7,25,,,"Convecteur électrique NFC, NF** et NF***","Électricité","chauffage","Electrique - Convecteur électrique NFC, NF** et NF***",4073.7,,,,,,"installation individuelle","Soufflage d'air chaud (air soufflé) avec distribution par fluide frigorigène","Installation de chauffage simple","PAC air/air sans réseau de distribution installée avant 2008 avec programmateur pièce par pièce (système individuel)",2749.8,36,,,"PAC air/air installée avant 2008","Électricité","chauffage","Electrique - PAC air/air sans réseau de distribution installée avant 2008",2749.8,,,,,,"Électricité","Ballon électrique à accumulation vertical Autres ou inconnue",,,"installation individuelle","Un seul système d'ECS sans solaire","Ballon électrique à accumulation vertical (autres catégorie ou inconnue), contenance ballon 150 L",1608.9,1,61,"Non affecté",,,,"Ballon électrique à accumulation vertical Autres ou inconnue","Électricité","ecs","Electrique - Ballon électrique à accumulation vertical (autres catégorie ou inconnue)",150,,1608.9,,,,,,,,,,,,0,"PAC air/air installée avant 2008","Électricité","Avant 2008","Refroidissement - Pompe à chaleur air/air",61,175.6,"pompe à chaleur",,,,,0,
"2284E0332898B","2024-02-06","2022-01-23","2022-02-17","2022-02-18","2032-02-16",,,,,,"DPE 3CL 2021 méthode logement",2.1,"dpe maison individuelle","C","B","maison",1978,"1978-1982",,,3,,,2,,,,294,,"Légère","inférieur à 400m","H2d","2860 Chemin des Parties 84220 Gordes","2860","Chemin des Parties","Gordes","84220","84050","84","93","84050_0640_02860",874002.74,6312706.65,0.5,"adresse géocodée ban à l'adresse","2860 chemin des Parties
Les Imberts","GORDES",84220,0,,,,,,,,,,,769.3,0,205.9,57.3,70.8,13.4,166,255.8,"bonne","insuffisante","bonne",,,"insuffisante","insuffisante",0.63,30176.1,1964.4,6014.7,5747157.6,2300651.4,8843810.8,3968354.4,34993.5,119,24876.3,7303.8,179.6,1334.3,1299.5,18639.4,63,14240.6,3175.6,78.1,580.1,565,2582.1,8,2294.5,206.4,5,40,36.2,"Électricité",12580,8181.2,3175.6,2073.5,1348.5,523.4,933.9,646.3,206.4,"GPL",6059.4,6059.4,0,866.8,866.8,0,1648.2,1648.2,0,,,,,,,,,,,2940.3,2215.2,523.4,12.9,95.6,93.1,"Électricité","PAC air/eau installée après 2017","installation individuelle","Radiateur monotube avec robinet thermostatique sur réseau individuel eau chaude basse ou moyenne température(inf 65°C)","Installation de chauffage avec chaudière en relève de PAC","PAC air/eau relèvée par une chaudière GPL/propane à condensation (système individuel). Emetteur(s): plancher chauffant, radiateur monotube avec robinet thermostatique",13253.1,267,,,"PAC air/eau installée après 2017","Électricité","chauffage","Electrique - PAC air/eau installée à partir de 2017",7193.7,"Chaudière gpl/propane/butane à condensation après 2015","GPL","chauffage","GPL - Chaudière GPL/propane/butane à condensation installée à partir de 2016",6059.4,"installation individuelle","Soufflage d'air chaud (air soufflé) avec distribution par réseau aéraulique","Installation de chauffage simple","PAC air/air avec programmateur pièce par pièce (système individuel)",987.5,27,,,"PAC air/air installée à partir de 2015","Électricité","chauffage","Electrique - PAC air/air installée à partir de 2015",987.5,,,,,,"Électricité","Ballon électrique à accumulation vertical Autres ou inconnue",,,"installation individuelle","Un seul système d'ECS sans solaire","Ballon électrique à accumulation vertical (autres catégorie ou inconnue), contenance ballon 300 L",3175.6,1,294,"Non affecté",,,,"Ballon électrique à accumulation vertical Autres ou inconnue","Électricité","ecs","Electrique - Ballon électrique à accumulation vertical (autres catégorie ou inconnue)",300,,3175.6,,,,,,,,,,,,0,"PAC air/air installée à partir de 2015","Électricité","A partir de 2015","Refroidissement - Electrique - Pompe à chaleur (divisé) - type split",27,78.1,"pompe à chaleur",,,,,0,
"2284E0915013C","2024-02-06","2022-04-27","2022-04-28","2022-04-29","2032-04-27",,,,,,"DPE 3CL 2021 méthode logement",2.1,"dpe maison individuelle","D","A","maison",1983,"1983-1988",,,2.5,,,1,,,,87.2,,"Légère","inférieur à 400m","H2d","212 Chemin des Pourquiers 84220 Gordes","212","Chemin des Pourquiers","Gordes","84220","84050","84","93","84050_0710_00212",878785.49,6314265.65,0.47,"adresse géocodée ban à l'adresse","212 Chemin des Pourquiers","GORDES",84220,0,,,,,"insuffisant",0,1,0,0,1,318.9,18.5,57.6,16.1,38.4,0,112,76.3,"insuffisante","insuffisante",,"insuffisante",,"insuffisante","insuffisante",0.95,11132.2,1076,4294.1,1978186.2,791890,6646141.5,3498067.6,16235.4,186,9538.4,4291.4,2010,395.6,0,7058.9,80,4147.1,1865.8,873.9,172,0,516.7,5,327.6,121.3,55.9,11.9,0,"Électricité",7058.9,4147.1,1865.8,1204.7,707.8,318.4,516.7,327.6,121.3,,,,,,,,,,,,,,,,,,,,,1204.7,707.8,318.4,149.1,29.4,0,"Électricité","PAC air/air installée à partir de 2015","installation individuelle","Soufflage d'air chaud (air soufflé) avec distribution par fluide frigorigène","Installation de chauffage simple","PAC air/air sans réseau de distribution installée à partir de 2015 (système individuel)",2832.8,75.6,,,"PAC air/air installée à partir de 2015","Électricité","chauffage","Electrique - PAC air/air sans réseau de distribution installée à partir de 2015",2832.8,,,,,,"installation individuelle","Radiateur électrique à accumulation","Installation de chauffage simple","Radiateur électrique à inertie (modélisé comme un radiateur à accumulation) (système individuel)",1314.3,11.6,,,"Radiateur électrique à accumulation","Électricité","chauffage","Electrique - Radiateur électrique à inertie (modélisé comme un radiateur à accumulation)",1314.3,,,,,,"Électricité","Ballon électrique à accumulation vertical Catégorie B ou 2 étoiles",,,"installation individuelle","Un seul système d'ECS sans solaire","Ballon électrique à accumulation vertical (catégorie B ou 2 étoiles), contenance ballon 200 L",1865.8,1,87.2,"Non affecté",,,,"Ballon électrique à accumulation vertical Catégorie B ou 2 étoiles","Électricité","ecs","Electrique - Ballon électrique à accumulation vertical (catégorie B ou 2 étoiles)",200,,1865.8,,,,,,,,,,,,0,"PAC air/air installée avant 2008","Électricité","Avant 2008","Refroidissement - Electrique - Pompe à chaleur (divisé) - type split",71,873.9,"pompe à chaleur",,,,,0,
"2284E0999972T","2024-02-06","2022-05-02","2022-05-08","2022-05-09","2032-05-07",,,,,,"DPE 3CL 2021 méthode logement",2.1,"dpe appartement individuel","D","B","appartement",,"1989-2000","individuel","individuel",2.5,1,,1,,,,42.3,,"Moyenne","inférieur à 400m","H2d","Ancien Chemin des Beaumettes 84220 Gordes",,,"Gordes","84220","84050","84","93","84050_0064",877663.12,6311268.62,0.37,"adresse géocodée ban à l'adresse","Immeuble : 53195 Lot : 22 

Chemin du Moulin 
commune des Beaumettes","GORDES, France",84220,0,,,,,"moyen",1,0,0,0,1,109.9,10.7,26.3,16.9,0,6.7,14.6,34.7,"moyenne","moyenne",,,"insuffisante","très bonne","moyenne",0.75,4012.8,919.4,694.4,1180266.3,472473.8,987910.8,351990.4,9605.7,227,4930.3,3496.4,399.3,191.9,587.8,4176.4,98,2143.6,1520.2,173.6,83.4,255.6,301.4,7,169.3,98.8,11.1,5.8,16.4,"Électricité",4176.4,2143.6,1520.2,755.8,387.9,275.1,301.4,169.3,98.8,,,,,,,,,,,,,,,,,,,,,755.8,387.9,275.1,31.4,15.1,46.2,"Électricité","PAC air/air installée entre 2008 et 2014","installation individuelle","Soufflage d'air chaud (air soufflé) avec distribution par réseau aéraulique","Installation de chauffage simple","PAC air/air installée entre 2008 et 2014 (système individuel)",2143.6,42.3,,,"PAC air/air installée entre 2008 et 2014","Électricité","chauffage","Electrique - PAC air/air installée entre 2008 et 2014",2143.6,,,,,,,,,,,,,,,,,,,,,,,,"Électricité","Ballon électrique à accumulation vertical Catégorie B ou 2 étoiles",,,"installation individuelle","Un seul système d'ECS sans solaire","Ballon électrique à accumulation vertical (catégorie B ou 2 étoiles), contenance ballon 150 L",1520.2,1,42.3,"Non affecté",,,,"Ballon électrique à accumulation vertical Catégorie B ou 2 étoiles","Électricité","ecs","Electrique - Ballon électrique à accumulation vertical (catégorie B ou 2 étoiles)",150,,1520.2,,,,,,,,,,,,0,"PAC air/air installée avant 2008","Électricité","Avant 2008","Refroidissement - Electrique - Pompe à chaleur air/air",42.3,173.6,"pompe à chaleur",,,,,0,
"2284E1490816J","2024-02-06","2022-06-15","2022-06-15","2022-06-30","2032-06-14",,,,,,"DPE 3CL 2021 méthode logement",2.1,"dpe maison individuelle","C","A","maison",1985,"1983-1988",,,2.6,,,3,,,,235,,"Moyenne","inférieur à 400m","H2d","446 Chemin du Serre 84220 Gordes","446","Chemin du Serre","Gordes","84220","84050","84","93","84050_0820_00446",875089.81,6310688.73,0.86,"adresse géocodée ban à l'adresse","du Serre","GORDES",84220,,,,,,"moyen",1,1,0,0,1,476.7,0,182,22.4,32.7,37.2,65.3,137.1,"moyenne","insuffisante",,"insuffisante",,"bonne","insuffisante",0.69,16854.8,1711,4155.4,4672026.7,1870264.5,6620126.2,2684275.7,39727,169,27484.1,9298.9,787.5,1059.7,1309.6,17272.6,73.5,11949.6,4043,342.4,460.7,569.4,1290.2,5.4,941.6,261.1,21.9,31.8,36.4,"Électricité",17272.6,11919.1,4017.2,2810.5,1939,650.8,1292.9,941.6,261.1,"Électricité d'origine renouvelable utilisée dans le bâtiment",497.5,30.5,25.8,0,0,0,0,0,0,,,,,,,,,,,2810.5,1939,650.8,58,75.5,87.1,"Électricité","Radiateur électrique à accumulation","installation individuelle","Radiateur électrique à accumulation","Installation de chauffage simple","Installation 2",9698.1,155,,,"Radiateur électrique à accumulation","Électricité","chauffage","Radiateur électrique à accumulation",9698.1,,,,,,"installation individuelle","Soufflage d'air chaud sans réseau de distribution (ventiloconvecteur éléctrique)","Installation de chauffage simple","Installation 1",2251.5,80,,,"PAC air/air installée avant 2008","Électricité","chauffage","Pompe à chaleur Air/Air",2251.5,,,,,,"Électricité","Ballon électrique à accumulation vertical Autres ou inconnue",,,"installation individuelle","Deux systèmes d'ECS dans une maison ou un appartement","Chauffe-eau vertical",2271.2,1,117.5,"Non affecté",,,,"Ballon électrique à accumulation vertical Autres ou inconnue","Électricité","ecs","Chauffe-eau vertical",350,,2271.2,,,,,,,,,,"VMC SF Auto réglable de 1982 à 2000",235,0,"PAC air/air installée avant 2008","Électricité","Avant 2008","Pac air / air",80,353.7,"Il existe plusieurs descriptifs ENR","Solaire Photovoltaïque",1,1.6,18,570.2,
"2284E0925614V","2024-02-06","2021-08-30","2022-04-29","2022-04-30","2032-04-28","2184E0264795R",,,,,"DPE 3CL 2021 méthode logement",2.1,"dpe maison individuelle","F","C","maison",1947,"avant 1948",,,2.5,,,1,,,,128.9,,"Lourde","inférieur à 400m","H2d","Les Imberts 84220 Gordes",,,"Gordes","84220","84050","84","93","84050_7lah4v",874175.48,6312080.66,0.38,"adresse géocodée ban à l'adresse","Les Imberts","GORDES",84220,0,,,,,"bon",1,1,0,1,1,568.8,24.9,205.8,12.4,77,14.3,77.4,157,"insuffisante","insuffisante",,"bonne",,"insuffisante","insuffisante",1.25,22523.6,1255.3,0,2478083,0,4863242.3,0,50138.8,388,44003.9,5549.9,0,585,0,21799.5,169,19132.1,2413,0,254.3,0,1685.8,13,1511.4,156.8,0,17.5,0,"Électricité",21799.5,19132.1,2413,3541.5,3108.2,392,1685.8,1511.4,156.8,,,,,,,,,,,,,,,,,,,,,3541.5,3108.2,392,0,41.3,0,"Électricité","Convecteur électrique NFC, NF** et NF***","installation individuelle","Convecteur électrique NFC, NF** et NF***","Installation de chauffage simple","Convecteur électrique NFC, NF** et NF*** (système individuel)",19132.1,128.9,,,"Convecteur électrique NFC, NF** et NF***","Électricité","chauffage","Electrique - Convecteur électrique NFC, NF** et NF***",19132.1,,,,,,,,,,,,,,,,,,,,,,,,"Électricité","Ballon électrique à accumulation vertical Autres ou inconnue",,,"installation individuelle","Un seul système d'ECS sans solaire","Ballon électrique à accumulation vertical (autres catégorie ou inconnue), contenance ballon 300 L",2413,1,128.9,"Non affecté",,,,"Ballon électrique à accumulation vertical Autres ou inconnue","Électricité","ecs","Electrique - Ballon électrique à accumulation vertical (autres catégorie ou inconnue)",300,,2413,,,,,,,,,,,,0,,,,,,,,,,,,0,
"2284E0036866F","2024-12-30","2022-01-02","2022-01-08","2022-01-09","2032-01-07",,,"B1YV2T2W73XS",,,"DPE 3CL 2021 méthode logement",2,"dpe appartement individuel","G","C","appartement",1947,"avant 1948","individuel","individuel",2.5,1,,1,,,,35.9,,"Moyenne","inférieur à 400m","H2d","55 Rue Baptistin Picca 84220 Gordes","55","Rue Baptistin Picca","Gordes","84220","84050","84","93","84050_0035_00055",876755.46,6314903.17,0.48,"adresse géocodée ban à l'adresse","55, Rue Baptistin PICA","GORDES",84220,0,,,,,,,,,,,162.9,5.9,85,32.1,0,0,9,30.9,"insuffisante","insuffisante","insuffisante",,,"très bonne","moyenne",2.08,7542.9,850.3,0,1040081.6,0,292382.6,0,17814.6,496,14363.2,3288.6,0,162.7,1,7745.5,216,6244.9,1429.8,0,70.7,0,591.2,16,493.3,92.9,0,4.9,0,"Électricité",7745.5,6244.9,1429.8,1312.7,1058.4,242.3,591.2,493.3,92.9,,,,,,,,,,,,,,,,,,,,,1312.7,1058.4,242.3,0,12,0,"Électricité","Panneau rayonnant électrique NFC, NF** et NF***","installation individuelle","Panneau rayonnant NFC, NF** et NF***","Installation de chauffage simple","Panneau rayonnant électrique NFC, NF** et NF*** avec programmateur pièce par pièce (système individuel)",6244.9,35.9,,,"Panneau rayonnant électrique NFC, NF** et NF***","Électricité","chauffage","Electrique - Panneau rayonnant électrique NFC, NF** et NF***",6244.9,,,,,,,,,,,,,,,,,,,,,,,,"Électricité","Ballon électrique à accumulation vertical Autres ou inconnue",,,"installation individuelle","Un seul système d'ECS sans solaire","Ballon électrique à accumulation vertical (autres catégorie ou inconnue), contenance ballon 100 L",1429.8,1,35.9,"Non affecté",,,,"Ballon électrique à accumulation vertical Autres ou inconnue","Électricité","ecs","Electrique - Ballon électrique à accumulation vertical (autres catégorie ou inconnue)",100,,1429.8,,,,,,,,,,,,0,,,,,,,,,,,,0,
"2284E0998597W","2024-06-25","2022-05-02","2022-05-08","2022-05-09","2032-05-07",,,,,,"DPE 3CL 2021 méthode logement",2.1,"dpe appartement individuel","F","C","appartement",,"1989-2000","collectif","collectif",2.5,1,,1,,,800,18,,"Moyenne","inférieur à 400m","H2d","Ancien Chemin des Beaumettes 84220 Gordes",,,"Gordes","84220","84050","84","93","84050_0064",877663.12,6311268.62,0.37,"adresse géocodée ban à l'adresse","Immeuble : 53195 Lot : 407 

Chemin du Moulin 
commune des Beaumettes","GORDES, France",84220,0,,,,,"insuffisant",0,0,0,0,0,52.6,4,21,0,11.1,2.7,4.5,9.3,"moyenne","insuffisante",,"très bonne",,"insuffisante","insuffisante",0.82,2029.1,659,251.9,651575.8,260833.1,284522.8,84145.2,8402.1,466,2762.6,5412.8,144.8,81.8,0,3653.1,202,1201.1,2353.4,63,35.6,0,254.3,14,94.9,153,4,2.5,0,"Électricité",3653.1,1201.1,2353.4,598.2,192.5,377.1,254.3,94.9,153,,,,,,,,,,,,,,,,,,,,,598.2,192.5,377.1,18.3,10.3,0,"Électricité","PAC air/air installée entre 2008 et 2014","installation collective","Soufflage d'air chaud (air soufflé) avec distribution par réseau aéraulique","Installation de chauffage simple","PAC air/air installée entre 2008 et 2014 avec équipement d'intermittence central collectif",1201.1,18,,,"PAC air/air installée entre 2008 et 2014","Électricité","chauffage","Electrique - PAC air/air installée entre 2008 et 2014",1201.1,,,,,,,,,,,,,,,,,,,,,,,,"Électricité","chauffe-eau électrique instantané",,,"installation collective","Un seul système d'ECS sans solaire","Chauffe eau électrique instantané",2353.4,1,18,"Non affecté",,,,"chauffe-eau électrique instantané","Électricité","ecs","Electrique - Chauffe eau électrique instantané",0,,2353.4,,,,,,,,,,,,0,"PAC air/air installée avant 2008","Électricité","Avant 2008","Refroidissement - Electrique - Pompe à chaleur air/air",18,63,"pompe à chaleur",,,,,0,
"2284E0150776J","2024-02-06","2022-01-23","2022-01-25","2022-01-26","2032-01-24",,,,,,"DPE 3CL 2021 méthode logement",2.1,"dpe maison individuelle","E","B","maison",1947,"avant 1948",,,2.4,,,2,,,,78,,"Moyenne","inférieur à 400m","H2d","3239 Chemin des Garrigues 84220 Gordes","3239","Chemin des Garrigues","Gordes","84220","84050","84","93","84050_0301_03239",877856.22,6311691.67,0.5,"adresse géocodée ban à l'adresse","3239 Chemin des Garrigues","GORDES, France",84220,0,,,,"Ce bien ne fait pas partie d'une copropriété",,,,,,,405.6,16,223.9,9.7,24.1,12.1,14.1,105.6,"insuffisante","insuffisante",,"bonne",,"insuffisante","moyenne",1.4,19390.9,1036.6,1183.1,1811085.3,724997.7,1027808.1,491797.9,25331,324,19992.8,4268.1,716.1,354,0,11013.5,141,8692.5,1855.7,311.3,153.9,0,837.9,10,686.7,120.6,19.9,10.6,0,"Électricité",11013.5,8692.5,1855.7,1827,1442,307.8,837.9,686.7,120.6,,,,,,,,,,,,,,,,,,,,,1827,1442,307.8,51.6,25.5,0,"Électricité","PAC air/air installée entre 2008 et 2014","installation individuelle","Soufflage d'air chaud (air soufflé) avec distribution par réseau aéraulique","Installation de chauffage simple","PAC air/air installée entre 2008 et 2014 (système individuel)",8692.5,78,,,"PAC air/air installée entre 2008 et 2014","Électricité","chauffage","Electrique - PAC air/air installée entre 2008 et 2014",8692.5,,,,,,,,,,,,,,,,,,,,,,,,"Électricité","Ballon électrique à accumulation vertical Autres ou inconnue",,,"installation individuelle","Un seul système d'ECS sans solaire","Ballon électrique à accumulation vertical (autres catégorie ou inconnue), contenance ballon 200 L",1855.7,1,78,"Non affecté",,,,"Ballon électrique à accumulation vertical Autres ou inconnue","Électricité","ecs","Electrique - Ballon électrique à accumulation vertical (autres catégorie ou inconnue)",200,,1855.7,,,,,,,,,,,,0,"PAC air/air installée avant 2008","Électricité","Avant 2008","Refroidissement - Electrique - Pompe à chaleur (divisé) - type split",78,311.3,"pompe à chaleur",,,,,0,
"2284E1292310N","2024-12-30","2022-06-09","2022-06-11","2022-06-12","2032-06-10",,,"45K4KM54PCK6",,,"DPE 3CL 2021 méthode logement",2.1,"dpe maison individuelle","D","B","maison",,"avant 1948",,,2.5,,,2,,,,191.5,,"Lourde","inférieur à 400m","H2d","574 Avenue Justin Bonfils 84220 Gordes","574","Avenue Justin Bonfils","Gordes","84220","84050","84","93","84050_0460_00574",875952,6313405.38,0.53,"adresse géocodée ban à l'adresse","574, Avenue Justin Bonfils","GORDES",84220,0,,,,,"insuffisant",0,1,0,1,0,983.7,24.2,358.2,214.3,59.4,6.3,90.1,231.2,"insuffisante","insuffisante",,"insuffisante",,"insuffisante","insuffisante",1.57,45427.9,1524.2,2684.2,3510294.6,528570.5,2433828,1073007.1,45798.2,239,37136.1,6214.9,872.9,869.1,705.2,19912.3,103,16146.1,2702.1,379.5,377.9,306.6,1521.2,7,1275.5,175.6,24.3,26.1,19.6,"Électricité",19912.3,16146.1,2702.1,3239.8,2627,439.6,1521.2,1275.5,175.6,,,,,,,,,,,,,,,,,,,,,3239.8,2627,439.6,61.8,61.5,49.9,"Électricité","PAC air/air installée à partir de 2015","installation individuelle","Soufflage d'air chaud (air soufflé) avec distribution par réseau aéraulique","Installation de chauffage simple","PAC air/air installée à partir de 2015 (système individuel)",16146.1,191.5,,,"PAC air/air installée à partir de 2015","Électricité","chauffage","Electrique - PAC air/air installée à partir de 2015",16146.1,,,,,,,,,,,,,,,,,,,,,,,,"Électricité","Ballon électrique à accumulation vertical Autres ou inconnue",,,"installation individuelle","Un seul système d'ECS sans solaire","Ballon électrique à accumulation vertical (autres catégorie ou inconnue), contenance ballon 300 L",2702.1,1,191.5,"Non affecté",,,,"Ballon électrique à accumulation vertical Autres ou inconnue","Électricité","ecs","Electrique - Ballon électrique à accumulation vertical (autres catégorie ou inconnue)",300,,2702.1,,,,,,,,,,,,0,"PAC air/air installée à partir de 2015","Électricité","A partir de 2015","Refroidissement - Electrique - Pompe à chaleur (divisé) - type split",191.5,379.5,"pompe à chaleur",,,,,0,
"2284E0989571S","2024-02-06","2022-05-03","2022-05-07","2022-05-08","2032-05-06",,,,,,"DPE 3CL 2021 méthode logement",2.1,"dpe maison individuelle","G","G","maison",,"avant 1948",,,2.5,,,3,,,,333,,"Moyenne","inférieur à 400m","H2d","Les Bas Luquets 84220 Gordes",,,"Gordes","84220","84050","84","93","84050_B008",875909.88,6313764.82,0.35,"adresse géocodée ban à l'adresse","Les Bas Luquets","GORDES",84220,0,,,,,"insuffisant",0,1,0,0,0,1836.6,47.3,846.6,332.8,59.7,15.1,135.5,399.7,"insuffisante","insuffisante","insuffisante",,,"insuffisante","insuffisante",1.87,89527,2132,0,6457837.3,0,5300817.1,0,114507.4,343,104009.5,6933.8,0,1511.2,2052.8,109375.2,328,104009.5,3816.1,0,657.1,892.5,34416.8,103,33699.1,615.3,0,45.3,57.1,"Fioul domestique",105427.4,104009.5,1417.9,9638.2,9508.5,129.6,34158.5,33699.1,459.4,"Électricité",3947.8,0,2398.2,721.1,0,438.1,258.3,0,155.9,,,,,,,,,,,10359.3,9508.5,567.7,0,120,163,"Fioul domestique","Chaudière fioul à condensation après 2015","installation individuelle","Radiateur monotube sans robinet thermostatique sur réseau individuel eau chaude haute température(sup ou egal 65°C)","Installation de chauffage simple","Chaudière individuelle fioul à condensation installée à partir de 2016. Emetteur(s): radiateur monotube sans robinet thermostatique",104009.5,333,,,"Chaudière fioul à condensation après 2015","Fioul domestique","chauffage + ecs","Fioul - Chaudière fioul à condensation installée à partir de 2016",104009.5,,,,,,,,,,,,,,,,,,,,,,,,"Électricité","Ballon électrique à accumulation vertical Catégorie B ou 2 étoiles",,,"installation individuelle","Un seul système d'ECS sans solaire","Combiné au système de chauffage",1417.9,1,111,"Non affecté",,,,"Chaudière fioul à condensation après 2015","Fioul domestique","chauffage + ecs","Fioul - Chaudière fioul à condensation installée à partir de 2016",0,,1417.9,,,,,,,,,,,,0,,,,,,,,,,,,0,
"2284E0629990R","2024-12-30","2022-03-24","2022-03-27","2022-03-28","2032-03-26",,,"8FCKR32RAGM9",,,"DPE 3CL 2021 méthode logement",2.1,"dpe appartement individuel","E","B","appartement",1989,"1989-2000","individuel","individuel",2.5,1,,1,,,,46,,"Moyenne","inférieur à 400m","H2d","1 Domaine des Bastidons 84220 Gordes","1","Domaine des Bastidons","Gordes","84220","84050","84","93","84050_6f3393_00001",876365.98,6315187.9,0.51,"adresse géocodée ban à l'adresse","1 route de Sénanque - Domaine les Bastidons","GORDES",84220,0,,,,,"insuffisant",0,1,0,0,1,130.5,4.2,56.2,9.3,0,7.1,13.2,40.5,"moyenne","insuffisante",,"moyenne",,"très bonne","moyenne",0.77,4720.1,959.3,0,1261368.6,0,1406150.4,0,14813.5,322,10250.5,3650.8,0,208.8,703.4,6440.7,140,4456.7,1587.3,0,90.8,305.8,481.1,10,352.1,103.2,0,6.3,19.6,"Électricité",6440.7,4456.7,1587.3,1107.4,766.3,272.9,481.1,352.1,103.2,,,,,,,,,,,,,,,,,,,,,1107.4,766.3,272.9,0,15.6,52.6,"Électricité","Convecteur électrique NFC, NF** et NF***","installation individuelle","Convecteur électrique NFC, NF** et NF***","Installation de chauffage simple","Convecteur électrique NFC, NF** et NF*** (système individuel)",4456.7,46,,,"Convecteur électrique NFC, NF** et NF***","Électricité","chauffage","Electrique - Convecteur électrique NFC, NF** et NF***",4456.7,,,,,,,,,,,,,,,,,,,,,,,,"Électricité","Ballon électrique à accumulation vertical Autres ou inconnue",,,"installation individuelle","Un seul système d'ECS sans solaire","Ballon électrique à accumulation vertical (autres catégorie ou inconnue), contenance ballon 150 L",1587.3,1,46,"Non affecté",,,,"Ballon électrique à accumulation vertical Autres ou inconnue","Électricité","ecs","Electrique - Ballon électrique à accumulation vertical (autres catégorie ou inconnue)",150,,1587.3,,,,,,,,,,,,0,,,,,,,,,,,,0,
"2284E1165396F","2024-02-06","2022-05-16","2022-05-26","2022-05-27","2032-05-25",,,,,,"DPE 3CL 2021 méthode logement",2.1,"dpe maison individuelle","G","C","maison",,"avant 1948",,,2.5,,,2,,,,89,,"Moyenne","inférieur à 400m","H2d","110 Chemin des Martins 84220 Gordes","110","Chemin des Martins","Gordes","84220","84050","84","93","84050_0545_00110",876443.3,6310560.7,0.47,"adresse géocodée ban à l'adresse","110, Hameau Les Martins","GORDES",84220,0,,,,,"insuffisant",0,1,0,0,0,387.8,15.1,81.7,161,28.5,5.6,29.2,66.7,"insuffisante","insuffisante","insuffisante",,,"insuffisante","insuffisante",1.75,17409.2,1083.9,0,2011533.4,0,1954737.9,0,37391.3,420,32602.4,4385,0,403.9,0,16257.1,182,14174.9,1906.5,0,175.6,0,1255.9,14,1119.8,123.9,0,12.1,0,"Électricité",16257.1,14174.9,1906.5,2655.3,2315.3,311.4,1255.9,1119.8,123.9,,,,,,,,,,,,,,,,,,,,,2655.3,2315.3,311.4,0,28.7,0,"Électricité","Panneau rayonnant électrique NFC, NF** et NF***","installation individuelle","Panneau rayonnant NFC, NF** et NF***","Installation de chauffage simple","Panneau rayonnant électrique NFC, NF** et NF*** (système individuel)",14174.9,89,,,"Panneau rayonnant électrique NFC, NF** et NF***","Électricité","chauffage","Electrique - Panneau rayonnant électrique NFC, NF** et NF***",14174.9,,,,,,,,,,,,,,,,,,,,,,,,"Électricité","Ballon électrique à accumulation vertical Autres ou inconnue",,,"installation individuelle","Un seul système d'ECS sans solaire","Ballon électrique à accumulation vertical (autres catégorie ou inconnue), contenance ballon 200 L",1906.5,1,89,"Non affecté",,,,"Ballon électrique à accumulation vertical Autres ou inconnue","Électricité","ecs","Electrique - Ballon électrique à accumulation vertical (autres catégorie ou inconnue)",200,,1906.5,,,,,,,,,,,,0,,,,,,,,,,,,0,
"2284E1167602B","2024-12-30","2022-05-24","2022-05-27","2022-05-28","2032-05-26",,,"WHRZEPDAD9JK",,,"DPE 3CL 2021 méthode logement",2.1,"dpe maison individuelle","G","C","maison",,"1948-1974",,,2.5,,,1,,,,39,,"Moyenne","inférieur à 400m","H2d","140 Chemin des Graveliers 84220 Gordes","140","Chemin des Graveliers","Gordes","84220","84050","84","93","84050_0337_00140",874858.32,6312289.53,0.44,"adresse géocodée ban à l'adresse","140, Chemin des Graveliers","GORDES",84220,0,,,,,"insuffisant",0,1,0,0,0,280.4,8.8,76.5,97.5,24.1,7,21.9,44.5,"insuffisante","insuffisante","insuffisante",,,"insuffisante","insuffisante",1.68,13069.8,669.4,627.1,895324.1,134815.4,712102.9,246099.3,20597.4,528,18128,2129.7,162.7,177,0,8955.4,229,7881.7,926,70.7,77,0,692.7,17,622.7,60.2,4.5,5.3,0,"Électricité",8955.4,7881.7,926,1503.1,1322.9,155.4,692.7,622.7,60.2,,,,,,,,,,,,,,,,,,,,,1503.1,1322.9,155.4,11.9,12.9,0,"Électricité","PAC air/air installée avant 2008","installation individuelle","Panneau rayonnant NFC, NF** et NF***","Installation de chauffage simple","Panneau rayonnant électrique NFC, NF** et NF*** (système individuel)",5282.5,21.4,,,"Panneau rayonnant électrique NFC, NF** et NF***","Électricité","chauffage","Electrique - Panneau rayonnant électrique NFC, NF** et NF***",5282.5,,,,,,"installation individuelle","Soufflage d'air chaud (air soufflé) avec distribution par réseau aéraulique","Installation de chauffage simple","PAC air/air installée avant 2008 (système individuel)",2599.2,17.6,,,"PAC air/air installée avant 2008","Électricité","chauffage","Electrique - PAC air/air installée avant 2008",2599.2,,,,,,"Électricité","Ballon électrique à accumulation vertical Autres ou inconnue",,,"installation individuelle","Un seul système d'ECS sans solaire","Ballon électrique à accumulation vertical (autres catégorie ou inconnue), contenance ballon 40 L",926,1,39,"Non affecté",,,,"Ballon électrique à accumulation vertical Autres ou inconnue","Électricité","ecs","Electrique - Ballon électrique à accumulation vertical (autres catégorie ou inconnue)",40,,926,,,,,,,,,,,,0,"PAC air/air installée avant 2008","Électricité","Avant 2008","Refroidissement - Electrique - Pompe à chaleur (divisé) - type split",17.6,70.7,"pompe à chaleur",,,,,0,
"2284E1293191K","2024-02-06","2022-06-08","2022-06-11","2022-06-12","2032-06-10",,,,,,"DPE 3CL 2021 méthode logement",2.1,"dpe maison individuelle","E","E","maison",,"avant 1948",,,2.5,,,1,,,,292,,"Légère","inférieur à 400m","H2d","1851 Route dâ€ Apt 84220 Gordes","1851","Route dâ€ Apt","Gordes","84220","84050","84","93","84050_0026_01851",874533.38,6309734.18,0.41,"adresse géocodée ban à l'adresse","1851, Route d'Apt","GORDES",84220,0,,,,,"insuffisant",0,0,0,0,1,1241.1,45.9,664.5,68.8,55.6,38.1,105.8,262.4,"insuffisante","insuffisante",,"bonne",,"insuffisante","insuffisante",1.4,56603.1,1955.8,4631.6,5710712.5,2286062,7016575.6,2339902.4,73224.3,250,65128.7,5449.5,607.8,1325.2,713.1,60717,207,56206.6,3360,264.3,576.2,310,15217.9,52,14469.1,672.3,16.9,39.8,19.8,"Fioul domestique",44087.9,42335.3,1752.6,4030.5,3870.3,160.2,14284.5,13716.6,567.9,"Électricité",9621,6863.2,1607.3,1607.9,1147,268.6,723.2,542.2,104.5,"Bois – Granulés (pellets) ou briquettes",5005.8,5005.8,0,299.9,299.9,0,150.2,150.2,0,6002.4,5381.3,428.8,44.2,96.3,51.8,"Fioul domestique","Chaudière fioul à condensation 1996-2015","installation individuelle","Plancher chauffant sur réseau individuel eau chaude haute température(sup ou egal 65°C)","Installation de chauffage simple","Chaudière individuelle fioul avec programmateur avec réduit. Emetteur(s): plancher chauffant",42335.3,192,,,"Chaudière fioul à condensation 1996-2015","Fioul domestique","chauffage + ecs","Fioul - Chaudière fioul à condensation installée entre 1996 et 2015",42335.3,,,,,,"installation individuelle","Soufflage d'air chaud (air soufflé) avec distribution par réseau aéraulique","Installation de chauffage avec insert ou poêle bois en appoint","PAC air/air avec en appoint un poêle à granulés (système individuel)",10446.9,80,,,"PAC air/air installée entre 2008 et 2014","Électricité","chauffage","Electrique - PAC air/air installée entre 2008 et 2014",5441.1,"Poêle à granulés installée avant 2012 ou sans label flamme verte","Bois – Granulés (pellets) ou briquettes","chauffage","Bois - Poêle à granulés installée avant 2012 ou sans label flamme verte",5005.8,"Fioul domestique","Ballon électrique à accumulation vertical Autres ou inconnue",,,"installation individuelle","Un seul système d'ECS sans solaire","Combiné au système de chauffage",1752.6,1,146,"Non affecté",,,,"Chaudière fioul à condensation 1996-2015","Fioul domestique","chauffage + ecs","Fioul - Chaudière fioul à condensation installée entre 1996 et 2015",0,,1752.6,,,,,,,,,,,,0,"PAC air/air installée entre 2008 et 2014","Électricité","2008-2014","Refroidissement  2 - Electrique - Pompe à chaleur air/air",80,184.9,"Il existe plusieurs descriptifs ENR",,,,,0,
"2284E0447451Y","2024-02-06","2022-03-02","2022-03-05","2022-03-06","2032-03-04",,,,,,"DPE 3CL 2021 méthode logement",2.1,"dpe maison individuelle","C","A","maison",2001,"2001-2005",,,2.5,,,2,,,,423,,"Moyenne","inférieur à 400m","H2d","Route des Trois Soldats les Sauvestres de Veroncl 84220 Gordes",,,"Gordes","84220","84050","84","93","84050_bcqw2h",879121.65,6314915.66,0.35,"adresse géocodée ban à l'adresse","MAS VIGNERON - Hameau des SAUVESTRES","GORDES",84220,0,,,,,,,,,,,808,87.8,157.8,41.4,27.8,28.7,127.8,336.7,"bonne","bonne",,"bonne",,"bonne","moyenne",0.48,26692.5,2518.5,0,8097867.4,0,12622945.1,0,74478.1,176,57461.3,13787.5,0,1919.7,1309.6,33310.4,78,25911.8,5994.6,0,834.6,569.4,2450.2,5,1966.5,389.6,0,57.6,36.4,"Électricité",31667.5,24268.9,5994.6,5119.3,3923.3,969.1,2400.9,1917.2,389.6,"Bois – Bûches",1642.9,1642.9,0,52.6,52.6,0,49.3,49.3,0,,,,,,,,,,,5171.9,3975.9,969.1,0,134.9,92,"Électricité","Radiateur électrique à accumulation","installation individuelle","Radiateur électrique à accumulation","Installation de chauffage simple","Radiateur électrique à inertie (modélisé comme un radiateur à accumulation) (système individuel)",17323.8,288,,,"Radiateur électrique à accumulation","Électricité","chauffage","Electrique - Radiateur électrique à inertie (modélisé comme un radiateur à accumulation)",17323.8,,,,,,"installation individuelle","Poêle bois","Installation de chauffage avec insert ou poêle bois en appoint","Plancher rayonnant électrique sans régulation terminale avec en appoint un insert installé à partir de 2018 avec label flamme verte (système individuel)",4778.4,69,,,"Plancher ou plafond rayonnant électrique sans régulation terminale","Électricité","chauffage","Electrique - Plancher rayonnant électrique sans régulation terminale",3135.4,"insert installé installé à partir de 2018 avec label flamme verte","Bois – Bûches","chauffage","Bois - Insert installé à partir de 2018 avec label flamme verte",1642.9,"Électricité","Ballon électrique à accumulation vertical Autres ou inconnue",,,"installation individuelle","Un seul système d'ECS sans solaire","Ballon électrique à accumulation vertical (autres catégorie ou inconnue), contenance ballon 300 L",1604.9,1,84.6,"Non affecté",,,,"Ballon électrique à accumulation vertical Autres ou inconnue","Électricité","ecs","Electrique - Ballon électrique à accumulation vertical (autres catégorie ou inconnue)",300,,1604.9,,,,,,,,,,,,0,,,,,,,"chauffage au bois",,,,,0,
"2284E1098089M","2024-02-06","2022-05-18","2022-05-18","2022-05-19","2032-05-17",,,,,,"DPE 3CL 2021 méthode logement",2.1,"dpe maison individuelle","E","B","maison",,"avant 1948",,,2.5,,,3,,,,235,,"Moyenne","inférieur à 400m","H2d","Le Plan de lâ€ Abba 84220 Gordes",,,"Gordes","84220","84050","84","93","84050_B118",874557.78,6310186.18,0.35,"adresse géocodée ban à l'adresse","Plan de L'ABBA","GORDES",84220,0,,,,,"insuffisant",0,1,0,0,1,929.6,24.1,484.8,22.6,87.9,16,33.8,260.4,"insuffisante","insuffisante","bonne",,,"insuffisante","moyenne",1.36,42465.1,1711,2605.9,4227566.3,636575.3,1699048.9,946868.8,77051.9,327,66588.9,9122.5,274.1,1066.5,0,40024.5,170,35475.3,3966.3,119.2,463.7,0,2534.4,10,2237,257.8,7.6,32,0,"Électricité",28482.6,23933.5,3966.3,4610.1,3873.8,642,2188.2,1890.7,257.8,"Bois – Bûches",11541.9,11541.9,0,369.5,369.5,0,346.3,346.3,0,,,,,,,,,,,4979.5,4243.2,642,19.3,75.1,0,"Électricité","Radiateur électrique à accumulation","installation individuelle","Radiateur électrique à accumulation","Installation de chauffage avec insert ou poêle bois en appoint","Radiateur électrique à inertie (modélisé comme un radiateur à accumulation) avec en appoint un poêle à bois (bûche) installé à partir de 2005 sans label flamme verte (système individuel)",30494.8,159,,,"Radiateur électrique à accumulation","Électricité","chauffage","Electrique - Radiateur électrique à inertie (modélisé comme un radiateur à accumulation)",18953,"Poêle bûche installé à partir de 2005 sans label flamme verte","Bois – Bûches","chauffage","Bois - Poêle à bois (bûche) installé à partir de 2005 sans label flamme verte",11541.9,"installation individuelle","Soufflage d'air chaud (air soufflé) avec distribution par réseau aéraulique","Installation de chauffage simple","PAC air/air installée à partir de 2015 (système individuel)",4980.5,76,,,"PAC air/air installée à partir de 2015","Électricité","chauffage","Electrique - PAC air/air installée à partir de 2015",4980.5,,,,,,"Électricité","Ballon électrique à accumulation vertical Autres ou inconnue",,,"installation individuelle","Un seul système d'ECS sans solaire","Ballon électrique à accumulation vertical (autres catégorie ou inconnue), contenance ballon 300 L",1983.2,1,117.5,"Non affecté",,,,"Ballon électrique à accumulation vertical Autres ou inconnue","Électricité","ecs","Electrique - Ballon électrique à accumulation vertical (autres catégorie ou inconnue)",300,,1983.2,,,,,,,,,,,,0,"PAC air/air installée à partir de 2015","Électricité","A partir de 2015","Refroidissement - Electrique - Pompe à chaleur (divisé) - type split",76,119.2,"Il existe plusieurs descriptifs ENR",,,,,0,
"2284E1291555M","2024-12-30","2022-06-07","2022-06-11","2022-06-12","2032-06-10",,,"4N8YYAP6WDBV",,,"DPE 3CL 2021 méthode logement",2.1,"dpe maison individuelle","D","D","maison",2004,"2001-2005",,,2.5,,,2,,,,302.6,,"Légère","inférieur à 400m","H2d","1130 Route des Beaumettes 84220 Gordes","1130","Route des Beaumettes","Gordes","84220","84050","84","93","84050_0063_01130",876095.42,6311548.73,0.5,"adresse géocodée ban à l'adresse","1130 Route des Beaumettes","GORDES",84220,0,,,,,"moyen",1,1,0,0,1,916.6,215.9,139.2,40.9,43.2,5.3,190.4,281.7,"moyenne","insuffisante","insuffisante",,,"insuffisante","moyenne",0.81,33420.7,2001.3,0,5903324.9,0,16413789.9,0,46535.7,153,39458,3331.6,0,1373.1,2373,44418.3,146,39458,3331.6,0,597,1031.7,13971,46,12784.4,1079.4,0,41.2,66,"Fioul domestique",42789.6,39458,3331.6,3911.8,3607.3,304.6,13863.8,12784.4,1079.4,"Électricité",1628.7,0,0,378.1,0,0,107.2,0,0,,,,,,,,,,,4289.9,3607.3,304.6,0,138.6,239.5,"Fioul domestique","Chaudière fioul basse température après 2015","installation individuelle","Plancher chauffant sur réseau individuel eau chaude basse ou moyenne température(inf 65°C)","Installation de chauffage simple","Chaudière individuelle fioul basse température installée après 2015. Emetteur(s): plancher chauffant",39458,302.6,,,"Chaudière fioul basse température après 2015","Fioul domestique","chauffage + ecs","Fioul - Chaudière fioul basse température installée après 2015",39458,,,,,,,,,,,,,,,,,,,,,,,,"Fioul domestique","Chaudière fioul basse température après 2015",,,"installation individuelle","Un seul système d'ECS sans solaire","Combiné au système de chauffage",3331.6,1,302.6,"Non affecté",,,,"Chaudière fioul basse température après 2015","Fioul domestique","chauffage + ecs","Fioul - Chaudière fioul basse température installée après 2015",0,,3331.6,,,,,,,,,,,,0,,,,,,,,,,,,0,
"2284E0346328P","2024-02-06","2022-02-17","2022-02-20","2022-02-21","2032-02-19",,,,,,"DPE 3CL 2021 méthode logement",2.1,"dpe maison individuelle","E","B","maison",1947,"avant 1948",,,2.5,,,3,,,,231,,"Moyenne","inférieur à 400m","H2d","Les Imberts 84220 Gordes",,,"Gordes","84220","84050","84","93","84050_7lah4v",874175.48,6312080.66,0.38,"adresse géocodée ban à l'adresse","481 Chemin des PRES
Les Imberts","GORDES",84220,0,,,,,,,,,,,738.7,39.6,288.5,12.6,41,10.6,144.8,201.7,"insuffisante","insuffisante","bonne",,,"insuffisante","insuffisante",1.45,32266.2,1693.8,0,4161610.3,0,2234911.9,0,65751.2,284,57104.9,7597.9,0,1048.3,0,38137.6,165,34378.4,3303.4,0,455.8,0,2134.1,9,1888,214.7,0,31.5,0,"Électricité",21241.2,17482,3303.4,3452.3,2841.3,536.9,1627.2,1381.1,214.7,"Bois – Granulés (pellets) ou briquettes",16896.4,16896.4,0,1012.3,1012.3,0,506.9,506.9,0,,,,,,,,,,,4464.5,3853.5,536.9,0,74.1,0,"Électricité","Poêle à granulés installée avant 2012 ou sans label flamme verte","installation individuelle","Poêle bois","Installation de chauffage simple","Poêle à granulés installée avant 2012 ou sans label flamme verte (système individuel)",16896.4,90,,,"Poêle à granulés installée avant 2012 ou sans label flamme verte","Bois – Granulés (pellets) ou briquettes","chauffage","Bois - Poêle à granulés installée avant 2012 ou sans label flamme verte",16896.4,,,,,,"installation individuelle","Plancher rayonnant électrique sans régulation","Installation de chauffage simple","Plancher rayonnant électrique sans régulation terminale (système individuel)",8917.5,70,,,"Plancher ou plafond rayonnant électrique sans régulation terminale","Électricité","chauffage","Electrique - Plancher rayonnant électrique sans régulation terminale",8917.5,,,,,,"Électricité","Ballon électrique à accumulation vertical Autres ou inconnue",,,"installation individuelle","Un seul système d'ECS sans solaire","Ballon électrique à accumulation vertical (autres catégorie ou inconnue), contenance ballon 200 L",1651.7,1,115.5,"Non affecté",,,,"Ballon électrique à accumulation vertical Autres ou inconnue","Électricité","ecs","Electrique - Ballon électrique à accumulation vertical (autres catégorie ou inconnue)",200,,1651.7,,,,,,,,,,,,0,,,,,,,"chauffage au bois",,,,,0,
"2284E0924334P","2024-12-30","2021-08-22","2022-04-28","2022-04-29","2032-04-27","2184E0264241J",,"B5YNWYM7CEHP",,,"DPE 3CL 2021 méthode logement",2.1,"dpe maison individuelle","E","E","maison",1947,"avant 1948",,,2.5,,,1,,,,148.5,,"Moyenne","inférieur à 400m","H2d","16 Chemin des Trois Places 84220 Gordes","16","Chemin des Trois Places","Gordes","84220","84050","84","93","84050_0879_00016",874219.29,6312145,0.46,"adresse géocodée ban à l'adresse","16, Chemin des 3 Places","GORDES",84220,0,,,,,"insuffisant",0,1,0,0,0,598.1,19.8,230.9,88.3,26.8,12.2,50.1,170,"insuffisante","insuffisante","insuffisante",,,"insuffisante","insuffisante",1.37,25879.2,1339.5,3059.3,3095775.6,1239273.6,4521167.4,1753737.4,36774.3,247,32847.4,2122,414.6,673.9,716.4,33125.3,223,30218.6,2122,180.3,293,311.5,10034.6,67,9295.4,687.5,11.5,20.2,19.9,"Fioul domestique",30318.4,28196.4,2122,2771.7,2577.7,194,9823.2,9135.6,687.5,"Électricité",2806.9,2022.2,0,548,394.8,0,211.4,159.8,0,,,,,,,,,,,3319.7,2972.5,194,35.2,57.2,60.8,"Fioul domestique","Chaudière fioul standard 1991-2015","installation individuelle","Radiateur monotube sans robinet thermostatique sur réseau individuel eau chaude haute température(sup ou egal 65°C)","Installation de chauffage simple","Chaudière individuelle fioul installée entre 1991 et 2015. Emetteur(s): radiateur monotube sans robinet thermostatique",28196.4,113.5,,,"Chaudière fioul standard 1991-2015","Fioul domestique","chauffage + ecs","Fioul - Chaudière fioul standard installée entre 1991 et 2015",28196.4,,,,,,"installation individuelle","Soufflage d'air chaud (air soufflé) avec distribution par réseau aéraulique","Installation de chauffage simple","PAC air/air installée à partir de 2015 avec programmateur pièce par pièce (système individuel)",2022.2,35,,,"PAC air/air installée à partir de 2015","Électricité","chauffage","Electrique - PAC air/air installée à partir de 2015",2022.2,,,,,,"Fioul domestique","Chaudière fioul standard 1991-2015",,,"installation individuelle","Un seul système d'ECS sans solaire","Combiné au système de chauffage",2122,1,148.5,"Non affecté",,,,"Chaudière fioul standard 1991-2015","Fioul domestique","chauffage + ecs","Fioul - Chaudière fioul standard installée entre 1991 et 2015",0,,2122,,,,,,,,,,,,0,"PAC air/air installée avant 2008","Électricité","Avant 2008","Refroidissement - Electrique - Pompe à chaleur (divisé) - type split",35,180.3,"pompe à chaleur",,,,,0,
"2284E0043910D","2024-02-06","2022-01-05","2022-01-09","2022-01-10","2032-01-08",,,,,,"DPE 3CL 2021 méthode logement",2,"dpe maison individuelle","E","E","maison",1947,"avant 1948",,,2.5,,,2,,,,298,,"Moyenne","inférieur à 400m","H2d","1313 Chemin des Molliards 84220 Gordes","1313","Chemin des Molliards","Gordes","84220","84050","84","93","84050_0560_01313",874733.51,6312938.72,0.48,"adresse géocodée ban à l'adresse","1313, Chemin des Molliards
Lieu-dit les Routes","GORDES",84220,0,,,,,,,,,,,1080.6,45.2,507.8,35.3,49.1,21.3,86.7,335.2,"insuffisante","insuffisante",,"moyenne",,"insuffisante","moyenne",1.14,47152.8,1981.6,0,5266373.5,0,4301561.3,0,66023.4,221,58666.8,4729.4,0,1352.4,1274.7,64538.5,216,58666.8,4729.4,0,588,554.2,20616.4,69,19008.1,1532.3,0,40.6,35.5,"Fioul domestique",63396.3,58666.8,4729.4,5795.7,5363.3,432.4,20540.4,19008.1,1532.3,"Électricité",1142.2,0,0,309.7,0,0,76,0,0,,,,,,,,,,,6105.4,5363.3,432.4,0,159.4,150.3,"Fioul domestique","Chaudière fioul standard 1991-2015","installation individuelle","Radiateur monotube avec robinet thermostatique sur réseau individuel eau chaude haute température(sup ou egal 65°C)","Installation de chauffage simple","Chaudière individuelle fioul standard installée entre 1991 et 2015. Emetteur(s): radiateur monotube avec robinet thermostatique, plancher chauffant",58666.8,298,,,"Chaudière fioul standard 1991-2015","Fioul domestique","chauffage","Fioul - Chaudière fioul standard installée entre 1991 et 2015",58666.8,,,,,,,,,,,,,,,,,,,,,,,,"Fioul domestique","Chaudière fioul standard 1991-2015",,,"installation individuelle","Un seul système d'ECS sans solaire","Combiné au système de chauffage, contenance ballon 250 L",4729.4,1,298,"Non affecté",,,,"Chaudière fioul standard 1991-2015","Fioul domestique","chauffage + ecs","Fioul - Chaudière fioul standard installée entre 1991 et 2015",250,,4729.4,,,,,,,,,,,,0,,,,,,,,,,,,0,
"2284E1165337Y","2024-02-06","2022-05-16","2022-05-26","2022-05-27","2032-05-25",,,,,,"DPE 3CL 2021 méthode logement",2.1,"dpe maison individuelle","G","C","maison",,"avant 1948",,,2.5,,,3,,,,152,,"Moyenne","inférieur à 400m","H2d","110 Chemin des Martins 84220 Gordes","110","Chemin des Martins","Gordes","84220","84050","84","93","84050_0545_00110",876443.3,6310560.7,0.47,"adresse géocodée ban à l'adresse","110, Hameau Les Martins","GORDES",84220,0,,,,,"insuffisant",0,1,0,0,0,575,24.2,196.3,122.3,36.9,7.6,52.9,134.8,"insuffisante","insuffisante","insuffisante",,,"insuffisante","insuffisante",1.8,25217.4,1354.5,0,3159554.5,0,3552521,0,70667.5,464,64300.7,5054.2,0,689.8,622.8,35654.2,234,32886,2197.5,0,299.9,270.8,2351.5,15,2170.7,142.8,0,20.7,17.3,"Électricité",26933.3,24165.1,2197.5,4362.4,3914,355.9,2089.9,1909,142.8,"Bois – Bûches",8720.9,8720.9,0,279.2,279.2,0,261.6,261.6,0,,,,,,,,,,,4641.5,4193.2,355.9,0,48.6,43.9,"Électricité","Chaudière électrique","installation individuelle","Radiateur monotube sans robinet thermostatique sur réseau individuel eau chaude haute température(sup ou egal 65°C)","Installation de chauffage simple","Chaudière individuelle électrique avec programmateur avec réduit. Emetteur(s): radiateur monotube sans robinet thermostatique",24165.1,127,,,"Chaudière électrique","Électricité","chauffage","Electrique - Chaudière électrique",24165.1,,,,,,"installation individuelle","Poêle bois","Installation de chauffage simple","Insert (système individuel)",8720.9,25,,,"insert installé avant 1990","Bois – Bûches","chauffage","Bois - Insert installé avant 1990",8720.9,,,,,,"Électricité","Ballon électrique à accumulation vertical Autres ou inconnue",,,"installation individuelle","Un seul système d'ECS sans solaire","Ballon électrique à accumulation vertical (autres catégorie ou inconnue), contenance ballon 200 L",2197.5,1,152,"Non affecté",,,,"Ballon électrique à accumulation vertical Autres ou inconnue","Électricité","ecs","Electrique - Ballon électrique à accumulation vertical (autres catégorie ou inconnue)",200,,2197.5,,,,,,,,,,,,0,,,,,,,"chauffage au bois",,,,,0,
"2284E0938926V","2024-02-06","2022-05-01","2022-05-01","2022-05-02","2032-04-30",,,,,,"DPE 3CL 2021 méthode logement",2,"dpe maison individuelle","C","A","maison",2006,"2006-2012",,,2.5,,,3,,,,435,,"Légère","inférieur à 400m","H2d","Chemin de Gaumaud 84220 Gordes",,,"Gordes","84220","84050","84","93","84050_0325",876390.84,6314638.01,0.48,"adresse géocodée ban à l'adresse","Chemin de GAUMAUD","GORDES",84220,0,,,,,"insuffisant",0,1,0,0,1,1361.6,162,402.7,53.7,58.6,0,383.5,301.1,"insuffisante","insuffisante",,,"bonne","bonne","moyenne",0.95,51664.5,2570.1,9715.3,8316538.1,3329203.2,19781825.7,6433605.9,76911.6,176,59286.5,12210.5,1615.5,1974.1,1824.9,40354.2,92,32691.1,5308.9,702.4,858.3,793.5,2483.2,5,1983.2,345.1,45,59.2,50.8,"Électricité",28121.1,20458,5308.9,4552.3,3311.8,859.4,2116.2,1616.2,345.1,"Bois – Bûches",12233.1,12233.1,0,391.6,391.6,0,367,367,0,,,,,,,,,,,4943.9,3703.4,859.4,113.7,138.9,128.4,"Électricité","PAC air/eau installée entre 2008 et 2014","installation individuelle","Plancher chauffant sur réseau individuel eau chaude haute température(sup ou egal 65°C)","Installation de chauffage avec en appoint un insert ou poêle bois et un chauffage électrique dans la salle de bain (différent du chauffage principal)","PAC air/eau installée entre 2008 et 2014 avec en appoint un insert installé à partir de 2005 sans label flamme verte et dans la salle de bain un/une Convecteur électrique NFC, NF** et NF*** (système individuel). Emetteur(s): plancher chauffant",24025.4,276,,,"insert installé à partir de 2005 sans label flamme verte","Bois – Bûches","chauffage","Bois - Insert installé à partir de 2005 sans label flamme verte",12233.1,"PAC air/eau installée entre 2008 et 2014","Électricité","chauffage","Electrique - PAC air/eau installée entre 2008 et 2014",8936.5,"installation individuelle","Soufflage d'air chaud (air soufflé) avec distribution par réseau aéraulique","Installation de chauffage simple","PAC air/air installée entre 2008 et 2014 (système individuel)",6842.9,118,,,"PAC air/air installée entre 2008 et 2014","Électricité","chauffage","Electrique - PAC air/air installée entre 2008 et 2014",6842.9,,,,,,"Électricité","Ballon électrique à accumulation vertical Autres ou inconnue",,,"installation individuelle","Un seul système d'ECS sans solaire","Ballon électrique à accumulation vertical (autres catégorie ou inconnue), contenance ballon 300 L",1984.4,1,145,"Non affecté",,,,"Ballon électrique à accumulation vertical Autres ou inconnue","Électricité","ecs","Electrique - Ballon électrique à accumulation vertical (autres catégorie ou inconnue)",300,,1984.4,,,,,,,,,,,,0,"PAC air/air installée entre 2008 et 2014","Électricité","2008-2014","Refroidissement  2 - Electrique - Pompe à chaleur (divisé) - type split",102,332,"Il existe plusieurs descriptifs ENR",,,,,0,
"2284E0148564H","2024-02-06","2022-01-23","2022-01-24","2022-01-25","2032-01-23",,,,,,"DPE 3CL 2021 méthode logement",2.1,"dpe maison individuelle","C","B","maison",1978,"1978-1982",,,2.5,,,2,,,,294,,"Légère","inférieur à 400m","H2d","2860 Chemin des Parties 84220 Gordes","2860","Chemin des Parties","Gordes","84220","84050","84","93","84050_0640_02860",874002.74,6312706.65,0.5,"adresse géocodée ban à l'adresse","2860, chemin des Parties
Les Imberts","GORDES",84220,0,,,,,,,,,,,769.3,0,205.9,57.3,70.8,13.4,166,255.8,"bonne","insuffisante","bonne",,,"insuffisante","insuffisante",0.63,30176.1,1964.4,6014.7,5747157.6,2300651.4,8843810.8,3968354.4,34797.8,118,25166.7,7303.8,179.6,1334.3,813.4,18604.3,63,14416.9,3175.6,78.1,580.1,353.6,2599.5,8,2325.5,206.4,5,40,22.6,"Électricité",12456.5,8269.1,3175.6,2054,1363.5,523.6,927.3,653.3,206.4,"GPL",6147.8,6147.8,0,879.4,879.4,0,1672.2,1672.2,0,,,,,,,,,,,2933.5,2243,523.6,12.9,95.7,58.3,"Électricité","PAC air/eau installée après 2017","installation individuelle","Radiateur monotube sans robinet thermostatique sur réseau individuel eau chaude haute température(sup ou egal 65°C)","Installation de chauffage avec chaudière en relève de PAC","PAC air/eau relèvée par une chaudière GPL/propane à condensation (système individuel). Emetteur(s): plancher chauffant, radiateur monotube sans robinet thermostatique",13446.5,267,,,"PAC air/eau installée après 2017","Électricité","chauffage","Electrique - PAC air/eau installée à partir de 2017",7298.7,"Chaudière gpl/propane/butane à condensation après 2015","GPL","chauffage","GPL - Chaudière GPL/propane/butane à condensation installée à partir de 2016",6147.8,"installation individuelle","Soufflage d'air chaud (air soufflé) avec distribution par réseau aéraulique","Installation de chauffage simple","PAC air/air avec programmateur pièce par pièce (système individuel)",970.4,27,,,"PAC air/air installée à partir de 2015","Électricité","chauffage","Electrique - PAC air/air installée à partir de 2015",970.4,,,,,,"Électricité","Ballon électrique à accumulation vertical Autres ou inconnue",,,"installation individuelle","Un seul système d'ECS sans solaire","Ballon électrique à accumulation vertical (autres catégorie ou inconnue), contenance ballon 300 L",3175.6,1,294,"Non affecté",,,,"Ballon électrique à accumulation vertical Autres ou inconnue","Électricité","ecs","Electrique - Ballon électrique à accumulation vertical (autres catégorie ou inconnue)",300,,3175.6,,,,,,,,,,,,0,"PAC air/air installée à partir de 2015","Électricité","A partir de 2015","Refroidissement - Electrique - Pompe à chaleur (divisé) - type split",27,78.1,"pompe à chaleur",,,,,0,
"2284E0347684T","2024-02-06","2022-02-20","2022-02-21","2022-02-22","2032-02-20",,,,,,"DPE 3CL 2021 méthode logement",2.1,"dpe maison individuelle","E","B","maison",1947,"avant 1948",,,2.5,,,2,,,,56,,"Lourde","inférieur à 400m","H2d","Place Genty Pantaly 84220 Gordes",,,"Gordes","84220","84050","84","93","84050_0310",876710.3,6314897.13,0.45,"adresse géocodée ban à l'adresse","Place Genty Pantaly","GORDES",84220,0,,,,,,,,,,,143.5,8.3,53.4,7.6,4.7,0,29.7,39.7,"insuffisante","insuffisante","moyenne",,,"insuffisante","insuffisante",1.35,5473.2,851.9,0,1230693.8,0,789307.8,0,14829.2,264,11245.4,3329.7,0,254.1,0,6447.5,115,4889.3,1447.7,0,110.5,0,488,8,386.3,94.1,0,7.6,0,"Électricité",6447.5,4889.3,1447.7,1108.5,840.6,248.9,488,386.3,94.1,,,,,,,,,,,,,,,,,,,,,1108.5,840.6,248.9,0,19,0,"Électricité","radiateur électrique NFC, NF** et NF***","installation individuelle","radiateur électrique NFC, NF** et NF***","Installation de chauffage simple","Radiateur électrique NFC, NF** et NF*** (système individuel)",4889.3,56,,,"radiateur électrique NFC, NF** et NF***","Électricité","chauffage","Electrique - Radiateur électrique NFC, NF** et NF***",4889.3,,,,,,,,,,,,,,,,,,,,,,,,"Électricité","Ballon électrique à accumulation vertical Catégorie B ou 2 étoiles",,,"installation individuelle","Un seul système d'ECS sans solaire","Ballon électrique à accumulation vertical (catégorie B ou 2 étoiles), contenance ballon 150 L",1447.7,1,56,"Non affecté",,,,"Ballon électrique à accumulation vertical Catégorie B ou 2 étoiles","Électricité","ecs","Electrique - Ballon électrique à accumulation vertical (catégorie B ou 2 étoiles)",150,,1447.7,,,,,,,,,,,,0,,,,,,,,,,,,0,
"2184E1031638Q","2024-02-06","2021-09-26","2021-09-27","2022-02-07","2031-09-26","2184E0402085B",,,,,"DPE 3CL 2021 méthode logement",2,"dpe maison individuelle","G","C","maison",1900,"avant 1948",,,2.8,,,2,,,,44.5,,"Lourde","inférieur à 400m","H2d","Chemin des Michelons 84220 Gordes",,,"Gordes","84220","84050","84","93","84050_0555",876360.02,6310848.86,0.43,"adresse géocodée ban à l'adresse","des Michelons","GORDES",84220,,,"Quartier Michelon",,,"bon",1,1,0,1,0,275.5,38.9,95.5,55,8.5,9.6,6.8,61.2,"insuffisante","insuffisante","insuffisante",,,"bonne","insuffisante",2.09,13201.9,728.9,0,1110234.3,0,691762.3,0,23321,523.5,19487.6,3631.3,0,202.1,0,14776.7,331.8,13110,1578.8,0,87.9,0,742.5,16.6,633.7,102.6,0,6.1,0,"Bois – Granulés (pellets) ou briquettes",8204.2,8204.2,0,491.5,491.5,0,246.1,246.1,0,"Électricité",6572.5,4905.8,1578.8,542,842,271,496.2,387.6,102.6,,,,,,,,,,,1620,1334,271,0,15,0,"Bois – Granulés (pellets) ou briquettes","système collectif par défaut en abscence d'information : chaudière fioul pénalisante","installation individuelle","Poêle bois","Installation de chauffage simple","Installation 1",8204.2,22.3,,,"système collectif par défaut en abscence d'information : chaudière fioul pénalisante","Bois – Granulés (pellets) ou briquettes","chauffage","Poêle à granulés",8204.2,,,,,,"installation individuelle","Panneau rayonnant NFC, NF** et NF***","Installation de chauffage simple","Installation 2",4905.8,22.3,,,"système collectif par défaut en abscence d'information : chaudière fioul pénalisante","Électricité","chauffage","Panneau rayonnant électrique NFC",4905.8,,,,,,"Électricité","Ballon électrique à accumulation vertical Autres ou inconnue",,,"installation individuelle","Un seul système d'ECS sans solaire","Chauffe-eau vertical",1578.8,1,44.5,"Non affecté",,,,"Ballon électrique à accumulation vertical Autres ou inconnue","Électricité","ecs","Chauffe-eau vertical",200,,1578.8,,,,,,,,,,,,0,,,,,,,"chauffage au bois",,,,,0,
"2284E0347707Q","2024-02-06","2022-02-10","2022-02-21","2022-02-22","2032-02-20",,,,,,"DPE 3CL 2021 méthode logement",2.1,"dpe maison individuelle","E","B","maison",1947,"avant 1948",,,2.7,,,2,,,,267,,"Moyenne","inférieur à 400m","H2d","Chemin des Combettes 84220 Gordes",,,"Gordes","84220","84050","84","93","84050_0132",874744.2,6310732.12,0.44,"adresse géocodée ban à l'adresse","Les Combettes","GORDES",84220,0,,,,,,,,,,,1074.1,25.2,603.4,25,28.3,10.7,70.8,310.7,"insuffisante","insuffisante",,"moyenne",,"moyenne","insuffisante",1.18,48327.3,1848.5,0,5255148.5,0,5686948.6,0,77082.4,288,70237,4502.3,0,1211.7,1131.3,56646.8,212,53670.6,1957.5,0,526.8,491.9,2429.6,9,2234.5,127.2,0,36.4,31.5,"Bois – Bûches",40927.1,40927.1,0,1310.1,1310.1,0,1227.8,1227.8,0,"Électricité",15719.7,12743.4,1957.5,2569.4,2082.9,320,1201.8,1006.7,127.2,,,,,,,,,,,3879.5,3393,320,0,86.1,80.4,"Bois – Bûches","Chaudière bois granulés après 2019","installation individuelle","Radiateur monotube avec robinet thermostatique sur réseau individuel eau chaude haute température(sup ou egal 65°C)","Installation de chauffage avec une chaudière ou une PAC en relève d’une chaudière bois","Chaudière individuelle bois (granulés) installée à partir de 2020 relèvée par une chaudière électrique avec programmateur avec réduit. Emetteur(s): plancher chauffant, radiateur monotube avec robinet thermostatique",53670.6,267,,,"Chaudière bois granulés après 2019","Bois – Bûches","chauffage","Bois - Chaudière bois (granulés) installée à partir de 2020",40927.1,"Chaudière électrique","Électricité","chauffage","Electrique - Chaudière électrique",12743.4,,,,,,,,,,,,,,,,,,,"Électricité","Ballon électrique à accumulation vertical Catégorie B ou 2 étoiles",,,"installation individuelle","Un seul système d'ECS sans solaire","Ballon électrique à accumulation vertical (catégorie B ou 2 étoiles), contenance ballon 150 L",1525.4,1,133.5,"Non affecté",,,,"Ballon électrique à accumulation vertical Catégorie B ou 2 étoiles","Électricité","ecs","Electrique - Ballon électrique à accumulation vertical (catégorie B ou 2 étoiles)",150,,1525.4,,,,,,,,,,,,0,,,,,,,"Il existe plusieurs descriptifs ENR",,,,,0,
"2284E0854547M","2024-02-06","2022-04-12","2022-04-21","2022-04-22","2032-04-20",,,,,,"DPE 3CL 2021 méthode logement",2.1,"dpe maison individuelle","C","A","maison",1948,"1948-1974",,,2.5,,,2,,,,178.5,,"Légère","inférieur à 400m","H2d","248 Chemin de l'Hôpital 84220 Gordes","248","Chemin de l'Hôpital","Gordes","84220","84050","84","93","84050_0350_00248",876776.02,6315275.47,0.41,"adresse géocodée ban à l'adresse","Les Barres
248, Chemin de L'Hôpital","GORDES",84220,0,,,,,"insuffisant",0,1,0,0,1,528.3,6.7,140.5,75.2,22.2,10.5,112.6,160.5,"moyenne","insuffisante","insuffisante",,,"moyenne","insuffisante",0.78,20333.7,1468.3,5090.3,3642452.3,1458114.4,7396036.1,3712779.7,21425.3,120,15605.2,1578.8,2802.3,810.1,628.9,9315.3,52,6784.9,686.5,1218.4,352.2,273.4,700.4,3,536,44.6,78,24.3,17.5,"Électricité",9315.3,6784.9,686.5,1559.8,1136.1,114.9,700.4,536,44.6,,,,,,,,,,,,,,,,,,,,,1559.8,1136.1,114.9,204,59,45.8,"Électricité","PAC air/eau installée après 2017","installation individuelle","Radiateur monotube avec robinet thermostatique sur réseau individuel eau chaude haute température(sup ou egal 65°C)","Installation de chauffage simple","PAC air/eau avec programmateur avec réduit (système individuel). Emetteur(s): plancher chauffant, radiateur monotube avec robinet thermostatique",6033.6,161,,,"PAC air/eau installée après 2017","Électricité","chauffage + ecs","Electrique - PAC air/eau installée à partir de 2017",6033.6,,,,,,"installation individuelle","Soufflage d'air chaud (air soufflé) avec distribution par réseau aéraulique","Installation de chauffage simple","PAC air/air (système individuel)",751.2,17.5,,,"PAC air/air installée à partir de 2015","Électricité","chauffage","Electrique - PAC air/air installée à partir de 2015",751.2,,,,,,"Électricité","PAC double service après 2014",,,"installation individuelle","Un seul système d'ECS sans solaire","Combiné au système de chauffage",686.5,1,178.5,"Non affecté",,,,"PAC double service après 2014","Électricité","chauffage + ecs","Electrique - PAC air/eau installée à partir de 2017",0,2.3,686.5,"A partir de 2015",,,,,,,,,,,0,"PAC air/eau installée avant 2008","Électricité","Avant 2008","Refroidissement  1 - Electrique - Pompe à chaleur air/eau",161,1147.8,"pompe à chaleur",,,,,0,
"2284E1434641U","2024-12-30","2022-06-22","2022-06-25","2022-06-26","2032-06-24",,,"JFEW99XAHG2W",,,"DPE 3CL 2021 méthode logement",2.1,"dpe maison individuelle","G","C","maison",,"avant 1948",,,2.5,,,2,,,,52,,"Lourde","inférieur à 400m","H2d","3370 Route de Saint Pantaleon 84220 Gordes","3370","Route de Saint Pantaleon","Gordes","84220","84050","84","93","84050_0803_03370",877530.42,6311574.16,0.51,"adresse géocodée ban à l'adresse","3370, Route de Saint Pantaléon","GORDES",84220,0,,,,,"insuffisant",0,1,0,1,0,429.2,19.3,167.5,97.5,26.8,5.4,31.4,81.3,"insuffisante","insuffisante","insuffisante",,,"insuffisante","moyenne",1.88,20422.9,809,0,1151783.3,0,766639,0,32843.1,631,28902,3705.1,0,236,0,30615.5,588,28902,1610.9,0,102.6,0,978.8,18,867.1,104.7,0,7.1,0,"Bois – Bûches",28902,28902,0,925.2,925.2,0,867.1,867.1,0,"Électricité",1713.5,0,1610.9,390,0,366.7,111.8,0,104.7,,,,,,,,,,,1315.2,925.2,366.7,0,23.4,0,"Bois – Bûches","insert installé à partir de 2005 sans label flamme verte","installation individuelle","Poêle bois","Installation de chauffage simple","Insert installé à partir de 2005 sans label flamme verte (système individuel)",28902,52,,,"insert installé à partir de 2005 sans label flamme verte","Bois – Bûches","chauffage","Bois - Insert installé à partir de 2005 sans label flamme verte",28902,,,,,,,,,,,,,,,,,,,,,,,,"Électricité","Ballon électrique à accumulation vertical Autres ou inconnue",,,"installation individuelle","Un seul système d'ECS sans solaire","Ballon électrique à accumulation vertical (autres catégorie ou inconnue), contenance ballon 200 L",1610.9,1,52,"Non affecté",,,,"Ballon électrique à accumulation vertical Autres ou inconnue","Électricité","ecs","Electrique - Ballon électrique à accumulation vertical (autres catégorie ou inconnue)",200,,1610.9,,,,,,,,,,,,0,,,,,,,"chauffage au bois",,,,,0,
"2284E2334778L","2024-12-30","2022-10-05","2022-10-07","2022-10-08","2032-10-06",,,"P66NPDERPKKR",,,"DPE 3CL 2021 méthode logement",2.2,"dpe maison individuelle","E","B","maison",,"1948-1974",,,2.5,,,3,,,,101.9,,"Moyenne","inférieur à 400m","H2d","28 Rue Saint Pons 84220 Gordes","28","Rue Saint Pons","Gordes","84220","84050","84","93","84050_0804_00028",876808.38,6314994.02,0.44,"adresse géocodée ban à l'adresse","28 RUE SAINT PONS","GORDES",84220,0,,,"1341-22",,"insuffisant",0,0,0,0,1,293.7,50.6,120.6,1.4,12.1,7,30.1,71.9,"insuffisante","insuffisante",,"très bonne",,"insuffisante","moyenne",1.58,12322.3,1139.4,0,2247151.1,0,1839619.3,0,27663.1,271,23104.3,4096.2,0,462.6,0,14735.3,144,12753.2,1781,0,201.1,0,902.4,8,772.8,115.8,0,13.9,0,"Électricité",9944.4,7962.3,1781,1658.8,1328.1,297.1,758.7,629,115.8,"Bois – Bûches",4790.9,4790.9,0,153.4,153.4,0,143.7,143.7,0,,,,,,,,,,,1812.1,1481.5,297.1,0,33.5,0,"Électricité","Panneau rayonnant électrique NFC, NF** et NF***","installation individuelle","Panneau rayonnant NFC, NF** et NF***","Installation de chauffage avec insert ou poêle bois en appoint","Panneau rayonnant électrique NFC, NF** et NF*** avec en appoint un poêle à bois (bûche) installé de 2007 à 2017 avec label flamme verte (système individuel)",12753.2,101.9,,,"Panneau rayonnant électrique NFC, NF** et NF***","Électricité","chauffage","Electrique - Panneau rayonnant électrique NFC, NF** et NF***",7962.3,"Poêle bûche installé installé de 2007 à 2017 avec label flamme verte","Bois – Bûches","chauffage","Bois - Poêle à bois (bûche) installé de 2007 à 2017 avec label flamme verte",4790.9,,,,,,,,,,,,,,,,,,,"Électricité","Ballon électrique à accumulation vertical Autres ou inconnue",,,"installation individuelle","Un seul système d'ECS sans solaire","Ballon électrique à accumulation vertical (autres catégorie ou inconnue), contenance ballon 150 L",1781,1,101.9,"Non affecté",,,,"Ballon électrique à accumulation vertical Autres ou inconnue","Électricité","ecs","Electrique - Ballon électrique à accumulation vertical (autres catégorie ou inconnue)",150,,1781,,,,,,,,,,,,0,,,,,,,"chauffage au bois",,,,,0,
"2284E2817060T","2024-12-30","2022-11-21","2022-11-23","2022-11-24","2032-11-22",,,"AVA9B3RGQZ3W",,,"DPE 3CL 2021 méthode logement",2.2,"dpe maison individuelle","F","C","maison",,"avant 1948",,,2.5,,,1,,,,75,,"Lourde","inférieur à 400m","H2d","107 rue baptistin picca 84220 Gordes","107","rue baptistin picca","Gordes","84220","84050","84","93","84050_0035_00107",876785.97,6314944.71,0.48,"adresse géocodée ban à l'adresse","107, Rue Baptistin Pica","GORDES",84220,0,,,"2022-11-0121",,"insuffisant",0,1,0,1,1,293.7,15,129.6,4.8,21.1,8,33.5,81.7,"insuffisante","insuffisante",,"très bonne",,"insuffisante","insuffisante",1.33,12593.7,1023.7,0,1589.3,0,1134.9,0,28700.5,382,24550,3810.2,0,340.4,0,12478.5,166,10673.9,1656.6,0,148,0,961.1,12,843.2,107.7,0,10.2,0,"Électricité",12478.5,10673.9,1656.6,2057.5,1759.9,273.1,961.1,843.2,107.7,,,,,,,,,,,,,,,,,,,,,2057.5,1759.9,273.1,0,24.4,0,"Électricité","Panneau rayonnant électrique NFC, NF** et NF***","installation individuelle","Panneau rayonnant NFC, NF** et NF***","Installation de chauffage simple","Panneau rayonnant électrique NFC, NF** et NF*** (système individuel)",10673.9,75,,,"Panneau rayonnant électrique NFC, NF** et NF***","Électricité","chauffage","Electrique - Panneau rayonnant électrique NFC, NF** et NF***",10673.9,,,,,,,,,,,,,,,,,,,,,,,,"Électricité","Ballon électrique à accumulation vertical Autres ou inconnue",,,"installation individuelle","Un seul système d'ECS sans solaire","Ballon électrique à accumulation vertical (autres catégorie ou inconnue), contenance ballon 150 L",1656.6,1,75,"Non affecté",,,,"Ballon électrique à accumulation vertical Autres ou inconnue","Électricité","ecs","Electrique - Ballon électrique à accumulation vertical (autres catégorie ou inconnue)",150,,1656.6,,,,,,,,,,,,0,,,,,,,,,,,,0,
"2284E2618362N","2024-02-06","2022-10-24","2022-11-05","2022-11-06","2032-11-04",,,,,,"DPE 3CL 2021 méthode logement",2.2,"dpe maison individuelle","D","D","maison",,"avant 1948",,,2.5,,,1,,,,370,,"Lourde","inférieur à 400m","H2d","Rue de la Fontaine Basse 84220 Gordes",,,"Gordes","84220","84050","84","93","84050_0280",876580.26,6314814.25,0.37,"adresse géocodée ban à l'adresse","Chemin de la FONTAINE BASSE","GORDES",84220,0,,,"2022-10-0114",,"insuffisant",0,1,0,1,1,954.6,48.5,383.7,24.6,42,2.5,123,330.3,"insuffisante","insuffisante","bonne",,,"insuffisante","moyenne",1.23,37351.8,2290.9,5053.7,6453581.8,971762.6,6537109.7,2487456.5,62796.2,169,52317.1,6719.5,997.4,1679.2,1082.9,57228,154,51438.5,4155,433.7,730.1,470.8,17444,47,16500.5,835.3,27.8,50.4,30.1,"Fioul domestique",52944.9,50762.6,2182.3,4840.2,4640.7,199.5,17154.1,16447.1,707.1,"Électricité",4283.2,675.9,1972.7,772,121.8,355.6,289.9,53.4,128.2,,,,,,,,,,,5612.2,4762.5,555.1,78.2,131.6,84.9,"Fioul domestique","Chaudière fioul classique 1981-1990","installation individuelle","Radiateur monotube avec robinet thermostatique sur réseau individuel eau chaude haute température(sup ou egal 65°C)","Installation de chauffage simple","Chaudière individuelle fioul classique installée entre 1981 et 1990. Emetteur(s): radiateur monotube avec robinet thermostatique",50762.6,362.5,,,"Chaudière fioul classique 1981-1990","Fioul domestique","chauffage + ecs","Fioul - Chaudière fioul classique installée entre 1981 et 1990",50762.6,,,,,,"installation individuelle","radiateur électrique NFC, NF** et NF***","Installation de chauffage simple","Radiateur électrique NFC, NF** et NF*** (système individuel)",675.9,7.5,,,"radiateur électrique NFC, NF** et NF***","Électricité","chauffage","Electrique - Radiateur électrique NFC, NF** et NF***",675.9,,,,,,"Fioul domestique","Ballon électrique à accumulation vertical Autres ou inconnue",,,"installation individuelle","Un seul système d'ECS sans solaire","Combiné au système de chauffage",2182.3,1,185,"Non affecté",,,,"Chaudière fioul classique 1981-1990","Fioul domestique","chauffage + ecs","Fioul - Chaudière fioul classique installée entre 1981 et 1990",0,,2182.3,,,,,,,,,,,,0,"PAC air/air installée avant 2008","Électricité","Avant 2008","Refroidissement - Electrique - Pompe à chaleur (divisé) - type split",127,433.7,"pompe à chaleur",,,,,0,
"2284E2769095Y","2024-02-06","2022-11-20","2022-11-20","2022-11-21","2032-11-19",,,,,,"DPE 3CL 2021 méthode logement",2.2,"dpe maison individuelle","F","C","maison",,"avant 1948",,,2.5,,,3,,,,180,,"Moyenne","inférieur à 400m","H2d","Les Imberts 84220 Gordes",,,"Gordes","84220","84050","84","93","84050_7lah4v",874175.47,6312080.77,0.37,"adresse géocodée ban à l'adresse","109, Place de l'église
Hameau des Imberts","GORDES",84220,0,,,"2022-11-0075",,"insuffisant",0,1,0,0,1,706.3,35.5,327.5,45.5,28.8,6.9,39.1,223,"insuffisante","insuffisante","insuffisante",,,"insuffisante","moyenne",1.19,34083.3,1474.8,0,3669.8,0,1043.9,0,72765.5,404,66241.2,5707.4,0,816.9,0,31637.2,175,28800.5,2481.5,0,355.2,0,2461,13,2275.2,161.3,0,24.5,0,"Électricité",31637.2,28800.5,2481.5,5114.5,4655.9,401.2,2461,2275.2,161.3,,,,,,,,,,,,,,,,,,,,,5114.5,4655.9,401.2,0,57.4,0,"Électricité","Convecteur électrique NFC, NF** et NF***","installation individuelle","Convecteur électrique NFC, NF** et NF***","Installation de chauffage simple","Convecteur électrique NFC, NF** et NF*** (système individuel)",28800.5,180,,,"Convecteur électrique NFC, NF** et NF***","Électricité","chauffage","Electrique - Convecteur électrique NFC, NF** et NF***",28800.5,,,,,,,,,,,,,,,,,,,,,,,,"Électricité","Ballon électrique à accumulation vertical Autres ou inconnue",,,"installation individuelle","Un seul système d'ECS sans solaire","Ballon électrique à accumulation vertical (autres catégorie ou inconnue), contenance ballon 200 L",1533.9,1,90,"Non affecté",,,,"Ballon électrique à accumulation vertical Autres ou inconnue","Électricité","ecs","Electrique - Ballon électrique à accumulation vertical (autres catégorie ou inconnue)",200,,1533.9,,,,,,,,,,,,0,,,,,,,,,,,,0,
"2284E2839141A","2024-12-30","2022-11-21","2022-11-27","2022-11-28","2032-11-26",,,"WE3CFV9GVNFH",,,"DPE 3CL 2021 méthode logement",2.2,"dpe maison individuelle","E","B","maison",,"1978-1982",,,2.6,,,1,,,,122,,"Légère","inférieur à 400m","H2d","1176 Chemin de la Capoune 84220 Gordes","1176","Chemin de la Capoune","Gordes","84220","84050","84","93","84050_0103_01176",879050.68,6314161.75,0.49,"adresse géocodée ban à l'adresse","1176, Chemin de la Capoune","GORDES",84220,0,,,"2022-11-0073",,"insuffisant",0,1,0,0,1,357.1,24.9,96,31.1,37.9,6.4,40.5,120.4,"bonne","insuffisante",,"insuffisante",,"insuffisante","moyenne",0.57,14953.4,1225.6,0,2612.9,0,2477,0,37456.4,307,31426.2,5476.6,0,553.7,0,16285.4,133,13663.5,2381.1,0,240.7,0,1250.8,10,1079.4,154.8,0,16.6,0,"Électricité",16285.4,13663.5,2381.1,2659.9,2231.6,388.9,1250.8,1079.4,154.8,,,,,,,,,,,,,,,,,,,,,2659.9,2231.6,388.9,0,39.3,0,"Électricité","Radiateur électrique à accumulation","installation individuelle","Radiateur électrique à accumulation","Installation de chauffage simple","Radiateur électrique à fluide caloporteur NFC (système individuel)",12393,110,,,"Radiateur électrique à accumulation","Électricité","chauffage","Electrique - Radiateur électrique à fluide caloporteur NFC",12393,,,,,,"installation individuelle","Panneau rayonnant NFC, NF** et NF***","Installation de chauffage simple","Panneau rayonnant électrique NFC, NF** et NF*** (système individuel)",1270.6,12,,,"Panneau rayonnant électrique NFC, NF** et NF***","Électricité","chauffage","Electrique - Panneau rayonnant électrique NFC, NF** et NF***",1270.6,,,,,,"Électricité","Ballon électrique à accumulation horizontal",,,"installation individuelle","Un seul système d'ECS sans solaire","Ballon électrique à accumulation horizontal, contenance ballon 200 L",2381.1,1,122,"Non affecté",,,,"Ballon électrique à accumulation horizontal","Électricité","ecs","Electrique - Ballon électrique à accumulation horizontal",200,,2381.1,,,,,,,,,,,,0,,,,,,,,,,,,0,
"2284E1512707I","2024-12-30","2022-06-30","2022-07-02","2022-07-03","2032-07-01",,,"3VACPEQKVMCJ",,,"DPE 3CL 2021 méthode logement",2.1,"dpe maison individuelle","C","A","maison",,"2001-2005",,,2.5,,,1,,,,153.5,,"Légère","inférieur à 400m","H2d","9 Chemin des Beaumonnes 84220 Gordes","9","Chemin des Beaumonnes","Gordes","84220","84050","84","93","84050_0065_00009",876045.53,6310958.96,0.46,"adresse géocodée ban à l'adresse","9, Chemin des Beaumonnes
Fontcaudette","GORDES",84220,0,,,,,"insuffisant",0,1,0,0,1,289.1,31,49.3,17.7,62.1,0,48.4,80.6,"bonne","bonne","bonne",,,"insuffisante","moyenne",0.51,9838.4,1360.9,2875.8,3186888.3,1275747,4525784.3,1943265.5,19016.6,123,10965.8,6018.7,935.3,696.6,400.2,10691.8,69,7191.4,2616.8,406.6,302.9,174,586.2,3,358,170.1,26,20.9,11.1,"Électricité",6403.7,2903.4,2616.8,1101.6,499.5,450.2,457.5,229.4,170.1,"Bois – Bûches",4288.1,4288.1,0,137.3,137.3,0,128.6,128.6,0,,,,,,,,,,,1238.9,636.7,450.2,70,52.1,29.9,"Bois – Bûches","PAC air/air installée à partir de 2015","installation individuelle","Poêle bois","Installation de chauffage avec insert ou poêle bois en appoint","PAC air/air installée à partir de 2015 avec en appoint un insert installé à partir de 2005 sans label flamme verte (système individuel)",7191.4,153.5,,,"insert installé à partir de 2005 sans label flamme verte","Bois – Bûches","chauffage","Bois - Insert installé à partir de 2005 sans label flamme verte",4288.1,"PAC air/air installée à partir de 2015","Électricité","chauffage","Electrique - PAC air/air installée à partir de 2015",2903.4,,,,,,,,,,,,,,,,,,,"Électricité","Ballon électrique à accumulation vertical Autres ou inconnue",,,"installation individuelle","Un seul système d'ECS sans solaire","Ballon électrique à accumulation vertical (autres catégorie ou inconnue), contenance ballon 200 L",1472.7,1,76.8,"Non affecté",,,,"Ballon électrique à accumulation vertical Autres ou inconnue","Électricité","ecs","Electrique - Ballon électrique à accumulation vertical (autres catégorie ou inconnue)",200,,1472.7,,,,,,,,,,,,0,"PAC air/air installée à partir de 2015","Électricité","A partir de 2015","Refroidissement  2 - Electrique - Pompe à chaleur air/air",133,352.3,"Il existe plusieurs descriptifs ENR",,,,,0,
"2284E1633153W","2024-02-06","2022-07-11","2022-07-17","2022-07-18","2032-07-16",,,,,,"DPE 3CL 2021 méthode logement",2.1,"dpe maison individuelle","C","A","maison",,"avant 1948",,,2.5,,,2,,,,187,,"Moyenne","inférieur à 400m","H2d","112 Chemin des Pourquiers 84220 Gordes","112","Chemin des Pourquiers","Gordes","84220","84050","84","93","84050_0710_00112",878850.04,6314336.73,0.47,"adresse géocodée ban à l'adresse","112 CHEMIN DES POURQUIERS","GORDES",84220,0,,,"22/PICHON/0957",,"insuffisant",0,1,0,0,1,384.9,65.3,51.1,19.3,22.3,13.8,75.2,137.8,"bonne","très bonne","bonne",,,"bonne","moyenne",0.53,16040.7,1504.8,1939.2,3797344,1520119.3,1597293.8,801665.2,29956.4,160,21787.8,5352,650.1,848.7,1317.8,15758.7,84,12207.2,2326.9,282.6,369,573,958.8,5,727.3,151.3,18.1,25.5,36.7,"Électricité",10921.3,7369.7,2326.9,1812.5,1223.1,386.2,813.7,582.2,151.3,"Bois – Bûches",4837.4,4837.4,0,154.8,154.8,0,145.1,145.1,0,,,,,,,,,,,1967.3,1377.9,386.2,46.9,61.2,95.1,"Électricité","PAC eau/eau installée entre 2008 et 2014","installation individuelle","Plancher chauffant sur réseau individuel eau chaude haute température(sup ou egal 65°C)","Installation de chauffage avec insert ou poêle bois en appoint","PAC eau/eau installée entre 2008 et 2014 avec en appoint un poêle à bois (bûche) installé de 2007 à 2017 avec label flamme verte (système individuel). Emetteur(s): plancher chauffant",8643.1,140.3,,,"Poêle bûche installé installé de 2007 à 2017 avec label flamme verte","Bois – Bûches","chauffage","Bois - Poêle à bois (bûche) installé de 2007 à 2017 avec label flamme verte",4837.4,"PAC eau/eau installée entre 2008 et 2014","Électricité","chauffage","Electrique - PAC eau/eau installée entre 2008 et 2014",3805.7,"installation individuelle","radiateur électrique NFC, NF** et NF***","Installation de chauffage simple","Radiateur électrique NFC, NF** et NF*** (système individuel)",3564.1,46.7,,,"radiateur électrique NFC, NF** et NF***","Électricité","chauffage","Electrique - Radiateur électrique NFC, NF** et NF***",3564.1,,,,,,"Électricité","Ballon électrique à accumulation vertical Catégorie B ou 2 étoiles",,,"installation individuelle","Un seul système d'ECS sans solaire","Ballon électrique à accumulation vertical (catégorie B ou 2 étoiles), contenance ballon 200 L",2326.9,1,187,"Non affecté",,,,"Ballon électrique à accumulation vertical Catégorie B ou 2 étoiles","Électricité","ecs","Electrique - Ballon électrique à accumulation vertical (catégorie B ou 2 étoiles)",200,,2326.9,,,,,,,,,,,,0,"PAC air/eau installée entre 2008 et 2014","Électricité","2008-2014","Refroidissement - Electrique - Pompe à chaleur air/eau",187,282.6,"Il existe plusieurs descriptifs ENR",,,,,0,
"2284E1684410H","2024-02-06","2022-07-05","2022-07-22","2022-07-23","2032-07-21",,,,,,"DPE 3CL 2021 méthode logement",2.1,"dpe maison individuelle","F","C","maison",,"avant 1948",,,2.5,,,3,,,,205,,"Moyenne","inférieur à 400m","H2d","Chemin des Gros 84220 Gordes",,,"Gordes","84220","84050","84","93","84050_0340",875507.73,6311008.53,0.52,"adresse géocodée ban à l'adresse","Hameau des Gros","GORDES",84220,0,,,"2022-06-0251",,"insuffisant",0,1,0,0,1,896.7,36.6,490,17.8,39.5,7,63.5,242.3,"insuffisante","insuffisante","bonne",,,"insuffisante","moyenne",1.45,40500.6,1582.1,3876,3732896.2,562089.3,2755175.3,2069177.1,80234.8,391,72333.6,6358.3,331.6,930.3,280.9,34884.7,170,31449.4,2764.5,144.2,404.5,122.1,2709.1,13,2484.5,179.7,9.2,27.9,7.8,"Électricité",34884.7,31449.4,2764.5,5633.7,5078.9,446.5,2709.1,2484.5,179.7,,,,,,,,,,,,,,,,,,,,,5633.7,5078.9,446.5,23.3,65.3,19.7,"Électricité","Convecteur électrique NFC, NF** et NF***","installation individuelle","Convecteur électrique NFC, NF** et NF***","Installation de chauffage simple","Convecteur électrique NFC, NF** et NF*** (système individuel)",28643.5,174.5,,,"Convecteur électrique NFC, NF** et NF***","Électricité","chauffage","Electrique - Convecteur électrique NFC, NF** et NF***",28643.5,,,,,,"installation individuelle","Soufflage d'air chaud (air soufflé) avec distribution par réseau aéraulique","Installation de chauffage simple","PAC air/air installée entre 2008 et 2014 (système individuel)",2805.9,30.5,,,"PAC air/air installée entre 2008 et 2014","Électricité","chauffage","Electrique - PAC air/air installée entre 2008 et 2014",2805.9,,,,,,"Électricité","Ballon électrique à accumulation vertical Autres ou inconnue",,,"installation individuelle","Un seul système d'ECS sans solaire","Ballon électrique à accumulation vertical (autres catégorie ou inconnue), contenance ballon 300 L",2764.5,1,205,"Non affecté",,,,"Ballon électrique à accumulation vertical Autres ou inconnue","Électricité","ecs","Electrique - Ballon électrique à accumulation vertical (autres catégorie ou inconnue)",300,,2764.5,,,,,,,,,,,,0,"PAC air/air installée avant 2008","Électricité","Avant 2008","Refroidissement - Electrique - Pompe à chaleur (divisé) - type split",30.5,144.2,"pompe à chaleur",,,,,0,
"2284E1939258D","2024-02-06","2022-08-28","2022-08-29","2022-08-30","2032-08-28",,,,,,"DPE 3CL 2021 méthode logement",2.2,"dpe maison individuelle","E","B","maison",1978,"1978-1982",,,2.5,,,2,,,,185,,"Légère","inférieur à 400m","H2d","331 chemin des chavelles 84220 Gordes","331","chemin des chavelles","Gordes","84220","84050","84","93","84050_0118_00331",876886.94,6310755.03,0.41,"adresse géocodée ban à l'adresse","331, Chemin des Chavelles
La Petite L","GORDES",84220,0,,,"2022-08-0167",,"insuffisant",0,1,0,0,1,633.3,68.6,217.7,51.5,49,12,63.3,171.1,"moyenne","insuffisante","insuffisante",,,"moyenne","moyenne",0.85,28499.5,1496.2,2717.7,3760898.9,1505529.9,2979408.2,1353403.5,49673.9,268,42014.8,6145.9,296.2,839.6,377.5,25164.7,136,21834.7,2672.1,128.8,365,164.1,1633.3,8,1415.7,173.7,8.2,25.2,10.5,"Électricité",18853.2,15523.1,2672.1,3070.4,2528.1,435.2,1443.9,1226.3,173.7,"Bois – Granulés (pellets) ou briquettes",6311.6,6311.6,0,378.1,378.1,0,189.3,189.3,0,,,,,,,,,,,3448.6,2906.2,435.2,21,59.4,26.7,"Électricité","Panneau rayonnant électrique NFC, NF** et NF***","installation individuelle","Poêle bois","Installation de chauffage avec insert ou poêle bois en appoint","Panneau rayonnant électrique NFC, NF** et NF*** avec en appoint un poêle à granulés installée avant 2012 ou sans label flamme verte (système individuel)",18299.8,123,,,"Panneau rayonnant électrique NFC, NF** et NF***","Électricité","chauffage","Electrique - Panneau rayonnant électrique NFC, NF** et NF***",11988.2,"Poêle à granulés installée avant 2012 ou sans label flamme verte","Bois – Granulés (pellets) ou briquettes","chauffage","Bois - Poêle à granulés installée avant 2012 ou sans label flamme verte",6311.6,"installation individuelle","Soufflage d'air chaud (air soufflé) avec distribution par réseau aéraulique","Installation de chauffage simple","PAC air/air installée à partir de 2015 (système individuel)",3534.9,62,,,"PAC air/air installée à partir de 2015","Électricité","chauffage","Electrique - PAC air/air installée à partir de 2015",3534.9,,,,,,"Électricité","Ballon électrique à accumulation vertical Autres ou inconnue",,,"installation individuelle","Un seul système d'ECS sans solaire","Ballon électrique à accumulation vertical (autres catégorie ou inconnue), contenance ballon 300 L",2672.1,1,185,"Non affecté",,,,"Ballon électrique à accumulation vertical Autres ou inconnue","Électricité","ecs","Electrique - Ballon électrique à accumulation vertical (autres catégorie ou inconnue)",300,,2672.1,,,,,,,,,,,,0,"PAC air/air installée à partir de 2015","Électricité","A partir de 2015","Refroidissement - Electrique - Pompe à chaleur (divisé) - type split",62,128.8,"Il existe plusieurs descriptifs ENR",,,,,0,
"2284E2336138T","2024-06-26","2022-10-05","2022-10-08","2022-10-09","2032-10-07",,,,,,"DPE 3CL 2021 méthode logement",2.2,"dpe maison individuelle","G","G","maison",,"avant 1948",,,2.5,,,1,,,,27.5,,"Légère","inférieur à 400m","H2d","chemin des mians 84220 Gordes",,,"Gordes","84220","84050","84","93","84050_0550",876200.51,6315121.94,0.43,"adresse géocodée ban à l'adresse","136, Chemin des MIANS","GORDES",84220,0,,,"2022-10-0019",,"insuffisant",0,1,0,0,0,271.3,10.4,108.2,68.8,17,12,20.2,34.8,"insuffisante","insuffisante","insuffisante",,,"insuffisante","insuffisante",1.98,14078.4,572.7,0,753646.8,0,146324.6,0,14162.4,514,13901.2,0,0,124.8,136.4,14014.8,509,13901.2,0,0,54.3,59.3,3788.7,137,3781.1,0,0,3.7,3.8,"GPL",13901.2,13901.2,0,1988.6,1988.6,0,3781.1,3781.1,0,"Électricité",113.6,0,0,32.9,0,0,7.5,0,0,,,,,,,,,,,2021.5,1988.6,0,0,15.7,17.2,"GPL","radiateur à gaz indépendant ou autonome avant 2006","installation individuelle","Radiateur gaz à ventouse ou sur conduit de fumée","Installation de chauffage simple","Radiateur à gaz indépendant ou autonome installé avant 2006 (système individuel)",13901.2,27.5,,,"radiateur à gaz indépendant ou autonome avant 2006","GPL","chauffage","GPL - Radiateur à gaz indépendant ou autonome installé avant 2006",13901.2,,,,,,,,,,,,,,,,,,,,,,,,"Non affecté",,,,,,,,,,,,,,,,,,,,,,,,,,,,,,,,0,,,,,,,,,,,,0,
"2284E2205657G","2024-02-06","2022-09-25","2022-09-25","2022-09-26","2032-09-24",,,,,,"DPE 3CL 2021 méthode logement",2.2,"dpe maison individuelle","D","B","maison",,"2006-2012",,,3,,,3,,,,269,,"Moyenne","400-800m","H2d","chemin de fontanille 84220 Gordes",,,"Gordes","84220","84050","84","93","84050_0281",876899.62,6316711.89,0.42,"adresse géocodée ban à l'adresse","FONTANILLE","GORDES",84220,0,,,"2022-09-0116",,"insuffisant",0,1,0,0,1,700.3,90.3,132.7,39.5,45.9,17.3,120.7,253.8,"bonne","moyenne","bonne",,,"bonne","insuffisante",0.61,34477.8,2008.3,3081.7,5956130.3,435183.3,8158779.9,2021557.2,54792.6,203,42279,8375.5,741.4,1220.8,2175.9,23822.9,88,18382.2,3641.5,322.4,530.8,946.1,1806.7,6,1452.2,236.7,20.6,36.6,60.5,"Électricité",23822.9,18382.2,3641.5,3865,2982.3,590.8,1806.7,1452.2,236.7,,,,,,,,,,,,,,,,,,,,,3865,2982.3,590.8,52.3,86.1,153.5,"Électricité","PAC air/air installée à partir de 2015","installation individuelle","Soufflage d'air chaud (air soufflé) avec distribution par réseau aéraulique","Installation de chauffage simple","PAC air/air (système individuel)",9919.6,199,,,"PAC air/air installée à partir de 2015","Électricité","chauffage","Electrique - PAC air/air installée à partir de 2015",9919.6,,,,,,"installation individuelle","Radiateur électrique à accumulation","Installation de chauffage simple","Radiateur électrique à inertie (modélisé comme un radiateur à accumulation) (système individuel)",8462.5,70,,,"Radiateur électrique à accumulation","Électricité","chauffage","Electrique - Radiateur électrique à inertie (modélisé comme un radiateur à accumulation)",8462.5,,,,,,"Électricité","Ballon électrique à accumulation vertical Autres ou inconnue",,,"installation individuelle","Un seul système d'ECS sans solaire","Ballon électrique à accumulation vertical (autres catégorie ou inconnue), contenance ballon 200 L",1820.8,1,134.5,"Non affecté",,,,"Ballon électrique à accumulation vertical Autres ou inconnue","Électricité","ecs","Electrique - Ballon électrique à accumulation vertical (autres catégorie ou inconnue)",200,,1820.8,,,,,,,,,,,,0,"PAC air/air installée à partir de 2015","Électricité","A partir de 2015","Refroidissement - Electrique - Pompe à chaleur air/air",199,322.4,"pompe à chaleur",,,,,0,
"2284E2837548T","2024-02-06","2022-11-20","2022-11-26","2022-11-27","2032-11-25",,,,,,"DPE 3CL 2021 méthode logement",2.2,"dpe maison individuelle","D","B","maison",,"1948-1974",,,2.5,,,2,,,,151,,"Moyenne","inférieur à 400m","H2d","4 Chemin de Granan 84220 Gordes","4","Chemin de Granan","Gordes","84220","84050","84","93","84050_0335_00004",876397.99,6315031.05,0.49,"adresse géocodée ban à l'adresse","4, Chemin de Granan","GORDES",84220,0,,,"2022-11-0079",,"insuffisant",0,1,0,0,1,584.2,79.8,165.8,68.3,52.9,7,72.5,137.9,"insuffisante","insuffisante",,"moyenne",,"insuffisante","moyenne",1.12,22084.8,1350.2,4051,3141.3,1257.5,8332.2,2687.1,33393.3,221,26345,4361.9,1358,685.3,643.3,19190.4,127,16125.9,1896.5,590.4,297.9,279.7,1068.5,7,869,123.3,37.8,20.6,17.9,"Électricité",10925.3,7860.8,1896.5,1813.1,1304.5,314.7,820.5,621,123.3,"Bois – Granulés (pellets) ou briquettes",8265.1,8265.1,0,495.2,495.2,0,248,248,0,,,,,,,,,,,2308.3,1799.7,314.7,98,49.4,46.4,"Bois – Granulés (pellets) ou briquettes","PAC air/air installée entre 2008 et 2014","installation individuelle","Poêle bois","Installation de chauffage avec insert ou poêle bois en appoint","PAC air/air installée entre 2008 et 2014 avec en appoint un insert installé de 2007 à 2017 avec label flamme verte (système individuel)",16125.9,151,,,"insert installé installé de 2007 à 2017 avec label flamme verte","Bois – Granulés (pellets) ou briquettes","chauffage","Bois - Insert installé de 2007 à 2017 avec label flamme verte",8265.1,"PAC air/air installée entre 2008 et 2014","Électricité","chauffage","Electrique - PAC air/air installée entre 2008 et 2014",7860.8,,,,,,,,,,,,,,,,,,,"Électricité","Ballon électrique à accumulation vertical Autres ou inconnue",,,"installation individuelle","Un seul système d'ECS sans solaire","Ballon électrique à accumulation vertical (autres catégorie ou inconnue), contenance ballon 120 L",1896.5,1,151,"Non affecté",,,,"Ballon électrique à accumulation vertical Autres ou inconnue","Électricité","ecs","Electrique - Ballon électrique à accumulation vertical (autres catégorie ou inconnue)",120,,1896.5,,,,,,,,,,,,0,"PAC air/air installée entre 2008 et 2014","Électricité","2008-2014","Refroidissement - Electrique - Pompe à chaleur (divisé) - type split",151,590.4,"Il existe plusieurs descriptifs ENR",,,,,0,
"2284E3026673U","2024-12-30","2022-12-11","2022-12-12","2022-12-13","2032-12-11",,,"DFSQAS8KHYJT",,,"DPE 3CL 2021 méthode logement",2.2,"dpe maison individuelle","G","C","maison",,"avant 1948",,,2.5,,,3,,,,123,,"Lourde","inférieur à 400m","H2d","299 chemin du touron 84220 Gordes","299","chemin du touron","Gordes","84220","84050","84","93","84050_0865_00299",877141.46,6314914.05,0.47,"adresse géocodée ban à l'adresse","299, Chemin de Touron","GORDES",84220,0,,,"2022-12-0012",,"insuffisant",0,1,0,1,0,708.4,61.6,191.3,135,35.3,3.2,144.5,137.5,"insuffisante","insuffisante","insuffisante",,,"insuffisante","insuffisante",2.11,30388.5,1229.9,0,2380.8,0,4394.8,0,62421.8,507,57117.4,4746.2,0,558.2,0,31753.1,258,29446.8,2063.6,0,242.7,0,2077.2,16,1926.4,134.1,0,16.7,0,"Électricité",23591.3,21285,2063.6,3828,3453.8,334.8,1832.4,1681.5,134.1,"Bois – Bûches",8161.8,8161.8,0,261.3,261.3,0,244.9,244.9,0,,,,,,,,,,,4089.3,3715,334.8,0,39.4,0,"Électricité","Convecteur électrique NFC, NF** et NF***","installation individuelle","Convecteur électrique NFC, NF** et NF***","Installation de chauffage simple","Convecteur électrique NFC, NF** et NF*** (système individuel)",21285,106.5,,,"Convecteur électrique NFC, NF** et NF***","Électricité","chauffage","Electrique - Convecteur électrique NFC, NF** et NF***",21285,,,,,,"installation individuelle","Poêle bois","Installation de chauffage simple","Poêle à bois (bûche) installé avant 1990 (système individuel) - Véranda",8161.8,16.5,,,"Poêle bûche installé avant 1990","Bois – Bûches","chauffage","Bois - Poêle à bois (bûche) installé avant 1990",8161.8,,,,,,"Électricité","Ballon électrique à accumulation vertical Autres ou inconnue",,,"installation individuelle","Un seul système d'ECS sans solaire","Ballon électrique à accumulation vertical (autres catégorie ou inconnue), contenance ballon 200 L",2063.6,1,123,"Non affecté",,,,"Ballon électrique à accumulation vertical Autres ou inconnue","Électricité","ecs","Electrique - Ballon électrique à accumulation vertical (autres catégorie ou inconnue)",200,,2063.6,,,,,,,,,,,,0,,,,,,,"chauffage au bois",,,,,0,
"2284E2365038H","2024-02-06","2022-10-03","2022-10-11","2022-10-12","2032-10-10",,,,,,"DPE 3CL 2021 méthode logement",2.2,"dpe maison individuelle","F","C","maison",,"avant 1948",,,2.5,,,3,,,,185,,"Lourde","inférieur à 400m","H2d","Les Imberts 84220 Gordes",,,"Gordes","84220","84050","84","93","84050_7lah4v",874175.48,6312080.66,0.37,"adresse géocodée ban à l'adresse","Hameau des BOURGUES - Les IMBERTS","GORDES",84220,0,,,"2022-10-0016",,"insuffisant",0,1,0,1,1,803,29.4,363.1,51,49.4,7,86.8,216.3,"insuffisante","insuffisante","bonne",,,"insuffisante","insuffisante",1.39,35238.5,1496.2,0,3403116.1,0,3084311.2,0,71852.1,388,62717.6,8294.9,0,839.6,0,38804.9,209,34833.4,3606.5,0,365,0,2355.6,12,2096,234.4,0,25.2,0,"Électricité",25421,21449.4,3606.5,4120.6,3476.8,584.6,1954.1,1694.5,234.4,"Bois – Bûches",13383.9,13383.9,0,428.4,428.4,0,401.5,401.5,0,,,,,,,,,,,4549,3905.2,584.6,0,59.2,0,"Électricité","radiateur électrique NFC, NF** et NF***","installation individuelle","radiateur électrique NFC, NF** et NF***","Installation de chauffage simple","Radiateur électrique NFC, NF** et NF*** (système individuel)",21449.4,135,,,"radiateur électrique NFC, NF** et NF***","Électricité","chauffage","Electrique - Radiateur électrique NFC, NF** et NF***",21449.4,,,,,,"installation individuelle","Poêle bois","Installation de chauffage simple","Insert installé à partir de 2018  (système individuel)",13383.9,50,,,"insert installé installé à partir de 2018 avec label flamme verte","Bois – Bûches","chauffage","Bois - Insert installé à partir de 2018 avec label flamme verte",13383.9,,,,,,"Électricité","Ballon électrique à accumulation vertical Autres ou inconnue",,,"installation individuelle","Un seul système d'ECS sans solaire","Ballon électrique à accumulation vertical (autres catégorie ou inconnue), contenance ballon 200 L",1277.3,1,61.7,"Non affecté",,,,"Ballon électrique à accumulation vertical Autres ou inconnue","Électricité","ecs","Electrique - Ballon électrique à accumulation vertical (autres catégorie ou inconnue)",200,,1277.3,,,,,,,,,,,,0,,,,,,,"chauffage au bois",,,,,0,
"2284E1684409G","2024-02-06","2022-07-05","2022-07-22","2022-07-23","2032-07-21",,,,,,"DPE 3CL 2021 méthode logement",2.1,"dpe maison individuelle","F","C","maison",,"avant 1948",,,2.5,,,3,,,,205,,"Moyenne","inférieur à 400m","H2d","Chemin des Gros 84220 Gordes",,,"Gordes","84220","84050","84","93","84050_0340",875507.73,6311008.53,0.52,"adresse géocodée ban à l'adresse","Hameau des Gros","GORDES",84220,0,,,"2022-06-0251",,"insuffisant",0,1,0,0,1,896.7,36.6,490,17.8,39.5,7,63.5,242.3,"insuffisante","insuffisante","bonne",,,"insuffisante","moyenne",1.45,40500.6,1582.1,3876,3732896.2,562089.3,2755175.3,2069177.1,80234.8,391,72333.6,6358.3,331.6,930.3,280.9,34884.7,170,31449.4,2764.5,144.2,404.5,122.1,2709.1,13,2484.5,179.7,9.2,27.9,7.8,"Électricité",34884.7,31449.4,2764.5,5633.7,5078.9,446.5,2709.1,2484.5,179.7,,,,,,,,,,,,,,,,,,,,,5633.7,5078.9,446.5,23.3,65.3,19.7,"Électricité","Convecteur électrique NFC, NF** et NF***","installation individuelle","Convecteur électrique NFC, NF** et NF***","Installation de chauffage simple","Convecteur électrique NFC, NF** et NF*** (système individuel)",28643.5,174.5,,,"Convecteur électrique NFC, NF** et NF***","Électricité","chauffage","Electrique - Convecteur électrique NFC, NF** et NF***",28643.5,,,,,,"installation individuelle","Soufflage d'air chaud (air soufflé) avec distribution par réseau aéraulique","Installation de chauffage simple","PAC air/air installée entre 2008 et 2014 (système individuel)",2805.9,30.5,,,"PAC air/air installée entre 2008 et 2014","Électricité","chauffage","Electrique - PAC air/air installée entre 2008 et 2014",2805.9,,,,,,"Électricité","Ballon électrique à accumulation vertical Autres ou inconnue",,,"installation individuelle","Un seul système d'ECS sans solaire","Ballon électrique à accumulation vertical (autres catégorie ou inconnue), contenance ballon 300 L",2764.5,1,205,"Non affecté",,,,"Ballon électrique à accumulation vertical Autres ou inconnue","Électricité","ecs","Electrique - Ballon électrique à accumulation vertical (autres catégorie ou inconnue)",300,,2764.5,,,,,,,,,,,,0,"PAC air/air installée avant 2008","Électricité","Avant 2008","Refroidissement - Electrique - Pompe à chaleur (divisé) - type split",30.5,144.2,"pompe à chaleur",,,,,0,
"2284E2945011Y","2024-12-30","2022-12-05","2022-12-06","2022-12-07","2032-12-05",,,"QYYVNW948WJ7",,,"DPE 3CL 2021 méthode logement",2.2,"dpe maison individuelle","D","B","maison",,"2001-2005",,,2.5,,,2,,,,155,,"Moyenne","inférieur à 400m","H2d","721 Chemin de Fontcaudette 84220 Gordes","721","Chemin de Fontcaudette","Gordes","84220","84050","84","93","84050_0288_00721",876163.68,6310746.36,0.49,"adresse géocodée ban à l'adresse","721, Chemin de Fontcaudette","GORDES",84220,0,,,"2022-12-0052",,"insuffisant",0,1,0,0,1,375.3,66.5,78.7,15.2,28.5,0,50.3,136.1,"bonne","bonne",,"bonne",,"bonne","moyenne",0.56,15217.3,1367.4,0,3214.2,0,2516.3,0,36844.9,237,30314.3,5827.2,0,703.4,0,19224,124,16384.6,2533.6,0,305.8,0,1202.4,7,1016.6,164.7,0,21.1,0,"Électricité",13554.6,10715.2,2533.6,2226.8,1760.3,416.2,1032.3,846.5,164.7,"Bois – Bûches",5669.4,5669.4,0,181.5,181.5,0,170.1,170.1,0,,,,,,,,,,,2408.3,1941.8,416.2,0,50.2,0,"Électricité","Panneau rayonnant électrique NFC, NF** et NF***","installation individuelle","Panneau rayonnant NFC, NF** et NF***","Installation de chauffage avec insert ou poêle bois en appoint","Panneau rayonnant électrique NFC, NF** et NF*** avec en appoint un insert (système individuel)",13745.7,125,,,"Panneau rayonnant électrique NFC, NF** et NF***","Électricité","chauffage","Electrique - Panneau rayonnant électrique NFC, NF** et NF***",8076.4,"insert installé entre 1990 et 2004","Bois – Bûches","chauffage","Bois - Insert installé entre 1990 et 2004",5669.4,"installation individuelle","Convecteur électrique NFC, NF** et NF***","Installation de chauffage simple","Convecteur électrique NFC, NF** et NF*** (système individuel)",2638.8,30,,,"Convecteur électrique NFC, NF** et NF***","Électricité","chauffage","Electrique - Convecteur électrique NFC, NF** et NF***",2638.8,,,,,,"Électricité","Ballon électrique à accumulation vertical Autres ou inconnue",,,"installation individuelle","Un seul système d'ECS sans solaire","Ballon électrique à accumulation vertical (autres catégorie ou inconnue), contenance ballon 300 L",2533.6,1,155,"Non affecté",,,,"Ballon électrique à accumulation vertical Autres ou inconnue","Électricité","ecs","Electrique - Ballon électrique à accumulation vertical (autres catégorie ou inconnue)",300,,2533.6,,,,,,,,,,,,0,,,,,,,"chauffage au bois",,,,,0,
"2284E2425179K","2024-12-30","2022-10-11","2022-10-16","2022-10-17","2032-10-15",,,"G8RAFAYB8VBK",,,"DPE 3CL 2021 méthode logement",2.2,"dpe maison individuelle","G","C","maison",,"1948-1974",,,2.5,,,1,,,,80.6,,"Moyenne","inférieur à 400m","H2d","517 Avenue Justin Bonfils 84220 Gordes","517","Avenue Justin Bonfils","Gordes","84220","84050","84","93","84050_0460_00517",875987.78,6313448.5,0.53,"adresse géocodée ban à l'adresse","517 AVENUE JUSTIN BONFILS","GORDES",84220,0,,,"22/N479",,"insuffisant",0,1,0,0,1,386.9,79,120.3,11.4,45.5,7.2,39.5,84,"insuffisante","insuffisante",,"bonne",,"insuffisante","insuffisante",1.15,18877.5,1047.7,0,1857917.3,0,484889.3,0,52642.4,653,47938.5,3813.8,0,365.6,524.5,22888,284,20842.8,1658.2,0,159,228,1779.9,22,1646.6,107.8,0,11,14.6,"Électricité",22888,20842.8,1658.2,3715.6,3383.6,269.2,1779.9,1646.6,107.8,,,,,,,,,,,,,,,,,,,,,3715.6,3383.6,269.2,0,25.8,37,"Électricité","Chaudière électrique","installation individuelle","Radiateur monotube sans robinet thermostatique sur réseau individuel eau chaude haute température(sup ou egal 65°C)","Installation de chauffage simple","Chaudière individuelle électrique avec programmateur avec réduit. Emetteur(s): radiateur monotube sans robinet thermostatique",20842.8,80.6,,,"Chaudière électrique","Électricité","chauffage","Electrique - Chaudière électrique",20842.8,,,,,,,,,,,,,,,,,,,,,,,,"Électricité","Ballon électrique à accumulation vertical Catégorie B ou 2 étoiles",,,"installation individuelle","Un seul système d'ECS sans solaire","Ballon électrique à accumulation vertical (catégorie B ou 2 étoiles), contenance ballon 150 L",1658.2,1,80.6,"Non affecté",,,,"Ballon électrique à accumulation vertical Catégorie B ou 2 étoiles","Électricité","ecs","Electrique - Ballon électrique à accumulation vertical (catégorie B ou 2 étoiles)",150,,1658.2,,,,,,,,,,,,0,,,,,,,,,,,,0,
"2284E1965945O","2024-02-06","2022-08-28","2022-08-31","2022-09-01","2032-08-30",,,,,,"DPE 3CL 2021 méthode logement",2.2,"dpe maison individuelle","D","D","maison",,"1989-2000",,,2.8,,,2,,,,189,,"Légère","inférieur à 400m","H2d","220 chemin de bas picordon 84220 Gordes","220","chemin de bas picordon","Gordes","84220","84050","84","93","84050_0045_00220",876056.71,6311054.2,0.46,"adresse géocodée ban à l'adresse","220, Chemin de Bas Picordon
Quartier Foncaudette","GORDES",84220,0,,,"2022-08-0088",,"insuffisant",0,1,0,0,1,547.3,63.3,148.6,24.6,31.1,13.7,85.5,180.5,"moyenne","moyenne","moyenne",,,"moyenne","moyenne",0.71,21594.4,1513.4,3872.5,3833789.1,1534708.6,6370035.4,2477402,37076.8,196,30500.8,4493.9,530.2,857.7,694.2,30665.2,162,27014.8,2745.1,230.5,372.9,301.8,6476.6,34,5875.8,541,14.8,25.7,19.3,"Fioul domestique",18181.9,16782.1,1399.8,1662.2,1534.2,128,5890.9,5437.4,453.5,"Bois – Bûches",7551.2,7551.2,0,241.7,241.7,0,226.5,226.5,0,"Électricité",4932.1,2681.5,1345.3,870.5,473.3,237.4,359.1,211.8,87.4,2774.4,2249.2,365.4,40.7,65.8,53.3,"Fioul domestique","Chaudière fioul standard 1991-2015","installation individuelle","Plancher chauffant sur réseau individuel eau chaude haute température(sup ou egal 65°C)","Installation de chauffage avec insert ou poêle bois en appoint","Chaudière individuelle fioul avec en appoint un insert. Emetteur(s): plancher chauffant",24333.3,144,,,"Chaudière fioul standard 1991-2015","Fioul domestique","chauffage + ecs","Fioul - Chaudière fioul standard installée entre 1991 et 2015",16782.1,"insert installé entre 1990 et 2004","Bois – Bûches","chauffage","Bois - Insert installé entre 1990 et 2004",7551.2,"installation individuelle","Soufflage d'air chaud (air soufflé) avec distribution par réseau aéraulique","Installation de chauffage simple","PAC air/air (système individuel)",2681.5,45,,,"PAC air/air installée avant 2008","Électricité","chauffage","Electrique - PAC air/air installée avant 2008",2681.5,,,,,,"Fioul domestique","Ballon électrique à accumulation vertical Catégorie B ou 2 étoiles",,,"installation individuelle","Un seul système d'ECS sans solaire","Combiné au système de chauffage",1399.8,1,94.5,"Non affecté",,,,"Chaudière fioul standard 1991-2015","Fioul domestique","chauffage + ecs","Fioul - Chaudière fioul standard installée entre 1991 et 2015",0,,1399.8,,,,,,,,,,,,0,"PAC air/air installée avant 2008","Électricité","Avant 2008","Refroidissement - Electrique - Pompe à chaleur air/air",45,230.5,"Il existe plusieurs descriptifs ENR",,,,,0,
"2284E2708024B","2024-12-30","2022-11-14","2022-11-15","2022-11-16","2032-11-14",,,"G8KYQRTTT2MR",,,"DPE 3CL 2021 méthode logement",2.2,"dpe maison individuelle","E","B","maison",,"1978-1982",,,2.5,,,2,,,,203,,"Légère","inférieur à 400m","H2d","1516 Chemin de Granan 84220 Gordes","1516","Chemin de Granan","Gordes","84220","84050","84","93","84050_0335_01516",875199.98,6314879.45,0.49,"adresse géocodée ban à l'adresse","Le Doucos, 1516 chemin de Granan","GORDES",84220,0,,,"DEFREMINVILLE/CT_2210561/TFL",,"insuffisant",0,1,0,0,1,706.1,66.7,233.6,47.5,47.3,0,123.1,188,"insuffisante","insuffisante","insuffisante",,,"insuffisante","insuffisante",0.94,28824.9,1573.6,0,3699.9,0,5295.6,0,64685.7,318,56982.7,6781.7,0,921.3,0,28124.2,138,24775.1,2948.6,0,400.6,0,2176.5,10,1957.2,191.7,0,27.6,0,"Électricité",28124.2,24775.1,2948.6,4552.8,4010.6,477.3,2176.5,1957.2,191.7,,,,,,,,,,,,,,,,,,,,,4552.8,4010.6,477.3,0,64.8,0,"Électricité","Convecteur électrique NFC, NF** et NF***","installation individuelle","Convecteur électrique NFC, NF** et NF***","Installation de chauffage simple","Convecteur électrique NFC, NF** et NF*** (système individuel)",24775.1,203,,,"Convecteur électrique NFC, NF** et NF***","Électricité","chauffage","Electrique - Convecteur électrique NFC, NF** et NF***",24775.1,,,,,,,,,,,,,,,,,,,,,,,,"Électricité","Ballon électrique à accumulation vertical Autres ou inconnue",,,"installation individuelle","Un seul système d'ECS sans solaire","Ballon électrique à accumulation vertical (autres catégorie ou inconnue), contenance ballon 200 L",1587.1,1,101.5,"Non affecté",,,,"Ballon électrique à accumulation vertical Autres ou inconnue","Électricité","ecs","Electrique - Ballon électrique à accumulation vertical (autres catégorie ou inconnue)",200,,1587.1,,,,,,,,,,,,0,,,,,,,,,,,,0,
"2284E2525727Q","2024-12-30","2022-09-19","2022-10-25","2022-10-26","2032-10-24",,,"FW5E7JQFRK5Q",,,"DPE 3CL 2021 méthode logement",2.2,"dpe maison individuelle","D","B","maison",,"1989-2000",,,2.5,,,1,,,,186.5,,"Légère","inférieur à 400m","H2d","1710 route des beaumettes 84220 Gordes","1710","route des beaumettes","Gordes","84220","84050","84","93","84050_0063_01710",876359.73,6311041.49,0.5,"adresse géocodée ban à l'adresse","1710, Route des Beaumettes - D 103
Hameau les Bouillardoires","GORDES",84220,0,,,"2022-09-0089",,"insuffisant",0,1,0,0,1,408.2,16.8,58.9,32.8,61.9,28.9,53.5,155.4,"bonne","moyenne",,"bonne",,"insuffisante","insuffisante",0.47,16670,1502.7,1957.4,3788232.7,1516471.9,2632235.5,837871.2,37490.8,201,28626.8,6161.8,235.7,846.4,1620.1,19115.7,102,15261.8,2679,102.5,368,704.4,1212.8,6,961.6,174.1,6.6,25.4,45.1,"Électricité",14134.7,10280.8,2679,2318.1,1686,439.4,1063.3,812.2,174.1,"Bois – Bûches",4981.1,4981.1,0,159.4,159.4,0,149.4,149.4,0,,,,,,,,,,,2477.5,1845.5,439.4,16.8,60.4,115.5,"Électricité","Convecteur électrique NFC, NF** et NF***","installation individuelle","Poêle bois","Installation de chauffage avec insert ou poêle bois en appoint","Convecteur électrique NFC, NF** et NF*** avec en appoint un insert (système individuel)",12226.3,119.5,,,"Convecteur électrique NFC, NF** et NF***","Électricité","chauffage","Electrique - Convecteur électrique NFC, NF** et NF***",7245.2,"insert installé entre 1990 et 2004","Bois – Bûches","chauffage","Bois - Insert installé entre 1990 et 2004",4981.1,"installation individuelle","Soufflage d'air chaud (air soufflé) avec distribution par réseau aéraulique","Installation de chauffage simple","PAC air/air (système individuel)",3035.6,67,,,"PAC air/air installée entre 2008 et 2014","Électricité","chauffage","Electrique - PAC air/air installée entre 2008 et 2014",3035.6,,,,,,"Électricité","Ballon électrique à accumulation vertical Autres ou inconnue",,,"installation individuelle","Un seul système d'ECS sans solaire","Ballon électrique à accumulation vertical (autres catégorie ou inconnue), contenance ballon 300 L",2679,1,186.5,"Non affecté",,,,"Ballon électrique à accumulation vertical Autres ou inconnue","Électricité","ecs","Electrique - Ballon électrique à accumulation vertical (autres catégorie ou inconnue)",300,,2679,,,,,,,,,,,,0,"PAC air/air installée entre 2008 et 2014","Électricité","2008-2014","Refroidissement - Electrique - Pompe à chaleur air/air",67,102.5,"Il existe plusieurs descriptifs ENR",,,,,0,
"2284E1672231W","2024-02-06","2022-07-05","2022-07-21","2022-07-22","2032-07-20",,,,,,"DPE 3CL 2021 méthode logement",2.1,"dpe maison individuelle","F","C","maison",,"avant 1948",,,2.5,,,3,,,,205,,"Moyenne","inférieur à 400m","H2d","Chemin des Gros 84220 Gordes",,,"Gordes","84220","84050","84","93","84050_0340",875507.73,6311008.53,0.52,"adresse géocodée ban à l'adresse","Hameau des Gros","GORDES",84220,0,,,"2022-06-0251",,"insuffisant",0,1,0,0,1,896.7,36.6,490,17.8,39.5,7,63.5,242.3,"insuffisante","insuffisante","bonne",,,"insuffisante","moyenne",1.45,40500.6,1582.1,3876,3732896.2,562089.3,2755175.3,2069177.1,80234.8,391,72333.6,6358.3,331.6,930.3,280.9,34884.7,170,31449.4,2764.5,144.2,404.5,122.1,2709.1,13,2484.5,179.7,9.2,27.9,7.8,"Électricité",34884.7,31449.4,2764.5,5633.7,5078.9,446.5,2709.1,2484.5,179.7,,,,,,,,,,,,,,,,,,,,,5633.7,5078.9,446.5,23.3,65.3,19.7,"Électricité","Convecteur électrique NFC, NF** et NF***","installation individuelle","Convecteur électrique NFC, NF** et NF***","Installation de chauffage simple","Convecteur électrique NFC, NF** et NF*** (système individuel)",28643.5,174.5,,,"Convecteur électrique NFC, NF** et NF***","Électricité","chauffage","Electrique - Convecteur électrique NFC, NF** et NF***",28643.5,,,,,,"installation individuelle","Soufflage d'air chaud (air soufflé) avec distribution par réseau aéraulique","Installation de chauffage simple","PAC air/air installée entre 2008 et 2014 (système individuel)",2805.9,30.5,,,"PAC air/air installée entre 2008 et 2014","Électricité","chauffage","Electrique - PAC air/air installée entre 2008 et 2014",2805.9,,,,,,"Électricité","Ballon électrique à accumulation vertical Autres ou inconnue",,,"installation individuelle","Un seul système d'ECS sans solaire","Ballon électrique à accumulation vertical (autres catégorie ou inconnue), contenance ballon 300 L",2764.5,1,205,"Non affecté",,,,"Ballon électrique à accumulation vertical Autres ou inconnue","Électricité","ecs","Electrique - Ballon électrique à accumulation vertical (autres catégorie ou inconnue)",300,,2764.5,,,,,,,,,,,,0,"PAC air/air installée avant 2008","Électricité","Avant 2008","Refroidissement - Electrique - Pompe à chaleur (divisé) - type split",30.5,144.2,"pompe à chaleur",,,,,0,
"2284E2157125Q","2024-12-30","2022-09-19","2022-09-19","2022-09-20","2032-09-18",,,"FW5E7JQFRK5Q",,,"DPE 3CL 2021 méthode logement",2.2,"dpe maison individuelle","D","B","maison",,"1989-2000",,,2.5,,,1,,,,175.5,,"Légère","inférieur à 400m","H2d","1710 route des beaumettes 84220 Gordes","1710","route des beaumettes","Gordes","84220","84050","84","93","84050_0063_01710",876359.73,6311041.49,0.5,"adresse géocodée ban à l'adresse","1710, Route des Beaumettes - D 103
Hameau les Bouillardoires","GORDES",84220,0,,,"2022-09-0089",,"insuffisant",0,1,0,0,1,389.7,20.4,66.7,30,52.1,23.2,50.5,146.7,"bonne","insuffisante",,"bonne",,"moyenne","insuffisante",0.49,15844.2,1455.4,1898.4,3587784.6,1436230.3,2623392.4,831416.8,35571.7,202,26867.3,6045,242.9,796.5,1620.1,18044.5,102,14260,2628.2,105.6,346.3,704.4,1149.6,6,903,170.8,6.8,23.9,45.1,"Électricité",13482.4,9697.9,2628.2,2215.5,1593.6,431.9,1012.7,766.1,170.8,"Bois – Bûches",4562.1,4562.1,0,146,146,0,136.9,136.9,0,,,,,,,,,,,2361.5,1739.6,431.9,17.4,56.9,115.7,"Électricité","PAC air/air installée entre 2008 et 2014","installation individuelle","Convecteur électrique NFC, NF** et NF***","Installation de chauffage avec insert ou poêle bois en appoint","Convecteur électrique NFC, NF** et NF*** avec en appoint un insert (système individuel)",11197.9,108.5,,,"Convecteur électrique NFC, NF** et NF***","Électricité","chauffage","Electrique - Convecteur électrique NFC, NF** et NF***",6635.8,"insert installé entre 1990 et 2004","Bois – Bûches","chauffage","Bois - Insert installé entre 1990 et 2004",4562.1,"installation individuelle","Soufflage d'air chaud (air soufflé) avec distribution par réseau aéraulique","Installation de chauffage simple","PAC air/air (système individuel)",3062.1,67,,,"PAC air/air installée entre 2008 et 2014","Électricité","chauffage","Electrique - PAC air/air installée entre 2008 et 2014",3062.1,,,,,,"Électricité","Ballon électrique à accumulation vertical Autres ou inconnue",,,"installation individuelle","Un seul système d'ECS sans solaire","Ballon électrique à accumulation vertical (autres catégorie ou inconnue), contenance ballon 300 L",2628.2,1,175.5,"Non affecté",,,,"Ballon électrique à accumulation vertical Autres ou inconnue","Électricité","ecs","Electrique - Ballon électrique à accumulation vertical (autres catégorie ou inconnue)",300,,2628.2,,,,,,,,,,,,0,"PAC air/air installée entre 2008 et 2014","Électricité","2008-2014","Refroidissement - Electrique - Pompe à chaleur air/air",67,105.6,"Il existe plusieurs descriptifs ENR",,,,,0,
"2284E2515927S","2024-12-30","2022-09-19","2022-10-25","2022-10-26","2032-10-24",,,"FW5E7JQFRK5Q",,,"DPE 3CL 2021 méthode logement",2.2,"dpe maison individuelle","D","B","maison",,"1989-2000",,,2.5,,,1,,,,186.5,,"Légère","inférieur à 400m","H2d","1710 route des beaumettes 84220 Gordes","1710","route des beaumettes","Gordes","84220","84050","84","93","84050_0063_01710",876359.73,6311041.49,0.5,"adresse géocodée ban à l'adresse","1710, Route des Beaumettes - D 103
Hameau les Bouillardoires","GORDES",84220,0,,,"2022-09-0089",,"insuffisant",0,1,0,0,1,414.8,20.4,75,32.8,55.1,23.2,50.5,157.8,"bonne","moyenne",,"bonne",,"moyenne","insuffisante",0.48,17026.5,1502.7,1955.5,3788232.7,1516471.9,2623392.4,831416.8,38060.6,204,29196.9,6161.8,235.5,846.4,1620.1,19419.6,104,15565.8,2679,102.4,368,704.4,1231.9,6,980.8,174.1,6.6,25.4,45.1,"Électricité",14339.3,10485.5,2679,2350.3,1718.6,439.1,1079.5,828.4,174.1,"Bois – Bûches",5080.3,5080.3,0,162.6,162.6,0,152.4,152.4,0,,,,,,,,,,,2512.9,1881.2,439.1,16.8,60.3,115.5,"Électricité","Convecteur électrique NFC, NF** et NF***","installation individuelle","Convecteur électrique NFC, NF** et NF***","Installation de chauffage avec insert ou poêle bois en appoint","Convecteur électrique NFC, NF** et NF*** avec en appoint un insert (système individuel)",12469.7,119.5,,,"Convecteur électrique NFC, NF** et NF***","Électricité","chauffage","Electrique - Convecteur électrique NFC, NF** et NF***",7389.5,"insert installé entre 1990 et 2004","Bois – Bûches","chauffage","Bois - Insert installé entre 1990 et 2004",5080.3,"installation individuelle","Soufflage d'air chaud (air soufflé) avec distribution par réseau aéraulique","Installation de chauffage simple","PAC air/air (système individuel)",3096,67,,,"PAC air/air installée entre 2008 et 2014","Électricité","chauffage","Electrique - PAC air/air installée entre 2008 et 2014",3096,,,,,,"Électricité","Ballon électrique à accumulation vertical Autres ou inconnue",,,"installation individuelle","Un seul système d'ECS sans solaire","Ballon électrique à accumulation vertical (autres catégorie ou inconnue), contenance ballon 300 L",2679,1,186.5,"Non affecté",,,,"Ballon électrique à accumulation vertical Autres ou inconnue","Électricité","ecs","Electrique - Ballon électrique à accumulation vertical (autres catégorie ou inconnue)",300,,2679,,,,,,,,,,,,0,"PAC air/air installée entre 2008 et 2014","Électricité","2008-2014","Refroidissement - Electrique - Pompe à chaleur air/air",67,102.4,"Il existe plusieurs descriptifs ENR",,,,,0,
"2284E2525908P","2024-12-30","2022-09-19","2022-10-25","2022-10-26","2032-10-24",,,"FW5E7JQFRK5Q",,,"DPE 3CL 2021 méthode logement",2.2,"dpe maison individuelle","D","B","maison",,"1989-2000",,,2.5,,,1,,,,186.5,,"Légère","inférieur à 400m","H2d","1710 route des beaumettes 84220 Gordes","1710","route des beaumettes","Gordes","84220","84050","84","93","84050_0063_01710",876359.73,6311041.49,0.5,"adresse géocodée ban à l'adresse","1710, Route des Beaumettes - D 103
Hameau les Bouillardoires","GORDES",84220,0,,,"2022-09-0089",,"insuffisant",0,1,0,0,1,468.3,22.2,111.1,32.8,61.9,28.9,53.5,157.8,"bonne","insuffisante",,"bonne",,"insuffisante","insuffisante",0.57,19855.9,1502.7,2003,3788232.7,1516471.9,2632235.5,837871.2,42541.1,228,33658.5,6161.8,241.2,846.4,1633.2,21806.4,116,17944.3,2679,104.9,368,710.1,1382.3,7,1130.6,174.1,6.7,25.4,45.4,"Électricité",15949.8,12087.8,2679,2606.2,1975.2,437.8,1206.6,954.9,174.1,"Bois – Bûches",5856.6,5856.6,0,187.5,187.5,0,175.7,175.7,0,,,,,,,,,,,2793.7,2162.6,437.8,17.1,60.1,116,"Électricité","Convecteur électrique NFC, NF** et NF***","installation individuelle","Convecteur électrique NFC, NF** et NF***","Installation de chauffage avec insert ou poêle bois en appoint","Convecteur électrique NFC, NF** et NF*** avec en appoint un insert (système individuel)",14375.2,119.5,,,"Convecteur électrique NFC, NF** et NF***","Électricité","chauffage","Electrique - Convecteur électrique NFC, NF** et NF***",8518.6,"insert installé entre 1990 et 2004","Bois – Bûches","chauffage","Bois - Insert installé entre 1990 et 2004",5856.6,"installation individuelle","Soufflage d'air chaud (air soufflé) avec distribution par réseau aéraulique","Installation de chauffage simple","PAC air/air (système individuel)",3569.1,67,,,"PAC air/air installée entre 2008 et 2014","Électricité","chauffage","Electrique - PAC air/air installée entre 2008 et 2014",3569.1,,,,,,"Électricité","Ballon électrique à accumulation vertical Autres ou inconnue",,,"installation individuelle","Un seul système d'ECS sans solaire","Ballon électrique à accumulation vertical (autres catégorie ou inconnue), contenance ballon 300 L",2679,1,186.5,"Non affecté",,,,"Ballon électrique à accumulation vertical Autres ou inconnue","Électricité","ecs","Electrique - Ballon électrique à accumulation vertical (autres catégorie ou inconnue)",300,,2679,,,,,,,,,,,,0,"PAC air/air installée entre 2008 et 2014","Électricité","2008-2014","Refroidissement - Electrique - Pompe à chaleur air/air",67,104.9,"Il existe plusieurs descriptifs ENR",,,,,0,
"2284E2486404F","2024-02-06","2022-10-20","2022-10-23","2022-10-24","2032-10-22",,,,,,"DPE 3CL 2021 méthode logement",2.2,"dpe maison individuelle","F","F","maison",1966,"1948-1974",,,2.5,,,2,,,,102,,"Légère","inférieur à 400m","H2d","88 chemin des hermitants 84220 Gordes","88","chemin des hermitants","Gordes","84220","84050","84","93","84050_0345_00088",875137.48,6311956.52,0.75,"adresse géocodée ban à l'adresse","des hermitants","GORDES",84220,,,"Saint Blaise",,,"moyen",1,1,0,0,1,530.9,104.6,176.9,22.4,49.9,13.6,40.3,123.1,"insuffisante","insuffisante","insuffisante","insuffisante",,"moyenne","moyenne",1.32,24134.6,1139.7,0,2248426.7,0,3241891.4,0,32351.6,317.1,26891.1,3819.1,0,462.9,1178.5,29265.2,286.9,26891.1,1660.5,0,201.3,512.4,8866.9,86.9,8712.7,107.9,0,13.9,32.8,"Fioul domestique",26891.1,26891.1,0,2458,2458,0,8712.7,8712.7,0,"Électricité",2374.1,0,1660.5,483,0,338,154.6,0,107.9,,,,,,,,,,,2941,2458,338,0,41,104,"Fioul domestique","Chaudière fioul classique 1981-1990","installation individuelle","Radiateur monotube avec robinet thermostatique sur réseau individuel eau chaude basse ou moyenne température(inf 65°C)","Installation de chauffage simple","Chauffage sans solaire",26891.1,102,,,"Chaudière fioul classique 1981-1990","Fioul domestique","chauffage","Chaudière classique",26891.1,,,,,,,,,,,,,,,,,,,,,,,,"Électricité","Ballon électrique à accumulation vertical Catégorie C ou 3 étoiles",,,"installation individuelle","Un seul système d'ECS sans solaire","Chauffe-eau vertical",1660.5,1,102,"Non affecté",,,,"Ballon électrique à accumulation vertical Catégorie C ou 3 étoiles","Électricité","ecs","Chauffe-eau vertical",150,,1660.5,,,,,,,,,,,,0,,,,,,,,,,,,0,
"2284E1606745E","2024-02-06","2022-06-28","2022-07-12","2022-07-13","2032-07-11",,,,,,"DPE 3CL 2021 méthode logement",2.1,"dpe appartement individuel","F","F","appartement",,"avant 1948","individuel","individuel",3.6,1,,1,,,,129.9,,"Moyenne","inférieur à 400m","H2d","Rue Porte de Savoie 84220 Gordes",,,"Gordes","84220","84050","84","93","84050_0698",876676.43,6314849.5,0.42,"adresse géocodée ban à l'adresse","Rue Porte de Savoie","GORDES",84220,0,,,"2022-06-0157",,"insuffisant",0,0,0,0,0,449.8,25.4,137,20,46.8,18.6,63.4,138.6,"insuffisante","insuffisante",,,"insuffisante","insuffisante","insuffisante",1.39,19645.1,1482.8,0,2880816.6,0,2690259.9,0,39030.4,300,31669,3685.4,0,589.5,3086.5,36952.7,284,31669,3685.4,0,256.3,1341.9,11558.4,88,10260.8,1194.1,0,17.7,85.9,"Fioul domestique",35354.4,31669,3685.4,3232.1,2895.2,336.9,11454.8,10260.8,1194.1,"Électricité",1598.3,0,0,373.8,0,0,103.6,0,0,,,,,,,,,,,3605.9,2895.2,336.9,0,59.9,313.9,"Fioul domestique","Chaudière fioul classique avant 1970","installation individuelle","Radiateur monotube avec robinet thermostatique sur réseau individuel eau chaude haute température(sup ou egal 65°C)","Installation de chauffage simple","Chaudière individuelle fioul. Emetteur(s): radiateur monotube avec robinet thermostatique",31669,129.9,,,"Chaudière fioul classique avant 1970","Fioul domestique","chauffage + ecs","Fioul - Chaudière fioul classique installée avant 1970",31669,,,,,,,,,,,,,,,,,,,,,,,,"Fioul domestique","Chaudière fioul classique avant 1970",,,"installation individuelle","Un seul système d'ECS sans solaire","Combiné au système de chauffage",3685.4,1,129.9,"Non affecté",,,,"Chaudière fioul classique avant 1970","Fioul domestique","chauffage + ecs","Fioul - Chaudière fioul classique installée avant 1970",0,,3685.4,,,,,,,,,,,,0,,,,,,,,,,,,0,
"2284E1929770F","2024-12-30","2022-08-25","2022-08-28","2022-08-29","2032-08-27",,,"KJWMVAWJDMX6",,,"DPE 3CL 2021 méthode logement",2.1,"dpe maison individuelle","C","C","maison",1900,"avant 1948",,,3,,,2,,,,242,,"Légère","inférieur à 400m","H2d","387 Chemin de Fontcaudette 84220 Gordes","387","Chemin de Fontcaudette","Gordes","84220","84050","84","93","84050_0288_00387",876079.03,6311041.15,0.67,"adresse géocodée ban à l'adresse","de Fontcaudette","GORDES",84220,,,,,,"moyen",1,1,0,0,1,602.9,110.8,109.8,31.5,42.9,6.6,106.5,194.9,"moyenne","moyenne","moyenne",,,"bonne","moyenne",0.82,21848.7,1741.1,0,4799584.6,0,9997271.8,0,28250.6,116.7,22649,3688.3,0,1098.3,815.1,27169.2,112.3,22649,3688.3,0,477.5,354.4,7218.9,29.8,6160.5,1003.2,0,32.9,22.7,"Propane",26337.2,22649,3688.3,3768,3240,528,7163.7,6160.5,1003.2,"Électricité",831.9,0,0,241,0,0,55.6,0,0,,,,,,,,,,,4009,3240,528,0,139,102,"Propane","Chaudière gpl/propane/butane à condensation 2001-2015","installation individuelle","Plancher chauffant sur réseau individuel eau chaude basse ou moyenne température(inf 65°C)","Installation de chauffage simple","Chauffage sans solaire",22649,242,,,"Chaudière gpl/propane/butane à condensation 2001-2015","Propane","chauffage + ecs","Chaudière condensation",22649,,,,,,,,,,,,,,,,,,,,,,,,"Propane","Chaudière gpl/propane/butane à condensation 2001-2015",,,"installation individuelle","Un seul système d'ECS sans solaire","Chaudière condensation",3688.3,1,242,"Non affecté",,,,"Chaudière gpl/propane/butane à condensation 2001-2015","Propane","chauffage + ecs","Chaudière condensation",100,,3688.3,,,,,,,,,,,,0,,,,,,,,,,,,0,
"2284E2336937M","2024-02-06","2022-10-04","2022-10-08","2022-10-09","2032-10-07",,,,,,"DPE 3CL 2021 méthode logement",2.2,"dpe maison individuelle","E","D","maison",,"avant 1948",,,2.5,,,2,,,,110,,"Moyenne","inférieur à 400m","H2d","570 Route de Goult 84220 Gordes","570","Route de Goult","Gordes","84220","84050","84","93","84050_0330_00570",878954.32,6314358.01,0.5,"adresse géocodée ban à l'adresse","570, Route de Goult
Hameau des Pourquiers","GORDES",84220,0,,,"2022-10-0004 HABITATION",,"insuffisant",0,1,0,0,1,410,19.7,167.5,19.6,23.6,7.5,55,117.1,"insuffisante","insuffisante",,"insuffisante",,"insuffisante","insuffisante",1.34,17389.2,1174.1,1950.4,2394207.1,958427.9,3057922.2,1030070.9,32035.4,291,26213.7,4182,152.9,499.2,987.6,25457.6,231,22926.4,1818.2,66.5,217,429.4,4199.9,38,4035,118.2,4.3,15,27.5,"GPL",13319.5,13319.5,0,1905.3,1905.3,0,3622.9,3622.9,0,"Bois – Bûches",7078.3,7078.3,0,226.6,226.6,0,212.3,212.3,0,"Électricité",5059.9,2528.7,1818.2,890.2,444.9,319.9,364.7,199.8,118.2,3022.1,2576.8,319.9,11.7,38.2,75.5,"GPL","Chaudière gpl/propane/butane basse température 2001-2015","installation individuelle","Poêle bois","Installation de chauffage avec insert ou poêle bois en appoint","Chaudière individuelle GPL avec en appoint un foyer fermé. Emetteur(s): radiateur monotube sans robinet thermostatique",20397.7,85,,,"Chaudière gpl/propane/butane basse température 2001-2015","GPL","chauffage","GPL - Chaudière GPL/propane/butane basse température installée entre 2001 et 2015",13319.5,"Foyer fermé installé avant 1990","Bois – Bûches","chauffage","Bois - Foyer fermé installé avant 1990",7078.3,"installation individuelle","Convecteur électrique NFC, NF** et NF***","Installation de chauffage simple","Convecteur électrique NFC, NF** et NF*** (système individuel)",1345.8,10,,,"Convecteur électrique NFC, NF** et NF***","Électricité","chauffage","Electrique - Convecteur électrique NFC, NF** et NF***",1345.8,,,,,,"Électricité","Ballon électrique à accumulation vertical Autres ou inconnue",,,"installation individuelle","Un seul système d'ECS sans solaire","Ballon électrique à accumulation vertical (autres catégorie ou inconnue), contenance ballon 150 L",1818.2,1,110,"Non affecté",,,,"Ballon électrique à accumulation vertical Autres ou inconnue","Électricité","ecs","Electrique - Ballon électrique à accumulation vertical (autres catégorie ou inconnue)",150,,1818.2,,,,,,,,,,,,0,"PAC air/air installée avant 2008","Électricité","Avant 2008","Refroidissement - Electrique - Pompe à chaleur air/air",15,66.5,"Il existe plusieurs descriptifs ENR",,,,,0,
"2284E1684408F","2024-02-06","2022-07-05","2022-07-22","2022-07-23","2032-07-21",,,,,,"DPE 3CL 2021 méthode logement",2.1,"dpe maison individuelle","F","C","maison",,"avant 1948",,,2.5,,,3,,,,205,,"Moyenne","inférieur à 400m","H2d","Chemin des Gros 84220 Gordes",,,"Gordes","84220","84050","84","93","84050_0340",875507.73,6311008.53,0.52,"adresse géocodée ban à l'adresse","Hameau des Gros","GORDES",84220,0,,,"2022-06-0251",,"insuffisant",0,1,0,0,1,896.7,36.6,490,17.8,39.5,7,63.5,242.3,"insuffisante","insuffisante","bonne",,,"insuffisante","moyenne",1.45,40500.6,1582.1,3876,3732896.2,562089.3,2755175.3,2069177.1,80234.8,391,72333.6,6358.3,331.6,930.3,280.9,34884.7,170,31449.4,2764.5,144.2,404.5,122.1,2709.1,13,2484.5,179.7,9.2,27.9,7.8,"Électricité",34884.7,31449.4,2764.5,5633.7,5078.9,446.5,2709.1,2484.5,179.7,,,,,,,,,,,,,,,,,,,,,5633.7,5078.9,446.5,23.3,65.3,19.7,"Électricité","Convecteur électrique NFC, NF** et NF***","installation individuelle","Convecteur électrique NFC, NF** et NF***","Installation de chauffage simple","Convecteur électrique NFC, NF** et NF*** (système individuel)",28643.5,174.5,,,"Convecteur électrique NFC, NF** et NF***","Électricité","chauffage","Electrique - Convecteur électrique NFC, NF** et NF***",28643.5,,,,,,"installation individuelle","Soufflage d'air chaud (air soufflé) avec distribution par réseau aéraulique","Installation de chauffage simple","PAC air/air installée entre 2008 et 2014 (système individuel)",2805.9,30.5,,,"PAC air/air installée entre 2008 et 2014","Électricité","chauffage","Electrique - PAC air/air installée entre 2008 et 2014",2805.9,,,,,,"Électricité","Ballon électrique à accumulation vertical Autres ou inconnue",,,"installation individuelle","Un seul système d'ECS sans solaire","Ballon électrique à accumulation vertical (autres catégorie ou inconnue), contenance ballon 300 L",2764.5,1,205,"Non affecté",,,,"Ballon électrique à accumulation vertical Autres ou inconnue","Électricité","ecs","Electrique - Ballon électrique à accumulation vertical (autres catégorie ou inconnue)",300,,2764.5,,,,,,,,,,,,0,"PAC air/air installée avant 2008","Électricité","Avant 2008","Refroidissement - Electrique - Pompe à chaleur (divisé) - type split",30.5,144.2,"pompe à chaleur",,,,,0,
"2284E1842665A","2024-02-06","2022-08-10","2022-08-11","2022-08-12","2032-08-10",,,,,,"DPE 3CL 2021 méthode logement",2.1,"dpe maison individuelle","C","A","maison",1860,"avant 1948",,,2.5,,,2,,,,200,,"Légère","inférieur à 400m","H2d","313 Chemin Moulin des Roberts 84220 Gordes","313","Chemin Moulin des Roberts","Gordes","84220","84050","84","93","84050_0575_00313",879283.98,6312083.69,0.56,"adresse non géocodée ban car aucune correspondance trouvée","du Moulin des Roberts","GORDES",84220,,,"Lieu-dit La Badelle",,,"bon",0,0,0,0,1,522.8,43.1,199.3,11.5,23.2,7,62.7,175.9,"insuffisante","insuffisante","très bonne",,,"bonne","insuffisante",1.04,20171.4,1560.7,0,4034255.5,0,5836574.6,0,31866.5,159.3,21724.6,8201.7,0,907.7,1032.5,13855,69.3,9445.5,3566,0,394.6,448.9,1034,5.1,746.2,231.8,0,27.2,28.7,"Électricité",13855,9445.5,3566,2273,1550,585,1033.9,746.2,231.8,,,,,,,,,,,,,,,,,,,,,2273,1550,585,0,65,73,"Électricité","PAC air/eau installée entre 2015 et 2016","installation individuelle","Convecteur électrique NFC, NF** et NF***","Installation de chauffage simple","Chauffage sans solaire",6740.3,82,,,"Convecteur électrique NFC, NF** et NF***","Électricité","chauffage","Convecteur électrique NF***",6740.3,,,,,,"installation individuelle","Plancher chauffant sur réseau individuel eau chaude basse ou moyenne température(inf 65°C)","Installation de chauffage simple","Chauffage sans solaire",2705.2,82,,,"PAC air/eau installée entre 2015 et 2016","Électricité","chauffage","Pompe à chaleur Air/Eau",2705.2,,,,,,"Électricité","Ballon électrique à accumulation vertical Autres ou inconnue",,,"installation individuelle","Deux systèmes d'ECS dans une maison ou un appartement","Chauffe-eau vertical",1783,1,100,"Non affecté",,,,"Ballon électrique à accumulation vertical Autres ou inconnue","Électricité","ecs","Chauffe-eau vertical",250,,1783,,,,,,,,,,,,0,,,,,,,"pompe à chaleur",,,,,0,
"2284E2066380L","2024-02-06","2022-09-06","2022-09-10","2022-09-11","2032-09-09",,,,,,"DPE 3CL 2021 méthode logement",2.2,"dpe maison individuelle","E","B","maison",,"avant 1948",,,2.5,,,2,,,,138,,"Moyenne","400-800m","H2d","Route de Murs 84220 Gordes",,,"Gordes","84220","84050","84","93","84050_0580",876875.16,6315826.25,0.53,"adresse géocodée ban à l'adresse","285, Route de Murs","GORDES",84220,0,,,"2022-09-0035",,"insuffisant",0,1,0,0,1,611.7,19.1,298.2,11.1,54.2,7,63.1,159.1,"insuffisante","insuffisante",,"moyenne",,"insuffisante","insuffisante",1.29,33415.6,1399.7,1770.9,2959312.5,238862.5,3087408.9,1053357.7,42646.1,309,34942.3,5907.2,451.5,626.3,718.7,18541.8,134,15192.3,2568.4,196.3,272.3,312.5,1418.5,10,1200.2,166.9,12.6,18.8,20,"Électricité",18541.8,15192.3,2568.4,3020.6,2475,418.4,1418.5,1200.2,166.9,,,,,,,,,,,,,,,,,,,,,3020.6,2475,418.4,32,44.4,50.9,"Électricité","PAC air/air installée à partir de 2015","installation individuelle","Soufflage d'air chaud (air soufflé) avec distribution par réseau aéraulique","Installation de chauffage simple","PAC air/air (système individuel)",9333.3,108.2,,,"PAC air/air installée à partir de 2015","Électricité","chauffage","Electrique - PAC air/air installée à partir de 2015",9333.3,,,,,,"installation individuelle","Panneau rayonnant NFC, NF** et NF***","Installation de chauffage simple","Panneau rayonnant électrique NFC, NF** et NF*** (système individuel)",5859,29.8,,,"Panneau rayonnant électrique NFC, NF** et NF***","Électricité","chauffage","Electrique - Panneau rayonnant électrique NFC, NF** et NF***",5859,,,,,,"Électricité","Ballon électrique à accumulation vertical Autres ou inconnue",,,"installation individuelle","Un seul système d'ECS sans solaire","Ballon électrique à accumulation vertical (autres catégorie ou inconnue), contenance ballon 300 L",2568.4,1,138,"Non affecté",,,,"Ballon électrique à accumulation vertical Autres ou inconnue","Électricité","ecs","Electrique - Ballon électrique à accumulation vertical (autres catégorie ou inconnue)",300,,2568.4,,,,,,,,,,,,0,"PAC air/air installée à partir de 2015","Électricité","A partir de 2015","Refroidissement - Electrique - Pompe à chaleur (divisé) - type split",108.2,196.3,"pompe à chaleur",,,,,0,
"2284E1566867K","2024-02-06","2022-06-29","2022-07-07","2022-07-08","2032-07-06",,,,,,"DPE 3CL 2021 méthode logement",2.1,"dpe maison individuelle","C","A","maison",,"1989-2000",,,2.5,,,2,,,,276,,"Légère","inférieur à 400m","H2d","147 Chemin des Beaumonnes 84220 Gordes","147","Chemin des Beaumonnes","Gordes","84220","84050","84","93","84050_0065_00147",875906.52,6310966.66,0.46,"adresse géocodée ban à l'adresse","147, Chemin des Beaumonnes","GORDES",84220,0,,,"2022-06-0169",,"insuffisant",0,1,0,0,1,683.1,99.8,138.5,36,62.7,21.6,94.6,230,"bonne","moyenne",,"moyenne",,"moyenne","moyenne",0.65,26309.4,1887.1,4810.3,5419151.5,2169347,7694764.3,2963526.1,35805.6,129,22415.8,9669.2,1564.4,1252.6,903.6,15567.7,56,9746,4204,680.2,544.6,392.9,1149.4,4,769.9,273.3,43.5,37.6,25.1,"Électricité",15567.7,9746,4204,2545.1,1593.3,687.3,1149.4,769.9,273.3,,,,,,,,,,,,,,,,,,,,,2545.1,1593.3,687.3,111.2,89,64.2,"Électricité","PAC air/air installée à partir de 2015","installation individuelle","Soufflage d'air chaud (air soufflé) avec distribution par réseau aéraulique","Installation de chauffage simple","PAC air/air avec programmateur avec réduit (système individuel)",9746,276,,,"PAC air/air installée à partir de 2015","Électricité","chauffage","Electrique - PAC air/air installée à partir de 2015",9746,,,,,,,,,,,,,,,,,,,,,,,,"Électricité","Ballon électrique à accumulation vertical Autres ou inconnue",,,"installation individuelle","Un seul système d'ECS sans solaire","Ballon électrique à accumulation vertical (autres catégorie ou inconnue), contenance ballon 300 L",1739.6,1,92,"Non affecté",,,,"Ballon électrique à accumulation vertical Autres ou inconnue","Électricité","ecs","Electrique - Ballon électrique à accumulation vertical (autres catégorie ou inconnue)",300,,1739.6,,,,,,,,,,,,0,"PAC air/air installée à partir de 2015","Électricité","A partir de 2015","Refroidissement - Electrique - Pompe à chaleur air/air",276,680.2,"pompe à chaleur",,,,,0,
"2284E2067581Q","2024-12-30","2022-09-06","2022-09-10","2022-09-11","2032-09-09",,,"8GMZMZZCYRSY",,,"DPE 3CL 2021 méthode logement",2.2,"dpe maison individuelle","C","A","maison",,"1975-1977",,,2.5,,,2,,,,151,,"Moyenne","inférieur à 400m","H2d","167 chemin des pourquiers 84220 Gordes","167","chemin des pourquiers","Gordes","84220","84050","84","93","84050_0710_00167",878810.69,6314301.16,0.47,"adresse géocodée ban à l'adresse","167, Chemin des Pourquiers","GORDES",84220,0,,,"2022-09-0014",,"insuffisant",0,1,0,0,1,453.4,51.2,121,20.2,44.2,0,95.7,121.1,"insuffisante","insuffisante",,"moyenne",,"insuffisante","insuffisante",1,15388.2,1350.2,4158.7,3141331.9,1257510.3,8025315.3,2956620.5,21184.3,140,18296.8,1335.7,161.2,685.3,705.3,11939.7,79,10684.3,580.7,70.1,297.9,306.7,689.9,4,607.5,37.7,4.5,20.6,19.6,"Électricité",7111.2,5855.8,580.7,1212.9,998.8,99.1,545,462.6,37.7,"Bois – Bûches",4828.5,4828.5,0,154.6,154.6,0,144.9,144.9,0,,,,,,,,,,,1367.5,1153.4,99.1,12,50.8,52.3,"Électricité","PAC air/eau installée après 2017","installation individuelle","Radiateur monotube avec robinet thermostatique sur réseau individuel eau chaude haute température(sup ou egal 65°C)","Installation de chauffage avec insert ou poêle bois en appoint","PAC air/eau installée à partir de 2017 avec en appoint un insert installé à partir de 2005 sans label flamme verte (système individuel). Emetteur(s): radiateur monotube avec robinet thermostatique",8199.7,113.7,,,"insert installé à partir de 2005 sans label flamme verte","Bois – Bûches","chauffage","Bois - Insert installé à partir de 2005 sans label flamme verte",4828.5,"PAC air/eau installée après 2017","Électricité","chauffage","Electrique - PAC air/eau installée à partir de 2017",3371.1,"installation individuelle","Radiateur électrique à accumulation","Installation de chauffage simple","Radiateur électrique à inertie (modélisé comme un radiateur à accumulation) (système individuel)",1794.5,19.3,,,"Radiateur électrique à accumulation","Électricité","chauffage","Electrique - Radiateur électrique à inertie (modélisé comme un radiateur à accumulation)",1794.5,,,,,,"Électricité","CET sur air extérieur après 2014",,,"installation individuelle","Un seul système d'ECS sans solaire","Chauffe-eau thermodynamique sur air extérieur installé à partir de 2015, contenance ballon 300 L",580.7,1,151,"Non affecté",,,,"CET sur air extérieur après 2014","Électricité","ecs","Electrique - Chauffe-eau thermodynamique sur air extérieur installé à partir de 2015",300,2.5,580.7,"A partir de 2015",,,,,,,,,,,0,"PAC air/air installée à partir de 2015","Électricité","A partir de 2015","Refroidissement - Electrique - Pompe à chaleur (divisé) - type split",18,70.1,"Il existe plusieurs descriptifs ENR",,,,,0,
"2284E2501767C","2024-12-30","2022-10-05","2022-10-24","2022-10-25","2032-10-23","2284E2336001M",,"Q74YF2NXFSR1",,,"DPE 3CL 2021 méthode logement",2.2,"dpe maison individuelle","E","B","maison",,"1948-1974",,,2.5,,,2,,,,87.9,,"Moyenne","inférieur à 400m","H2d","187 Chemin de Lourdanaud 84220 Gordes","187","Chemin de Lourdanaud","Gordes","84220","84050","84","93","84050_0520_00187",876820.03,6314847.06,0.43,"adresse géocodée ban à l'adresse","187 CHEMIN DE LOURDANAUD","GORDES",84220,0,,,"1342-22",,"insuffisant",1,1,0,0,0,663.8,32.6,350.5,77.8,32.7,6.3,44.2,119.7,"insuffisante","insuffisante","insuffisante",,,"insuffisante","moyenne",1.86,32279.1,1079.2,2517.6,1991488.6,797215.2,2291578.1,1433235,23834.8,271,18826.6,3947.2,662.1,398.9,0,10363,117,8185.5,1716.2,287.9,173.4,0,788.6,8,646.7,111.6,18.4,12,0,"Électricité",10363,8185.5,1716.2,1724.6,1362.2,285.6,788.6,646.7,111.6,,,,,,,,,,,,,,,,,,,,,1724.6,1362.2,285.6,47.9,28.9,0,"Électricité","Convecteur électrique NFC, NF** et NF***","installation individuelle","Convecteur électrique NFC, NF** et NF***","Installation de chauffage simple","Convecteur électrique NFC, NF** et NF*** (système individuel)",8185.5,30,,,"Convecteur électrique NFC, NF** et NF***","Électricité","chauffage","Electrique - Convecteur électrique NFC, NF** et NF***",8185.5,,,,,,,,,,,,,,,,,,,,,,,,"Électricité","Ballon électrique à accumulation vertical Autres ou inconnue",,,"installation individuelle","Un seul système d'ECS sans solaire","Ballon électrique à accumulation vertical (autres catégorie ou inconnue), contenance ballon 150 L",1716.2,1,87.9,"Non affecté",,,,"Ballon électrique à accumulation vertical Autres ou inconnue","Électricité","ecs","Electrique - Ballon électrique à accumulation vertical (autres catégorie ou inconnue)",150,,1716.2,,,,,,,,,,,,0,"PAC air/air installée à partir de 2015","Électricité","A partir de 2015","Refroidissement - Electrique - Pompe à chaleur air/air",67,287.9,"pompe à chaleur",,,,,0,
"2284E2837549U","2024-02-06","2022-11-20","2022-11-26","2022-11-27","2032-11-25",,,,,,"DPE 3CL 2021 méthode logement",2.2,"dpe maison individuelle","D","B","maison",,"1948-1974",,,2.5,,,2,,,,151,,"Moyenne","inférieur à 400m","H2d","4 Chemin de Granan 84220 Gordes","4","Chemin de Granan","Gordes","84220","84050","84","93","84050_0335_00004",876397.99,6315031.05,0.49,"adresse géocodée ban à l'adresse","4, Chemin de Granan","GORDES",84220,0,,,"2022-11-0079",,"insuffisant",0,1,0,0,1,584.2,79.8,165.8,68.3,52.9,7,72.5,137.9,"insuffisante","insuffisante",,"moyenne",,"insuffisante","moyenne",1.12,22084.8,1350.2,4051,3141.3,1257.5,8332.2,2687.1,33393.3,221,26345,4361.9,1358,685.3,643.3,19190.4,127,16125.9,1896.5,590.4,297.9,279.7,1068.5,7,869,123.3,37.8,20.6,17.9,"Électricité",10925.3,7860.8,1896.5,1813.1,1304.5,314.7,820.5,621,123.3,"Bois – Granulés (pellets) ou briquettes",8265.1,8265.1,0,495.2,495.2,0,248,248,0,,,,,,,,,,,2308.3,1799.7,314.7,98,49.4,46.4,"Bois – Granulés (pellets) ou briquettes","PAC air/air installée entre 2008 et 2014","installation individuelle","Poêle bois","Installation de chauffage avec insert ou poêle bois en appoint","PAC air/air installée entre 2008 et 2014 avec en appoint un insert installé de 2007 à 2017 avec label flamme verte (système individuel)",16125.9,151,,,"insert installé installé de 2007 à 2017 avec label flamme verte","Bois – Granulés (pellets) ou briquettes","chauffage","Bois - Insert installé de 2007 à 2017 avec label flamme verte",8265.1,"PAC air/air installée entre 2008 et 2014","Électricité","chauffage","Electrique - PAC air/air installée entre 2008 et 2014",7860.8,,,,,,,,,,,,,,,,,,,"Électricité","Ballon électrique à accumulation vertical Autres ou inconnue",,,"installation individuelle","Un seul système d'ECS sans solaire","Ballon électrique à accumulation vertical (autres catégorie ou inconnue), contenance ballon 120 L",1896.5,1,151,"Non affecté",,,,"Ballon électrique à accumulation vertical Autres ou inconnue","Électricité","ecs","Electrique - Ballon électrique à accumulation vertical (autres catégorie ou inconnue)",120,,1896.5,,,,,,,,,,,,0,"PAC air/air installée entre 2008 et 2014","Électricité","2008-2014","Refroidissement - Electrique - Pompe à chaleur (divisé) - type split",151,590.4,"Il existe plusieurs descriptifs ENR",,,,,0,
"2284E3148755G","2024-02-06","2022-12-21","2022-12-25","2022-12-26","2032-12-24",,,,,,"DPE 3CL 2021 méthode logement",2.2,"dpe maison individuelle","E","B","maison",,"1989-2000",,,2.5,,,2,,,,175,,"Légère","inférieur à 400m","H2d","997 chemin de toudoumiane 84220 Gordes","997","chemin de toudoumiane","Gordes","84220","84050","84","93","84050_0858_00997",880164.43,6314005.87,0.45,"adresse géocodée ban à l'adresse","997, Chemin de Toudoumiane","GORDES",84220,0,,,"2022-12-0136",,"insuffisant",0,1,0,0,1,633.1,52.2,105.1,34.7,46.2,19.3,200.7,174.8,"moyenne","moyenne","moyenne",,,"moyenne","insuffisante",0.81,23758.4,1453.3,6150.9,3578.7,487.6,10184.1,4628.2,49880.4,285,41400.9,6484.3,889.2,794.2,311.8,24427.1,139,20740.3,2819.3,386.6,345.3,135.6,1641.5,9,1401,183.3,24.7,23.8,8.7,"Électricité",19579.5,15892.7,2819.3,3186.6,2586.5,458.8,1496,1255.5,183.3,"Bois – Bûches",4847.6,4847.6,0,155.2,155.2,0,145.4,145.4,0,,,,,,,,,,,3341.7,2741.7,458.8,62.9,56.2,22.1,"Électricité","Panneau rayonnant électrique NFC, NF** et NF***","installation individuelle","Panneau rayonnant NFC, NF** et NF***","Installation de chauffage avec insert ou poêle bois en appoint","Panneau rayonnant électrique NFC, NF** et NF*** avec en appoint un insert (système individuel)",11753.3,81,,,"Panneau rayonnant électrique NFC, NF** et NF***","Électricité","chauffage","Electrique - Panneau rayonnant électrique NFC, NF** et NF***",6905.7,"insert installé entre 1990 et 2004","Bois – Bûches","chauffage","Bois - Insert installé entre 1990 et 2004",4847.6,"installation individuelle","Radiateur électrique à accumulation","Installation de chauffage simple","Radiateur électrique à accumulation (système individuel)",5926.7,49,,,"Radiateur électrique à accumulation","Électricité","chauffage","Electrique - Radiateur électrique à accumulation",5926.7,,,,,,"Électricité","Ballon électrique à accumulation vertical Autres ou inconnue",,,"installation individuelle","Un seul système d'ECS sans solaire","Ballon électrique à accumulation vertical (autres catégorie ou inconnue), contenance ballon 200 L",1522.4,1,87.5,"Non affecté",,,,"Ballon électrique à accumulation vertical Autres ou inconnue","Électricité","ecs","Electrique - Ballon électrique à accumulation vertical (autres catégorie ou inconnue)",200,,1522.4,,,,,,,,,,,,0,"PAC air/air installée avant 2008","Électricité","Avant 2008","Refroidissement - Electrique - Pompe à chaleur (divisé) - type split",44,386.6,"Il existe plusieurs descriptifs ENR",,,,,0,
"2284E2680194R","2024-02-06","2022-11-09","2022-11-12","2022-11-13","2032-11-11",,,,,,"DPE 3CL 2021 méthode logement",2.2,"dpe maison individuelle","C","A","maison",1983,"1983-1988",,,2.5,,,2,,,,222,,"Légère","inférieur à 400m","H2d","chemin du clos de denante 84220 Gordes",,,"Gordes","84220","84050","84","93","84050_0127",876889.28,6312680.88,0.47,"adresse géocodée ban à l'adresse","Lieu-dit Clos de DENANTE
Chemin des Garrigues","GORDES",84220,0,,,"2022-11-0093",,"insuffisant",0,1,0,0,1,735.8,69.7,205.5,50.7,59.7,28.6,102.2,219.4,"moyenne","insuffisante","moyenne",,,"insuffisante","insuffisante",0.73,28708.6,1655.2,4883.7,4435.1,1775.4,9253.9,3140.5,34196.5,154,27922.9,4018.6,517.1,1007.5,730.4,14868,66,12140.4,1747.2,224.8,438,317.6,1137.6,5,959.1,113.6,14.4,30.2,20.3,"Électricité",14868,12140.4,1747.2,2433.5,1987,286,1137.6,959.1,113.6,,,,,,,,,,,,,,,,,,,,,2433.5,1987,286,36.8,71.7,52,"Électricité","PAC géothermique installée avant 2008","installation individuelle","Plancher chauffant sur réseau individuel eau chaude haute température(sup ou egal 65°C)","Installation de chauffage simple","PAC géothermique installée avant 2008 (système individuel). Emetteur(s): plancher chauffant",10179.4,181.2,,,"PAC géothermique installée avant 2008","Électricité","chauffage + ecs","Electrique - PAC géothermique installée avant 2008",10179.4,,,,,,"installation individuelle","Soufflage d'air chaud (air soufflé) avec distribution par réseau aéraulique","Installation de chauffage simple","PAC air/air installée à partir de 2015 (système individuel) - dépendance",1961,40.8,,,"PAC air/air installée à partir de 2015","Électricité","chauffage","Electrique - PAC air/air installée à partir de 2015",1961,,,,,,"Électricité","Ballon électrique à accumulation vertical Autres ou inconnue",,,"installation individuelle","Un seul système d'ECS sans solaire","Ballon électrique à accumulation vertical (autres catégorie ou inconnue), contenance ballon 80 L",1302.3,1,111,"Non affecté",,,,"Ballon électrique à accumulation vertical Autres ou inconnue","Électricité","ecs","Electrique - Ballon électrique à accumulation vertical (autres catégorie ou inconnue)",80,,1302.3,,,,,,,,,,,,0,"PAC air/air installée à partir de 2015","Électricité","A partir de 2015","Refroidissement  1 - Electrique - Pompe à chaleur air/air - dépendance",40.8,126.9,"Il existe plusieurs descriptifs ENR",,,,,0,
"2284E1991568B","2024-12-30","2022-09-02","2022-09-02","2022-09-03","2032-09-01",,,"WR5V23G62A48",,,"DPE 3CL 2021 méthode logement",2.2,"dpe maison individuelle","C","A","maison",,"avant 1948",,,2.5,,,2,,,,113,,"Moyenne","inférieur à 400m","H2d","1501 chemin des gros 84220 Gordes","1501","chemin des gros","Gordes","84220","84050","84","93","84050_0340_01501",875490.02,6310657.43,0.52,"adresse géocodée ban à l'adresse","1501, Chemin des Gros","GORDES",84220,0,,,"2022-09-0056",,"moyen",1,0,0,0,1,262.7,1.7,65.3,11.9,50.2,5,33,95.6,"bonne","moyenne","bonne",,,"insuffisante","moyenne",0.55,9341.1,1187,1619.1,2215907.8,333665.3,2599310.6,850513.3,14855.9,131,9115.2,4639.9,26.1,512.8,561.8,6459.1,57,3963.1,2017.4,11.3,223,244.3,476,4,313.1,131.1,0.7,15.4,15.6,"Électricité",6459.1,3963.1,2017.4,1110.3,681.3,346.8,476,313.1,131.1,,,,,,,,,,,,,,,,,,,,,1110.3,681.3,346.8,2,38.3,42,"Électricité","PAC air/eau installée entre 2008 et 2014","installation individuelle","Plancher chauffant sur réseau individuel eau chaude haute température(sup ou egal 65°C)","Installation de chauffage simple","PAC air/eau installée entre 2008 et 2014 (système individuel). Emetteur(s): plancher chauffant",3784.2,107.4,,,"PAC air/eau installée entre 2008 et 2014","Électricité","chauffage","Electrique - PAC air/eau installée entre 2008 et 2014",3784.2,,,,,,"installation individuelle","Soufflage d'air chaud (air soufflé) avec distribution par réseau aéraulique","Installation de chauffage simple","PAC air/air installée à partir de 2015 (système individuel)",178.9,5.6,,,"PAC air/air installée à partir de 2015","Électricité","chauffage","Electrique - PAC air/air installée à partir de 2015",178.9,,,,,,"Électricité","Ballon électrique à accumulation vertical Autres ou inconnue",,,"installation individuelle","Un seul système d'ECS sans solaire","Ballon électrique à accumulation vertical (autres catégorie ou inconnue), contenance ballon 200 L",2017.4,1,113,"Non affecté",,,,"Ballon électrique à accumulation vertical Autres ou inconnue","Électricité","ecs","Electrique - Ballon électrique à accumulation vertical (autres catégorie ou inconnue)",200,,2017.4,,,,,,,,,,,,0,"PAC air/air installée à partir de 2015","Électricité","A partir de 2015","Refroidissement - Electrique - Pompe à chaleur (divisé) - type split",5.6,11.3,"pompe à chaleur",,,,,0,
"2284E2972212D","2024-02-06","2022-12-06","2022-12-07","2022-12-08","2032-12-06",,,,,,"DPE 3CL 2021 méthode logement",2.2,"dpe maison individuelle","D","B","maison",,"avant 1948",,,3,,,2,,,,108,,"Moyenne","inférieur à 400m","H2d","147 chemin des bouisses 84220 Gordes","147","chemin des bouisses","Gordes","84220","84050","84","93","84050_0082_00147",874440.86,6311820.49,0.45,"adresse géocodée ban à l'adresse","147, Chemin des Bouisses","GORDES",84220,0,,,"2022-12-0010",,"insuffisant",1,1,0,0,0,480.1,5.4,188.1,69.8,53.7,0,55.3,107.8,"insuffisante","insuffisante",,"insuffisante",,"insuffisante","insuffisante",1.23,20111.7,1165.5,2282.1,2133.5,321.3,2963.5,1278.2,24104.4,223,16936.2,5327.9,742.2,490.1,608,10480.2,97,7363.6,2316.5,322.7,213.1,264.4,784.6,7,581.7,150.6,20.7,14.7,16.9,"Électricité",10480.2,7363.6,2316.5,1743.1,1224.7,385.3,784.6,581.7,150.6,,,,,,,,,,,,,,,,,,,,,1743.1,1224.7,385.3,53.7,35.4,44,"Électricité","PAC air/air installée à partir de 2015","installation individuelle","Soufflage d'air chaud (air soufflé) avec distribution par réseau aéraulique","Installation de chauffage simple","PAC air/air installée à partir de 2015 (système individuel)",7363.6,108,,,"PAC air/air installée à partir de 2015","Électricité","chauffage","Electrique - PAC air/air installée à partir de 2015",7363.6,,,,,,,,,,,,,,,,,,,,,,,,"Électricité","Ballon électrique à accumulation horizontal",,,"installation individuelle","Un seul système d'ECS sans solaire","Ballon électrique à accumulation horizontal, contenance ballon 200 L",2316.5,1,108,"Non affecté",,,,"Ballon électrique à accumulation horizontal","Électricité","ecs","Electrique - Ballon électrique à accumulation horizontal",200,,2316.5,,,,,,,,,,,,0,"PAC air/air installée à partir de 2015","Électricité","A partir de 2015","Refroidissement - Electrique - Pompe à chaleur (divisé) - type split",108,322.7,"pompe à chaleur",,,,,0,
"2284E2274222J","2024-02-06","2022-09-28","2022-10-02","2022-10-03","2032-10-01",,,,,,"DPE 3CL 2021 méthode logement",2.2,"dpe maison individuelle","C","A","maison",,"2006-2012",,,3.2,,,2,,,,214.2,,"Légère","inférieur à 400m","H2d","chemin des caquettes 84220 Gordes",,,"Gordes","84220","84050","84","93","84050_0104",876463.97,6315697.74,0.45,"adresse géocodée ban à l'adresse","Le clos des chênes
chemin des caquettes","GORDES",84220,0,,,"Lugaz_29_09_20220583",,"insuffisant",0,1,0,0,1,480.5,82.7,94,32.1,35.8,9.5,61.1,165.4,"bonne","bonne","bonne",,,"bonne","bonne",0.5,16123.6,1621.4,5441.9,4292086.4,1718170.2,10020318.7,4038315.6,25722.7,120,20745.7,1604.7,1824.3,971.9,576.1,14892.8,69,12728.9,697.7,793.2,422.6,250.5,825.3,3,684,45.4,50.8,29.2,16,"Électricité",8330.7,6166.8,697.7,1404.8,1039.9,117.7,628.5,487.2,45.4,"Bois – Bûches",6562.1,6562.1,0,210.1,210.1,0,196.9,196.9,0,,,,,,,,,,,1614.9,1250,117.7,133.8,71.3,42.2,"Bois – Bûches","PAC air/air installée entre 2008 et 2014","installation individuelle","Poêle bois","Installation de chauffage avec insert ou poêle bois en appoint","PAC air/air installée entre 2008 et 2014 avec en appoint un insert installé de 2007 à 2017 avec label flamme verte avec programmateur sans réduit (système individuel)",12728.9,214.2,,,"insert installé installé de 2007 à 2017 avec label flamme verte","Bois – Bûches","chauffage","Bois - Insert installé de 2007 à 2017 avec label flamme verte",6562.1,"PAC air/air installée entre 2008 et 2014","Électricité","chauffage","Electrique - PAC air/air installée entre 2008 et 2014",6166.8,,,,,,,,,,,,,,,,,,,"Électricité","CET sur air ambiant (sur local non chauffé) après 2014",,,"installation individuelle","Un seul système d'ECS sans solaire","Chauffe-eau thermodynamique sur air ambiant (sur local non chauffé) installé à partir de 2015, contenance ballon 270 L",697.7,1,214.2,"Non affecté",,,,"CET sur air ambiant (sur local non chauffé) après 2014","Électricité","ecs","Electrique - Chauffe-eau thermodynamique sur air ambiant (sur local non chauffé) installé à partir de 2015",270,2.8,697.7,"A partir de 2015",,,,,,,,,,,0,"PAC air/air installée entre 2008 et 2014","Électricité","2008-2014","Refroidissement - Electrique - Pompe à chaleur air/air",214.2,793.2,"Il existe plusieurs descriptifs ENR",,,,,0,
"2284E1741184X","2024-12-30","2022-07-20","2022-07-28","2022-07-29","2032-07-27",,,"MY15A5QAJCBA",,,"DPE 3CL 2021 méthode logement",2.1,"dpe maison individuelle","F","F","maison",,"avant 1948",,,2.5,,,2,,,,103,,"Très lourde","inférieur à 400m","H2d","44 Chemin des Bouisses 84220 Gordes","44","Chemin des Bouisses","Gordes","84220","84050","84","93","84050_0082_00044",874392.76,6311912.21,0.45,"adresse géocodée ban à l'adresse","44, Chemin des Bouisses
Les Imberts","GORDES",84220,0,,,"2022-07-0069",,"insuffisant",1,1,0,1,0,613.7,24.9,137.5,154,81.4,23,65.3,127.6,"insuffisante","insuffisante",,"insuffisante",,"insuffisante","insuffisante",1.63,27122.6,1144,0,2051017.8,0,3063790.5,0,39541.2,383,36619.2,1793.5,0,467.4,661,38903.4,377,36619.2,1793.5,0,203.2,287.4,9175.3,89,8561.8,581.1,0,14,18.4,"Fioul domestique",27178.5,25384.9,1793.5,2484.7,2320.7,164,8805.8,8224.7,581.1,"Bois – Bûches",11234.3,11234.3,0,359.6,359.6,0,337,337,0,"Électricité",490.6,0,0,142.3,0,0,32.4,0,0,2986.6,2680.3,164,0,59,83.4,"Fioul domestique","Chaudière fioul à condensation 1996-2015","installation individuelle","Radiateur monotube sans robinet thermostatique sur réseau individuel eau chaude haute température(sup ou egal 65°C)","Installation de chauffage avec insert ou poêle bois en appoint","Chaudière individuelle fioul à condensation installée entre 1996 et 2015 avec en appoint un insert installé entre 1990 et 2004. Emetteur(s): radiateur monotube sans robinet thermostatique",36619.2,103,,,"Chaudière fioul à condensation 1996-2015","Fioul domestique","chauffage + ecs","Fioul - Chaudière fioul à condensation installée entre 1996 et 2015",25384.9,"insert installé entre 1990 et 2004","Bois – Bûches","chauffage","Bois - Insert installé entre 1990 et 2004",11234.3,,,,,,,,,,,,,,,,,,,"Fioul domestique","Chaudière fioul à condensation 1996-2015",,,"installation individuelle","Un seul système d'ECS sans solaire","Combiné au système de chauffage",1793.5,1,103,"Non affecté",,,,"Chaudière fioul à condensation 1996-2015","Fioul domestique","chauffage + ecs","Fioul - Chaudière fioul à condensation installée entre 1996 et 2015",0,,1793.5,,,,,,,,,,,,0,,,,,,,"chauffage au bois",,,,,0,
"2284E2752572L","2024-12-30","2022-11-14","2022-11-19","2022-11-20","2032-11-18",,,"3TT9ZA8SQNN3",,,"DPE 3CL 2021 méthode logement",2.2,"dpe maison individuelle","E","B","maison",,"1978-1982",,,2.5,,,2,,,,282.3,,"Légère","inférieur à 400m","H2d","205 Chemin des Garrigues 84220 Gordes","205","Chemin des Garrigues","Gordes","84220","84050","84","93","84050_0301_00205",876308,6313640.15,0.5,"adresse géocodée ban à l'adresse","205 chemin des Garrigues","GORDES",84220,0,,,"22/11/2228",,"moyen",1,1,0,0,1,850.2,36.5,216.9,114.7,56.1,13.3,130.6,282,"moyenne","moyenne","insuffisante",,,"insuffisante","insuffisante",0.7,35729.6,1914.2,0,5534.1,0,6810.2,0,84199.7,298,73293.4,9625.1,0,1281.2,0,47545.2,168,42803.3,4184.8,0,557,0,2743.8,9,2433.3,272,0,38.4,0,"Électricité",28195.8,23453.9,4184.8,4564.2,3796.6,677.4,2163.3,1852.9,272,"Bois – Bûches",19349.5,19349.5,0,619.4,619.4,0,580.5,580.5,0,,,,,,,,,,,5183.6,4416,677.4,0,90.2,0,"Électricité","Convecteur électrique NFC, NF** et NF***","installation individuelle","Convecteur électrique NFC, NF** et NF***","Installation de chauffage avec insert ou poêle bois en appoint","Convecteur électrique NFC, NF** et NF*** avec en appoint un insert installé avant 1990 (système individuel)",42803.3,282.3,,,"Convecteur électrique NFC, NF** et NF***","Électricité","chauffage","Electrique - Convecteur électrique NFC, NF** et NF***",23453.9,"insert installé avant 1990","Bois – Bûches","chauffage","Bois - Insert installé avant 1990",19349.5,,,,,,,,,,,,,,,,,,,"Électricité","Ballon électrique à accumulation vertical Autres ou inconnue",,,"installation individuelle","Un seul système d'ECS sans solaire","Ballon électrique à accumulation vertical (autres catégorie ou inconnue), contenance ballon 300 L",1749.4,1,94.1,"Non affecté",,,,"Ballon électrique à accumulation vertical Autres ou inconnue","Électricité","ecs","Electrique - Ballon électrique à accumulation vertical (autres catégorie ou inconnue)",300,,1749.4,,,,,,,,,,,,0,,,,,,,"chauffage au bois",,,,,0,
"2284E1684407E","2024-02-06","2022-07-05","2022-07-22","2022-07-23","2032-07-21",,,,,,"DPE 3CL 2021 méthode logement",2.1,"dpe maison individuelle","F","C","maison",,"avant 1948",,,2.5,,,3,,,,205,,"Moyenne","inférieur à 400m","H2d","Chemin des Gros 84220 Gordes",,,"Gordes","84220","84050","84","93","84050_0340",875507.73,6311008.53,0.52,"adresse géocodée ban à l'adresse","Hameau des Gros","GORDES",84220,0,,,"2022-06-0251",,"insuffisant",0,1,0,0,1,896.7,36.6,490,17.8,39.5,7,63.5,242.3,"insuffisante","insuffisante","bonne",,,"insuffisante","moyenne",1.45,40500.6,1582.1,3876,3732896.2,562089.3,2755175.3,2069177.1,80234.8,391,72333.6,6358.3,331.6,930.3,280.9,34884.7,170,31449.4,2764.5,144.2,404.5,122.1,2709.1,13,2484.5,179.7,9.2,27.9,7.8,"Électricité",34884.7,31449.4,2764.5,5633.7,5078.9,446.5,2709.1,2484.5,179.7,,,,,,,,,,,,,,,,,,,,,5633.7,5078.9,446.5,23.3,65.3,19.7,"Électricité","Convecteur électrique NFC, NF** et NF***","installation individuelle","Convecteur électrique NFC, NF** et NF***","Installation de chauffage simple","Convecteur électrique NFC, NF** et NF*** (système individuel)",28643.5,174.5,,,"Convecteur électrique NFC, NF** et NF***","Électricité","chauffage","Electrique - Convecteur électrique NFC, NF** et NF***",28643.5,,,,,,"installation individuelle","Soufflage d'air chaud (air soufflé) avec distribution par réseau aéraulique","Installation de chauffage simple","PAC air/air installée entre 2008 et 2014 (système individuel)",2805.9,30.5,,,"PAC air/air installée entre 2008 et 2014","Électricité","chauffage","Electrique - PAC air/air installée entre 2008 et 2014",2805.9,,,,,,"Électricité","Ballon électrique à accumulation vertical Autres ou inconnue",,,"installation individuelle","Un seul système d'ECS sans solaire","Ballon électrique à accumulation vertical (autres catégorie ou inconnue), contenance ballon 300 L",2764.5,1,205,"Non affecté",,,,"Ballon électrique à accumulation vertical Autres ou inconnue","Électricité","ecs","Electrique - Ballon électrique à accumulation vertical (autres catégorie ou inconnue)",300,,2764.5,,,,,,,,,,,,0,"PAC air/air installée avant 2008","Électricité","Avant 2008","Refroidissement - Electrique - Pompe à chaleur (divisé) - type split",30.5,144.2,"pompe à chaleur",,,,,0,
"2284E2202615G","2024-12-30","2022-09-22","2022-09-25","2022-09-26","2032-09-24",,,"16W1XFB2Z2W6",,,"DPE 3CL 2021 méthode logement",2.2,"dpe appartement individuel","D","B","appartement",1900,"avant 1948","individuel","individuel",2.6,,,2,,,,76.8,,"Légère","inférieur à 400m","H2d","1224 Avenue Justin Bonfils 84220 Gordes","1224","Avenue Justin Bonfils","Gordes","84220","84050","84","93","84050_0460_01224",875738.28,6312818.86,0.53,"adresse géocodée ban à l'adresse","Justin Bonfils","GORDES",84220,,,"Quartier la lauze",,"1 A","bon",0,0,0,0,1,170.9,44.7,26.5,3.6,15.4,8.4,16.2,56.1,"moyenne","bonne",,"très bonne",,"bonne","moyenne",0.78,6046.3,1163.5,0,1862671.9,0,2157796.6,0,19098.7,248.6,12902.1,4780.3,0,348.6,1067.8,8303.8,108.1,5609.6,2078.4,0,151.6,464.3,618.3,8,443.2,135.1,0,10.5,29.7,"Électricité",8303.8,5609.6,2078.4,1401,946,351,618.4,443.2,135.1,,,,,,,,,,,,,,,,,,,,,1401,946,351,0,26,78,"Électricité","Convecteur électrique NFC, NF** et NF***","installation individuelle","Convecteur électrique NFC, NF** et NF***","Installation de chauffage simple","Chauffage sans solaire",5609.6,76.8,,,"Convecteur électrique NFC, NF** et NF***","Électricité","chauffage","Convecteur électrique NF***",5609.6,,,,,,,,,,,,,,,,,,,,,,,,"Électricité","Ballon électrique à accumulation vertical Autres ou inconnue",,,"installation individuelle","Un seul système d'ECS sans solaire","Chauffe-eau vertical",2078.4,1,76.8,"Non affecté",,,,"Ballon électrique à accumulation vertical Autres ou inconnue","Électricité","ecs","Chauffe-eau vertical",200,,2078.4,,,,,,,,,,,,0,,,,,,,,,,,,0,
"2284E2491820N","2024-02-06","2022-10-05","2022-10-06","2022-10-24","2032-10-05",,,,,,"DPE 3CL 2021 méthode logement",2.2,"dpe maison individuelle","D","B","maison",1800,"avant 1948",,,2.7,,,3,,,,300,,"Légère","inférieur à 400m","H2d","25 rue principale 84220 Gordes","25","rue principale","Gordes","84220","84050","84","93","84050_0720_00025",874238.8,6312166.55,0.75,"adresse géocodée ban à l'adresse","principale","GORDES",84220,,,"Les Imberts",,,"bon",0,1,0,0,1,910.4,100.4,285.9,52.2,38.6,7.9,151.5,273.8,"insuffisante","insuffisante","insuffisante","bonne",,"bonne","insuffisante",1.39,38147.3,1990.2,6128.7,5856492.9,2344419.6,7845383,3889377.1,72897.1,242.9,63562.9,7707,265.8,1361.5,0,31694.4,105.6,27636.1,3350.9,115.5,591.9,0,2448,8.1,2183.2,217.8,7.4,40.8,0,"Électricité",31694.4,27636.1,3350.9,5125,4468,542,2449.3,2183.2,217.8,,,,,,,,,,,,,,,,,,,,,5125,4468,542,19,96,0,"Électricité","radiateur électrique NFC, NF** et NF***","installation individuelle","radiateur électrique NFC, NF** et NF***","Installation de chauffage simple","Chauffage sans solaire",26220.2,260,,,"radiateur électrique NFC, NF** et NF***","Électricité","chauffage","Radiateur électrique NFC",26220.2,,,,,,"installation individuelle","Soufflage d'air chaud (air soufflé) avec distribution par fluide frigorigène","Installation de chauffage simple","Chauffage sans solaire",1415.8,40,,,"PAC air/air installée à partir de 2015","Électricité","chauffage","Pompe à chaleur Air/Air",1415.8,,,,,,"Électricité","Ballon électrique à accumulation vertical Autres ou inconnue",,,"installation individuelle","Un seul système d'ECS sans solaire","Chauffe-eau vertical",3350.9,1,300,"Non affecté",,,,"Ballon électrique à accumulation vertical Autres ou inconnue","Électricité","ecs","Chauffe-eau vertical",300,,3350.9,,,,,,,,,,,,0,"PAC air/air installée à partir de 2015","Électricité","A partir de 2015","Pac air / air",40,115.6,,,,,,0,
"2284E3012624L","2024-02-06","2022-12-11","2022-12-11","2022-12-12","2032-12-10",,,,,,"DPE 3CL 2021 méthode logement",2.2,"dpe maison individuelle","G","G","maison",,"1948-1974",,,2.5,,,1,,,,115,,"Lourde","inférieur à 400m","H2d","Rue du Four 84220 Gordes",,,"Gordes","84220","84050","84","93","84050_0282",876731.49,6314872.16,0.45,"adresse géocodée ban à l'adresse","Lieu-dit Carcarille","GORDES",84220,0,,,"2022-12-0091",,"insuffisant",0,1,0,1,1,656.9,49,282,72.3,57.1,14.3,64.1,118.2,"insuffisante","insuffisante","insuffisante",,,"insuffisante","insuffisante",1.46,29582.1,1195.6,0,2485.3,0,4261.6,0,42730.3,371,39327.5,1943.7,0,521.9,937.2,41905.6,364,39327.5,1943.7,0,226.9,407.5,13413.6,116,12742.1,629.7,0,15.7,26.1,"Fioul domestique",41271.2,39327.5,1943.7,3773,3595.3,177.7,13371.9,12742.1,629.7,"Électricité",634.4,0,0,184,0,0,41.7,0,0,,,,,,,,,,,3957,3595.3,177.7,0,65.8,118.2,"Fioul domestique","Chaudière fioul standard 1991-2015","installation individuelle","Radiateur monotube sans robinet thermostatique sur réseau individuel eau chaude haute température(sup ou egal 65°C)","Installation de chauffage simple","Chaudière individuelle fioul standard installée entre 1991 et 2015 régulée. Emetteur(s): radiateur monotube sans robinet thermostatique",39327.5,115,,,"Chaudière fioul standard 1991-2015","Fioul domestique","chauffage + ecs","Fioul - Chaudière fioul standard installée entre 1991 et 2015",39327.5,,,,,,,,,,,,,,,,,,,,,,,,"Fioul domestique","Chaudière fioul standard 1991-2015",,,"installation individuelle","Un seul système d'ECS sans solaire","Combiné au système de chauffage",1943.7,1,115,"Non affecté",,,,"Chaudière fioul standard 1991-2015","Fioul domestique","chauffage + ecs","Fioul - Chaudière fioul standard installée entre 1991 et 2015",0,,1943.7,,,,,,,,,,,,0,,,,,,,,,,,,0,
"2284E2618427A","2024-02-06","2022-10-24","2022-11-05","2022-11-06","2032-11-04",,,,,,"DPE 3CL 2021 méthode logement",2.2,"dpe maison individuelle","E","B","maison",,"avant 1948",,,2.5,,,2,,,,155,,"Lourde","inférieur à 400m","H2d","Rue de la Fontaine Basse 84220 Gordes",,,"Gordes","84220","84050","84","93","84050_0280",876580.26,6314814.25,0.37,"adresse géocodée ban à l'adresse","Chemin de la FONTAINE BASSE","GORDES",84220,0,,,"2022-10-0114-2",,"insuffisant",0,1,0,1,1,383.2,16.9,140.4,36.4,39.2,0,32.8,117.4,"moyenne","insuffisante","moyenne",,,"insuffisante","moyenne",0.84,16056.1,1367.4,0,2908446,0,924292.7,0,42400.4,273,34449,5938.3,0,703.4,1309.6,23575.3,152,20118.2,2581.9,0,305.8,569.4,1369.1,8,1143.7,167.8,0,21.1,36.4,"Électricité",14480.8,11023.7,2581.9,2372.6,1806.1,423,1096.2,870.9,167.8,"Bois – Bûches",9094.5,9094.5,0,291.1,291.1,0,272.8,272.8,0,,,,,,,,,,,2663.7,2097.2,423,0,50.1,93.3,"Électricité","Convecteur électrique NFC, NF** et NF***","installation individuelle","Convecteur électrique NFC, NF** et NF***","Installation de chauffage avec insert ou poêle bois en appoint","Convecteur électrique NFC, NF** et NF*** avec en appoint un poêle à bois (bûche) installé avant 1990 (système individuel)",20118.2,155,,,"Convecteur électrique NFC, NF** et NF***","Électricité","chauffage","Electrique - Convecteur électrique NFC, NF** et NF***",11023.7,"Poêle bûche installé avant 1990","Bois – Bûches","chauffage","Bois - Poêle à bois (bûche) installé avant 1990",9094.5,,,,,,,,,,,,,,,,,,,"Électricité","Ballon électrique à accumulation vertical Autres ou inconnue",,,"installation individuelle","Un seul système d'ECS sans solaire","Ballon électrique à accumulation vertical (autres catégorie ou inconnue), contenance ballon 150 L",1290.9,1,77.5,"Non affecté",,,,"Ballon électrique à accumulation vertical Autres ou inconnue","Électricité","ecs","Electrique - Ballon électrique à accumulation vertical (autres catégorie ou inconnue)",150,,1290.9,,,,,,,,,,,,0,,,,,,,"chauffage au bois",,,,,0,
"2284E1737740L","2024-02-06","2022-07-27","2022-07-28","2022-07-29","2032-07-27",,,,,,"DPE 3CL 2021 méthode logement",2.1,"dpe maison individuelle","D","B","maison",1985,"1983-1988",,,2.5,,,1,,,,122,,"Légère","inférieur à 400m","H2d","Route des Trois Soldats les Sauvestres de Veroncle 84220 Gordes",,,"Gordes","84220","84050","84","93","84050_ooq3rr",879078.97,6314890.33,0.3,"adresse géocodée ban à l'adresse","Quartier Les Sauvestres","GORDES",84220,,,,,,"moyen",1,0,0,0,1,339.7,7.3,88.4,12.8,39.4,13,66.4,112.5,"bonne","insuffisante",,"bonne",,"bonne","insuffisante",0.59,12131.5,1225.6,0,2612877.8,0,5474900.1,0,29670.5,243.2,22121.5,5685.7,0,553.7,1309.6,12900.2,105.7,9618,2472,0,240.7,569.4,973.6,7.9,759.8,160.7,0,16.6,36.4,"Électricité",12900.2,9618,2472,2124,1583,407,973.6,759.8,160.7,,,,,,,,,,,,,,,,,,,,,2124,1583,407,0,40,94,"Électricité","Panneau rayonnant électrique NFC, NF** et NF***","installation individuelle","Panneau rayonnant NFC, NF** et NF***","Installation de chauffage simple","Chauffage sans solaire",9618,122,,,"Panneau rayonnant électrique NFC, NF** et NF***","Électricité","chauffage","Panneau rayonnant électrique NFC",9618,,,,,,,,,,,,,,,,,,,,,,,,"Électricité","Ballon électrique à accumulation vertical Autres ou inconnue",,,"installation individuelle","Un seul système d'ECS sans solaire","Chauffe-eau vertical",2472,1,122,"Non affecté",,,,"Ballon électrique à accumulation vertical Autres ou inconnue","Électricité","ecs","Chauffe-eau vertical",300,,2472,,,,,,,,,,,,0,,,,,,,,,,,,0,
"2284E1565691E","2024-02-06","2022-07-04","2022-07-07","2022-07-08","2032-07-06",,,,,,"DPE 3CL 2021 méthode logement",2.1,"dpe maison individuelle","E","E","maison",,"1978-1982",,,2.5,,,2,,,,134,,"Légère","inférieur à 400m","H2d","531 Route de Goult 84220 Gordes","531","Route de Goult","Gordes","84220","84050","84","93","84050_0330_00531",878937.27,6314395.55,0.5,"adresse géocodée ban à l'adresse","531, Route de GOULT","GORDES",84220,0,,,"2022-07-0033",,"moyen",1,1,0,0,1,470.8,32,152.6,71,50.6,5.9,34.6,124.1,"moyenne","insuffisante","insuffisante",,,"insuffisante","moyenne",0.83,22334.1,1277.2,0,2831548.5,0,795950,0,36186.2,270,29959.5,4863,0,608.1,755.6,32666.8,243,29959.5,2114.4,0,264.4,328.5,6977.5,52,6800.8,137.4,0,18.2,21,"Gaz naturel",29959.5,29959.5,0,2187.3,2187.3,0,6800.8,6800.8,0,"Électricité",2707.3,0,2114.4,532.9,0,416.2,176.7,0,137.4,,,,,,,,,,,2720.1,2187.3,416.2,0,52,64.7,"Gaz naturel","Chaudière gaz à condensation 2001-2015","installation individuelle","Radiateur monotube sans robinet thermostatique sur réseau individuel eau chaude haute température(sup ou egal 65°C)","Installation de chauffage simple","Chaudière individuelle gaz à condensation. Emetteur(s): radiateur monotube sans robinet thermostatique",29959.5,134,,,"Chaudière gaz à condensation 2001-2015","Gaz naturel","chauffage","Gaz Naturel - Chaudière gaz à condensation installée entre 2001 et 2015",29959.5,,,,,,,,,,,,,,,,,,,,,,,,"Électricité","Ballon électrique à accumulation vertical Autres ou inconnue",,,"installation individuelle","Un seul système d'ECS sans solaire","Ballon électrique à accumulation vertical (autres catégorie ou inconnue), contenance ballon 200 L",2114.4,1,134,"Non affecté",,,,"Ballon électrique à accumulation vertical Autres ou inconnue","Électricité","ecs","Electrique - Ballon électrique à accumulation vertical (autres catégorie ou inconnue)",200,,2114.4,,,,,,,,,,,,0,,,,,,,,,,,,0,
"2284E2479623K","2024-02-06","2022-10-20","2022-10-21","2022-10-22","2032-10-20",,,,,,"DPE 3CL 2021 méthode logement",2.2,"dpe maison individuelle","D","D","maison",2000,"1989-2000",,,2.5,,,1,,,,155,,"Légère","inférieur à 400m","H2d","chemin des pourquiers 84220 Gordes",,,"Gordes","84220","84050","84","93","84050_0710",878812.18,6314310.98,0.47,"adresse géocodée ban à l'adresse","Les Pourquiers","GORDES",84220,0,,,"2022-10-0183",,"insuffisant",0,1,0,0,1,359.8,50.7,57.5,25.6,30.1,13.3,51,131.7,"bonne","bonne","bonne",,,"bonne","moyenne",0.56,14232.8,1367.4,2704.3,3214222.2,1286689.1,3578066.6,1671346.4,22199.2,143,18538.2,2103.4,402.9,703.4,451.3,21318.8,137,18538.2,2103.4,175.2,305.8,196.2,5069.1,32,4342.7,681.5,11.2,21.1,12.6,"Fioul domestique",14983,12879.5,2103.4,1369.7,1177.4,192.3,4854.5,4173,681.5,"Bois – Bûches",5658.6,5658.6,0,181.1,181.1,0,169.8,169.8,0,"Électricité",677.2,0,0,196.4,0,0,44.9,0,0,1747.3,1358.6,192.3,50.8,88.7,56.9,"Fioul domestique","Chaudière fioul basse température 1991-2015","installation individuelle","Poêle bois","Installation de chauffage avec insert ou poêle bois en appoint","Chaudière individuelle fioul basse température installée entre 1991 et 2015 avec en appoint un poêle à bois (bûche). Emetteur(s): plancher chauffant",18538.2,155,,,"Chaudière fioul basse température 1991-2015","Fioul domestique","chauffage + ecs","Fioul - Chaudière fioul basse température installée entre 1991 et 2015",12879.5,"Poêle bûche installé installé de 2007 à 2017 avec label flamme verte","Bois – Bûches","chauffage","Bois - Poêle à bois (bûche) installé de 2007 à 2017 avec label flamme verte",5658.6,,,,,,,,,,,,,,,,,,,"Fioul domestique","Chaudière fioul basse température 1991-2015",,,"installation individuelle","Un seul système d'ECS sans solaire","Combiné au système de chauffage",2103.4,1,155,"Non affecté",,,,"Chaudière fioul basse température 1991-2015","Fioul domestique","chauffage + ecs","Fioul - Chaudière fioul basse température installée entre 1991 et 2015",0,,2103.4,,,,,,,,,,,,0,"PAC air/air installée à partir de 2015","Électricité","A partir de 2015","Refroidissement - Electrique - Pompe à chaleur (divisé) - type split",71,175.2,"Il existe plusieurs descriptifs ENR",,,,,0,
"2284E2130371Q","2024-12-30","2022-09-13","2022-09-16","2022-09-17","2032-09-15",,,"BVXJDD249JRY",,,"DPE 3CL 2021 méthode logement",2.2,"dpe maison individuelle","G","C","maison",,"1948-1974",,,2.8,,,1,,,,56.8,,"Moyenne","inférieur à 400m","H2d","1566 route de la la badelle 84220 Gordes","1566","route de la la badelle","Gordes","84220","84050","84","93","84050_0034_01566",878421.96,6312079.95,0.51,"adresse géocodée ban à l'adresse","1566 route de la la badelle","GORDES, France",84220,0,,,"29558",,"moyen",1,0,0,0,1,334.5,41.7,150.2,19.6,31.5,6.5,30.2,54.8,"insuffisante","insuffisante",,,"insuffisante","insuffisante","insuffisante",1.47,14766.3,860.9,0,1378394.8,0,2328994.5,0,32467.3,571,27325.4,3574.3,0,258,1309.6,18256.5,321,16020.9,1554,0,112.2,569.4,1051.9,18,906.7,101,0,7.7,36.4,"Électricité",10931.4,8695.8,1554,1814.1,1443.1,257.9,832.2,687,101,"Bois – Bûches",7325.1,7325.1,0,234.5,234.5,0,219.8,219.8,0,,,,,,,,,,,2048.5,1677.5,257.9,0,18.6,94.5,"Électricité","Panneau rayonnant électrique NFC, NF** et NF***","installation individuelle","Poêle bois","Installation de chauffage avec insert ou poêle bois en appoint","Panneau rayonnant électrique NFC, NF** et NF*** avec en appoint un insert installé avant 1990 (système individuel)",16020.9,56.8,,,"Panneau rayonnant électrique NFC, NF** et NF***","Électricité","chauffage","Electrique - Panneau rayonnant électrique NFC, NF** et NF***",8695.8,"insert installé avant 1990","Bois – Bûches","chauffage","Bois - Insert installé avant 1990",7325.1,,,,,,,,,,,,,,,,,,,"Électricité","Ballon électrique à accumulation horizontal",,,"installation individuelle","Un seul système d'ECS sans solaire","Ballon électrique à accumulation horizontal, contenance ballon 100 L",1554,1,56.8,"Non affecté",,,,"Ballon électrique à accumulation horizontal","Électricité","ecs","Electrique - Ballon électrique à accumulation horizontal",100,,1554,,,,,,,,,,,,0,,,,,,,"chauffage au bois",,,,,0,
"2284E1536913I","2024-02-06","2022-06-28","2022-07-05","2022-07-06","2032-07-04",,,,,,"DPE 3CL 2021 méthode logement",2.1,"dpe appartement individuel","F","F","appartement",,"avant 1948","individuel","individuel",2.5,1,,1,,,,129.9,,"Moyenne","inférieur à 400m","H2d","Rue Porte de Savoie 84220 Gordes",,,"Gordes","84220","84050","84","93","84050_0698",876676.43,6314849.5,0.42,"adresse géocodée ban à l'adresse","Rue Porte de Savoie","GORDES",84220,0,,,"2022-06-0157",,"insuffisant",0,0,0,0,0,449.8,25.4,137,20,46.8,18.6,63.4,138.6,"insuffisante","insuffisante",,,"insuffisante","insuffisante","insuffisante",1.39,19645.1,1482.8,0,2880816.6,0,2690259.9,0,37739.9,290,30378.5,3685.4,0,589.5,3086.5,35662.1,274,30378.5,3685.4,0,256.3,1341.9,11140.3,85,9842.6,1194.1,0,17.7,85.9,"Fioul domestique",34063.9,30378.5,3685.4,3114.1,2777.2,336.9,11036.7,9842.6,1194.1,"Électricité",1598.3,0,0,373.8,0,0,103.6,0,0,,,,,,,,,,,3487.9,2777.2,336.9,0,59.9,313.9,"Fioul domestique","Chaudière fioul classique avant 1970","installation individuelle","Radiateur monotube avec robinet thermostatique sur réseau individuel eau chaude haute température(sup ou egal 65°C)","Installation de chauffage simple","Chaudière individuelle fioul. Emetteur(s): radiateur monotube avec robinet thermostatique",30378.5,129.9,,,"Chaudière fioul classique avant 1970","Fioul domestique","chauffage + ecs","Fioul - Chaudière fioul classique installée avant 1970",30378.5,,,,,,,,,,,,,,,,,,,,,,,,"Fioul domestique","Chaudière fioul classique avant 1970",,,"installation individuelle","Un seul système d'ECS sans solaire","Combiné au système de chauffage",3685.4,1,129.9,"Non affecté",,,,"Chaudière fioul classique avant 1970","Fioul domestique","chauffage + ecs","Fioul - Chaudière fioul classique installée avant 1970",0,,3685.4,,,,,,,,,,,,0,,,,,,,,,,,,0,
"2284E1928591W","2024-02-06","2022-08-25","2022-08-27","2022-08-28","2032-08-26",,,,,,"DPE 3CL 2021 méthode logement",2.2,"dpe maison individuelle","E","B","maison",,"1978-1982",,,2.9,,,2,,,,240.8,,"Légère","inférieur à 400m","H2d","470 Chemin de Gaumaud 84220 Gordes","470","Chemin de Gaumaud","Gordes","84220","84050","84","93","84050_0325_00470",876141.51,6314815.72,0.48,"adresse géocodée ban à l'adresse","470, Chemin de Gaumaud","GORDES",84220,0,,,"2022-08-0161",,"insuffisant",0,1,0,0,1,700.6,72.8,190.8,69.5,59.3,2.9,100,205.3,"moyenne","insuffisante","insuffisante",,,"insuffisante","moyenne",0.81,28187.5,1735.9,4135.4,4777717.5,1912573.8,6852088.2,2414324.8,66907.2,277,56364.8,9202.7,246.9,1092.8,0,35377,146,30793.4,4001.2,107.3,475.1,0,2187.4,9,1887.6,260.1,6.9,32.8,0,"Électricité",24253.9,19670.3,4001.2,3934,3190.5,649,1853.7,1554,260.1,"Bois – Bûches",11123.1,11123.1,0,356.1,356.1,0,333.7,333.7,0,,,,,,,,,,,4290,3546.6,649,17.4,77.1,0,"Électricité","Radiateur électrique à accumulation","installation individuelle","Radiateur électrique à accumulation","Installation de chauffage avec insert ou poêle bois en appoint","Radiateur électrique à accumulation avec en appoint un poêle à bois (bûche) installé de 2007 à 2017 avec label flamme verte (système individuel)",30793.4,240.8,,,"Radiateur électrique à accumulation","Électricité","chauffage","Electrique - Radiateur électrique à accumulation",19670.3,"Poêle bûche installé installé de 2007 à 2017 avec label flamme verte","Bois – Bûches","chauffage","Bois - Poêle à bois (bûche) installé de 2007 à 2017 avec label flamme verte",11123.1,,,,,,,,,,,,,,,,,,,"Électricité","Ballon électrique à accumulation vertical Autres ou inconnue",,,"installation individuelle","Un seul système d'ECS sans solaire","Ballon électrique à accumulation vertical (autres catégorie ou inconnue), contenance ballon 300 L",1685.5,1,80.3,"Non affecté",,,,"Ballon électrique à accumulation vertical Autres ou inconnue","Électricité","ecs","Electrique - Ballon électrique à accumulation vertical (autres catégorie ou inconnue)",300,,1685.5,,,,,,,,,,,,0,"PAC air/air installée avant 2008","Électricité","Avant 2008","Refroidissement - Electrique - Pompe à chaleur air/air",25,107.3,"Il existe plusieurs descriptifs ENR",,,,,0,
"2284E2768389U","2024-12-30","2022-11-20","2022-11-20","2022-11-21","2032-11-19",,,"4TCDE597G6HB",,,"DPE 3CL 2021 méthode logement",2.2,"dpe maison individuelle","D","B","maison",1987,"1983-1988",,,2.5,,,2,,,,305,,"Légère","inférieur à 400m","H2d","2946 route des trois soldats 84220 Gordes","2946","route des trois soldats","Gordes","84220","84050","84","93","84050_0880_02946",878359.28,6314828.69,0.51,"adresse géocodée ban à l'adresse","2946, Route des trois soldats
Quartier les Gervais","GORDES",84220,0,,,"2022-11-0086",,"insuffisant",0,0,0,0,1,808.3,70.5,190.6,90.3,74.6,5.7,115.6,260.9,"moyenne","insuffisante",,"bonne",,"moyenne","moyenne",0.69,31463.2,2011.7,0,5947.6,0,9239.5,0,63505.2,208,51365.6,10755.4,0,1384.2,0,38803,127,33524.9,4676.3,0,601.8,0,2023.7,6,1678.2,304,0,41.5,0,"Bois – Granulés (pellets) ou briquettes",19801.3,19801.3,0,1186.3,1186.3,0,594,594,0,"Électricité",19001.7,13723.6,4676.3,3094.2,2234.7,761.5,1429.6,1084.2,304,,,,,,,,,,,4280.5,3421,761.5,0,98,0,"Bois – Granulés (pellets) ou briquettes","Poêle à granulés flamme verte installé à partir de 2020","installation individuelle","Poêle bois","Installation de chauffage simple","Poêle à granulés flamme verte installé à partir de 2020 (système individuel)",19801.3,152,,,"Poêle à granulés flamme verte installé à partir de 2020","Bois – Granulés (pellets) ou briquettes","chauffage","Bois - Poêle à granulés flamme verte installé à partir de 2020",19801.3,,,,,,"installation individuelle","radiateur électrique NFC, NF** et NF***","Installation de chauffage simple","Radiateur électrique NFC, NF** et NF*** (système individuel)",7534.5,84,,,"radiateur électrique NFC, NF** et NF***","Électricité","chauffage","Electrique - Radiateur électrique NFC, NF** et NF***",7534.5,,,,,,"Électricité","Ballon électrique à accumulation vertical Autres ou inconnue",,,"installation individuelle","Un seul système d'ECS sans solaire","Ballon électrique à accumulation vertical (autres catégorie ou inconnue), contenance ballon 200 L",1281.8,1,76.3,"Non affecté",,,,"Ballon électrique à accumulation vertical Autres ou inconnue","Électricité","ecs","Electrique - Ballon électrique à accumulation vertical (autres catégorie ou inconnue)",200,,1281.8,,,,,,,,,,,,0,,,,,,,"chauffage au bois",,,,,0,
"2284E2268775W","2024-12-30","2022-09-26","2022-10-01","2022-10-02","2032-09-30",,,"PEXN45X5N8R5",,,"DPE 3CL 2021 méthode logement",2.2,"dpe maison individuelle","E","B","maison",,"avant 1948",,,2.5,,,2,,,,149,,"Légère","inférieur à 400m","H2d","1266 route des moines 84220 Gordes","1266","route des moines","Gordes","84220","84050","84","93","84050_0565_01266",876305.74,6314016.37,0.5,"adresse géocodée ban à l'adresse","1266, Route de Moines","GORDES",84220,0,,,"2022-09-0147",,"insuffisant",0,1,0,0,1,402.3,8.7,151.2,17.1,47.2,8,40.4,129.8,"moyenne","insuffisante","bonne",,,"insuffisante","moyenne",0.77,16635.3,1341.6,0,2809512,0,1992557.4,0,38901,261,33202.4,5022.4,0,676.2,0,16913.5,113,14435.8,2183.6,0,294,0,1302.7,8,1140.4,141.9,0,20.3,0,"Électricité",16913.5,14435.8,2183.6,2760.3,2355.9,356.4,1302.7,1140.4,141.9,,,,,,,,,,,,,,,,,,,,,2760.3,2355.9,356.4,0,48,0,"Électricité","radiateur électrique NFC, NF** et NF***","installation individuelle","radiateur électrique NFC, NF** et NF***","Installation de chauffage simple","Radiateur électrique NFC, NF** et NF*** (système individuel)",14435.8,149,,,"radiateur électrique NFC, NF** et NF***","Électricité","chauffage","Electrique - Radiateur électrique NFC, NF** et NF***",14435.8,,,,,,,,,,,,,,,,,,,,,,,,"Électricité","Ballon électrique à accumulation vertical Autres ou inconnue",,,"installation individuelle","Un seul système d'ECS sans solaire","Ballon électrique à accumulation vertical (autres catégorie ou inconnue), contenance ballon 200 L",2183.6,1,149,"Non affecté",,,,"Ballon électrique à accumulation vertical Autres ou inconnue","Électricité","ecs","Electrique - Ballon électrique à accumulation vertical (autres catégorie ou inconnue)",200,,2183.6,,,,,,,,,,,,0,,,,,,,,,,,,0,
"2284E2581022J","2024-02-06","2022-10-25","2022-10-25","2022-11-02","2032-10-24",,,,,,"DPE 3CL 2021 méthode logement",2.2,"dpe maison individuelle","E","B","maison",1996,"1989-2000",,,2.5,,,1,,,,46.1,,"Légère","inférieur à 400m","H2d","Route de Senanque 84220 Gordes",,"Route de Senanque","Gordes","84220","84050","84","93","84050_0810",876255.47,6315731.85,0.52,"adresse non géocodée ban car aucune correspondance trouvée","Route de Sénanque Les Bastidons N°15","GORDES",84220,,,,,,"moyen",1,1,1,0,1,160.9,20.6,20.1,5.8,16.7,7.1,22.9,67.7,"insuffisante","moyenne",,,,"bonne","insuffisante",0.59,4925,746,0,1145117,0,2368297.5,0,11941.9,258.8,9709.6,2022.9,0,209.4,0,5192.1,112.5,4221.5,879.5,0,91,0,396.8,8.5,7.2,1.5,0,0.2,0,"Électricité",5192.1,4221.5,879.5,911,741,154,8.9,7.2,1.5,,,,,,,,,,,,,,,,,,,,,911,741,154,0,16,911,"Électricité","Panneau rayonnant électrique NFC, NF** et NF***","installation individuelle","Panneau rayonnant NFC, NF** et NF***","Installation de chauffage simple","Installation de chauffage seul classique",4221.5,46.1,,,"Panneau rayonnant électrique NFC, NF** et NF***","Électricité","chauffage","Générateur 1",4221.5,,,,,,,,,,,,,,,,,,,,,,,,"Électricité","Ballon électrique à accumulation vertical Autres ou inconnue",,,"installation individuelle","Un seul système d'ECS sans solaire","Installation ECS 1",879.5,1,46.1,"Non affecté",,,,"Ballon électrique à accumulation vertical Autres ou inconnue","Électricité","ecs","Générateur Ecs 1",15,,879.5,,,,,,,,,,,,0,,,,,,,,,,,,0,
"2384E4058556Q","2024-12-12","2023-11-21","2023-11-27","2023-11-28","2033-11-26",,,"F4H5M4WSGMMF",,,"DPE 3CL 2021 méthode logement",2.3,"dpe maison individuelle","D","B","maison",,"avant 1948",,,2.5,,,1,,,,58.5,,"Très lourde","inférieur à 400m","H2d","12 rue principale 84220 Gordes","12","rue principale","Gordes","84220","84050","84","93","84050_0720_00012",874227.69,6312178.69,0.45,"adresse géocodée ban à l'adresse","12, Rue principale 
Les Imberts
Appart URBAN","GORDES",84220,0,,,"2023-11-0083 Urban",,"insuffisant",0,1,0,1,0,227.6,35.1,119.3,0,0,2.1,22.6,48.5,"insuffisante","insuffisante",,"très bonne",,"très bonne","moyenne",2.33,10417.9,878.8,263.3,1280,192.7,62.1,52.2,13504.8,230,8918.7,3877.7,85.6,265.5,357.2,5871.7,100,3877.7,1686,37.2,115.4,155.3,436.2,7,306.3,109.6,2.4,8,9.9,"Électricité",5871.7,3877.7,1686,1017.9,672.2,292.3,436.2,306.3,109.6,,,,,,,,,,,,,,,,,,,,,1017.9,672.2,292.3,6.5,20,26.9,"Électricité","PAC air/air installée à partir de 2015","installation individuelle","Soufflage d'air chaud (air soufflé) avec distribution par réseau aéraulique","Installation de chauffage simple","PAC air/air installée à partir de 2015 (système individuel)",3877.7,58.5,,,"PAC air/air installée à partir de 2015","Électricité","chauffage","Electrique - PAC air/air sans réseau de distribution installée à partir de 2015",3877.7,,,,,,,,,,,,,,,,,,,,,,,,"Électricité","Ballon électrique à accumulation vertical Autres ou inconnue",,,"installation individuelle","Un seul système d'ECS sans solaire","Ballon électrique à accumulation vertical (autres catégorie ou inconnue), contenance ballon 200 L",1686,1,58.5,"Non affecté",,,,"Ballon électrique à accumulation vertical Autres ou inconnue","Électricité","ecs","Electrique - Ballon électrique à accumulation vertical (autres catégorie ou inconnue)",200,,1686,,,,,,,,,,,,0,"PAC air/air installée à partir de 2015","Électricité","A partir de 2015","Refroidissement - Electrique - Pompe à chaleur (divisé) - type split",58.5,37.2,"pompe à chaleur",,,,,0,
"2384E2656102C","2024-02-06","2023-08-03","2023-08-06","2023-08-07","2033-08-05",,,,,,"DPE 3CL 2021 méthode logement",2.3,"dpe maison individuelle","C","A","maison",2023,"après 2021",,,2.5,,,2,,,,131,,"Moyenne","inférieur à 400m","H2d","Che des Martins 84220 Gordes",,"Che des Martins","Gordes","84220","84050","84","93","84050_0545",876435.51,6310586.61,0.47,"adresse géocodée ban à l'adresse","Les Martins","GORDES",84220,0,,,"2023-08-0056",,"insuffisant",0,1,0,0,1,307.1,76.7,42.3,15.4,21.9,7.4,65.2,78.2,"bonne","très bonne",,"très bonne",,"très bonne","moyenne",0.53,10134.5,1264.3,2941.7,2776.9,378.4,5381,2029.2,15885.7,121,9001.5,4831.2,956.7,594.5,501.9,6906.8,52,3913.7,2100.5,416,258.5,218.2,504.1,3,309.2,136.5,26.6,17.8,14,"Électricité",6906.8,3913.7,2100.5,1180.8,669.1,359.1,504.1,309.2,136.5,,,,,,,,,,,,,,,,,,,,,1180.8,669.1,359.1,71.1,44.2,37.3,"Électricité","PAC air/air installée à partir de 2015","installation individuelle","Soufflage d'air chaud (air soufflé) avec distribution par réseau aéraulique","Installation de chauffage simple","PAC air/air installée à partir de 2015 (système individuel)",3913.7,131,,,"PAC air/air installée à partir de 2015","Électricité","chauffage","Electrique - PAC air/air sans réseau de distribution installée à partir de 2015",3913.7,,,,,,,,,,,,,,,,,,,,,,,,"Électricité","Ballon électrique à accumulation vertical Autres ou inconnue",,,"installation individuelle","Un seul système d'ECS sans solaire","Ballon électrique à accumulation vertical (autres catégorie ou inconnue), contenance ballon 200 L",2100.5,1,131,"Non affecté",,,,"Ballon électrique à accumulation vertical Autres ou inconnue","Électricité","ecs","Electrique - Ballon électrique à accumulation vertical (autres catégorie ou inconnue)",200,,2100.5,,,,,,,,,,,,0,"PAC air/air installée à partir de 2015","Électricité","A partir de 2015","Refroidissement - Electrique - Pompe à chaleur air/air",131,416,"pompe à chaleur",,,,,0,
"2384E2449472U","2024-02-06","2023-07-17","2023-07-19","2023-07-20","2033-07-18",,,,,,"DPE 3CL 2021 méthode logement",2.3,"dpe maison individuelle","D","B","maison",2009,"2006-2012",,,2.5,,,1,,,,66,,"Moyenne","inférieur à 400m","H2d","176 chemin des beaumonnes 84220 Gordes","176","chemin des beaumonnes","Gordes","84220","84050","84","93","84050_0065_00176",875873.73,6310980.43,0.46,"adresse géocodée ban à l'adresse","176 CHEMIN DES BEAUMONNES
MAISON 3","GORDES",84220,0,,,"23/BASCHET/0373",,"moyen",1,1,0,0,1,179.7,3.9,32,13.2,41.3,0,35.2,54.1,"bonne","moyenne","bonne",,,"insuffisante","bonne",0.55,5490.5,959.3,0,1578.1,0,4078.1,0,14120.9,213,10948.7,2872.7,0,299.5,0,6139.5,93,4760.3,1249,0,130.2,0,466.2,7,376.1,81.2,0,9,0,"Électricité",6139.5,4760.3,1249,1060.1,821.9,215.7,466.2,376.1,81.2,,,,,,,,,,,,,,,,,,,,,1060.1,821.9,215.7,0,22.5,0,"Électricité","Panneau rayonnant électrique NFC, NF** et NF***","installation individuelle","Panneau rayonnant NFC, NF** et NF***","Installation de chauffage simple","Panneau rayonnant électrique NFC, NF** et NF*** (système individuel)",4760.3,66,,,"Panneau rayonnant électrique NFC, NF** et NF***","Électricité","chauffage","Electrique - Panneau rayonnant électrique NFC, NF** et NF***",4760.3,,,,,,,,,,,,,,,,,,,,,,,,"Électricité","Ballon électrique à accumulation vertical Catégorie B ou 2 étoiles",,,"installation individuelle","Un seul système d'ECS sans solaire","Ballon électrique à accumulation vertical (catégorie B ou 2 étoiles), contenance ballon 50 L",1249,1,66,"Non affecté",,,,"Ballon électrique à accumulation vertical Catégorie B ou 2 étoiles","Électricité","ecs","Electrique - Ballon électrique à accumulation vertical (catégorie B ou 2 étoiles)",50,,1249,,,,,,,,,,,,0,,,,,,,,,,,,0,
"2384E2566746I","2024-12-30","2023-07-24","2023-07-27","2023-07-28","2033-07-26",,,"MCTMNXDQDMW2",,,"DPE 3CL 2021 méthode logement",2.3,"dpe maison individuelle","G","C","maison",,"avant 1948",,,2.5,,,1,,,,46.6,,"Lourde","inférieur à 400m","H2d","1310 chemin de la croix des baux 84220 Gordes","1310","chemin de la croix des baux","Gordes","84220","84050","84","93","84050_0145_01310",874149.53,6313130.97,0.47,"adresse géocodée ban à l'adresse","1310, Chemin de la Croix des Baux","GORDES",84220,0,,,"2023-07-0155",,"insuffisant",0,0,0,1,0,388.1,26.1,185.2,75.4,21.5,2.6,11.4,65.8,"insuffisante","insuffisante","insuffisante",,,"insuffisante","insuffisante",1.78,18680.1,751,0,1045.3,0,505.8,0,35196.2,755,31941.8,3043,0,211.5,0,18800.9,403,17386,1323,0,91.9,0,1162.6,24,1070.2,86,0,6.3,0,"Électricité",12611.8,11196.8,1323,2078.5,1845.3,218,976.9,884.5,86,"Bois – Bûches",6189.2,6189.2,0,198.1,198.1,0,185.7,185.7,0,,,,,,,,,,,2276.6,2043.4,218,0,15.2,0,"Électricité","Panneau rayonnant électrique NFC, NF** et NF***","installation individuelle","Panneau rayonnant NFC, NF** et NF***","Installation de chauffage avec insert ou poêle bois en appoint","Panneau rayonnant électrique NFC, NF** et NF*** avec en appoint un poêle à bois (bûche) installé avant 1990 (système individuel)",13536.5,33.7,,,"Panneau rayonnant électrique NFC, NF** et NF***","Électricité","chauffage","Electrique - Panneau rayonnant électrique NFC, NF** et NF***",7347.3,"Poêle bûche installé avant 1990","Bois – Bûches","chauffage","Bois - Poêle à bois (bûche) installé avant 1990",6189.2,"installation individuelle","Convecteur électrique NFC, NF** et NF***","Installation de chauffage simple","Convecteur électrique NFC, NF** et NF*** (système individuel)",3849.5,13,,,"Convecteur électrique NFC, NF** et NF***","Électricité","chauffage","Electrique - Convecteur électrique NFC, NF** et NF***",3849.5,,,,,,"Électricité","Ballon électrique à accumulation vertical Autres ou inconnue",,,"installation individuelle","Un seul système d'ECS sans solaire","Ballon électrique à accumulation vertical (autres catégorie ou inconnue), contenance ballon 100 L",1323,1,46.6,"Non affecté",,,,"Ballon électrique à accumulation vertical Autres ou inconnue","Électricité","ecs","Electrique - Ballon électrique à accumulation vertical (autres catégorie ou inconnue)",100,,1323,,,,,,,,,,,,0,,,,,,,"chauffage au bois",,,,,0,
"2384E2312469L","2024-02-06","2023-07-06","2023-07-08","2023-07-09","2033-07-07",,,,,,"DPE 3CL 2021 méthode logement",2.2,"dpe maison individuelle","E","D","maison",,"avant 1948",,,2.5,,,1,,,,180,,"Moyenne","inférieur à 400m","H2d","route des trois soldats 84220 Gordes",,"route des trois soldats","Gordes","84220","84050","84","93","84050_0880",878429.29,6314836.67,0.51,"adresse géocodée ban à l'adresse","route des trois soldats","GORDES",84220,0,,,"9698 GRAILLE",,"insuffisant",0,0,0,0,1,708.9,22.1,361.2,21,37.8,11.9,55.8,199.1,"insuffisante","insuffisante",,"insuffisante",,"insuffisante","insuffisante",1.07,31646.9,1474.8,2724.1,3669.8,500,4003.5,1296.1,46748,259,39388.7,4870,548.2,816.9,1124.2,37354.6,207,34154.9,2117.4,238.4,355.2,488.8,7366,40,7157.3,137.6,15.3,24.5,31.3,"Gaz naturel",30128.9,30128.9,0,2198.3,2198.3,0,6839.3,6839.3,0,"Électricité",7225.7,4026,2117.4,1231,685.9,360.7,526.7,318.1,137.6,,,,,,,,,,,3429.3,2884.2,360.7,40.6,60.5,83.3,"Gaz naturel","Chaudière gaz à condensation 2001-2015","installation individuelle","Radiateur monotube sans robinet thermostatique sur réseau individuel eau chaude haute température(sup ou egal 65°C)","Installation de chauffage simple","Chaudière individuelle gaz à condensation installée entre 2001 et 2015 avec programmateur avec réduit. Emetteur(s): radiateur monotube sans robinet thermostatique",24468.3,110,,,"Chaudière gaz à condensation 2001-2015","Gaz naturel","chauffage","Gaz Naturel - Chaudière gaz à condensation installée entre 2001 et 2015",24468.3,,,,,,"installation individuelle","Radiateur gaz à ventouse ou sur conduit de fumée","Installation de chauffage simple","Radiateur à gaz indépendant ou autonome installé avant 2006 (système individuel)",5660.6,25.5,,,"radiateur à gaz indépendant ou autonome avant 2006","Gaz naturel","chauffage","Gaz Naturel - Radiateur à gaz indépendant ou autonome installé avant 2006",5660.6,,,,,,"Électricité","Ballon électrique à accumulation vertical Catégorie B ou 2 étoiles",,,"installation individuelle","Un seul système d'ECS sans solaire","Ballon électrique à accumulation vertical (catégorie B ou 2 étoiles), contenance ballon 150 L",2117.4,1,180,"Non affecté",,,,"Ballon électrique à accumulation vertical Catégorie B ou 2 étoiles","Électricité","ecs","Electrique - Ballon électrique à accumulation vertical (catégorie B ou 2 étoiles)",150,,2117.4,,,,,,,,,,,,0,"PAC air/air installée avant 2008","Électricité","Avant 2008","Refroidissement - Electrique - Pompe à chaleur air/air",63,238.4,"pompe à chaleur",,,,,0,
"2384E3193089L","2024-12-12","2023-09-24","2023-09-24","2023-09-25","2033-09-23",,,"NEX8REJN4WPA",,,"DPE 3CL 2021 méthode logement",2.3,"dpe maison individuelle","D","B","maison",2006,"2006-2012",,,2.8,,,2,,,,164,,"Lourde","inférieur à 400m","H2d","346 chemin de font-blanche 84220 Gordes","346","chemin de font-blanche","Gordes","84220","84050","84","93","84050_0284_00346",879093.09,6314726.1,0.53,"adresse géocodée ban à l'adresse","346, Chemin de Font blanche","GORDES",84220,0,,,"2023-09-0115",,"insuffisant",0,1,0,1,1,501.2,112.6,161.4,16.4,19.4,10,57.5,124,"insuffisante","insuffisante","bonne",,,"bonne","moyenne",0.89,21067.1,1406,0,3378.2,0,3278.9,0,40649.4,247,34723.4,5181.7,0,744.3,0,30482.9,185,27906.4,2252.9,0,323.6,0,1262.9,7,1094.1,146.4,0,22.3,0,"Bois – Bûches",22662.5,22662.5,0,725.4,725.4,0,679.9,679.9,0,"Électricité",7820.4,5243.9,2252.9,1324.5,888.2,381.6,583,414.3,146.4,,,,,,,,,,,2050,1613.6,381.6,0,54.8,0,"Bois – Bûches","Poêle bûche installé installé à partir de 2018 avec label flamme verte","installation individuelle","Poêle bois","Installation de chauffage simple","Poêle à bois (bûche) installé à partir de 2018 avec label flamme verte (système individuel)",22662.5,118,,,"Poêle bûche installé installé à partir de 2018 avec label flamme verte","Bois – Bûches","chauffage","Bois - Poêle à bois (bûche) installé à partir de 2018 avec label flamme verte",22662.5,,,,,,"installation individuelle","radiateur électrique NFC, NF** et NF***","Installation de chauffage simple","Radiateur électrique NFC, NF** et NF*** (système individuel)",5243.9,46,,,"radiateur électrique NFC, NF** et NF***","Électricité","chauffage","Electrique - Radiateur électrique NFC, NF** et NF***",5243.9,,,,,,"Électricité","Ballon électrique à accumulation vertical Autres ou inconnue",,,"installation individuelle","Un seul système d'ECS sans solaire","Ballon électrique à accumulation vertical (autres catégorie ou inconnue), contenance ballon 200 L",2252.9,1,164,"Non affecté",,,,"Ballon électrique à accumulation vertical Autres ou inconnue","Électricité","ecs","Electrique - Ballon électrique à accumulation vertical (autres catégorie ou inconnue)",200,,2252.9,,,,,,,,,,,,0,,,,,,,"chauffage au bois",,,,,0,
"2384E3760374C","2024-02-06","2023-11-05","2023-11-05","2023-11-06","2033-11-04",,,,,,"DPE 3CL 2021 méthode logement",2.3,"dpe maison individuelle","B","A","maison",,"1948-1974",,,2.5,,,3,,,,750,,"Moyenne","400-800m","H2d","1548 Route de Murs 84220 Gordes","1548","Route de Murs","Gordes","84220","84050","84","93","84050_0580_01548",877011.73,6316431.67,0.53,"adresse géocodée ban à l'adresse","1548, Route de Murs","GORDES",84220,0,,,"D/23/IMO/0665/M.P",,"insuffisant",0,0,0,0,1,1524.5,50.2,547,127.9,85.4,18.6,198.5,496.9,"insuffisante","insuffisante","bonne",,,"insuffisante","insuffisante",1.15,79986.4,4242.6,0,15821.9,0,9783.5,0,72956,97,52761,15481.7,0,3403.7,1309.6,31720,42,22939.6,6731.2,0,1479.9,569.4,2388.3,3,1812.2,437.5,0,102.1,36.4,"Électricité",31720,22939.6,6731.2,5127.7,3708.3,1088.1,2388.3,1812.2,437.5,,,,,,,,,,,,,,,,,,,,,5127.7,3708.3,1088.1,0,239.2,92,"Électricité","PAC air/air installée à partir de 2015","installation individuelle","Soufflage d'air chaud (air soufflé) avec distribution par fluide frigorigène","Installation de chauffage simple","PAC air/air sans réseau de distribution installée à partir de 2015 avec programmateur pièce par pièce (système individuel)",22939.6,750,,,"PAC air/air installée à partir de 2015","Électricité","chauffage","Electrique - PAC air/air sans réseau de distribution installée à partir de 2015",22939.6,,,,,,,,,,,,,,,,,,,,,,,,"Électricité","Chaudière électrique",,,"installation individuelle","Un seul système d'ECS sans solaire","Chaudière individuelle électrique, contenance ballon 400 L",6731.2,1,750,"Non affecté",,,,"Chaudière électrique","Électricité","ecs","Electrique - Chaudière électrique",400,,6731.2,,,,,,,,,,,,0,,,,,,,"pompe à chaleur",,,,,0,
"2384E3284516W","2024-02-06","2023-09-28","2023-10-01","2023-10-02","2033-09-30",,,,,,"DPE 3CL 2021 méthode logement",2.3,"dpe maison individuelle","D","B","maison",1900,"avant 1948",,,2.5,,,2,,,,210,,"Légère","inférieur à 400m","H2d","473 chemin des luquets 84220 Gordes","473","chemin des luquets","Gordes","84220","84050","84","93","84050_0525_00473",875616.22,6313862.17,0.58,"adresse géocodée ban à l'adresse","473 chemin des luquets","GORDES",84220,,,,,,"bon",0,1,0,0,1,786.5,218.8,200.4,23.1,86,3,83.6,171.5,"insuffisante","moyenne","très bonne",,,"moyenne","bonne",0.89,30755.6,1603.6,5906.3,3815341.2,574503.6,8184115.9,4093895.2,43643.5,207.8,32511.3,6948.7,1920.8,953,1309.6,23955.5,114.1,19115.4,3021.2,835.1,414.4,569.4,1392.3,6.6,1078.4,196.4,53.4,28.6,36.4,"Électricité",15144.6,10304.5,3021.2,2478,1686,494,1128.9,814.1,196.4,"Bois – Bûches",8811,8811,0,282,282,0,264.3,264.3,0,,,,,,,,,,,2760,1968,494,137,68,93,"Électricité","PAC air/air installée à partir de 2015","installation individuelle","Soufflage d'air chaud sans réseau de distribution (ventiloconvecteur éléctrique)","Installation de chauffage avec insert ou poêle bois en appoint","Avec insert ou poêle bois ou biomasse en appoint",13522.4,160,,,"Poêle bûche installé installé de 2007 à 2017 avec label flamme verte","Bois – Bûches","chauffage","Poêle bûche",8811,"PAC air/air installée à partir de 2015","Électricité","chauffage","Pompe à chaleur Air/Air",4711.4,"installation individuelle","Panneau rayonnant NFC, NF** et NF***","Installation de chauffage simple","Chauffage sans solaire",5593.1,50,,,"Panneau rayonnant électrique NFC, NF** et NF***","Électricité","chauffage","Panneau rayonnant électrique NF**",5593.1,,,,,,"Électricité","Ballon électrique à accumulation vertical Autres ou inconnue",,,"installation individuelle","Deux systèmes d'ECS dans une maison ou un appartement","Chauffe-eau vertical",1603.2,1,105,"Non affecté",,,,"Ballon électrique à accumulation vertical Autres ou inconnue","Électricité","ecs","Chauffe-eau vertical",200,,1603.2,,,,,,,,,,,,0,"PAC air/air installée à partir de 2015","Électricité","A partir de 2015","Pac air / air",210,835.2,"Il existe plusieurs descriptifs ENR",,,,,0,
"2384E2450900S","2024-02-06","2023-07-17","2023-07-19","2023-07-20","2033-07-18",,,,,,"DPE 3CL 2021 méthode logement",2.3,"dpe maison individuelle","E","D","maison",,"avant 1948",,,2.5,,,2,,,,185,,"Moyenne","inférieur à 400m","H2d","176 chemin des beaumonnes 84220 Gordes","176","chemin des beaumonnes","Gordes","84220","84050","84","93","84050_0065_00176",875873.73,6310980.43,0.46,"adresse géocodée ban à l'adresse","176 CHEMIN DES BEAUMONNES
MAISON 1","GORDES",84220,0,,,"23/BASCHET/0371",,"insuffisant",0,1,0,0,0,926.5,85.6,345.5,174.4,40.4,0,57.7,222.8,"insuffisante","insuffisante","insuffisante",,,"insuffisante","moyenne",1.53,42843.7,1496.2,3709,3760.9,512.4,4822.5,1988.1,56808.8,307,50816.4,2064.2,2132.7,839.6,956,54588.5,295,50816.4,2064.2,927.2,365,415.7,8854.2,47,8274.5,468.6,59.3,25.2,26.6,"Gaz naturel",36328.1,34263.9,2064.2,2603.3,2455.4,147.9,8246.5,7777.9,468.6,"Bois – Bûches",16552.5,16552.5,0,529.8,529.8,0,496.6,496.6,0,"Électricité",1707.9,0,0,389.2,0,0,111.1,0,0,3522.4,2985.2,147.9,211.3,83.2,94.7,"Gaz naturel","Chaudière gaz à condensation après 2015","installation individuelle","Poêle bois","Installation de chauffage avec insert ou poêle bois en appoint","Chaudière individuelle gaz à condensation installée à partir de 2016 avec en appoint un poêle à bois (bûche) installé à partir de 2005 sans label flamme verte régulée. Emetteur(s): radiateur monotube sans robinet thermostatique",50816.4,185,,,"Chaudière gaz à condensation après 2015","Gaz naturel","chauffage + ecs","Gaz Naturel - Chaudière gaz à condensation installée à partir de 2016",34263.9,"Poêle bûche installé à partir de 2005 sans label flamme verte","Bois – Bûches","chauffage","Bois - Poêle à bois (bûche) installé à partir de 2005 sans label flamme verte",16552.5,,,,,,,,,,,,,,,,,,,"Gaz naturel","Chaudière gaz à condensation après 2015",,,"installation individuelle","Un seul système d'ECS sans solaire","Combiné au système de chauffage",2064.2,1,185,"Non affecté",,,,"Chaudière gaz à condensation après 2015","Gaz naturel","chauffage + ecs","Gaz Naturel - Chaudière gaz à condensation installée à partir de 2016",0,,2064.2,,,,,,,,,,,,0,"PAC air/air installée avant 2008","Électricité","Avant 2008","Refroidissement - Electrique - Pompe à chaleur (divisé) - type split",185,927.2,"Il existe plusieurs descriptifs ENR",,,,,0,
"2384E4058252Y","2024-12-30","2023-11-21","2023-11-27","2023-11-28","2033-11-26",,,"F4H5M4WSGMMF",,,"DPE 3CL 2021 méthode logement",2.3,"dpe maison individuelle","D","B","maison",,"avant 1948",,,2.5,,,1,,,,70,,"Très lourde","inférieur à 400m","H2d","12 rue principale 84220 Gordes","12","rue principale","Gordes","84220","84050","84","93","84050_0720_00012",874227.69,6312178.69,0.45,"adresse géocodée ban à l'adresse","12, Rue principale 
Les Imberts","GORDES",84220,0,,,"2023-11-0083 studio",,"insuffisant",1,0,0,1,0,200.8,21.9,56.9,24,16.1,6.8,26.5,48.6,"insuffisante","insuffisante",,,"insuffisante","insuffisante","moyenne",1.15,8854.4,1002.3,249.6,1506.9,226.9,0,0,16579.1,236,11747.2,4183.2,50.1,317.7,280.9,7208.3,102,5107.5,1818.8,21.8,138.1,122.1,540.5,7,403.5,118.2,1.4,9.5,7.8,"Électricité",7208.3,5107.5,1818.8,1228.2,870.3,309.9,540.5,403.5,118.2,,,,,,,,,,,,,,,,,,,,,1228.2,870.3,309.9,3.7,23.5,20.8,"Électricité","PAC air/air installée à partir de 2015","installation individuelle","radiateur électrique NFC, NF** et NF***","Installation de chauffage simple","Radiateur électrique NFC, NF** et NF*** (système individuel)",2991.7,26.8,,,"radiateur électrique NFC, NF** et NF***","Électricité","chauffage","Electrique - Radiateur électrique NFC, NF** et NF***",2991.7,,,,,,"installation individuelle","Soufflage d'air chaud (air soufflé) avec distribution par réseau aéraulique","Installation de chauffage simple","PAC air/air installée à partir de 2015 (système individuel)",2115.8,43.2,,,"PAC air/air installée à partir de 2015","Électricité","chauffage","Electrique - PAC air/air sans réseau de distribution installée à partir de 2015",2115.8,,,,,,"Électricité","Ballon électrique à accumulation vertical Autres ou inconnue",,,"installation individuelle","Un seul système d'ECS sans solaire","Ballon électrique à accumulation vertical (autres catégorie ou inconnue), contenance ballon 200 L",1818.8,1,70,"Non affecté",,,,"Ballon électrique à accumulation vertical Autres ou inconnue","Électricité","ecs","Electrique - Ballon électrique à accumulation vertical (autres catégorie ou inconnue)",200,,1818.8,,,,,,,,,,,,0,"PAC air/air installée à partir de 2015","Électricité","A partir de 2015","Refroidissement - Electrique - Pompe à chaleur (divisé) - type split",43.2,21.8,"pompe à chaleur",,,,,0,
"2384E3427252S","2024-02-06","2023-10-09","2023-10-11","2023-10-12","2033-10-10",,,,,,"DPE 3CL 2021 méthode logement",2.3,"dpe maison individuelle","A","A","maison",2022,"après 2021",,,2.5,,,2,,,,173,,"Moyenne","inférieur à 400m","H2d","215 chemin du bois 84220 Gordes","215","chemin du bois","Gordes","84220","84050","84","93","84050_0072_00215",878962.7,6313941.5,0.45,"adresse géocodée ban à l'adresse","215 CHEMIN DU BOIS","GORDES",84220,0,,,"23/0323/FRC",,"insuffisant",0,1,0,0,1,257.3,33.3,48.3,17.9,21.6,7.4,35.9,92.9,"très bonne","très bonne","très bonne",,,"très bonne","très bonne",0.32,8023.7,1444.7,3147,3542.2,482.6,3850.4,2209.6,10806.4,62,6590.5,1276,997.1,785.1,1157.7,4698.4,27,2865.4,554.8,433.5,341.4,503.3,345.9,1,226.4,36.1,27.7,23.6,32.2,"Électricité",4698.4,2865.4,554.8,835,509.3,98.6,345.9,226.4,36.1,,,,,,,,,,,,,,,,,,,,,835,509.3,98.6,77,60.7,89.5,"Électricité","PAC air/air installée à partir de 2015","installation individuelle","Soufflage d'air chaud (air soufflé) avec distribution par réseau aéraulique","Installation de chauffage simple","PAC air/air installée à partir de 2015 (système individuel)
Gainable",2865.4,173,,,"PAC air/air installée à partir de 2015","Électricité","chauffage","Electrique - PAC air/air sans réseau de distribution installée à partir de 2015",2865.4,,,,,,,,,,,,,,,,,,,,,,,,"Électricité","CET sur air extrait après 2014",,,"installation individuelle","Un seul système d'ECS sans solaire","Chauffe-eau thermodynamique sur air extrait installé en 2023 contenance ballon 270 L",554.8,1,173,"Non affecté",,,,"CET sur air extrait après 2014","Électricité","ecs","Electrique - Chauffe-eau thermodynamique sur air extrait installé à partir de 2015",270,2.8,554.8,"A partir de 2015",,,,,,,,,,,0,"PAC air/air installée à partir de 2015","Électricité","A partir de 2015","Refroidissement - Electrique - Pompe à chaleur air/air",168.5,433.5,"Il existe plusieurs descriptifs ENR",,,,,0,
"2384E2745254A","2024-12-30","2023-09-05","2023-08-16","2023-08-17","2033-08-15",,,"G8KYQRTTT2MR",,,"DPE 3CL 2021 méthode logement",2.3,"dpe maison individuelle","F","C","maison",,"1978-1982",,,2.5,,,2,,,,203,,"Moyenne","inférieur à 400m","H2d","1516 Chemin de Granan 84220 Gordes","1516","Chemin de Granan","Gordes","84220","84050","84","93","84050_0335_01516",875199.98,6314879.45,0.49,"adresse géocodée ban à l'adresse","Le Doucos, 1516 chemin de Granan","GORDES",84220,0,,,"DEFREMINVILLE/CT_2311046/TFL",,"insuffisant",0,1,0,0,1,940.5,131.8,406,47.5,44.1,0,123.1,188,"insuffisante","insuffisante","insuffisante",,,"insuffisante","insuffisante",1.37,40483.1,1573.6,0,3699.9,0,5295.6,0,84326.8,415,76623.8,6781.7,0,921.3,0,36663.8,180,33314.7,2948.6,0,400.6,0,2851.2,14,2631.9,191.7,0,27.6,0,"Électricité",36663.8,33314.7,2948.6,5918.2,5377.6,476,2851.2,2631.9,191.7,,,,,,,,,,,,,,,,,,,,,5918.2,5377.6,476,0,64.7,0,"Électricité","Convecteur électrique NFC, NF** et NF***","installation individuelle","Convecteur électrique NFC, NF** et NF***","Installation de chauffage simple","Convecteur électrique NFC, NF** et NF*** (système individuel)",33314.7,203,,,"Convecteur électrique NFC, NF** et NF***","Électricité","chauffage","Electrique - Convecteur électrique NFC, NF** et NF***",33314.7,,,,,,,,,,,,,,,,,,,,,,,,"Électricité","Ballon électrique à accumulation vertical Autres ou inconnue",,,"installation individuelle","Un seul système d'ECS sans solaire","Ballon électrique à accumulation vertical (autres catégorie ou inconnue), contenance ballon 200 L",1587.1,1,101.5,"Non affecté",,,,"Ballon électrique à accumulation vertical Autres ou inconnue","Électricité","ecs","Electrique - Ballon électrique à accumulation vertical (autres catégorie ou inconnue)",200,,1587.1,,,,,,,,,,,,0,,,,,,,,,,,,0,
"2384E3966368Y","2024-02-06","2023-11-20","2023-11-20","2023-11-21","2033-11-19",,,,,,"DPE 3CL 2021 méthode logement",2.3,"dpe appartement individuel","G","C","appartement",,"avant 1948","individuel","individuel",2.5,1,,1,,,,71.5,,"Moyenne","400-800m","H2d","Route de Murs 84220 Gordes",,"Route de Murs","Gordes","84220","84050","84","93","84050_0580",876875.16,6315826.25,0.53,"adresse géocodée ban à l'adresse","83, Route de Murs","GORDES",84220,0,,,"2023-11-0127 APPT NIV 1",,"moyen",1,1,0,0,1,270.8,10.3,112.9,40,0,6.6,13.4,87.6,"insuffisante","insuffisante",,"bonne",,"très bonne","moyenne",1.32,15567.2,1223.4,0,1980.9,0,759.6,0,36538.1,511,31910,4303.9,0,324.3,0,15886.1,222,13873.9,1871.2,0,141,0,1227.4,17,1096,121.6,0,9.7,0,"Électricité",15886.1,13873.9,1871.2,2596,2267.2,305.8,1227.4,1096,121.6,,,,,,,,,,,,,,,,,,,,,2596,2267.2,305.8,0,23,0,"Électricité","radiateur électrique NFC, NF** et NF***","installation individuelle","radiateur électrique NFC, NF** et NF***","Installation de chauffage simple","Radiateur électrique NFC, NF** et NF*** (système individuel)",13873.9,71.5,,,"radiateur électrique NFC, NF** et NF***","Électricité","chauffage","Electrique - Radiateur électrique NFC, NF** et NF***",13873.9,,,,,,,,,,,,,,,,,,,,,,,,"Électricité","Ballon électrique à accumulation vertical Autres ou inconnue",,,"installation individuelle","Un seul système d'ECS sans solaire","Ballon électrique à accumulation vertical (autres catégorie ou inconnue), contenance ballon 150 L",1871.2,1,71.5,"Non affecté",,,,"Ballon électrique à accumulation vertical Autres ou inconnue","Électricité","ecs","Electrique - Ballon électrique à accumulation vertical (autres catégorie ou inconnue)",150,,1871.2,,,,,,,,,,,,0,,,,,,,,,,,,0,
"2384E3104098S","2024-02-06","2023-09-13","2023-09-17","2023-09-18","2033-09-16","2384E3103445P",,,,,"DPE 3CL 2021 méthode logement",2.3,"dpe maison individuelle","D","D","maison",1984,"1983-1988",,,2.7,,,1,,,,170,,"Lourde","inférieur à 400m","H2d","543 Route de Murs 84220 Gordes","543","Route de Murs","Gordes","84220","84050","84","93","84050_0580_00543",876786.84,6315472.52,0.53,"adresse géocodée ban à l'adresse","543 ROUTE DE MURS","GORDES",84220,0,,,"23/BOUSCARLE/0484",,"insuffisant",0,1,0,1,1,484.9,49.9,120.5,39.4,54.1,0,66.9,154,"moyenne","insuffisante","bonne",,,"insuffisante","insuffisante",0.66,19626.3,1431.8,0,3487.6,0,3730.2,0,36307.3,213,29432.5,5171.4,0,771.5,931.9,32421.5,190,29432.5,2248.4,0,335.4,405.2,6485,38,6289.8,146.1,0,23.1,25.9,"Fioul domestique",18390.4,18390.4,0,1681.3,1681.3,0,5958.5,5958.5,0,"Bois – Bûches",11042.1,11042.1,0,353.5,353.5,0,331.3,331.3,0,"Électricité",2989,0,2248.4,575.6,0,433,195.2,0,146.1,2610.3,2034.7,433,0,64.6,78,"Fioul domestique","Chaudière fioul basse température 1991-2015","installation individuelle","Radiateur monotube avec robinet thermostatique sur réseau individuel eau chaude basse ou moyenne température(inf 65°C)","Installation de chauffage avec insert ou poêle bois en appoint","Chaudière individuelle fioul basse température installée entre 1991 et 2015 avec en appoint un insert installé avant 1990 régulée. Emetteur(s): radiateur monotube avec robinet thermostatique",29432.5,170,,,"Chaudière fioul basse température 1991-2015","Fioul domestique","chauffage","Fioul - Chaudière fioul basse température installée entre 1991 et 2015",18390.4,"insert installé avant 1990","Bois – Bûches","chauffage","Bois - Insert installé avant 1990",11042.1,,,,,,,,,,,,,,,,,,,"Électricité","Ballon électrique à accumulation vertical Catégorie B ou 2 étoiles",,,"installation individuelle","Un seul système d'ECS sans solaire","Ballon électrique à accumulation vertical (catégorie B ou 2 étoiles), contenance ballon 200 L",2248.4,1,170,"Non affecté",,,,"Ballon électrique à accumulation vertical Catégorie B ou 2 étoiles","Électricité","ecs","Electrique - Ballon électrique à accumulation vertical (catégorie B ou 2 étoiles)",200,,2248.4,,,,,,,,,,,,0,,,,,,,"chauffage au bois",,,,,0,
"2384E3500096K","2024-02-06","2023-10-15","2023-10-16","2023-10-17","2033-10-15",,,,,,"DPE 3CL 2021 méthode logement",2.3,"dpe maison individuelle","F","F","maison",,"avant 1948",,,3.6,,,1,,,,84.6,,"Moyenne","inférieur à 400m","H2d","1418 chemin des gros 84220 Gordes","1418","chemin des gros","Gordes","84220","84050","84","93","84050_0340_01418",875430.46,6310612.54,0.52,"adresse géocodée ban à l'adresse","1437, Hameau Les Gros","GORDES",84220,0,,,"2023-10-0027",,"insuffisant",0,1,0,0,1,451.9,10.4,227.1,28.7,51.6,9.2,22.4,102.4,"insuffisante","insuffisante","insuffisante",,,"moyenne","insuffisante",1.18,22131.2,1064.8,1146.7,1930.4,263,891,433.1,27845.2,329,24848.4,1781.6,121.1,383.7,710.5,23739.3,280,21429.4,1781.6,52.6,166.8,308.9,6910.7,81,6298.8,577.2,3.4,11.5,19.8,"Fioul domestique",20581,18799.4,1781.6,1881.5,1718.6,162.9,6668.2,6091,577.2,"Électricité",3158.3,2630,0,601.3,500.7,0,242.4,207.8,0,,,,,,,,,,,2482.8,2219.4,162.9,10,31.8,58.8,"Fioul domestique","Chaudière fioul standard 1991-2015","installation individuelle","Plancher chauffant sur réseau individuel eau chaude haute température(sup ou egal 65°C)","Installation de chauffage simple","Chaudière individuelle fioul régulée, avec programmateur avec réduit. Emetteur(s): plancher chauffant",18799.4,57.1,,,"Chaudière fioul standard 1991-2015","Fioul domestique","chauffage + ecs","Fioul - Chaudière fioul standard installée entre 1991 et 2015",18799.4,,,,,,"installation individuelle","Soufflage d'air chaud (air soufflé) avec distribution par réseau aéraulique","Installation de chauffage simple","PAC air/air (système individuel)",2630,27.5,,,"PAC air/air installée à partir de 2015","Électricité","chauffage","Electrique - PAC air/air sans réseau de distribution installée à partir de 2015",2630,,,,,,"Fioul domestique","Chaudière fioul standard 1991-2015",,,"installation individuelle","Un seul système d'ECS sans solaire","Combiné au système de chauffage",1781.6,1,84.6,"Non affecté",,,,"Chaudière fioul standard 1991-2015","Fioul domestique","chauffage + ecs","Fioul - Chaudière fioul standard installée entre 1991 et 2015",0,,1781.6,,,,,,,,,,,,0,"PAC air/air installée à partir de 2015","Électricité","A partir de 2015","Refroidissement - Electrique - Pompe à chaleur (divisé) - type split",27.5,52.6,"pompe à chaleur",,,,,0,
"2384E2448130E","2024-02-06","2023-07-17","2023-07-19","2023-07-20","2033-07-18",,,,,,"DPE 3CL 2021 méthode logement",2.3,"dpe maison individuelle","B","A","maison",,"après 2021",,,2.5,,,2,,,,116,,"Lourde","inférieur à 400m","H2d","176 chemin des beaumonnes 84220 Gordes","176","chemin des beaumonnes","Gordes","84220","84050","84","93","84050_0065_00176",875873.73,6310980.43,0.46,"adresse géocodée ban à l'adresse","176 CHEMIN DES BEAUMONNES
MAISON 2","GORDES",84220,0,,,"23/BASCHET/0372",,"insuffisant",0,1,0,1,0,258.9,70,48,13.1,17.6,3.2,39.9,67.2,"bonne","bonne","très bonne",,,"très bonne","moyenne",0.55,8735.2,1199.9,2415.3,2503.5,341.1,3244.3,1609.9,10922.6,94,7979.4,1187,785.5,526.4,444.3,4749,40,3469.3,516.1,341.5,228.9,193.2,357.6,3,274.1,33.5,21.9,15.8,12.4,"Électricité",4749,3469.3,516.1,842.7,615.6,91.6,357.6,274.1,33.5,,,,,,,,,,,,,,,,,,,,,842.7,615.6,91.6,60.6,40.6,34.3,"Électricité","PAC air/air installée à partir de 2015","installation individuelle","Soufflage d'air chaud (air soufflé) avec distribution par réseau aéraulique","Installation de chauffage simple","PAC air/air installée à partir de 2015 (système individuel)",3469.3,116,,,"PAC air/air installée à partir de 2015","Électricité","chauffage","Electrique - PAC air/air sans réseau de distribution installée à partir de 2015",3469.3,,,,,,,,,,,,,,,,,,,,,,,,"Électricité","CET sur air extérieur après 2014",,,"installation individuelle","Un seul système d'ECS sans solaire","Chauffe-eau thermodynamique sur air extérieur installé à partir de 2015, contenance ballon 270 L",516.1,1,116,"Non affecté",,,,"CET sur air extérieur après 2014","Électricité","ecs","Electrique - Chauffe-eau thermodynamique sur air extérieur installé à partir de 2015",270,2.5,516.1,"A partir de 2015",,,,,,,,,,,0,"PAC air/air installée à partir de 2015","Électricité","A partir de 2015","Refroidissement - Electrique - Pompe à chaleur (divisé) - type split",116,341.5,"Il existe plusieurs descriptifs ENR",,,,,0,
"2384E4032599H","2024-12-30","2023-11-23","2023-11-25","2023-11-26","2033-11-24",,,"Q7T36BYEAZYY",,,"DPE 3CL 2021 méthode logement",2.3,"dpe maison individuelle","G","C","maison",,"avant 1948",,,2.5,,,4,,,,140,,"Moyenne","inférieur à 400m","H2d","42 Rue du Four 84220 Gordes","42","Rue du Four","Gordes","84220","84050","84","93","84050_0282_00042",876749.28,6314871.21,0.45,"adresse géocodée ban à l'adresse","42, Rue du four","GORDES",84220,0,,,"2023-11-0135",,"insuffisant",0,0,0,0,1,607.1,83.4,246,12.1,27.4,19.1,50.5,168.6,"insuffisante","insuffisante","moyenne",,,"insuffisante","insuffisante",1.43,27334.3,1302.9,0,2940.9,0,3123.5,0,76924,549,69373.4,6205.1,0,635.4,710.1,33445.2,238,30162.4,2697.9,0,276.2,308.7,2597,18,2382.8,175.4,0,19.1,19.8,"Électricité",33445.2,30162.4,2697.9,5403.6,4873.2,435.9,2597,2382.8,175.4,,,,,,,,,,,,,,,,,,,,,5403.6,4873.2,435.9,0,44.6,49.9,"Électricité","Chaudière électrique","installation individuelle","Radiateur monotube sans robinet thermostatique sur réseau individuel eau chaude haute température(sup ou egal 65°C)","Installation de chauffage simple","Chaudière individuelle électrique. Emetteur(s): radiateur monotube sans robinet thermostatique, plancher chauffant",30162.4,140,,,"Chaudière électrique","Électricité","chauffage","Electrique - Chaudière électrique",30162.4,,,,,,,,,,,,,,,,,,,,,,,,"Électricité","Ballon électrique à accumulation vertical Autres ou inconnue",,,"installation individuelle","Un seul système d'ECS sans solaire","Ballon électrique à accumulation vertical (autres catégorie ou inconnue), contenance ballon 200 L",1441.6,1,70,"Non affecté",,,,"Ballon électrique à accumulation vertical Autres ou inconnue","Électricité","ecs","Electrique - Ballon électrique à accumulation vertical (autres catégorie ou inconnue)",200,,1441.6,,,,,,,,,,,,0,,,,,,,,,,,,0,
"2384E2352294E","2024-02-06","2023-06-14","2023-06-15","2023-07-12","2033-06-14",,,,,,"DPE 3CL 2021 méthode logement",2.3,"dpe appartement individuel","C","A","appartement",1900,"avant 1948","individuel","individuel",2.5,,,1,,,,87.5,,"Légère","inférieur à 400m","H2d","650 chemin de la croix du coq 84220 Gordes","650","chemin de la croix du coq","Gordes","84220","84050","84","93","84050_0147_00650",877179.01,6314942,0.95,"adresse non géocodée ban car aucune correspondance trouvée","650 chemin de la Croix du Coq","GORDES",84220,0,,,,,"bon",0,0,0,0,1,337.2,104.1,94.7,3.7,48.6,0,54,32.2,"insuffisante","insuffisante",,,"très bonne","moyenne","moyenne",1.54,11727.4,1228,2568.6,1871526.7,281809.4,5380829.3,1760646.4,14494.6,165.5,8033.9,4741.3,835.3,397.2,486.7,6302,72,3493,2061.4,363.2,172.7,211.6,458.7,5.2,275.9,134,23.2,11.9,13.5,"Électricité",6302,3493,2061.4,1086,602,355,458.6,275.9,134,,,,,,,,,,,,,,,,,,,,,1086,602,355,63,30,36,"Électricité","PAC air/air installée à partir de 2015","installation individuelle","Soufflage d'air chaud (air soufflé) avec distribution par fluide frigorigène","Installation de chauffage simple","Chauffage sans solaire",3493,87.4,,,"PAC air/air installée à partir de 2015","Électricité","chauffage","Pompe à chaleur Air/Air",3493,,,,,,,,,,,,,,,,,,,,,,,,"Électricité","Ballon électrique à accumulation vertical Autres ou inconnue",,,"installation individuelle","Un seul système d'ECS sans solaire","Chauffe-eau vertical",2061.4,1,87.5,"Non affecté",,,,"Ballon électrique à accumulation vertical Autres ou inconnue","Électricité","ecs","Chauffe-eau vertical",200,,2061.4,,,,,,,,,,,,0,"PAC air/air installée à partir de 2015","Électricité","A partir de 2015","Pac air / air",87.5,363.2,"pompe à chaleur",,,,,0,
"2384E3440276Q","2024-12-30","2023-10-10","2023-10-11","2023-10-12","2033-10-10",,,"79J9S8F68HCR",,,"DPE 3CL 2021 méthode logement",2.3,"dpe maison individuelle","C","A","maison",2005,"2001-2005",,,2.5,,,2,,,,236,,"Légère","inférieur à 400m","H2d","323 chemin de peyre benet 84220 Gordes","323","chemin de peyre benet","Gordes","84220","84050","84","93","84050_0683_00323",874647.47,6312390.88,0.47,"adresse géocodée ban à l'adresse","323, Chemin de Peyre Benet","GORDES",84220,0,,,"2023-10-0074",,"insuffisant",0,1,0,0,1,541.3,42.8,123.7,20.6,31.1,14.9,88,220.2,"bonne","bonne","très bonne",,,"bonne","moyenne",0.47,20171.6,1715.3,0,4690.2,0,6897.1,0,30315.6,128,26813.1,2121.1,0,1071,310.4,13180.7,55,11657.9,922.2,0,465.7,135,1021.7,4,921,59.9,0,32.1,8.6,"Électricité",13180.7,11657.9,922.2,2168,1917.5,151.7,1021.7,921,59.9,,,,,,,,,,,,,,,,,,,,,2168,1917.5,151.7,0,76.6,22.2,"Électricité","PAC géothermique installée avant 2008","installation individuelle","Plancher chauffant sur réseau individuel eau chaude haute température(sup ou egal 65°C)","Installation de chauffage simple","PAC géothermique installée avant 2008 (système individuel). Emetteur(s): plancher chauffant",6456.1,167,,,"PAC géothermique installée avant 2008","Électricité","chauffage + ecs","Electrique - PAC géothermique installée avant 2008",6456.1,,,,,,"installation individuelle","radiateur électrique NFC, NF** et NF***","Installation de chauffage simple","Radiateur électrique NFC, NF** et NF*** (système individuel)",5201.8,69,,,"radiateur électrique NFC, NF** et NF***","Électricité","chauffage","Electrique - Radiateur électrique NFC, NF** et NF***",5201.8,,,,,,"Électricité","PAC double service avant 2010",,,"installation individuelle","Un seul système d'ECS sans solaire","Combiné au système de chauffage, contenance ballon 300 L",922.2,1,236,"Non affecté",,,,"PAC double service avant 2010","Électricité","chauffage + ecs","Electrique - PAC géothermique installée avant 2008",300,2,922.2,"Avant 2010",,,,,,,,,,,0,,,,,,,"géothermie",,,,,0,
"2384E2566752O","2024-12-30","2023-07-24","2023-07-27","2023-07-28","2033-07-26",,,"MCTMNXDQDMW2",,,"DPE 3CL 2021 méthode logement",2.3,"dpe maison individuelle","G","C","maison",,"avant 1948",,,2.5,,,1,,,,46.6,,"Lourde","inférieur à 400m","H2d","1310 chemin de la croix des baux 84220 Gordes","1310","chemin de la croix des baux","Gordes","84220","84050","84","93","84050_0145_01310",874149.53,6313130.97,0.47,"adresse géocodée ban à l'adresse","1310, Chemin de la Croix des Baux","GORDES",84220,0,,,"2023-07-0155",,"insuffisant",0,0,0,1,0,388.1,26.1,185.2,75.4,21.5,2.6,11.4,65.8,"insuffisante","insuffisante","insuffisante",,,"insuffisante","insuffisante",1.78,18680.1,751,0,1045.3,0,505.8,0,33133.2,711,29878.7,3043,0,211.5,0,16737.9,359,15322.9,1323,0,91.9,0,1100.7,23,1008.3,86,0,6.3,0,"Électricité",12611.8,11196.8,1323,2078.5,1845.3,218,976.9,884.5,86,"Bois – Bûches",4126.1,4126.1,0,132.1,132.1,0,123.8,123.8,0,,,,,,,,,,,2210.5,1977.3,218,0,15.2,0,"Électricité","Panneau rayonnant électrique NFC, NF** et NF***","installation individuelle","Panneau rayonnant NFC, NF** et NF***","Installation de chauffage avec insert ou poêle bois en appoint","Panneau rayonnant électrique NFC, NF** et NF*** avec en appoint un poêle à bois (bûche) (système individuel)",11473.4,33.7,,,"Panneau rayonnant électrique NFC, NF** et NF***","Électricité","chauffage","Electrique - Panneau rayonnant électrique NFC, NF** et NF***",7347.3,"Poêle bûche installé installé à partir de 2018 avec label flamme verte","Bois – Bûches","chauffage","Bois - Poêle à bois (bûche) installé à partir de 2018 avec label flamme verte",4126.1,"installation individuelle","Convecteur électrique NFC, NF** et NF***","Installation de chauffage simple","Convecteur électrique NFC, NF** et NF*** (système individuel)",3849.5,13,,,"Convecteur électrique NFC, NF** et NF***","Électricité","chauffage","Electrique - Convecteur électrique NFC, NF** et NF***",3849.5,,,,,,"Électricité","Ballon électrique à accumulation vertical Autres ou inconnue",,,"installation individuelle","Un seul système d'ECS sans solaire","Ballon électrique à accumulation vertical (autres catégorie ou inconnue), contenance ballon 100 L",1323,1,46.6,"Non affecté",,,,"Ballon électrique à accumulation vertical Autres ou inconnue","Électricité","ecs","Electrique - Ballon électrique à accumulation vertical (autres catégorie ou inconnue)",100,,1323,,,,,,,,,,,,0,,,,,,,"chauffage au bois",,,,,0,
"2384E3966387R","2024-12-30","2023-11-20","2023-11-20","2023-11-21","2033-11-19",,,"A6DF29BC35RK",,,"DPE 3CL 2021 méthode logement",2.3,"dpe appartement individuel","G","C","appartement",,"avant 1948","individuel","individuel",2.6,1,,1,,,,72.3,,"Moyenne","inférieur à 400m","H2d","78 Route de Murs 84220 Gordes","78","Route de Murs","Gordes","84220","84050","84","93","84050_0580_00078",876702.92,6315023.54,0.53,"adresse géocodée ban à l'adresse","78, Route de Murs","GORDES",84220,0,,,"2023-11-0127 APPT NIV 0",,"moyen",1,1,0,0,0,267.4,16.6,131.7,0,30.1,7.9,10.4,70.6,"insuffisante","insuffisante",,"très bonne",,"insuffisante","moyenne",1.28,12543.8,1136.1,0,1775.3,0,322.5,0,30356.9,420,25941.1,4088,0,327.9,0,13198.7,182,11278.7,1777.4,0,142.6,0,1016.4,14,891,115.5,0,9.8,0,"Électricité",13198.7,11278.7,1777.4,2170.8,1855,292.3,1016.4,891,115.5,,,,,,,,,,,,,,,,,,,,,2170.8,1855,292.3,0,23.4,0,"Électricité","Panneau rayonnant électrique NFC, NF** et NF***","installation individuelle","Panneau rayonnant NFC, NF** et NF***","Installation de chauffage simple","Panneau rayonnant électrique NFC, NF** et NF*** (système individuel)",11278.7,72.3,,,"Panneau rayonnant électrique NFC, NF** et NF***","Électricité","chauffage","Electrique - Panneau rayonnant électrique NFC, NF** et NF***",11278.7,,,,,,,,,,,,,,,,,,,,,,,,"Électricité","Ballon électrique à accumulation vertical Autres ou inconnue",,,"installation individuelle","Un seul système d'ECS sans solaire","Ballon électrique à accumulation vertical (autres catégorie ou inconnue), contenance ballon 150 L",1777.4,1,72.3,"Non affecté",,,,"Ballon électrique à accumulation vertical Autres ou inconnue","Électricité","ecs","Electrique - Ballon électrique à accumulation vertical (autres catégorie ou inconnue)",150,,1777.4,,,,,,,,,,,,0,,,,,,,,,,,,0,
"2384E4208677N","2024-02-06","2023-12-04","2023-12-04","2023-12-07","2033-12-03",,,,,,"DPE 3CL 2021 méthode logement",2.3,"dpe appartement individuel","E","B","appartement",1997,"1989-2000","individuel","individuel",2.5,,,1,,,,44.6,,"Légère","inférieur à 400m","H2d","8 chemin des mians 84220 Gordes","8","chemin des mians","Gordes","84220","84050","84","93","84050_0550_00008",876396.37,6315063.02,0.95,"adresse géocodée ban à l'adresse","8 chemin des mians","GORDES",84220,1,,"Domaine les Bastidons",,,"bon",0,0,0,0,1,123.1,30.3,29.4,4.5,0,7,12.6,39.3,"moyenne","moyenne",,"très bonne",,,"moyenne",0.74,4439.2,944.5,0,1231391.3,0,1431447.9,0,13975.3,313.1,9050,4040.4,0,202.5,682.4,6076.2,136.2,3934.8,1756.7,0,88.1,296.7,450.3,10,310.8,114.2,0,6.1,19,"Électricité",6076.2,3934.8,1756.7,1050,680,304,450.1,310.8,114.2,,,,,,,,,,,,,,,,,,,,,1050,680,304,0,15,51,"Électricité","radiateur électrique NFC, NF** et NF***","installation individuelle","radiateur électrique NFC, NF** et NF***","Installation de chauffage simple","Chauffage sans solaire",3934.8,44.6,,,"radiateur électrique NFC, NF** et NF***","Électricité","chauffage","Radiateur électrique NFC",3934.8,,,,,,,,,,,,,,,,,,,,,,,,"Électricité","Ballon électrique à accumulation vertical Autres ou inconnue",,,"installation individuelle","Un seul système d'ECS sans solaire","Chauffe-eau vertical Electrique",1756.7,1,44.6,"Non affecté",,,,"Ballon électrique à accumulation vertical Autres ou inconnue","Électricité","ecs","Chauffe-eau vertical",200,,1756.7,,,,,,,,,,,,0,,,,,,,,,,,,0,
"2384E4075180A","2024-02-06","2023-11-27","2023-11-27","2023-11-28","2033-11-26",,,,,,"DPE 3CL 2021 méthode logement",2.3,"dpe maison individuelle","E","D","maison",,"1948-1974",,,2.8,,,2,,,,161,,"Légère","400-800m","H2d","448 chemin de la gacholle 84220 Gordes","448","chemin de la gacholle","Gordes","84220","84050","84","93","84050_0296_00448",877004.04,6316128.65,0.44,"adresse géocodée ban à l'adresse","448, Chemin de la Gacholle","GORDES",84220,0,,,"2023-11-0086",,"moyen",1,1,0,0,1,890.4,112.1,474.5,14.6,63.6,15.9,46.8,162.9,"insuffisante","insuffisante",,"très bonne",,"insuffisante","moyenne",1.67,53764.2,1506.6,0,3740.9,0,3290.2,0,52665.8,327,48775.1,2004,0,730.7,1156.1,29592.2,183,26767.8,2004,0,317.7,502.7,5228.6,32,4525.3,649.3,0,21.9,32.2,"Électricité",17749,16928.6,0,2893.9,2760.1,0,1391.5,1337.4,0,"Fioul domestique",11843.2,9839.2,2004,1082.7,899.5,183.2,3837.2,3187.9,649.3,,,,,,,,,,,3976.6,3659.6,183.2,0,51.8,82,"Électricité","pompe à chaleur hybride : partie pompe à chaleur PAC air/eau installée après 2017","installation individuelle","Radiateur monotube sans robinet thermostatique sur réseau individuel eau chaude haute température(sup ou egal 65°C)","Installation de chauffage avec chaudière en relève de PAC","PAC Hybride air/eau relèvée par une chaudière fioul avec programmateur avec réduit (système individuel). Emetteur(s): radiateur monotube sans robinet thermostatique",26767.8,161,,,"pompe à chaleur hybride : partie pompe à chaleur PAC air/eau installée après 2017","Électricité","chauffage + ecs","Electrique - PAC Hybride air/eau installée à partir de 2017",26767.8,"pompe à chaleur hybride : partie chaudière Chaudière fioul à condensation après 2015","Fioul domestique","chauffage + ecs","Fioul - Chaudière fioul à condensation à partir de 2016",26767.8,,,,,,,,,,,,,,,,,,,"Fioul domestique","pompe à chaleur hybride : partie chaudière Chaudière fioul à condensation après 2015",,,"installation individuelle","Un seul système d'ECS sans solaire","Combiné au système de chauffage",2004,1,161,"Non affecté",,,,"pompe à chaleur hybride : partie chaudière Chaudière fioul à condensation après 2015","Fioul domestique","chauffage + ecs","Fioul - Chaudière fioul à condensation à partir de 2016",0,,2004,,,,,,,,,,,,0,,,,,,,"pompe à chaleur",,,,,0,
"2384E4092614O","2024-02-06","2023-11-27","2023-11-28","2023-11-29","2033-11-27",,,,,,"DPE 3CL 2021 méthode logement",2.3,"dpe maison individuelle","C","A","maison",,"1989-2000",,,2.5,,,1,,,,48.2,,"Légère","inférieur à 400m","H2d","Route de Senanque 84220 Gordes",,"Route de Senanque","Gordes","84220","84050","84","93","84050_0810",876255.47,6315731.85,0.5,"adresse géocodée ban à l'adresse","44, Les Bastidons
Route de Sénanque - Lot 44","GORDES",84220,0,,,"2023-11-0121",,"insuffisant",0,1,0,0,1,105.4,7,19.9,4.4,15.9,6.6,21.8,29.9,"bonne","bonne",,"très bonne",,"moyenne","insuffisante",0.49,3460.5,768.2,879.8,1190,162.1,1738.2,541.4,8607,178,3971.9,3178.1,222.6,218.7,1015.6,3742.2,77,1726.9,1381.8,96.8,95.1,441.6,267.3,5,136.4,89.8,6.2,6.6,28.3,"Électricité",3742.2,1726.9,1381.8,689.9,318.4,254.7,267.3,136.4,89.8,,,,,,,,,,,,,,,,,,,,,689.9,318.4,254.7,17.8,17.5,81.4,"Électricité","PAC air/air installée à partir de 2015","installation individuelle","Soufflage d'air chaud (air soufflé) avec distribution par réseau aéraulique","Installation de chauffage simple","PAC air/air installée à partir de 2015 (système individuel)",1046.4,37.5,,,"PAC air/air installée à partir de 2015","Électricité","chauffage","Electrique - PAC air/air sans réseau de distribution installée à partir de 2015",1046.4,,,,,,"installation individuelle","radiateur électrique NFC, NF** et NF***","Installation de chauffage simple","Radiateur électrique NFC, NF** et NF*** (système individuel)",680.5,10.7,,,"radiateur électrique NFC, NF** et NF***","Électricité","chauffage","Electrique - Radiateur électrique NFC, NF** et NF***",680.5,,,,,,"Électricité","Ballon électrique à accumulation vertical Autres ou inconnue",,,"installation individuelle","Un seul système d'ECS sans solaire","Ballon électrique à accumulation vertical (autres catégorie ou inconnue), contenance ballon 150 L",1381.8,1,48.2,"Non affecté",,,,"Ballon électrique à accumulation vertical Autres ou inconnue","Électricité","ecs","Electrique - Ballon électrique à accumulation vertical (autres catégorie ou inconnue)",150,,1381.8,,,,,,,,,,,,0,"PAC air/air installée à partir de 2015","Électricité","A partir de 2015","Refroidissement - Electrique - Pompe à chaleur (divisé) - type split",37.5,96.8,"pompe à chaleur",,,,,0,
"2384E2450922O","2024-12-12","2023-07-18","2023-07-19","2023-07-20","2033-07-18",,,"XD44WXY8HWY9",,,"DPE 3CL 2021 méthode logement",2.3,"dpe maison individuelle","G","C","maison",,"avant 1948",,,2.9,,,1,,,,76,,"Lourde","inférieur à 400m","H2d","391 Chemin de Granan 84220 Gordes","391","Chemin de Granan","Gordes","84220","84050","84","93","84050_0335_00391",876066.29,6314905.56,0.49,"adresse géocodée ban à l'adresse","391, Chemin de Granan","GORDES",84220,0,,,"2023-07-0079",,"moyen",1,0,0,1,1,474.2,48.2,125.8,105.1,42.2,0,42.5,110.4,"insuffisante","insuffisante",,,"insuffisante","insuffisante","insuffisante",1.38,20762.7,1028,0,1605.8,0,2424.8,0,42423.7,558,38350.7,3728.2,0,344.9,0,18445.1,242,16674.2,1620.9,0,150,0,1433,18,1317.3,105.4,0,10.3,0,"Électricité",18445.1,16674.2,1620.9,3005.2,2716.7,264.1,1433,1317.3,105.4,,,,,,,,,,,,,,,,,,,,,3005.2,2716.7,264.1,0,24.4,0,"Électricité","radiateur électrique NFC, NF** et NF***","installation individuelle","radiateur électrique NFC, NF** et NF***","Installation de chauffage simple","Radiateur électrique NFC, NF** et NF*** (système individuel)",16674.2,76,,,"radiateur électrique NFC, NF** et NF***","Électricité","chauffage","Electrique - Radiateur électrique NFC, NF** et NF***",16674.2,,,,,,,,,,,,,,,,,,,,,,,,"Électricité","Ballon électrique à accumulation vertical Autres ou inconnue",,,"installation individuelle","Un seul système d'ECS sans solaire","Ballon électrique à accumulation vertical (autres catégorie ou inconnue), contenance ballon 100 L",1620.9,1,76,"Non affecté",,,,"Ballon électrique à accumulation vertical Autres ou inconnue","Électricité","ecs","Electrique - Ballon électrique à accumulation vertical (autres catégorie ou inconnue)",100,,1620.9,,,,,,,,,,,,0,,,,,,,,,,,,0,
"2384E3243012O","2024-12-30","2023-09-25","2023-09-27","2023-09-28","2033-09-26",,,"BFWTYTJX9T85",,,"DPE 3CL 2021 méthode logement",2.3,"dpe maison individuelle","B","A","maison",,"avant 1948",,,2.3,,,1,,,,64.7,,"Moyenne","inférieur à 400m","H2d","360 chemin du touron 84220 Gordes","360","chemin du touron","Gordes","84220","84050","84","93","84050_0865_00360",877198.3,6314892.96,0.47,"adresse géocodée ban à l'adresse","360 chemin du touron","GORDES",84220,0,,,"23/IMO/0094",,"moyen",1,0,0,0,0,117.9,18.5,43.8,0,0,3.5,7.2,45,"insuffisante","insuffisante",,"très bonne",,"très bonne","très bonne",1.66,4078.1,944.8,794.6,1548.7,211,1190.4,379.9,6338,98,2733.3,3107.3,203.9,293.4,0,2755.6,42,1188.4,1351,88.7,127.6,0,196.2,3,93.9,87.8,5.7,8.8,0,"Électricité",2755.6,1188.4,1351,540.2,233,264.8,196.2,93.9,87.8,,,,,,,,,,,,,,,,,,,,,540.2,233,264.8,17.4,25,0,"Électricité","PAC air/air installée à partir de 2015","installation individuelle","Soufflage d'air chaud (air soufflé) avec distribution par fluide frigorigène","Installation de chauffage simple","PAC air/air sans réseau de distribution installée à partir de 2015 avec programmateur sans réduit (système individuel)",774.1,42.2,,,"PAC air/air installée à partir de 2015","Électricité","chauffage","Electrique - PAC air/air sans réseau de distribution installée à partir de 2015",774.1,,,,,,"installation individuelle","Soufflage d'air chaud (air soufflé) avec distribution par fluide frigorigène","Installation de chauffage simple","PAC air/air sans réseau de distribution installée à partir de 2015 avec programmateur sans réduit (système individuel)",209.1,11.4,,,"PAC air/air installée à partir de 2015","Électricité","chauffage","Electrique - PAC air/air sans réseau de distribution installée à partir de 2015",209.1,,,,,,"Électricité","Ballon électrique à accumulation vertical Autres ou inconnue",,,"installation individuelle","Un seul système d'ECS sans solaire","Ballon électrique à accumulation vertical (autres catégorie ou inconnue), contenance ballon 65 L",1351,1,64.7,"Non affecté",,,,"Ballon électrique à accumulation vertical Autres ou inconnue","Électricité","ecs","Electrique - Ballon électrique à accumulation vertical (autres catégorie ou inconnue)",65,,1351,,,,,,,,,,,,0,"PAC air/air installée à partir de 2015","Électricité","A partir de 2015","Refroidissement - Electrique - Pompe à chaleur air/air",51,88.7,"pompe à chaleur",,,,,0,
"2384E2871159N","2024-02-06","2023-08-28","2023-08-29","2023-08-30","2033-08-28",,,,,,"DPE 3CL 2021 méthode logement",2.3,"dpe maison individuelle","F","E","maison",,"avant 1948",,,2.5,,,2,,,,190,,"Lourde","inférieur à 400m","H2d","350 chemin des bouilladoires 84220 Gordes","350","chemin des bouilladoires","Gordes","84220","84050","84","93","84050_0080_00350",876389.37,6311112.35,0.5,"adresse géocodée ban à l'adresse","350 chemin des Bouilladoires 
Lieu-dit les Bouilladoires","GORDES",84220,0,,,"2023-08-0043",,"insuffisant",0,1,0,1,1,846.9,83.9,341,38.2,54.1,10.2,84.6,235.1,"insuffisante","insuffisante",,"insuffisante",,"insuffisante","insuffisante",1.27,38541.5,1517.7,0,3485.6,0,2063,0,71737.7,377,62767,7384.7,0,862.3,723.8,55307.2,291,51406.9,3210.7,0,374.9,314.7,11565.3,60,11310.6,208.7,0,25.9,20.1,"Fioul domestique",31769.4,31769.4,0,2904.4,2904.4,0,10293.3,10293.3,0,"Électricité",12638.8,8738.5,3210.7,2082.7,1440,529.1,945,690.3,208.7,"Bois – Bûches",10899,10899,0,348.9,348.9,0,327,327,0,5336,4693.2,529.1,0,61.8,51.9,"Fioul domestique","Chaudière fioul standard 1991-2015","installation individuelle","Radiateur monotube sans robinet thermostatique sur réseau individuel eau chaude haute température(sup ou egal 65°C)","Installation de chauffage simple","Chaudière individuelle fioul standard installée entre 1991 et 2015. Emetteur(s): radiateur monotube sans robinet thermostatique",31769.4,113.6,,,"Chaudière fioul standard 1991-2015","Fioul domestique","chauffage","Fioul - Chaudière fioul standard installée entre 1991 et 2015",31769.4,,,,,,"installation individuelle","Poêle bois","Installation de chauffage simple","Poêle à bois (bûche) installé avant 1990 (système individuel)",10899,25.6,,,"Poêle bûche installé avant 1990","Bois – Bûches","chauffage","Bois - Poêle à bois (bûche) installé avant 1990",10899,,,,,,"Électricité","Ballon électrique à accumulation vertical Autres ou inconnue",,,"installation individuelle","Un seul système d'ECS sans solaire","Ballon électrique à accumulation vertical (autres catégorie ou inconnue), contenance ballon 300 L",1879.2,1,95,"Non affecté",,,,"Ballon électrique à accumulation vertical Autres ou inconnue","Électricité","ecs","Electrique - Ballon électrique à accumulation vertical (autres catégorie ou inconnue)",300,,1879.2,,,,,,,,,,,,0,,,,,,,"chauffage au bois",,,,,0,
"2384E2447476A","2024-12-30","2023-07-19","2023-07-19","2023-07-20","2033-07-18",,,"J4KAQYA319ZF",,,"DPE 3CL 2021 méthode logement",2.3,"dpe appartement individuel","E","E","appartement",,"1948-1974","collectif","individuel",2.6,1,,1,,,180,64.3,,"Lourde","inférieur à 400m","H2d","516 chemin des bouilladoires 84220 Gordes","516","chemin des bouilladoires","Gordes","84220","84050","84","93","84050_0080_00516",876443.87,6310974.02,0.5,"adresse géocodée ban à l'adresse","516 Chemin des Bouilladoires","GORDES",84220,0,,,"D/23/IMO/0444/M.P",,"bon",1,1,0,1,1,180.1,4.8,14.2,34.2,32,0,25.4,69.5,"bonne","très bonne","insuffisante",,,"insuffisante","moyenne",0.55,6380.6,1088.3,0,1468.4,0,1784.4,0,16284.4,253,10387.9,4646,0,291.8,958.7,12951.6,201,10387.9,2020,0,126.9,416.8,3532.4,54,3365.7,131.3,0,8.8,26.7,"Fioul domestique",10387.9,10387.9,0,949.7,949.7,0,3365.7,3365.7,0,"Électricité",2563.7,0,2020,530.4,0,408.3,166.7,0,131.3,,,,,,,,,,,1480.1,949.7,408.3,0,25.6,96.5,"Fioul domestique","Chaudière fioul standard 1991-2015","installation collective","Radiateur monotube avec robinet thermostatique sur réseau collectif eau chaude haute température(sup ou egal 65°C)","Installation de chauffage simple","Chaudière collective fioul standard installée entre 1991 et 2015 avec équipement d'intermittence central collectif. Emetteur(s): radiateur monotube avec robinet thermostatique",10387.9,64.3,,,"Chaudière fioul standard 1991-2015","Fioul domestique","chauffage","Fioul - Chaudière fioul standard installée entre 1991 et 2015",10387.9,,,,,,,,,,,,,,,,,,,,,,,,"Électricité","Ballon électrique à accumulation vertical Catégorie B ou 2 étoiles",,,"installation individuelle","Un seul système d'ECS sans solaire","Ballon électrique à accumulation vertical (catégorie B ou 2 étoiles), contenance ballon 200 L",2020,1,64.3,"Non affecté",,,,"Ballon électrique à accumulation vertical Catégorie B ou 2 étoiles","Électricité","ecs","Electrique - Ballon électrique à accumulation vertical (catégorie B ou 2 étoiles)",200,,2020,,,,,,,,,,,,0,,,,,,,,,,,,0,
"2384E3931851J","2024-02-06","2023-10-15","2023-11-19","2023-11-20","2033-11-18",,,,,,"DPE 3CL 2021 méthode logement",2.3,"dpe maison individuelle","B","A","maison",2008,"2006-2012",,,2.7,,,2,,,,230.8,,"Lourde","inférieur à 400m","H2d","882 route de la la badelle 84220 Gordes","882","route de la la badelle","Gordes","84220","84050","84","93","84050_0034_00882",878643.45,6312154.78,0.51,"adresse géocodée ban à l'adresse","882, Route de la Badelle","GORDES",84220,0,,,"2023-10-0073",,"insuffisant",0,1,0,1,1,434.2,42.9,119.9,28.7,33.4,6,103.4,99.8,"bonne","insuffisante","bonne",,,"bonne","bonne",0.58,15867.1,1693,0,4595.5,0,4262.1,0,25329.3,109,22182.4,172.7,0,1047.4,1926.8,12887.9,55,11519.6,75.1,0,455.4,837.8,837.4,3,747.5,4.9,0,31.4,53.6,"Électricité",9570.3,8202.1,75.1,1599.9,1371.2,12.5,737.9,648,4.9,"Bois – Granulés (pellets) ou briquettes",3317.6,3317.6,0,198.8,198.8,0,99.5,99.5,0,,,,,,,,,,,1798.6,1569.9,12.5,0,76.1,140,"Électricité","Chaudière électrique","installation individuelle","Plancher chauffant sur réseau individuel eau chaude basse ou moyenne température(inf 65°C)","Installation de chauffage avec chauffage solaire et insert ou poêle bois en appoint","Chauffage thermique solaire avec en appoint un poêle à granulés avec programmateur avec réduit ou un appoint électrique. Emetteur(s): plancher chauffant",11519.6,230.8,0.4,,"Chaudière électrique","Électricité","chauffage + ecs","Electrique - Chaudière électrique",8202.1,"Poêle à granulés flamme verte installé entre 2012 et 2019","Bois – Granulés (pellets) ou briquettes","chauffage","Bois - Poêle à granulés flamme verte installé entre 2012 et 2019",3317.6,,,,,,,,,,,,,,,,,,,"Électricité","Chaudière électrique",,,"installation individuelle","Un seul système d'ECS avec solaire","Combiné au système de chauffage",75.1,1,230.8,"Chauffage + ECS solaire",1801628.8,1,,"Chaudière électrique","Électricité","chauffage + ecs","Electrique - Chaudière électrique",0,,75.1,,,,,,,,,,,,0,,,,,,,"Il existe plusieurs descriptifs ENR",,,,,0,
"2384E4054923X","2024-12-30","2023-11-12","2023-11-27","2023-11-28","2033-11-26",,,"JHV19GGXF8VD",,,"DPE 3CL 2021 méthode logement",2.3,"dpe maison individuelle","E","B","maison",1970,"1948-1974",,,2.5,,,1,,,,62.2,,"Lourde","inférieur à 400m","H2d","2289 Route de Goult 84220 Gordes","2289","Route de Goult","Gordes","84220","84050","84","93","84050_0330_02289",879611.86,6312815.98,0.5,"adresse géocodée ban à l'adresse","Quartier Les Ratiers
2289 route de Goult","GORDES",84220,0,,,"23/11/Vaux/1437",,"moyen",1,0,0,1,1,200.6,35.8,31.4,12,26.7,4.7,22,68.1,"bonne","bonne",,"moyenne",,"insuffisante","moyenne",0.56,8022.6,918.6,0,1495.5,0,1565,0,20355.1,327,16421.5,3651.3,0,282.3,0,8850,142,7139.8,1587.5,0,122.8,0,675.7,10,564,103.2,0,8.5,0,"Électricité",8850,7139.8,1587.5,1486.6,1199.3,266.7,675.7,564,103.2,,,,,,,,,,,,,,,,,,,,,1486.6,1199.3,266.7,0,20.6,0,"Électricité","Convecteur électrique NFC, NF** et NF***","installation individuelle","Convecteur électrique NFC, NF** et NF***","Installation de chauffage simple","Convecteur électrique NFC, NF** et NF*** (système individuel)",7139.8,62.2,,,"Convecteur électrique NFC, NF** et NF***","Électricité","chauffage","Electrique - Convecteur électrique NFC, NF** et NF***",7139.8,,,,,,,,,,,,,,,,,,,,,,,,"Électricité","Ballon électrique à accumulation vertical Catégorie B ou 2 étoiles",,,"installation individuelle","Un seul système d'ECS sans solaire","Ballon électrique à accumulation vertical (catégorie B ou 2 étoiles), contenance ballon 150 L",1587.5,1,62.2,"Non affecté",,,,"Ballon électrique à accumulation vertical Catégorie B ou 2 étoiles","Électricité","ecs","Electrique - Ballon électrique à accumulation vertical (catégorie B ou 2 étoiles)",150,,1587.5,,,,,,,,,,,,0,,,,,,,,,,,,0,
"2384E3343872U","2024-02-06","2023-10-04","2023-10-04","2023-10-05","2033-10-03",,,,,,"DPE 3CL 2021 méthode logement",2.3,"dpe maison individuelle","D","B","maison",,"avant 1948",,,2.5,,,2,,,,205,,"Moyenne","inférieur à 400m","H2d","611 chemin de valori 84220 Gordes","611","chemin de valori","Gordes","84220","84050","84","93","84050_0910_00611",876311.03,6312298.95,0.43,"adresse géocodée ban à l'adresse","611 Quartier Valori
La Bellène","GORDES",84220,0,,,"Pcfix23/VAN_DER_ZANDEN/12366",,"insuffisant",0,1,0,0,1,929.2,118,354.9,28.1,28.3,7.7,146.9,245.3,"insuffisante","insuffisante","bonne",,,"bonne","insuffisante",1.3,37990.3,1582.1,5900.7,3732.9,562.1,7889.4,3892.5,43752.5,213,35550.6,4997.9,468,930.3,1805.6,24582,119,21016,2173,203.5,404.5,785,1410.7,6,1178.3,141.2,13,27.9,50.2,"Électricité",14746.6,11180.5,2173,2414.4,1830.5,355.8,1115.7,883.3,141.2,"Bois – Bûches",9835.4,9835.4,0,314.8,314.8,0,295.1,295.1,0,,,,,,,,,,,2729.2,2145.4,355.8,33.3,66.2,128.5,"Électricité","PAC air/eau installée après 2017","installation individuelle","Plancher chauffant sur réseau individuel eau chaude basse ou moyenne température(inf 65°C)","Installation de chauffage avec insert ou poêle bois en appoint","PAC air/eau installée à partir de 2017 avec en appoint un poêle à bois (bûche) installé à partir de 2005 sans label flamme verte avec programmateur avec réduit (système individuel). Emetteur(s): plancher chauffant",15480.8,135,,,"Poêle bûche installé à partir de 2005 sans label flamme verte","Bois – Bûches","chauffage","Bois - Poêle à bois (bûche) installé à partir de 2005 sans label flamme verte",9835.4,"PAC air/eau installée après 2017","Électricité","chauffage + ecs","Electrique - PAC air/eau installée à partir de 2017",5645.3,"installation individuelle","radiateur électrique NFC, NF** et NF***","Installation de chauffage simple","Radiateur électrique NFC, NF** et NF*** (système individuel)",2998.3,20,,,"radiateur électrique NFC, NF** et NF***","Électricité","chauffage","Electrique - Radiateur électrique NFC, NF** et NF***",2998.3,,,,,,"Électricité","Ballon électrique à accumulation vertical Catégorie B ou 2 étoiles",,,"installation individuelle","Un seul système d'ECS sans solaire","Ballon électrique à accumulation vertical (catégorie B ou 2 étoiles), contenance ballon 250 L",1758.6,1,102.5,"Non affecté",,,,"Ballon électrique à accumulation vertical Catégorie B ou 2 étoiles","Électricité","ecs","Electrique - Ballon électrique à accumulation vertical (catégorie B ou 2 étoiles)",250,,1758.6,,,,,,,,,,,,0,"PAC air/air installée à partir de 2015","Électricité","A partir de 2015","Refroidissement - Electrique - Pompe à chaleur (divisé) - type split",50,203.5,"Il existe plusieurs descriptifs ENR",,,,,0,
"2384E3841665R","2024-02-06","2023-11-09","2023-11-10","2023-11-11","2033-11-09",,,,,,"DPE 3CL 2021 méthode logement",2.3,"dpe maison individuelle","B","A","maison",,"avant 1948",,,2.5,,,3,,,,348,,"Légère","inférieur à 400m","H2d","Les Imberts 84220 Gordes",,"Les Imberts","Gordes","84220","84050","84","93","84050_7lah4v",874175.47,6312080.77,0.37,"adresse géocodée ban à l'adresse","468, Chemin des Pres 
Les Imberts","GORDES",84220,0,,,"2023-11-0014",,"insuffisant",0,1,0,0,1,754.9,96.5,125.3,42,53.4,0,148.2,289.5,"bonne","bonne","bonne",,,"moyenne","insuffisante",0.59,30925.1,2196.4,4643.5,6731.2,917.1,4886.2,2514.1,35667.5,102,30404.4,2361.7,611.9,1579.3,710.2,20873.9,59,18585.6,1026.8,266,686.7,308.8,1154,3,1003,66.7,17,47.4,19.8,"Électricité",11379.7,9091.4,1026.8,1884.6,1505.6,170.1,869.1,718.2,66.7,"Bois – Bûches",9494.2,9494.2,0,303.9,303.9,0,284.8,284.8,0,,,,,,,,,,,2188.5,1809.5,170.1,44.1,113.7,51.1,"Bois – Bûches","PAC air/eau installée après 2017","installation individuelle","Poêle bois","Installation de chauffage avec insert ou poêle bois en appoint","PAC air/eau installée à partir de 2017 avec en appoint un insert installé à partir de 2005 sans label flamme verte (système individuel). Emetteur(s): plancher chauffant",15129.5,248,,,"insert installé à partir de 2005 sans label flamme verte","Bois – Bûches","chauffage","Bois - Insert installé à partir de 2005 sans label flamme verte",9494.2,"PAC air/eau installée après 2017","Électricité","chauffage + ecs","Electrique - PAC air/eau installée à partir de 2017",5635.3,"installation individuelle","Soufflage d'air chaud (air soufflé) avec distribution par réseau aéraulique","Installation de chauffage simple","PAC air/air installée à partir de 2015 (système individuel)",3456.1,100,,,"PAC air/air installée à partir de 2015","Électricité","chauffage","Electrique - PAC air/air sans réseau de distribution installée à partir de 2015",3456.1,,,,,,"Électricité","PAC double service après 2014",,,"installation individuelle","Un seul système d'ECS sans solaire","Combiné au système de chauffage, contenance ballon 200 L",513.4,1,174,"Non affecté",,,,"PAC double service après 2014","Électricité","chauffage + ecs","Electrique - PAC air/eau installée à partir de 2017",200,2.3,513.4,"A partir de 2015",,,,,,,,,,,0,"PAC air/air installée à partir de 2015","Électricité","A partir de 2015","Refroidissement - Electrique - Pompe à chaleur (divisé) - type split",141,266,"Il existe plusieurs descriptifs ENR",,,,,0,
"2384E3691495X","2024-02-06","2023-10-29","2023-10-29","2023-10-31","2033-10-28",,,,,,"DPE 3CL 2021 méthode logement",2.3,"dpe appartement individuel","E","B","appartement",1921,"avant 1948","individuel","individuel",2.5,,,1,,,,70,,"Légère","inférieur à 400m","H2d","Rue de la Combe 84220 Gordes",,"Rue de la Combe","Gordes","84220","84050","84","93","84050_0130",876525.32,6315092.96,0.35,"adresse non géocodée ban car aucune correspondance trouvée","Quartier la Gourbelière","GORDES",84220,,,"Bâtiment",,,"bon",1,1,0,0,0,329.9,1.9,196.6,51.5,29.1,14.1,5,31.7,"insuffisante","insuffisante",,,"insuffisante","bonne","moyenne",1.66,15102.5,1122.5,862.6,1567335,236005,731587.6,302193.1,21262.1,303.7,15519.9,4815.1,200.4,317.7,409,9244.4,132.1,6747.8,2093.5,87.1,138.1,177.8,695.8,9.9,533.1,136.1,5.6,9.5,11.4,"Électricité",9244.4,6747.8,2093.5,1549,1130,351,695.6,533.1,136.1,,,,,,,,,,,,,,,,,,,,,1549,1130,351,15,23,30,"Électricité","PAC air/air installée à partir de 2015","installation individuelle","Panneau rayonnant NFC, NF** et NF***","Installation de chauffage simple","Chauffage sans solaire",3632.7,20,,,"Panneau rayonnant électrique NFC, NF** et NF***","Électricité","chauffage","Panneau rayonnant électrique NFC",3632.7,,,,,,"installation individuelle","Soufflage d'air chaud sans réseau de distribution (ventiloconvecteur éléctrique)","Installation de chauffage simple","Chauffage sans solaire",3115.1,50,,,"PAC air/air installée à partir de 2015","Électricité","chauffage","Pompe à chaleur Air/Air",3115.1,,,,,,"Électricité","Ballon électrique à accumulation vertical Autres ou inconnue",,,"installation individuelle","Un seul système d'ECS sans solaire","Chauffe-eau vertical",2093.5,1,70,"Non affecté",,,,"Ballon électrique à accumulation vertical Autres ou inconnue","Électricité","ecs","Chauffe-eau vertical",200,,2093.5,,,,,,,,,,,,0,"PAC air/air installée à partir de 2015","Électricité","A partir de 2015","Pac air / air",50,87.1,"pompe à chaleur",,,,,0,
"2384E2992936G","2024-02-06","2023-09-06","2023-09-07","2023-09-08","2033-09-06",,,,,,"DPE 3CL 2021 méthode logement",2.3,"dpe maison individuelle","E","B","maison",2005,"2001-2005",,,2.9,,,3,,,,136.8,,"Moyenne","inférieur à 400m","H2d","789 Route de Murs 84220 Gordes","789","Route de Murs","Gordes","84220","84050","84","93","84050_0580_00789",876706.53,6315793.65,0.53,"adresse géocodée ban à l'adresse","789, Route de Murs","GORDES",84220,0,,,"2023-09-0017",,"insuffisant",0,1,0,0,1,442.1,92.2,117.4,19.6,16.2,11.3,56.9,128.5,"moyenne","moyenne",,"insuffisante",,"bonne","moyenne",0.78,18920.8,1289.2,1929.9,2882.6,392.8,2517,904.4,44909.4,328,35952.9,6597.2,118.4,620.8,1620.1,19525.8,142,15631.7,2868.4,51.5,269.9,704.4,1488.3,10,1234.9,186.4,3.3,18.6,45.1,"Électricité",19525.8,15631.7,2868.4,3178,2544.2,466.8,1488.3,1234.9,186.4,,,,,,,,,,,,,,,,,,,,,3178,2544.2,466.8,8.4,43.9,114.6,"Électricité","Panneau rayonnant électrique NFC, NF** et NF***","installation individuelle","Panneau rayonnant NFC, NF** et NF***","Installation de chauffage simple","Panneau rayonnant électrique NFC, NF** et NF*** (système individuel)",14588.9,122.2,,,"Panneau rayonnant électrique NFC, NF** et NF***","Électricité","chauffage","Electrique - Panneau rayonnant électrique NFC, NF** et NF***",14588.9,,,,,,"installation individuelle","Soufflage d'air chaud (air soufflé) avec distribution par réseau aéraulique","Installation de chauffage simple","PAC air/air (système individuel)",1042.8,14.6,,,"PAC air/air installée avant 2008","Électricité","chauffage","Electrique - PAC air/air sans réseau de distribution installée avant 2008",1042.8,,,,,,"Électricité","Ballon électrique à accumulation vertical Autres ou inconnue",,,"installation individuelle","Un seul système d'ECS sans solaire","Ballon électrique à accumulation vertical (autres catégorie ou inconnue), contenance ballon 200 L",1434.2,1,68.4,"Non affecté",,,,"Ballon électrique à accumulation vertical Autres ou inconnue","Électricité","ecs","Electrique - Ballon électrique à accumulation vertical (autres catégorie ou inconnue)",200,,1434.2,,,,,,,,,,,,0,"PAC air/air installée avant 2008","Électricité","Avant 2008","Refroidissement - Electrique - Pompe à chaleur (divisé) - type split",14.6,51.5,"pompe à chaleur",,,,,0,
"2384E2279547F","2024-12-30","2023-07-04","2023-07-05","2023-07-06","2033-07-04",,,"925AD3XJHNZ5",,,"DPE 3CL 2021 méthode logement",2.2,"dpe maison individuelle","D","B","maison",1977,"1975-1977",,,2.5,,,2,,,,200,,"Moyenne","inférieur à 400m","H2d","1192 route des moines 84220 Gordes","1192","route des moines","Gordes","84220","84050","84","93","84050_0565_01192",876303.67,6314087.67,0.5,"adresse géocodée ban à l'adresse","1192, Route des Moines
Quartier des Hauts Luquets","GORDES",84220,0,,,"2023-07-0012",,"insuffisant",0,1,0,0,1,727.5,27.6,189,61,77.5,13.3,182,177.2,"insuffisante","insuffisante","insuffisante",,,"insuffisante","insuffisante",1,29958.9,1560.7,5166.7,4034.2,549.7,6871.3,3429.5,48020.6,240,38721.4,6749.9,1008.2,907.7,633.5,20878.5,104,16835.4,2934.7,438.3,394.6,275.4,1593.7,7,1330,190.8,28.1,27.2,17.6,"Électricité",20878.5,16835.4,2934.7,3394.3,2737,477.1,1593.7,1330,190.8,,,,,,,,,,,,,,,,,,,,,3394.3,2737,477.1,71.3,64.2,44.8,"Électricité","PAC air/air installée à partir de 2015","installation individuelle","Convecteur électrique NFC, NF** et NF***","Installation de chauffage simple","Convecteur électrique NFC, NF** et NF*** (système individuel)",10237.2,80,,,"Convecteur électrique NFC, NF** et NF***","Électricité","chauffage","Electrique - Convecteur électrique NFC, NF** et NF***",10237.2,,,,,,"installation individuelle","Soufflage d'air chaud (air soufflé) avec distribution par réseau aéraulique","Installation de chauffage simple","PAC air/air installée à partir de 2015 (système individuel)",6598.2,120,,,"PAC air/air installée à partir de 2015","Électricité","chauffage","Electrique - PAC air/air sans réseau de distribution installée à partir de 2015",6598.2,,,,,,"Électricité","Ballon électrique à accumulation vertical Autres ou inconnue",,,"installation individuelle","Un seul système d'ECS sans solaire","Ballon électrique à accumulation vertical (autres catégorie ou inconnue), contenance ballon 200 L",1580.1,1,100,"Non affecté",,,,"Ballon électrique à accumulation vertical Autres ou inconnue","Électricité","ecs","Electrique - Ballon électrique à accumulation vertical (autres catégorie ou inconnue)",200,,1580.1,,,,,,,,,,,,0,"PAC air/air installée à partir de 2015","Électricité","A partir de 2015","Refroidissement - Electrique - Pompe à chaleur (divisé) - type split",120,438.3,"pompe à chaleur",,,,,0,
"2384E3557605H","2024-02-06","2023-10-19","2023-10-20","2023-10-21","2033-10-19",,,,,,"DPE 3CL 2021 méthode logement",2.3,"dpe maison individuelle","F","C","maison",,"avant 1948",,,2.5,,,2,,,,178,,"Moyenne","inférieur à 400m","H2d","1797 Chemin des Garrigues 84220 Gordes","1797","Chemin des Garrigues","Gordes","84220","84050","84","93","84050_0301_01797",876930.83,6312571.66,0.5,"adresse géocodée ban à l'adresse","1797, Chemin des Garrigues","GORDES",84220,0,,,"2023-10-0082",,"moyen",1,1,0,0,1,712.9,72.2,322,29.3,32.5,4.5,51,201.5,"insuffisante","insuffisante","insuffisante",,,"insuffisante","moyenne",1.31,30943.4,1466.2,3460.7,3633.3,495.1,5058.6,1931.3,67636.3,379,61015.3,5663.9,149.2,807.8,0,31848.4,178,28969.7,2462.6,64.9,351.2,0,2265.4,12,2077,160.1,4.2,24.2,0,"Électricité",27529.1,24650.5,2462.6,4457.6,3991.5,398.8,2135.8,1947.4,160.1,"Bois – Bûches",4319.3,4319.3,0,138.3,138.3,0,129.6,129.6,0,,,,,,,,,,,4595.9,4129.8,398.8,10.5,56.9,0,"Électricité","Plancher ou plafond rayonnant électrique avec régulation terminale","installation individuelle","Plancher rayonnant électrique avec régulation terminale","Installation de chauffage simple","Plancher rayonnant électrique avec régulation terminale (système individuel)",24650.5,163.7,,,"Plancher ou plafond rayonnant électrique avec régulation terminale","Électricité","chauffage","Electrique - Plancher rayonnant électrique avec régulation terminale",24650.5,,,,,,"installation individuelle","Poêle bois","Installation de chauffage simple","Poêle à bois (bûche) installé entre 1990 et 2004 (système individuel)",4319.3,14.3,,,"Poêle bûche installé entre 1990 et 2004","Bois – Bûches","chauffage","Bois - Poêle à bois (bûche) installé entre 1990 et 2004",4319.3,,,,,,"Électricité","Ballon électrique à accumulation vertical Autres ou inconnue",,,"installation individuelle","Un seul système d'ECS sans solaire","Ballon électrique à accumulation vertical (autres catégorie ou inconnue), contenance ballon 250 L",2462.6,1,178,"Non affecté",,,,"Ballon électrique à accumulation vertical Autres ou inconnue","Électricité","ecs","Electrique - Ballon électrique à accumulation vertical (autres catégorie ou inconnue)",250,,2462.6,,,,,,,,,,,,0,"PAC air/air installée à partir de 2015","Électricité","A partir de 2015","Refroidissement - Electrique - Pompe à chaleur (divisé) - type split",23.6,64.9,"Il existe plusieurs descriptifs ENR",,,,,0,
"2384E2292767R","2024-02-06","2023-07-05","2023-07-06","2023-07-07","2033-07-05",,,,,,"DPE 3CL 2021 méthode logement",2.2,"dpe appartement individuel","G","C","appartement",,"avant 1948","individuel","individuel",2.9,1,,1,,,,86.8,,"Moyenne","inférieur à 400m","H2d","Rue Porte de Savoie 84220 Gordes",,"Rue Porte de Savoie","Gordes","84220","84050","84","93","84050_0698",876676.43,6314849.5,0.42,"adresse géocodée ban à l'adresse","Rue porte de Savoie","GORDES",84220,0,,,"2023-07-0013",,"insuffisant",0,1,0,0,1,427.3,12.9,118.4,36.1,34.7,10.8,64.7,149.7,"insuffisante","insuffisante",,"insuffisante",,"insuffisante","insuffisante",0.99,19766.7,1223.6,0,2054.3,0,1759.6,0,44418.2,511,39719.9,4304.3,0,393.9,0,19312.2,222,17269.5,1871.5,0,171.3,0,1497.8,17,1364.3,121.6,0,11.8,0,"Électricité",19312.2,17269.5,1871.5,3143.8,2811.3,304.7,1497.8,1364.3,121.6,,,,,,,,,,,,,,,,,,,,,3143.8,2811.3,304.7,0,27.9,0,"Électricité","radiateur électrique NFC, NF** et NF***","installation individuelle","radiateur électrique NFC, NF** et NF***","Installation de chauffage simple","Radiateur électrique NFC, NF** et NF*** (système individuel)",17269.5,86.8,,,"radiateur électrique NFC, NF** et NF***","Électricité","chauffage","Electrique - Radiateur électrique NFC, NF** et NF***",17269.5,,,,,,,,,,,,,,,,,,,,,,,,"Électricité","Ballon électrique à accumulation vertical Autres ou inconnue",,,"installation individuelle","Un seul système d'ECS sans solaire","Ballon électrique à accumulation vertical (autres catégorie ou inconnue), contenance ballon 150 L",1871.5,1,86.8,"Non affecté",,,,"Ballon électrique à accumulation vertical Autres ou inconnue","Électricité","ecs","Electrique - Ballon électrique à accumulation vertical (autres catégorie ou inconnue)",150,,1871.5,,,,,,,,,,,,0,,,,,,,,,,,,0,
"2384E3518048W","2024-02-06","2023-10-15","2023-10-17","2023-10-18","2033-10-16",,,,,,"DPE 3CL 2021 méthode logement",2.3,"dpe maison individuelle","C","A","maison",,"2006-2012",,,2.7,,,2,,,,230.8,,"Moyenne","inférieur à 400m","H2d","882 route de la la badelle 84220 Gordes","882","route de la la badelle","Gordes","84220","84050","84","93","84050_0034_00882",878643.45,6312154.78,0.51,"adresse géocodée ban à l'adresse","882, Route de la Badelle","GORDES",84220,0,,,"2023-10-0073",,"insuffisant",0,1,0,0,1,459.3,67.9,119.9,28.7,33.4,6,103.4,99.8,"bonne","insuffisante","bonne",,,"bonne","bonne",0.63,17638.3,1693,0,4595.5,0,4262.1,0,27398.8,118,24239.7,172.7,0,1047.4,1939,14066.7,60,12693.1,75.1,0,455.4,843.1,906.3,3,816,4.9,0,31.4,54,"Électricité",10255.5,8882,75.1,1707.7,1479,12.5,791.9,701.7,4.9,"Bois – Granulés (pellets) ou briquettes",3811.2,3811.2,0,228.3,228.3,0,114.3,114.3,0,,,,,,,,,,,1936,1707.3,12.5,0,75.8,140.4,"Électricité","Chaudière électrique","installation individuelle","Plancher chauffant sur réseau individuel eau chaude basse ou moyenne température(inf 65°C)","Installation de chauffage avec chauffage solaire et insert ou poêle bois en appoint","Chauffage thermique avec en appoint un poêle à granulés avec programmateur avec réduit, couplé avec un système solaire. Emetteur(s): plancher chauffant",12693.1,230.8,0.4,,"Chaudière électrique","Électricité","chauffage + ecs","Electrique - Chaudière électrique",8882,"Poêle à granulés installée avant 2012 ou sans label flamme verte","Bois – Granulés (pellets) ou briquettes","chauffage","Bois - Poêle à granulés installée avant 2012 ou sans label flamme verte",3811.2,,,,,,,,,,,,,,,,,,,"Électricité","Chaudière électrique",,,"installation individuelle","Un seul système d'ECS avec solaire","Combiné au système de chauffage",75.1,1,230.8,"Chauffage + ECS solaire",1801628.8,1,,"Chaudière électrique","Électricité","chauffage + ecs","Electrique - Chaudière électrique",0,,75.1,,,,,,,,,,,,0,,,,,,,"Il existe plusieurs descriptifs ENR",,,,,0,
"2384E3106509L","2024-02-06","2023-09-06","2023-09-17","2023-09-18","2033-09-16",,,,,,"DPE 3CL 2021 méthode logement",2.3,"dpe maison individuelle","E","B","maison",2005,"2001-2005",,,2.9,,,3,,,,136.8,,"Moyenne","inférieur à 400m","H2d","789 Route de Murs 84220 Gordes","789","Route de Murs","Gordes","84220","84050","84","93","84050_0580_00789",876706.53,6315793.65,0.53,"adresse géocodée ban à l'adresse","789, Route de Murs","GORDES",84220,0,,,"2023-09-0017",,"insuffisant",0,1,0,0,1,442.1,92.2,117.4,19.6,16.2,11.3,56.9,128.5,"moyenne","moyenne",,"insuffisante",,"bonne","moyenne",0.78,18920.8,1289.2,1929.9,2882.6,392.8,2517,904.4,44909.4,328,35952.9,6597.2,118.4,620.8,1620.1,19525.8,142,15631.7,2868.4,51.5,269.9,704.4,1488.3,10,1234.9,186.4,3.3,18.6,45.1,"Électricité",19525.8,15631.7,2868.4,3178,2544.2,466.8,1488.3,1234.9,186.4,,,,,,,,,,,,,,,,,,,,,3178,2544.2,466.8,8.4,43.9,114.6,"Électricité","Panneau rayonnant électrique NFC, NF** et NF***","installation individuelle","Panneau rayonnant NFC, NF** et NF***","Installation de chauffage simple","Panneau rayonnant électrique NFC, NF** et NF*** (système individuel)",14588.9,122.2,,,"Panneau rayonnant électrique NFC, NF** et NF***","Électricité","chauffage","Electrique - Panneau rayonnant électrique NFC, NF** et NF***",14588.9,,,,,,"installation individuelle","Soufflage d'air chaud (air soufflé) avec distribution par réseau aéraulique","Installation de chauffage simple","PAC air/air (système individuel)",1042.8,14.6,,,"PAC air/air installée avant 2008","Électricité","chauffage","Electrique - PAC air/air sans réseau de distribution installée avant 2008",1042.8,,,,,,"Électricité","Ballon électrique à accumulation vertical Autres ou inconnue",,,"installation individuelle","Un seul système d'ECS sans solaire","Ballon électrique à accumulation vertical (autres catégorie ou inconnue), contenance ballon 200 L",1434.2,1,68.4,"Non affecté",,,,"Ballon électrique à accumulation vertical Autres ou inconnue","Électricité","ecs","Electrique - Ballon électrique à accumulation vertical (autres catégorie ou inconnue)",200,,1434.2,,,,,,,,,,,,0,"PAC air/air installée avant 2008","Électricité","Avant 2008","Refroidissement - Electrique - Pompe à chaleur (divisé) - type split",14.6,51.5,"pompe à chaleur",,,,,0,
"2384E2290643Z","2024-02-06","2023-07-04","2023-07-05","2023-07-06","2033-07-04",,,,,,"DPE 3CL 2021 méthode logement",2.2,"dpe maison individuelle","D","D","maison",,"1978-1982",,,2.5,,,1,,,,173,,"Moyenne","inférieur à 400m","H2d","97 chemin de gontrand 84220 Gordes","97","chemin de gontrand","Gordes","84220","84050","84","93","84050_0327_00097",875347.31,6313559.15,0.44,"adresse géocodée ban à l'adresse","97, Chemin de Gontrand","GORDES",84220,0,,,"2023-07-0002",,"moyen",1,1,0,0,1,546.8,25.9,174.1,39.4,72,4.5,65.8,165,"moyenne","insuffisante",,"bonne",,"insuffisante","insuffisante",0.68,24628.1,1444.7,1991.9,3542.2,482.6,1730.1,785.5,37691.8,217,27965.2,7722.8,264.4,785.1,954.3,27309,157,23080,3357.8,114.9,341.4,414.9,6833,39,6557.3,218.3,7.4,23.6,26.6,"Fioul domestique",19322.2,19322.2,0,1766.4,1766.4,0,6260.4,6260.4,0,"Électricité",7986.8,3757.8,3357.8,1350.7,635.5,567.9,572.6,296.9,218.3,,,,,,,,,,,3117.2,2402,567.9,19.4,57.7,70.2,"Fioul domestique","Chaudière fioul classique 1981-1990","installation individuelle","Radiateur monotube avec robinet thermostatique sur réseau individuel eau chaude haute température(sup ou egal 65°C)","Installation de chauffage simple","Chaudière individuelle fioul classique installée entre 1981 et 1990. Emetteur(s): radiateur monotube avec robinet thermostatique",19322.2,102.4,,,"Chaudière fioul classique 1981-1990","Fioul domestique","chauffage","Fioul - Chaudière fioul classique installée entre 1981 et 1990",19322.2,,,,,,"installation individuelle","Soufflage d'air chaud (air soufflé) avec distribution par réseau aéraulique","Installation de chauffage simple","PAC air/air installée à partir de 2015 (système individuel)",3757.8,70.6,,,"PAC air/air installée à partir de 2015","Électricité","chauffage","Electrique - PAC air/air sans réseau de distribution installée à partir de 2015",3757.8,,,,,,"Électricité","Ballon électrique à accumulation vertical Autres ou inconnue",,,"installation individuelle","Un seul système d'ECS sans solaire","Ballon électrique à accumulation vertical (autres catégorie ou inconnue), contenance ballon 300 L",1840,1,86.5,"Non affecté",,,,"Ballon électrique à accumulation vertical Autres ou inconnue","Électricité","ecs","Electrique - Ballon électrique à accumulation vertical (autres catégorie ou inconnue)",300,,1840,,,,,,,,,,,,0,"PAC air/air installée à partir de 2015","Électricité","A partir de 2015","Refroidissement - Electrique - Pompe à chaleur (divisé) - type split",70.6,114.9,"pompe à chaleur",,,,,0,
"2384E2978382M","2024-02-06","2023-09-06","2023-09-06","2023-09-07","2033-09-05",,,,,,"DPE 3CL 2021 méthode logement",2.3,"dpe maison individuelle","G","C","maison",,"avant 1948",,,2.5,,,2,,,,127,,"Moyenne","inférieur à 400m","H2d","341 chemin des boujolles 84220 Gordes","341","chemin des boujolles","Gordes","84220","84050","84","93","84050_0085_00341",874572.41,6314497.98,0.45,"adresse géocodée ban à l'adresse","341, Chemin des Boujolles","GORDES",84220,0,,,"2023-09-0015",,"insuffisant",0,1,0,0,0,830.2,72.3,276.7,158.8,35.2,9.7,122.7,154.9,"insuffisante","insuffisante","insuffisante",,,"insuffisante","insuffisante",2.2,39995.4,1247.1,2515.1,2704,368.4,3017.6,1241.3,61954.2,487,55806.7,4788.7,302.7,576.4,479.7,26936.6,212,24263.8,2082,131.6,250.6,208.6,2091.2,16,1916.8,135.3,8.4,17.3,13.3,"Électricité",26936.6,24263.8,2082,4362.9,3930,337.2,2091.2,1916.8,135.3,,,,,,,,,,,,,,,,,,,,,4362.9,3930,337.2,21.3,40.6,33.8,"Électricité","Convecteur électrique NFC, NF** et NF***","installation individuelle","Convecteur électrique NFC, NF** et NF***","Installation de chauffage simple","Convecteur électrique NFC, NF** et NF*** (système individuel)",19373.2,80,,,"Convecteur électrique NFC, NF** et NF***","Électricité","chauffage","Electrique - Convecteur électrique NFC, NF** et NF***",19373.2,,,,,,"installation individuelle","Soufflage d'air chaud (air soufflé) avec distribution par réseau aéraulique","Installation de chauffage simple","PAC air/air (système individuel)",4890.6,47,,,"PAC air/air installée à partir de 2015","Électricité","chauffage","Electrique - PAC air/air sans réseau de distribution installée à partir de 2015",4890.6,,,,,,"Électricité","Ballon électrique à accumulation vertical Autres ou inconnue",,,"installation individuelle","Un seul système d'ECS sans solaire","Ballon électrique à accumulation vertical (autres catégorie ou inconnue), contenance ballon 200 L",2082,1,127,"Non affecté",,,,"Ballon électrique à accumulation vertical Autres ou inconnue","Électricité","ecs","Electrique - Ballon électrique à accumulation vertical (autres catégorie ou inconnue)",200,,2082,,,,,,,,,,,,0,"PAC air/air installée à partir de 2015","Électricité","A partir de 2015","Refroidissement - Electrique - Pompe à chaleur (divisé) - type split",47,131.6,"pompe à chaleur",,,,,0,
"2384E2265812Y","2024-12-12","2023-07-03","2023-07-03","2023-07-05","2033-07-02",,,"TXEB421AHCMS",,,"DPE 3CL 2021 méthode logement",2.3,"dpe maison individuelle","C","A","maison",1949,"1948-1974",,,2.5,,,2,,,,100.8,,"Lourde","inférieur à 400m","H2d","1735 route des beaumettes 84220 Gordes","1735","route des beaumettes","Gordes","84220","84050","84","93","84050_0063_01735",876380.3,6311024.95,0.71,"adresse géocodée ban à l'adresse","1735 route des beaumettes","GORDES",84220,,,,"Sans objet","Sans objet","bon",0,1,0,1,1,336.7,62.5,42.6,10.3,41.6,0,129.3,50.3,"insuffisante","bonne","très bonne",,"très bonne","moyenne","insuffisante",0.98,7565.2,1134.7,5416.6,2015269.6,303453.8,11024224.9,4536942.8,15458.4,153.3,8996.3,4436.6,1265.7,457.6,302.2,6721,66.7,3911.4,1928.9,550.3,199,131.4,492.1,4.8,309,125.4,35.2,13.7,8.4,"Électricité",6721,3911.4,1928.9,1151,670,330,491.7,309,125.4,,,,,,,,,,,,,,,,,,,,,1151,670,330,94,34,23,"Électricité","PAC air/air installée entre 2008 et 2014","installation individuelle","Radiateur électrique à accumulation","Installation de chauffage simple","Chauffage sans solaire",1965.4,30.5,,,"Radiateur électrique à accumulation","Électricité","chauffage","Radiateur électrique à accumulation",1965.4,,,,,,"installation individuelle","Soufflage d'air chaud (air soufflé) avec distribution par fluide frigorigène","Installation de chauffage simple","Chauffage sans solaire",1946,70.3,,,"PAC air/air installée entre 2008 et 2014","Électricité","chauffage","Pompe à chaleur Air/Air",1946,,,,,,"Électricité","Ballon électrique à accumulation vertical Catégorie B ou 2 étoiles",,,"installation individuelle","Un seul système d'ECS sans solaire","Chauffe-eau vertical",1928.9,1,100.8,"Non affecté",,,,"Ballon électrique à accumulation vertical Catégorie B ou 2 étoiles","Électricité","ecs","Chauffe-eau vertical",200,,1928.9,,,,,,,,,,,,0,"PAC air/air installée entre 2008 et 2014","Électricité","2008-2014","Pac air / air",70.3,550.3,,,,,,0,
"2384E2802813V","2024-02-06","2023-08-22","2023-08-22","2023-08-24","2033-08-21",,,,,,"DPE 3CL 2021 méthode logement",2.3,"dpe maison individuelle","F","C","maison",1975,"1975-1977",,,2.8,,,1,,,,136,,"Légère","inférieur à 400m","H2d","1798 route des adams 84220 Gordes","1798","route des adams","Gordes","84220","84050","84","93","84050_0006_01798",878213.48,6313582.24,0.74,"adresse géocodée ban à l'adresse","1798 route des adams","GORDES",84220,,,,,,"bon",0,1,0,0,0,584,95.1,52.6,186.5,56.7,0,41.3,151.7,"insuffisante","bonne","insuffisante","insuffisante",,"bonne","bonne",1.02,25439.5,1285.8,0,2867993.6,0,4763966.4,0,52474.2,385.8,44538.9,6008.5,0,617.2,1309.6,22814.9,167.8,19364.7,2612.4,0,268.3,569.4,1754.4,12.9,1529.8,169.8,0,18.5,36.4,"Électricité",22814.9,19364.7,2612.4,3704,3144,424,1754.6,1529.8,169.8,,,,,,,,,,,,,,,,,,,,,3704,3144,424,0,44,92,"Électricité","Panneau rayonnant électrique NFC, NF** et NF***","installation individuelle","Panneau rayonnant NFC, NF** et NF***","Installation de chauffage simple","Chauffage sans solaire",19364.7,136,,,"Panneau rayonnant électrique NFC, NF** et NF***","Électricité","chauffage","Panneau rayonnant électrique NFC",19364.7,,,,,,,,,,,,,,,,,,,,,,,,"Électricité","Ballon électrique à accumulation vertical Autres ou inconnue",,,"installation individuelle","Un seul système d'ECS sans solaire","Chauffe-eau vertical",2612.4,1,136,"Non affecté",,,,"Ballon électrique à accumulation vertical Autres ou inconnue","Électricité","ecs","Chauffe-eau vertical",300,,2612.4,,,,,,,,,,,,0,,,,,,,,,,,,0,
"2384E4202624S","2024-12-30","2023-04-10","2023-12-06","2023-12-07","2033-12-05",,,"C2PPVN2X1JRF",,,"DPE 3CL 2021 méthode logement",2.3,"dpe maison individuelle","E","E","maison",1980,"1978-1982",,,2.5,,,2,,,,84.1,,"Légère","inférieur à 400m","H2d","136 chemin des luquets 84220 Gordes","136","chemin des luquets","Gordes","84220","84050","84","93","84050_0525_00136",875939.8,6313862.47,0.49,"adresse géocodée ban à l'adresse","136 Chemin des Luquets","GORDES",84220,0,,,"110423136P",,"insuffisant",0,1,0,0,1,230.7,52.1,39,13.8,35.2,3.5,7.8,79.2,"bonne","très bonne","insuffisante",,,"insuffisante","très bonne",0.64,9853.2,1062.7,0,1921.7,0,1154.8,0,18143.2,215,13515.8,3813.9,0,381.5,432.1,15527.7,184,13515.8,1658.2,0,165.9,187.8,4510.4,53,4379.1,107.8,0,11.4,12,"Fioul domestique",13515.8,13515.8,0,1235.6,1235.6,0,4379.1,4379.1,0,"Électricité",2011.9,0,1658.2,432,0,356,131.3,0,107.8,,,,,,,,,,,1667.6,1235.6,356,0,35.6,40.3,"Fioul domestique","Chaudière fioul standard 1991-2015","installation individuelle","Radiateur monotube avec robinet thermostatique sur réseau individuel eau chaude haute température(sup ou egal 65°C)","Installation de chauffage simple","Chaudière individuelle fioul standard installée entre 1991 et 2015 avec programmateur avec réduit. Emetteur(s): radiateur monotube avec robinet thermostatique",13515.8,84.1,,,"Chaudière fioul standard 1991-2015","Fioul domestique","chauffage","Fioul - Chaudière fioul standard installée entre 1991 et 2015",13515.8,,,,,,,,,,,,,,,,,,,,,,,,"Électricité","Ballon électrique à accumulation vertical Autres ou inconnue",,,"installation individuelle","Un seul système d'ECS sans solaire","Ballon électrique à accumulation vertical (autres catégorie ou inconnue), contenance ballon 100 L",1658.2,1,84.1,"Non affecté",,,,"Ballon électrique à accumulation vertical Autres ou inconnue","Électricité","ecs","Electrique - Ballon électrique à accumulation vertical (autres catégorie ou inconnue)",100,,1658.2,,,,,,,,,,,,0,,,,,,,,,,,,0,
"2384E4236319R","2024-02-06","2023-11-29","2023-12-08","2023-12-09","2033-12-07",,,,,,"DPE 3CL 2021 méthode logement",2.3,"dpe maison individuelle","C","A","maison",,"1989-2000",,,2.5,,,3,,,,303,,"Moyenne","inférieur à 400m","H2d","66 chemin des caquettes 84220 Gordes","66","chemin des caquettes","Gordes","84220","84050","84","93","84050_0104_00066",876425.74,6315624.98,0.45,"adresse géocodée ban à l'adresse","Le clos des chênes
66, Chemin des caquettes","GORDES",84220,0,,,"2023-11-0131",,"insuffisant",0,1,0,0,1,838.4,109,189.7,43,44,29.7,171.7,251.3,"moyenne","moyenne","moyenne",,,"bonne","moyenne",0.73,28367.1,2003.1,7626.1,5911.2,805.4,15180.5,5384.2,39937.4,131,26329,9844.9,990.4,1375.1,1397.9,22263.6,73,16346.9,4280.4,430.6,597.9,607.8,1252.6,4,866.7,278.2,27.6,41.3,38.9,"Électricité",13595.2,7678.6,4280.4,2233.2,1261.3,703.1,992.5,606.6,278.2,"Bois – Bûches",8668.4,8668.4,0,277.5,277.5,0,260.1,260.1,0,,,,,,,,,,,2510.7,1538.8,703.1,70.7,98.2,99.8,"Bois – Bûches","PAC air/eau installée après 2017","installation individuelle","Plancher chauffant sur réseau individuel eau chaude haute température(sup ou egal 65°C)","Installation de chauffage avec insert ou poêle bois en appoint","PAC air/eau installée à partir de 2017 avec en appoint un insert installé à partir de 2018 avec label flamme verte (système individuel). Emetteur(s): plancher chauffant",14605,254,,,"insert installé installé à partir de 2018 avec label flamme verte","Bois – Bûches","chauffage","Bois - Insert installé à partir de 2018 avec label flamme verte",8668.4,"PAC air/eau installée après 2017","Électricité","chauffage","Electrique - PAC air/eau installée à partir de 2017",5936.6,"installation individuelle","Soufflage d'air chaud (air soufflé) avec distribution par réseau aéraulique","Installation de chauffage simple","PAC air/air installée à partir de 2015 (système individuel)",1741.9,49,,,"PAC air/air installée à partir de 2015","Électricité","chauffage","Electrique - PAC air/air sans réseau de distribution installée à partir de 2015",1741.9,,,,,,"Électricité","Ballon électrique à accumulation vertical Autres ou inconnue",,,"installation individuelle","Un seul système d'ECS sans solaire","Ballon électrique à accumulation vertical (autres catégorie ou inconnue), contenance ballon 300 L",2140.2,1,151.5,"Non affecté",,,,"Ballon électrique à accumulation vertical Autres ou inconnue","Électricité","ecs","Electrique - Ballon électrique à accumulation vertical (autres catégorie ou inconnue)",300,,2140.2,,,,,,,,,,,,0,"PAC air/air installée à partir de 2015","Électricité","A partir de 2015","Refroidissement - Electrique - Pompe à chaleur (divisé) - type split",121,430.6,"Il existe plusieurs descriptifs ENR",,,,,0,
"2384E2946631H","2024-02-06","2023-09-04","2023-09-05","2023-09-06","2033-09-04",,,,,,"DPE 3CL 2021 méthode logement",2.3,"dpe maison individuelle","D","B","maison",,"avant 1948",,,2.8,,,2,,,,144,,"Lourde","inférieur à 400m","H2d","hameau les bouilladoires 84220 Gordes",,"hameau les bouilladoires","Gordes","84220","84050","84","93","84050_m9a0nm",876474.31,6310917.62,0.35,"adresse géocodée ban à l'adresse","Hameau les Bouilladoires","GORDES",84220,0,,,"2023-09-0002",,"insuffisant",0,0,0,1,0,793.8,64.8,338.7,115.5,40.2,13.8,42.1,178.7,"insuffisante","insuffisante",,"insuffisante",,"insuffisante","moyenne",1.69,36089.3,1320.1,2215.4,2727.1,410.6,2558.9,929.5,35437.7,246,32328.6,1419.5,260.2,653.5,775.9,15407.7,106,14055.9,617.2,113.1,284.1,337.3,1199,8,1110.4,40.1,7.2,19.6,21.6,"Électricité",15407.7,14055.9,617.2,2519.5,2298.5,100.9,1199,1110.4,40.1,,,,,,,,,,,,,,,,,,,,,2519.5,2298.5,100.9,18.5,46.5,55.2,"Électricité","PAC air/eau installée après 2017","installation individuelle","Radiateur monotube sans robinet thermostatique sur réseau individuel eau chaude haute température(sup ou egal 65°C)","Installation de chauffage simple","PAC air/eau installée à partir de 2017 (système individuel). Emetteur(s): radiateur monotube sans robinet thermostatique",14055.9,144,,,"PAC air/eau installée après 2017","Électricité","chauffage + ecs","Electrique - PAC air/eau installée à partir de 2017",14055.9,,,,,,,,,,,,,,,,,,,,,,,,"Électricité","PAC double service après 2014",,,"installation individuelle","Un seul système d'ECS sans solaire","Combiné au système de chauffage, contenance ballon 200 L",617.2,1,144,"Non affecté",,,,"PAC double service après 2014","Électricité","chauffage + ecs","Electrique - PAC air/eau installée à partir de 2017",200,2.3,617.2,"A partir de 2015",,,,,,,,,,,0,"PAC air/air installée à partir de 2015","Électricité","A partir de 2015","Refroidissement - Electrique - Pompe à chaleur (divisé) - type split",52,113.1,"pompe à chaleur",,,,,0,
"2384E3184247J","2024-02-06","2023-09-18","2023-09-24","2023-09-25","2033-09-23",,,,,,"DPE 3CL 2021 méthode logement",2.3,"dpe maison individuelle","C","A","maison",2003,"2001-2005",,,2.5,,,2,,,,250,,"Légère","inférieur à 400m","H2d","Chemin de Granan 84220 Gordes",,"Chemin de Granan","Gordes","84220","84050","84","93","84050_0335",875798.51,6314894.46,0.49,"adresse géocodée ban à l'adresse","CHEMIN DE GRANAN","GORDES",84220,0,,,"23/DE/0496",,"insuffisant",0,1,0,0,1,626.2,47.3,86.2,100,43.8,0,140.4,208.5,"moyenne","bonne","insuffisante",,,"bonne","insuffisante",0.68,23811,1775.4,0,4945.4,0,7925.1,0,29838.7,119,21040,7021.6,0,1134.6,642.5,14460.6,57,10635.1,3052.9,0,493.3,279.3,961.6,3,711.2,198.4,0,34,17.9,"Électricité",11829.3,8003.8,3052.9,1955.3,1323,504.6,882.7,632.3,198.4,"Bois – Bûches",2631.2,2631.2,0,84.2,84.2,0,78.9,78.9,0,,,,,,,,,,,2039.6,1407.2,504.6,0,81.5,46.2,"Électricité","PAC eau glycolée/eau installée après 2017","installation individuelle","Plancher chauffant sur réseau individuel eau chaude haute température(sup ou egal 65°C)","Installation de chauffage simple","PAC eau glycolée/eau installée à partir de 2017 (système individuel). Emetteur(s): plancher chauffant",5382.1,173.3,,,"PAC eau glycolée/eau installée après 2017","Électricité","chauffage","Electrique - PAC eau glycolée/eau installée à partir de 2017",5382.1,,,,,,"installation individuelle","Poêle bois","Installation de chauffage simple","Poêle à granulés flamme verte installé à partir de 2020 (système individuel)",2631.2,21.8,,,"Poêle à granulés flamme verte installé à partir de 2020","Bois – Bûches","chauffage","Bois - Poêle à granulés flamme verte installé à partir de 2020",2631.2,,,,,,"Électricité","Ballon électrique à accumulation vertical Catégorie B ou 2 étoiles",,,"installation individuelle","Un seul système d'ECS sans solaire","Ballon électrique à accumulation vertical (catégorie B ou 2 étoiles), contenance ballon 200 L",1663.4,1,125,"Non affecté",,,,"Ballon électrique à accumulation vertical Catégorie B ou 2 étoiles","Électricité","ecs","Electrique - Ballon électrique à accumulation vertical (catégorie B ou 2 étoiles)",200,,1663.4,,,,,,,,,,,,0,,,,,,,"Il existe plusieurs descriptifs ENR",,,,,0,
"2384E2264621D","2024-02-06","2023-06-29","2023-06-29","2023-07-05","2033-06-28",,,,,,"DPE 3CL 2021 méthode logement",2.3,"dpe maison individuelle","C","A","maison",2010,"2006-2012",,,2.5,,,1,,,,84.8,,"Légère","inférieur à 400m","H2d","278 Chemin de Granan 84220 Gordes","278","Chemin de Granan","Gordes","84220","84050","84","93","84050_0335_00278",876141,6314978.89,0.95,"adresse géocodée ban à l'adresse","278 chemin de Granan","GORDES",84220,0,,,"Unique","Unique","bon",0,1,0,0,1,126.7,0,33.5,15.3,20.1,0,19.9,38,"très bonne","bonne","bonne","bonne",,"très bonne","très bonne",0.32,3995.4,1066,0,1751725.9,0,1585449.5,0,13336.2,157.1,7677,4266.8,0,385.1,1007.4,5798.4,68.3,3337.8,1855.1,0,167.4,438,424.2,5,263.7,120.6,0,11.6,28,"Électricité",5798.4,3337.8,1855.1,1006,579,322,423.9,263.7,120.6,,,,,,,,,,,,,,,,,,,,,1006,579,322,0,29,76,"Électricité","radiateur électrique NFC, NF** et NF***","installation individuelle","radiateur électrique NFC, NF** et NF***","Installation de chauffage simple","Chauffage sans solaire",1864.6,47.4,,,"radiateur électrique NFC, NF** et NF***","Électricité","chauffage","Radiateur électrique NF***",1864.6,,,,,,"installation individuelle","Panneau rayonnant NFC, NF** et NF***","Installation de chauffage simple","Chauffage sans solaire",1473.2,37.5,,,"Panneau rayonnant électrique NFC, NF** et NF***","Électricité","chauffage","Panneau rayonnant électrique NF***",1473.2,,,,,,"Électricité","Ballon électrique à accumulation vertical Catégorie B ou 2 étoiles",,,"installation individuelle","Un seul système d'ECS sans solaire","Chauffe-eau vertical",1855.1,1,84.8,"Non affecté",,,,"Ballon électrique à accumulation vertical Catégorie B ou 2 étoiles","Électricité","ecs","Chauffe-eau vertical",200,,1855.1,,,,,,,,,,,,0,,,,,,,,,,,,0,
"2384E3894932K","2024-12-30","2023-11-12","2023-11-15","2023-11-16","2033-11-14",,,"JHV19GGXF8VD",,,"DPE 3CL 2021 méthode logement",2.3,"dpe maison individuelle","F","C","maison",1970,"1948-1974",,,2.5,,,1,,,,62.2,,"Lourde","inférieur à 400m","H2d","2289 Route de Goult 84220 Gordes","2289","Route de Goult","Gordes","84220","84050","84","93","84050_0330_02289",879611.86,6312815.98,0.5,"adresse géocodée ban à l'adresse","Quartier Les Ratiers
2289 route de Goult","GORDES",84220,0,,,"23/11/Vaux/1437",,"moyen",1,0,0,1,1,255.3,79,42.8,12,26.7,4.7,22,68.1,"moyenne","moyenne",,"moyenne",,"insuffisante","moyenne",0.79,10971.3,918.6,0,1495.5,0,1565,0,25656.3,412,21722.7,3651.3,0,282.3,0,11154.9,179,9444.6,1587.5,0,122.8,0,857.8,13,746.1,103.2,0,8.5,0,"Électricité",11154.9,9444.6,1587.5,1849.2,1565.7,263.2,857.8,746.1,103.2,,,,,,,,,,,,,,,,,,,,,1849.2,1565.7,263.2,0,20.3,0,"Électricité","Convecteur électrique NFC, NF** et NF***","installation individuelle","Convecteur électrique NFC, NF** et NF***","Installation de chauffage simple","Convecteur électrique NFC, NF** et NF*** (système individuel)",9444.6,62.2,,,"Convecteur électrique NFC, NF** et NF***","Électricité","chauffage","Electrique - Convecteur électrique NFC, NF** et NF***",9444.6,,,,,,,,,,,,,,,,,,,,,,,,"Électricité","Ballon électrique à accumulation vertical Catégorie B ou 2 étoiles",,,"installation individuelle","Un seul système d'ECS sans solaire","Ballon électrique à accumulation vertical (catégorie B ou 2 étoiles), contenance ballon 150 L",1587.5,1,62.2,"Non affecté",,,,"Ballon électrique à accumulation vertical Catégorie B ou 2 étoiles","Électricité","ecs","Electrique - Ballon électrique à accumulation vertical (catégorie B ou 2 étoiles)",150,,1587.5,,,,,,,,,,,,0,,,,,,,,,,,,0,
"2384E4058059N","2024-12-30","2023-11-21","2023-11-27","2023-11-28","2033-11-26",,,"F4H5M4WSGMMF",,,"DPE 3CL 2021 méthode logement",2.3,"dpe maison individuelle","D","B","maison",,"avant 1948",,,2.5,,,2,,,,201,,"Moyenne","inférieur à 400m","H2d","12 rue principale 84220 Gordes","12","rue principale","Gordes","84220","84050","84","93","84050_0720_00012",874227.69,6312178.69,0.45,"adresse géocodée ban à l'adresse","12, Rue principale 
Les Imberts","GORDES",84220,0,,,"2023-11-0083",,"insuffisant",0,1,0,0,1,568.6,69.3,267.1,34.1,0,0,34,164,"insuffisante","insuffisante","insuffisante",,,"très bonne","moyenne",1.27,26056.4,1565,1918.9,4052.5,552.2,1146.5,633,49983.5,248,42203.5,6315.8,204.9,912.2,347,21731.9,108,18349.4,2746,89.1,396.6,150.9,1670.8,8,1449.6,178.5,5.7,27.4,9.7,"Électricité",21731.9,18349.4,2746,3530.7,2981.2,446.1,1670.8,1449.6,178.5,,,,,,,,,,,,,,,,,,,,,3530.7,2981.2,446.1,14.5,64.4,24.5,"Électricité","Plancher ou plafond rayonnant électrique avec régulation terminale","installation individuelle","Plafond rayonnant électrique avec régulation terminale","Installation de chauffage simple","Plafond rayonnant électrique avec régulation terminale (système individuel)",10474.9,93.6,,,"Plancher ou plafond rayonnant électrique avec régulation terminale","Électricité","chauffage","Electrique - Plancher rayonnant électrique avec régulation terminale",10474.9,,,,,,"installation individuelle","radiateur électrique NFC, NF** et NF***","Installation de chauffage simple","Radiateur électrique NFC, NF** et NF*** (système individuel)",4633.6,41.4,,,"radiateur électrique NFC, NF** et NF***","Électricité","chauffage","Electrique - Radiateur électrique NFC, NF** et NF***",4633.6,,,,,,"Électricité","Ballon électrique à accumulation vertical Autres ou inconnue",,,"installation individuelle","Un seul système d'ECS sans solaire","Ballon électrique à accumulation vertical (autres catégorie ou inconnue), contenance ballon 300 L",2746,1,201,"Non affecté",,,,"Ballon électrique à accumulation vertical Autres ou inconnue","Électricité","ecs","Electrique - Ballon électrique à accumulation vertical (autres catégorie ou inconnue)",300,,2746,,,,,,,,,,,,0,"PAC géothermique installée après 2017","Électricité","A partir de 2015","Refroidissement - Electrique - Pompe à chaleur géothermique",66,89.1,"Il existe plusieurs descriptifs ENR",,,,,0,
"2384E2451348Y","2024-02-06","2023-07-16","2023-07-19","2023-07-20","2033-07-18",,,,,,"DPE 3CL 2021 méthode logement",2.3,"dpe maison individuelle","D","D","maison",1990,"1989-2000",,,2.5,,,2,,,,235,,"Moyenne","inférieur à 400m","H2d","673 route des moines 84220 Gordes","673","route des moines","Gordes","84220","84050","84","93","84050_0565_00673",876523.89,6314339.02,0.5,"adresse géocodée ban à l'adresse","673 route des Moines","GORDES",84220,0,,,"2023-07-0032",,"insuffisant",0,1,0,0,1,734.3,70.6,127.2,72,54.8,0,195.5,214.1,"moyenne","moyenne",,,"insuffisante","moyenne","insuffisante",0.75,26849.6,1711,0,4672,0,10941.4,0,44971.9,191,37275.5,4516.7,0,1066.5,2113.2,43174.7,183,37275.5,4516.7,0,463.7,918.8,10591.5,45,9037.3,1463.4,0,32,58.8,"Fioul domestique",31452,26935.4,4516.7,2875.3,2462.4,412.9,10190.5,8727.1,1463.4,"Bois – Bûches",10340.2,10340.2,0,331,331,0,310.2,310.2,0,"Électricité",1382.5,0,0,343.5,0,0,90.8,0,0,3549.8,2793.4,412.9,0,115.2,228.3,"Fioul domestique","Chaudière fioul standard après 2015","installation individuelle","Poêle bois","Installation de chauffage avec insert ou poêle bois en appoint","Chaudière individuelle fioul standard installée à partir de 2016 avec en appoint un insert installé de 2007 à 2017 avec label flamme verte. Emetteur(s): radiateur monotube avec robinet thermostatique",37275.5,235,,,"Chaudière fioul standard après 2015","Fioul domestique","chauffage + ecs","Fioul - Chaudière fioul standard installée à partir de 2016",26935.4,"insert installé installé de 2007 à 2017 avec label flamme verte","Bois – Bûches","chauffage","Bois - Insert installé de 2007 à 2017 avec label flamme verte",10340.2,,,,,,,,,,,,,,,,,,,"Fioul domestique","Chaudière fioul standard après 2015",,,"installation individuelle","Un seul système d'ECS sans solaire","Combiné au système de chauffage, contenance ballon 300 L",4516.7,1,235,"Non affecté",,,,"Chaudière fioul standard après 2015","Fioul domestique","chauffage + ecs","Fioul - Chaudière fioul standard installée à partir de 2016",300,,4516.7,,,,,,,,,,,,0,,,,,,,"chauffage au bois",,,,,0,
"2384E2745381X","2024-12-30","2023-01-22","2023-08-16","2023-08-17","2033-08-15",,,"G8KYQRTTT2MR",,,"DPE 3CL 2021 méthode logement",2.3,"dpe maison individuelle","F","C","maison",,"1978-1982",,,2.5,,,2,,,,203,,"Moyenne","inférieur à 400m","H2d","1516 Chemin de Granan 84220 Gordes","1516","Chemin de Granan","Gordes","84220","84050","84","93","84050_0335_01516",875199.98,6314879.45,0.49,"adresse géocodée ban à l'adresse","Le Doucos, 1516 chemin de Granan","GORDES",84220,0,,,"DEFREMINVILLE/CT_2310708/TFL",,"insuffisant",0,1,0,0,1,940.5,131.8,406,47.5,44.1,0,123.1,188,"insuffisante","insuffisante","insuffisante",,,"insuffisante","insuffisante",1.37,40483.1,1573.6,0,3699.9,0,5295.6,0,84326.8,415,76623.8,6781.7,0,921.3,0,36663.8,180,33314.7,2948.6,0,400.6,0,2851.2,14,2631.9,191.7,0,27.6,0,"Électricité",36663.8,33314.7,2948.6,5918.2,5377.6,476,2851.2,2631.9,191.7,,,,,,,,,,,,,,,,,,,,,5918.2,5377.6,476,0,64.7,0,"Électricité","Convecteur électrique NFC, NF** et NF***","installation individuelle","Convecteur électrique NFC, NF** et NF***","Installation de chauffage simple","Convecteur électrique NFC, NF** et NF*** (système individuel)",33314.7,203,,,"Convecteur électrique NFC, NF** et NF***","Électricité","chauffage","Electrique - Convecteur électrique NFC, NF** et NF***",33314.7,,,,,,,,,,,,,,,,,,,,,,,,"Électricité","Ballon électrique à accumulation vertical Autres ou inconnue",,,"installation individuelle","Un seul système d'ECS sans solaire","Ballon électrique à accumulation vertical (autres catégorie ou inconnue), contenance ballon 200 L",1587.1,1,101.5,"Non affecté",,,,"Ballon électrique à accumulation vertical Autres ou inconnue","Électricité","ecs","Electrique - Ballon électrique à accumulation vertical (autres catégorie ou inconnue)",200,,1587.1,,,,,,,,,,,,0,,,,,,,,,,,,0,
"2384E2930576U","2024-02-06","2023-09-03","2023-09-03","2023-09-04","2033-09-02",,,,,,"DPE 3CL 2021 méthode logement",2.3,"dpe maison individuelle","G","G","maison",,"1948-1974",,,2.7,,,2,,,,170.3,,"Moyenne","inférieur à 400m","H2d","397 Chemin de Picordon 84220 Gordes","397","Chemin de Picordon","Gordes","84220","84050","84","93","84050_0689_00397",875922.74,6311402.65,0.43,"adresse géocodée ban à l'adresse","397, Chemin de Picordon","GORDES",84220,0,,,"2023-09-0005",,"insuffisant",0,1,0,0,1,911.6,95.2,307.5,128.2,52.2,12.1,118.9,197.5,"insuffisante","insuffisante","insuffisante",,,"insuffisante","insuffisante",1.34,45910,1432.9,0,3492.1,0,887.2,0,63561.4,373,58748.4,2332.5,0,772.6,1707.8,60344.6,354,56933.7,2332.5,0,335.9,742.5,18930.9,111,18104.5,755.7,0,23.2,47.5,"Fioul domestique",57870.1,55537.7,2332.5,5290.5,5077.3,213.2,18749.9,17994.2,755.7,"Électricité",2474.4,1396,0,497.1,280.4,0,181,110.3,0,,,,,,,,,,,5787.5,5357.7,213.2,0,67.5,149.2,"Fioul domestique","Chaudière fioul basse température 1991-2015","installation individuelle","Radiateur monotube sans robinet thermostatique sur réseau individuel eau chaude basse ou moyenne température(inf 65°C)","Installation de chauffage simple","Chaudière individuelle fioul basse température. Emetteur(s): radiateur monotube sans robinet thermostatique",55537.7,163.8,,,"Chaudière fioul basse température 1991-2015","Fioul domestique","chauffage + ecs","Fioul - Chaudière fioul basse température installée entre 1991 et 2015",55537.7,,,,,,"installation individuelle","Panneau rayonnant NFC, NF** et NF***","Installation de chauffage simple","Panneau rayonnant électrique NFC, NF** et NF*** (système individuel)",1396,6.5,,,"Panneau rayonnant électrique NFC, NF** et NF***","Électricité","chauffage","Electrique - Panneau rayonnant électrique NFC, NF** et NF***",1396,,,,,,"Fioul domestique","Chaudière fioul basse température 1991-2015",,,"installation individuelle","Un seul système d'ECS sans solaire","Combiné au système de chauffage",2332.5,1,170.3,"Non affecté",,,,"Chaudière fioul basse température 1991-2015","Fioul domestique","chauffage + ecs","Fioul - Chaudière fioul basse température installée entre 1991 et 2015",0,,2332.5,,,,,,,,,,,,0,,,,,,,,,,,,0,
"2384E3899124Q","2024-12-30","2023-11-12","2023-11-15","2023-11-16","2033-11-14",,,"JHV19GGXF8VD",,,"DPE 3CL 2021 méthode logement",2.3,"dpe maison individuelle","F","C","maison",1970,"1948-1974",,,2.5,,,1,,,,62.2,,"Lourde","inférieur à 400m","H2d","2289 Route de Goult 84220 Gordes","2289","Route de Goult","Gordes","84220","84050","84","93","84050_0330_02289",879611.86,6312815.98,0.5,"adresse géocodée ban à l'adresse","Quartier Les Ratiers
2289 route de Goult","GORDES",84220,0,,,"23/11/Vaux/1437",,"moyen",1,0,0,1,1,212,35.8,42.8,12,26.7,4.7,22,68.1,"bonne","moyenne",,"moyenne",,"insuffisante","moyenne",0.61,8634.2,918.6,0,1495.5,0,1565,0,21483.1,345,17549.5,3651.3,0,282.3,0,9340.5,150,7630.2,1587.5,0,122.8,0,714.4,11,602.8,103.2,0,8.5,0,"Électricité",9340.5,7630.2,1587.5,1563.7,1277.4,265.8,714.4,602.8,103.2,,,,,,,,,,,,,,,,,,,,,1563.7,1277.4,265.8,0,20.6,0,"Électricité","Convecteur électrique NFC, NF** et NF***","installation individuelle","Convecteur électrique NFC, NF** et NF***","Installation de chauffage simple","Convecteur électrique NFC, NF** et NF*** (système individuel)",7630.2,62.2,,,"Convecteur électrique NFC, NF** et NF***","Électricité","chauffage","Electrique - Convecteur électrique NFC, NF** et NF***",7630.2,,,,,,,,,,,,,,,,,,,,,,,,"Électricité","Ballon électrique à accumulation vertical Catégorie B ou 2 étoiles",,,"installation individuelle","Un seul système d'ECS sans solaire","Ballon électrique à accumulation vertical (catégorie B ou 2 étoiles), contenance ballon 150 L",1587.5,1,62.2,"Non affecté",,,,"Ballon électrique à accumulation vertical Catégorie B ou 2 étoiles","Électricité","ecs","Electrique - Ballon électrique à accumulation vertical (catégorie B ou 2 étoiles)",150,,1587.5,,,,,,,,,,,,0,,,,,,,,,,,,0,
"2384E3181145B","2024-02-06","2023-09-21","2023-09-24","2023-09-25","2033-09-23",,,,,,"DPE 3CL 2021 méthode logement",2.3,"dpe appartement individuel","D","B","appartement",,"1989-2000","individuel","individuel",2.5,1,,1,,,,46.7,,"Moyenne","inférieur à 400m","H2d","Route de Senanque 84220 Gordes",,"Route de Senanque","Gordes","84220","84050","84","93","84050_0810",876255.47,6315731.85,0.5,"adresse géocodée ban à l'adresse","Route de Sénanque
2, Rés Les Bastidons","GORDES",84220,0,,,"2023-09-0173",,"insuffisant",0,1,0,0,1,90.7,12.2,21.8,3.6,0,2.9,12.8,37.4,"bonne","moyenne",,"très bonne",,"très bonne","moyenne",0.53,2857.8,966.3,0,1275.5,0,1153.9,0,10893.5,233,6300.3,3668.1,0,211.7,713.4,4736.3,101,2739.3,1594.8,0,92,310.2,346.3,7,216.4,103.7,0,6.4,19.9,"Électricité",4736.3,2739.3,1594.8,840.8,486.3,283.1,346.3,216.4,103.7,,,,,,,,,,,,,,,,,,,,,840.8,486.3,283.1,0,16.3,55.1,"Électricité","radiateur électrique NFC, NF** et NF***","installation individuelle","radiateur électrique NFC, NF** et NF***","Installation de chauffage simple","Radiateur électrique NFC, NF** et NF*** (système individuel)",2739.3,46.7,,,"radiateur électrique NFC, NF** et NF***","Électricité","chauffage","Electrique - Radiateur électrique NFC, NF** et NF***",2739.3,,,,,,,,,,,,,,,,,,,,,,,,"Électricité","Ballon électrique à accumulation vertical Autres ou inconnue",,,"installation individuelle","Un seul système d'ECS sans solaire","Ballon électrique à accumulation vertical (autres catégorie ou inconnue), contenance ballon 150 L",1594.8,1,46.7,"Non affecté",,,,"Ballon électrique à accumulation vertical Autres ou inconnue","Électricité","ecs","Electrique - Ballon électrique à accumulation vertical (autres catégorie ou inconnue)",150,,1594.8,,,,,,,,,,,,0,,,,,,,,,,,,0,
"2384E3372914U","2024-02-06","2023-09-24","2023-10-07","2023-10-08","2033-10-06",,,,,,"DPE 3CL 2021 méthode logement",2.3,"dpe maison individuelle","G","D","maison",,"avant 1948",,,2.5,,,2,,,,70,,"Moyenne","400-800m","H2d","chemin de la gacholle 84220 Gordes",,"chemin de la gacholle","Gordes","84220","84050","84","93","84050_0296",877006.52,6315884.5,0.44,"adresse géocodée ban à l'adresse","La Gacholle","GORDES",84220,0,,,"2023-09-0011",,"insuffisant",1,1,0,0,0,595.3,41.2,241.6,133,36,9.7,21.7,112.1,"insuffisante","insuffisante","insuffisante",,,"insuffisante","insuffisante",1.93,37254.6,1083.9,0,1874.4,0,1249.3,0,66413.4,948,62881.6,3214.1,0,317.7,0,38258.4,546,36722.9,1397.4,0,138.1,0,2188,31,2087.7,90.8,0,9.5,0,"Électricité",21657.7,20122.1,1397.4,3518.8,3269.4,227,1690,1589.6,90.8,"Bois – Bûches",16600.8,16600.8,0,531.4,531.4,0,498,498,0,,,,,,,,,,,4050.2,3800.7,227,0,22.4,0,"Électricité","Convecteur électrique NFC, NF** et NF***","installation individuelle","Convecteur électrique NFC, NF** et NF***","Installation de chauffage avec insert ou poêle bois en appoint","Convecteur électrique NFC, NF** et NF*** avec en appoint un poêle à bois (bûche) installé avant 1990 (système individuel)",36722.9,70,,,"Convecteur électrique NFC, NF** et NF***","Électricité","chauffage","Electrique - Convecteur électrique NFC, NF** et NF***",20122.1,"Poêle bûche installé avant 1990","Bois – Bûches","chauffage","Bois - Poêle à bois (bûche) installé avant 1990",16600.8,,,,,,,,,,,,,,,,,,,"Électricité","Ballon électrique à accumulation vertical Autres ou inconnue",,,"installation individuelle","Un seul système d'ECS sans solaire","Ballon électrique à accumulation vertical (autres catégorie ou inconnue), contenance ballon 45 L",1397.4,1,70,"Non affecté",,,,"Ballon électrique à accumulation vertical Autres ou inconnue","Électricité","ecs","Electrique - Ballon électrique à accumulation vertical (autres catégorie ou inconnue)",45,,1397.4,,,,,,,,,,,,0,,,,,,,"chauffage au bois",,,,,0,
"2384E1415817V","2024-02-06","2023-04-26","2023-04-26","2023-04-27","2033-04-25",,,,,,"DPE 3CL 2021 méthode logement",2.2,"dpe maison individuelle","F","C","maison",,"avant 1948",,,2.5,,,3,,,,205,,"Moyenne","inférieur à 400m","H2d","chemin des gros 84220 Gordes",,"chemin des gros","Gordes","84220","84050","84","93","84050_0340",875507.73,6311008.53,0.52,"adresse géocodée ban à l'adresse","Hameau des Gros","GORDES",84220,0,,,"2023-04-0055",,"insuffisant",0,1,0,0,1,896.7,36.6,490,17.8,39.5,7,63.5,242.3,"insuffisante","insuffisante","bonne",,,"insuffisante","moyenne",1.45,40500.6,1582.1,3876,3732.9,562.1,2755.2,2069.2,80234.8,391,72333.6,6358.3,331.6,930.3,280.9,34884.7,170,31449.4,2764.5,144.2,404.5,122.1,2709.1,13,2484.5,179.7,9.2,27.9,7.8,"Électricité",34884.7,31449.4,2764.5,5633.7,5078.9,446.5,2709.1,2484.5,179.7,,,,,,,,,,,,,,,,,,,,,5633.7,5078.9,446.5,23.3,65.3,19.7,"Électricité","Convecteur électrique NFC, NF** et NF***","installation individuelle","Convecteur électrique NFC, NF** et NF***","Installation de chauffage simple","Convecteur électrique NFC, NF** et NF*** (système individuel)",28643.5,174.5,,,"Convecteur électrique NFC, NF** et NF***","Électricité","chauffage","Electrique - Convecteur électrique NFC, NF** et NF***",28643.5,,,,,,"installation individuelle","Soufflage d'air chaud (air soufflé) avec distribution par réseau aéraulique","Installation de chauffage simple","PAC air/air installée entre 2008 et 2014 (système individuel)",2805.9,30.5,,,"PAC air/air installée entre 2008 et 2014","Électricité","chauffage","Electrique - PAC air/air sans réseau de distribution installée entre 2008 et 2014",2805.9,,,,,,"Électricité","Ballon électrique à accumulation vertical Autres ou inconnue",,,"installation individuelle","Un seul système d'ECS sans solaire","Ballon électrique à accumulation vertical (autres catégorie ou inconnue), contenance ballon 300 L",2764.5,1,205,"Non affecté",,,,"Ballon électrique à accumulation vertical Autres ou inconnue","Électricité","ecs","Electrique - Ballon électrique à accumulation vertical (autres catégorie ou inconnue)",300,,2764.5,,,,,,,,,,,,0,"PAC air/air installée avant 2008","Électricité","Avant 2008","Refroidissement - Electrique - Pompe à chaleur (divisé) - type split",30.5,144.2,"pompe à chaleur",,,,,0,
"2384E0137308K","2024-02-06","2023-01-15","2023-01-15","2023-01-16","2033-01-14",,,,,,"DPE 3CL 2021 méthode logement",2.2,"dpe maison individuelle","E","B","maison",,"avant 1948",,,2.5,,,2,,,,230,,"Lourde","inférieur à 400m","H2d","chemin des luquets 84220 Gordes",,"chemin des luquets","Gordes","84220","84050","84","93","84050_0525",875800.83,6313859.95,0.49,"adresse géocodée ban à l'adresse","Les Bas Luquets","GORDES",84220,0,,,"2023-01-0073",,"insuffisant",0,1,0,1,1,963.6,45.5,288.2,125.2,85,6.3,211,202.4,"insuffisante","insuffisante","insuffisante",,,"insuffisante","insuffisante",1.21,37523.8,1689.5,5502.5,4145.1,624.2,8882.7,3332.8,62636.2,272,47612.8,9069.4,2696.2,1043.8,2214,27233.1,118,20701.2,3943.2,1172.3,453.8,962.6,2059.7,8,1635.4,256.3,75,31.3,61.6,"Électricité",27233.1,20701.2,3943.2,4410.3,3352.5,638.6,2059.7,1635.4,256.3,,,,,,,,,,,,,,,,,,,,,4410.3,3352.5,638.6,189.8,73.5,155.9,"Électricité","PAC air/air installée avant 2008","installation individuelle","Soufflage d'air chaud (air soufflé) avec distribution par réseau aéraulique","Installation de chauffage simple","PAC air/air installée avant 2008 (système individuel)",16048.1,196,,,"PAC air/air installée avant 2008","Électricité","chauffage","Electrique - PAC air/air installée avant 2008",16048.1,,,,,,"installation individuelle","Panneau rayonnant NFC, NF** et NF***","Installation de chauffage simple","Panneau rayonnant électrique NFC, NF** et NF*** (système individuel)",4653.1,34,,,"Panneau rayonnant électrique NFC, NF** et NF***","Électricité","chauffage","Electrique - Panneau rayonnant électrique NFC, NF** et NF***",4653.1,,,,,,"Électricité","Ballon électrique à accumulation vertical Autres ou inconnue",,,"installation individuelle","Un seul système d'ECS sans solaire","Ballon électrique à accumulation vertical (autres catégorie ou inconnue), contenance ballon 300 L",1971.6,1,115,"Non affecté",,,,"Ballon électrique à accumulation vertical Autres ou inconnue","Électricité","ecs","Electrique - Ballon électrique à accumulation vertical (autres catégorie ou inconnue)",300,,1971.6,,,,,,,,,,,,0,"PAC air/air installée avant 2008","Électricité","Avant 2008","Refroidissement - Electrique - Pompe à chaleur (divisé) - type split",196,1172.3,"pompe à chaleur",,,,,0,
"2384E0535721Z","2024-12-12","2023-02-16","2023-02-16","2023-02-17","2033-02-15",,,"H2GE6J6K4M6K",,,"DPE 3CL 2021 méthode logement",2.2,"dpe appartement individuel","E","B","appartement",,"1948-1974","individuel","individuel",2.5,1,,1,,,,46.4,,"Moyenne","inférieur à 400m","H2d","120 chemin du touron 84220 Gordes","120","chemin du touron","Gordes","84220","84050","84","93","84050_0865_00120",876988.41,6314823.18,0.47,"adresse géocodée ban à l'adresse","120 CHEMIN DU TOURON","GORDES",84220,0,,,"1501-23",,"moyen",1,1,0,0,1,211.4,13.9,122.4,8.5,0,9.9,8.6,48.1,"insuffisante","insuffisante","bonne",,,"très bonne","insuffisante",1.43,9738.8,963.1,862.9,1269,172.9,595,406.1,13180.8,284,9034.8,3382.2,236.7,210.3,316.8,5730.8,123,3928.2,1470.5,102.9,91.5,137.7,427.6,9,310.3,95.6,6.6,6.3,8.8,"Électricité",5730.8,3928.2,1470.5,995.7,682.5,255.5,427.6,310.3,95.6,,,,,,,,,,,,,,,,,,,,,995.7,682.5,255.5,17.9,15.9,23.9,"Électricité","PAC air/air installée à partir de 2015","installation individuelle","Soufflage d'air chaud (air soufflé) avec distribution par réseau aéraulique","Installation de chauffage simple","PAC air/air installée à partir de 2015 (système individuel)",2208.9,36.9,,,"PAC air/air installée à partir de 2015","Électricité","chauffage","Electrique - PAC air/air installée à partir de 2015",2208.9,,,,,,"installation individuelle","Panneau rayonnant NFC, NF** et NF***","Installation de chauffage simple","Panneau rayonnant électrique NFC, NF** et NF*** (système individuel)",1719.2,9.5,,,"Panneau rayonnant électrique NFC, NF** et NF***","Électricité","chauffage","Electrique - Panneau rayonnant électrique NFC, NF** et NF***",1719.2,,,,,,"Électricité","Ballon électrique à accumulation vertical Catégorie B ou 2 étoiles",,,"installation individuelle","Un seul système d'ECS sans solaire","Ballon électrique à accumulation vertical (catégorie B ou 2 étoiles), contenance ballon 100 L",1470.5,1,46.4,"Non affecté",,,,"Ballon électrique à accumulation vertical Catégorie B ou 2 étoiles","Électricité","ecs","Electrique - Ballon électrique à accumulation vertical (catégorie B ou 2 étoiles)",100,,1470.5,,,,,,,,,,,,0,"PAC air/air installée à partir de 2015","Électricité","A partir de 2015","Refroidissement - Electrique - Pompe à chaleur (divisé) - type split",36.9,102.9,"pompe à chaleur",,,,,0,
"2384E1250496I","2024-02-06","2023-04-13","2023-04-13","2023-04-14","2033-04-12",,,,,,"DPE 3CL 2021 méthode logement",2.2,"dpe maison individuelle","A","A","maison",,"2013-2021",,,2.5,,,1,,,,131,,"Moyenne","inférieur à 400m","H2d","351 chemin de peyre benet 84220 Gordes","351","chemin de peyre benet","Gordes","84220","84050","84","93","84050_0683_00351",874645.97,6312418.85,0.47,"adresse géocodée ban à l'adresse","351, Chemin de Peyre Benet","GORDES",84220,0,,,"2023-04-0151",,"moyen",1,1,0,0,1,210,36.7,26.5,12.5,17.7,5.1,49,62.4,"très bonne","très bonne",,"très bonne",,"très bonne","bonne",0.38,5937.4,1264.3,2439.1,2776.9,378.4,4146.2,1690.6,8764.6,66,5435.8,1250.7,793.2,594.5,690.3,3810.7,29,2363.4,543.8,344.9,258.5,300.2,281.2,2,186.7,35.3,22.1,17.8,19.2,"Électricité",3810.7,2363.4,543.8,700.3,434.3,99.9,281.2,186.7,35.3,,,,,,,,,,,,,,,,,,,,,700.3,434.3,99.9,63.4,47.5,55.2,"Électricité","PAC air/air installée à partir de 2015","installation individuelle","Soufflage d'air chaud (air soufflé) avec distribution par réseau aéraulique","Installation de chauffage simple","PAC air/air installée à partir de 2015 (système individuel)",2363.4,131,,,"PAC air/air installée à partir de 2015","Électricité","chauffage","Electrique - PAC air/air sans réseau de distribution installée à partir de 2015",2363.4,,,,,,,,,,,,,,,,,,,,,,,,"Électricité","CET sur air extérieur après 2014",,,"installation individuelle","Un seul système d'ECS sans solaire","Chauffe-eau thermodynamique sur air extérieur installé à partir de 2015, contenance ballon 300 L",543.8,1,131,"Non affecté",,,,"CET sur air extérieur après 2014","Électricité","ecs","Electrique - Chauffe-eau thermodynamique sur air extérieur installé à partir de 2015",300,2.5,543.8,"A partir de 2015",,,,,,,,,,,0,"PAC air/air installée à partir de 2015","Électricité","A partir de 2015","Refroidissement - Electrique - Pompe à chaleur (divisé) - type split",131,344.9,"Il existe plusieurs descriptifs ENR",,,,,0,
"2384E0198523V","2024-02-06","2023-01-19","2023-01-21","2023-01-22","2033-01-20",,,,,,"DPE 3CL 2021 méthode logement",2.2,"dpe maison individuelle","E","B","maison",,"1989-2000",,,2.5,,,1,,,,48.2,,"Légère","inférieur à 400m","H2d","Route de Senanque 84220 Gordes",,"Route de Senanque","Gordes","84220","84050","84","93","84050_0810",876255.47,6315731.85,0.5,"adresse géocodée ban à l'adresse","44, Les Bastidons
Route de Sénanque - Lot 44","GORDES",84220,0,,,"2023-01-0090",,"insuffisant",0,1,0,0,1,130.3,8.2,26.5,8.4,15.7,3,21.8,46.7,"bonne","moyenne",,"bonne",,"moyenne","moyenne",0.52,4954.4,768.2,0,1190,0,1317.9,0,14593.7,302,9887.3,3178.1,0,218.7,1309.6,6345.1,131,4298.8,1381.8,0,95.1,569.4,472.4,9,339.6,89.8,0,6.6,36.4,"Électricité",6345.1,4298.8,1381.8,1092.4,740.1,237.9,472.4,339.6,89.8,,,,,,,,,,,,,,,,,,,,,1092.4,740.1,237.9,0,16.4,98,"Électricité","radiateur électrique NFC, NF** et NF***","installation individuelle","radiateur électrique NFC, NF** et NF***","Installation de chauffage simple","Radiateur électrique NFC, NF** et NF*** (système individuel)",4298.8,48.2,,,"radiateur électrique NFC, NF** et NF***","Électricité","chauffage","Electrique - Radiateur électrique NFC, NF** et NF***",4298.8,,,,,,,,,,,,,,,,,,,,,,,,"Électricité","Ballon électrique à accumulation vertical Autres ou inconnue",,,"installation individuelle","Un seul système d'ECS sans solaire","Ballon électrique à accumulation vertical (autres catégorie ou inconnue), contenance ballon 150 L",1381.8,1,48.2,"Non affecté",,,,"Ballon électrique à accumulation vertical Autres ou inconnue","Électricité","ecs","Electrique - Ballon électrique à accumulation vertical (autres catégorie ou inconnue)",150,,1381.8,,,,,,,,,,,,0,,,,,,,,,,,,0,
"2384E1200761L","2024-12-30","2023-04-10","2023-04-10","2023-04-11","2033-04-09",,,"5ARWF44YN9YB",,,"DPE 3CL 2021 méthode logement",2.2,"dpe maison individuelle","D","B","maison",,"avant 1948",,,2.4,,,3,,,,40,,"Moyenne","inférieur à 400m","H2d","13 Rue Saint Pons 84220 Gordes","13","Rue Saint Pons","Gordes","84220","84050","84","93","84050_0804_00013",876793.19,6314979.59,0.44,"adresse géocodée ban à l'adresse","13 Rue Saint-Pons","GORDES",84220,0,,,"92249","Rdc","moyen",1,0,0,0,0,69.1,10.4,24.2,0,5.7,6.3,4.2,18.3,"insuffisante","insuffisante",,"très bonne",,"insuffisante","moyenne",1.32,2532.5,680.1,0,1011.3,0,268.6,0,8598,214,4806.6,2904.7,0,181.5,705.2,3738.3,93,2089.8,1262.9,0,78.9,306.6,272.3,6,165.1,82.1,0,5.4,19.6,"Électricité",3738.3,2089.8,1262.9,689.3,385.4,232.9,272.3,165.1,82.1,,,,,,,,,,,,,,,,,,,,,689.3,385.4,232.9,0,14.6,56.5,"Électricité","Panneau rayonnant électrique NFC, NF** et NF***","installation individuelle","Panneau rayonnant NFC, NF** et NF***","Installation de chauffage simple","Panneau rayonnant électrique NFC, NF** et NF*** avec programmateur pièce par pièce (système individuel)",2089.8,40,,,"Panneau rayonnant électrique NFC, NF** et NF***","Électricité","chauffage","Electrique - Panneau rayonnant électrique NFC, NF** et NF***",2089.8,,,,,,,,,,,,,,,,,,,,,,,,"Électricité","Ballon électrique à accumulation vertical Catégorie B ou 2 étoiles",,,"installation individuelle","Un seul système d'ECS sans solaire","Ballon électrique à accumulation vertical (catégorie B ou 2 étoiles), contenance ballon 150 L",1262.9,1,40,"Non affecté",,,,"Ballon électrique à accumulation vertical Catégorie B ou 2 étoiles","Électricité","ecs","Electrique - Ballon électrique à accumulation vertical (catégorie B ou 2 étoiles)",150,,1262.9,,,,,,,,,,,,0,,,,,,,,,,,,0,
"2384E0863039D","2024-02-06","2023-03-08","2023-03-14","2023-03-15","2033-03-13",,,,,,"DPE 3CL 2021 méthode logement",2.2,"dpe maison individuelle","F","F","maison",,"avant 1948",,,3,,,4,,,,664,,"Légère","inférieur à 400m","H2d","118 Rue Jean Deyrole 84220 Gordes","118","Rue Jean Deyrole","Gordes","84220","84050","84","93","84050_0400_00118",876569.16,6314897.98,0.43,"adresse géocodée ban à l'adresse","118, Rue Jean Deyrole","GORDES",84220,0,,,"2023-03-0103",,"insuffisant",0,1,0,0,0,3415.8,260,1226.2,463.8,166.5,27.1,407.7,864.6,"insuffisante","insuffisante","insuffisante",,,"insuffisante","insuffisante",1.51,168746,3553.7,9195.5,12489.5,1701.7,7086.1,4064.1,221179,333,197376.3,15828.9,810.7,3013.4,4149.7,207725.3,312,197376.3,6882.1,352.5,1310.2,1804.2,64625.7,97,63949.9,447.3,22.6,90.4,115.5,"Fioul domestique",197376.3,197376.3,0,18044.1,18044.1,0,63949.9,63949.9,0,"Électricité",10349,0,6882.1,1722.4,0,1145.4,675.8,0,447.3,,,,,,,,,,,19766.6,18044.1,1145.4,58.7,218.1,300.3,"Fioul domestique","Chaudière fioul basse température 1991-2015","installation individuelle","Radiateur bitube avec robinet thermostatique sur réseau individuel eau chaude basse ou moyenne température(inf 65°C)","Installation de chauffage simple","Chaudière individuelle fioul basse température installée entre 1991 et 2015. Emetteur(s): radiateur bitube avec robinet thermostatique",197376.3,664,,,"Chaudière fioul basse température 1991-2015","Fioul domestique","chauffage","Fioul - Chaudière fioul basse température installée entre 1991 et 2015",197376.3,,,,,,,,,,,,,,,,,,,,,,,,"Électricité","Ballon électrique à accumulation horizontal",,,"installation individuelle","Un seul système d'ECS sans solaire","Ballon électrique à accumulation horizontal, contenance ballon 200 L",2018.6,1,166,"Non affecté",,,,"Ballon électrique à accumulation horizontal","Électricité","ecs","Electrique - Ballon électrique à accumulation horizontal",200,,2018.6,,,,,,,,,,,,0,"PAC air/air installée à partir de 2015","Électricité","A partir de 2015","Refroidissement - Electrique - Pompe à chaleur (divisé) - type split",180,352.5,"pompe à chaleur",,,,,0,
"2384E0437156A","2024-02-06","2023-01-29","2023-02-08","2023-02-09","2033-02-07",,,,,,"DPE 3CL 2021 méthode logement",2.2,"dpe maison individuelle","D","D","maison",,"avant 1948",,,2.5,,,3,,,,246,,"Moyenne","inférieur à 400m","H2d","Les Imberts 84220 Gordes",,"Les Imberts","Gordes","84220","84050","84","93","84050_7lah4v",874175.47,6312080.77,0.37,"adresse géocodée ban à l'adresse","Le Clos de Gordes
Hameau Les Imberts","GORDES",84220,0,,,"2023-01-0111",,"insuffisant",0,1,0,0,1,818.6,45,369.6,23.4,26.9,7.4,145.9,200.6,"insuffisante","insuffisante","bonne",,,"bonne","insuffisante",1.27,35747.9,1758.3,3350,4408.9,663.9,3072.6,1547.6,43869,178,37342.9,2641,1089.5,1116.4,1679.2,32059,130,27728.8,2641,473.7,485.4,730.1,8138.5,33,7172.2,855.7,30.3,33.5,46.7,"Fioul domestique",22974.4,20333.4,2641,2100.3,1858.9,241.4,7443.7,6588,855.7,"Électricité",9084.6,7395.4,0,1523.5,1240.2,0,694.8,584.2,0,,,,,,,,,,,3623.8,3099.1,241.4,79.4,81.4,122.4,"Fioul domestique","PAC air/air installée à partir de 2015","installation individuelle","Plancher chauffant sur réseau individuel eau chaude haute température(sup ou egal 65°C)","Installation de chauffage simple","Chaudière individuelle fioul standard installée entre 1991 et 2015.",20333.4,109,,,"Chaudière fioul standard 1991-2015","Fioul domestique","chauffage + ecs","Fioul - Chaudière fioul standard installée entre 1991 et 2015",20333.4,,,,,,"installation individuelle","Soufflage d'air chaud (air soufflé) avec distribution par réseau aéraulique","Installation de chauffage simple","PAC air/air installée à partir de 2015 (système individuel)",7395.4,137,,,"PAC air/air installée à partir de 2015","Électricité","chauffage","Electrique - PAC air/air installée à partir de 2015",7395.4,,,,,,"Fioul domestique","Chaudière fioul standard 1991-2015",,,"installation individuelle","Un seul système d'ECS sans solaire","Combiné au système de chauffage",2641,1,246,"Non affecté",,,,"Chaudière fioul standard 1991-2015","Fioul domestique","chauffage + ecs","Fioul - Chaudière fioul standard installée entre 1991 et 2015",0,,2641,,,,,,,,,,,,0,"PAC air/air installée à partir de 2015","Électricité","A partir de 2015","Refroidissement - Electrique - Pompe à chaleur (divisé) - type split",246,473.7,"pompe à chaleur",,,,,0,
"2384E1582031R","2024-02-06","2023-05-04","2023-05-11","2023-05-12","2033-05-10","2384E1582020G",,,,,"DPE 3CL 2021 méthode logement",2.2,"dpe maison individuelle","G","C","maison",1629,"avant 1948",,,2.7,,,2,,,,89,,"Moyenne","inférieur à 400m","H2d","110 Che des Martins 84220 Gordes","110","Che des Martins","Gordes","84220","84050","84","93","84050_0545_00110",876443.3,6310560.7,0.47,"adresse géocodée ban à l'adresse","110 hameau LES MARTINS","GORDES",84220,0,,,"2305AXE_BOCCA_0365",,"insuffisant",0,1,0,0,0,562,56.4,195.4,149.5,25.4,0,43,92.3,"insuffisante","insuffisante","insuffisante",,,"insuffisante","insuffisante",1.89,26188.1,1083.9,0,2011.5,0,2969.7,0,48378.6,543,43748.4,4226.3,0,403.9,0,21034.2,236,19021,1837.5,0,175.6,0,1634.2,18,1502.7,119.4,0,12.1,0,"Électricité",21034.2,19021,1837.5,3419.2,3091.9,298.7,1634.2,1502.7,119.4,,,,,,,,,,,,,,,,,,,,,3419.2,3091.9,298.7,0,28.5,0,"Électricité","Panneau rayonnant électrique NFC, NF** et NF***","installation individuelle","Panneau rayonnant NFC, NF** et NF***","Installation de chauffage simple","Panneau rayonnant électrique NFC, NF** et NF*** avec programmateur pièce par pièce (système individuel)",13337.5,64,,,"Panneau rayonnant électrique NFC, NF** et NF***","Électricité","chauffage","Electrique - Panneau rayonnant électrique NFC, NF** et NF***",13337.5,,,,,,"installation individuelle","radiateur électrique NFC, NF** et NF***","Installation de chauffage simple","Radiateur électrique à inertie (modélisé comme un radiateur NFC, NF** et NF***) (système individuel)",5683.6,25,,,"Radiateur électrique à accumulation","Électricité","chauffage","Electrique - Radiateur électrique à accumulation",5683.6,,,,,,"Électricité","Ballon électrique à accumulation vertical Catégorie B ou 2 étoiles",,,"installation individuelle","Un seul système d'ECS sans solaire","Ballon électrique à accumulation vertical (catégorie B ou 2 étoiles), contenance ballon 150 L",1837.5,1,89,"Non affecté",,,,"Ballon électrique à accumulation vertical Catégorie B ou 2 étoiles","Électricité","ecs","Electrique - Ballon électrique à accumulation vertical (catégorie B ou 2 étoiles)",150,,1837.5,,,,,,,,,,,,0,,,,,,,,,,,,0,
"2384E1932005F","2024-12-12","2023-06-05","2023-06-10","2023-06-11","2033-06-09",,,"MCB6W4X45R7K",,,"DPE 3CL 2021 méthode logement",2.2,"dpe maison individuelle","E","B","maison",,"1983-1988",,,2.5,,,2,,,,163,,"Lourde","inférieur à 400m","H2d","1536 chemin des gros 84220 Gordes","1536","chemin des gros","Gordes","84220","84050","84","93","84050_0340_01536",875524.39,6310641.49,0.52,"adresse géocodée ban à l'adresse","1536, Chemin des Gros","GORDES",84220,0,,,"2023-06-0018",,"insuffisant",0,1,0,1,1,567,126.5,76,102.6,42.3,15.5,70.6,133.6,"insuffisante","insuffisante",,"insuffisante",,"moyenne","moyenne",1.04,23411.7,1401.7,3342.7,3360,457.8,4612.5,1941.7,44848.1,275,38006.4,5171.1,501.8,739.7,429,19499.2,119,16524.5,2248.3,218.2,321.6,186.5,1499.7,9,1305.4,146.1,14,22.2,11.9,"Électricité",19499.2,16524.5,2248.3,3173.7,2689.6,365.9,1499.7,1305.4,146.1,,,,,,,,,,,,,,,,,,,,,3173.7,2689.6,365.9,35.5,52.3,30.4,"Électricité","PAC air/air installée entre 2008 et 2014","installation individuelle","Convecteur électrique NFC, NF** et NF***","Installation de chauffage simple","Convecteur électrique NFC, NF** et NF*** (système individuel)",10326,81.7,,,"Convecteur électrique NFC, NF** et NF***","Électricité","chauffage","Electrique - Convecteur électrique NFC, NF** et NF***",10326,,,,,,"installation individuelle","Soufflage d'air chaud (air soufflé) avec distribution par réseau aéraulique","Installation de chauffage simple","PAC air/air installée entre 2008 et 2014 (système individuel)",5171.1,73,,,"PAC air/air installée entre 2008 et 2014","Électricité","chauffage","Electrique - PAC air/air sans réseau de distribution installée entre 2008 et 2014",5171.1,,,,,,"Électricité","Ballon électrique à accumulation vertical Autres ou inconnue",,,"installation individuelle","Un seul système d'ECS sans solaire","Ballon électrique à accumulation vertical (autres catégorie ou inconnue), contenance ballon 200 L",2248.3,1,163,"Non affecté",,,,"Ballon électrique à accumulation vertical Autres ou inconnue","Électricité","ecs","Electrique - Ballon électrique à accumulation vertical (autres catégorie ou inconnue)",200,,2248.3,,,,,,,,,,,,0,"PAC air/air installée entre 2008 et 2014","Électricité","2008-2014","Refroidissement - Electrique - Pompe à chaleur (divisé) - type split",73,218.2,"pompe à chaleur",,,,,0,
"2384E1114848C","2024-12-30","2023-03-29","2023-04-03","2023-04-04","2033-04-02",,,"MWSJT5NGAPXJ",,,"DPE 3CL 2021 méthode logement",2.2,"dpe maison individuelle","C","A","maison",2008,"2006-2012",,,2.5,,,2,,,,294,,"Légère","inférieur à 400m","H2d","623 route des cerisiers 84220 Gordes","623","route des cerisiers","Gordes","84220","84050","84","93","84050_0110_00623",876296.07,6310493.58,0.49,"adresse géocodée ban à l'adresse","623, Route des cerisiers
Hameau les Martins","GORDES",84220,0,,,"2023-03-0070",,"insuffisant",0,1,0,0,1,876.7,143.2,175.3,42.7,39.9,24.9,210.6,240.1,"moyenne","bonne","moyenne",,,"bonne","insuffisante",0.71,32736.4,1964.4,0,5747.2,0,12696.9,0,40667.8,138,36261.1,2429.1,0,1334.3,643.3,25211.1,85,23295.1,1056.1,0,580.1,279.7,1314.1,4,1187.6,68.6,0,40,17.9,"Bois – Bûches",13321.3,13321.3,0,426.4,426.4,0,399.6,399.6,0,"Électricité",11889.8,9973.8,1056.1,1964.9,1648.2,174.5,914.5,787.9,68.6,,,,,,,,,,,2391.3,2074.6,174.5,0,95.9,46.2,"Bois – Bûches","PAC air/eau installée entre 2008 et 2014","installation individuelle","Poêle bois","Installation de chauffage avec insert ou poêle bois en appoint","PAC air/eau installée entre 2008 et 2014 avec en appoint un insert installé à partir de 2005 sans label flamme verte (système individuel). Emetteur(s): plancher chauffant",15590.5,194,,,"insert installé à partir de 2005 sans label flamme verte","Bois – Bûches","chauffage","Bois - Insert installé à partir de 2005 sans label flamme verte",9009.1,"PAC air/eau installée entre 2008 et 2014","Électricité","chauffage + ecs","Electrique - PAC air/eau installée entre 2008 et 2014",6581.4,"installation individuelle","Plancher chauffant sur réseau individuel eau chaude haute température(sup ou egal 65°C)","Installation de chauffage avec insert ou poêle bois en appoint","PAC air/eau installée entre 2008 et 2014 avec en appoint un poêle à bois (bûche) installé de 2007 à 2017 avec label flamme verte (système individuel). Emetteur(s): plancher chauffant",7704.6,100,,,"Poêle bûche installé installé de 2007 à 2017 avec label flamme verte","Bois – Bûches","chauffage","Bois - Poêle à bois (bûche) installé de 2007 à 2017 avec label flamme verte",4312.2,"PAC air/eau installée entre 2008 et 2014","Électricité","chauffage + ecs","Electrique - PAC air/eau installée entre 2008 et 2014",3392.5,"Électricité","PAC double service 2010-2014",,,"installation individuelle","Un seul système d'ECS sans solaire","Combiné au système de chauffage, contenance ballon 300 L",528.1,1,147,"Non affecté",,,,"PAC double service 2010-2014","Électricité","chauffage + ecs","Electrique - PAC air/eau installée entre 2008 et 2014",300,2,528.1,"Avant 2010",,,,,,,,,,,0,,,,,,,"Il existe plusieurs descriptifs ENR",,,,,0,
"2384E1005100A","2024-06-26","2023-03-22","2023-03-25","2023-03-26","2033-03-24",,,,,,"DPE 3CL 2021 méthode logement",2.2,"dpe appartement individuel","G","C","appartement",,"avant 1948","individuel","individuel",2.9,1,,1,,,,15.3,,"Lourde","inférieur à 400m","H2d","Rue des Clastres 84220 Gordes",,"Rue des Clastres","Gordes","84220","84050","84","93","84050_0125",876687.25,6314882.26,0.44,"adresse géocodée ban à l'adresse","Rue de l'Eglise - rue des Clastres","GORDES",84220,0,,,"2023-03-0199-3ème CLOCHER",,"bon",1,1,0,1,1,123.9,1.5,66,2.6,0,2.1,4.7,46.9,"insuffisante","insuffisante","bonne",,,"très bonne","moyenne",1.17,5535.6,629.6,0,535.7,0,282.1,0,13403.1,876,10118.7,3002.2,0,69.4,212.7,5827.4,380,4399.4,1305.3,0,30.2,92.5,440.4,28,347.6,84.8,0,2.1,5.9,"Électricité",5827.4,4399.4,1305.3,1010.9,763.2,226.4,440.4,347.6,84.8,,,,,,,,,,,,,,,,,,,,,1010.9,763.2,226.4,0,5.2,16,"Électricité","Panneau rayonnant électrique NFC, NF** et NF***","installation individuelle","Panneau rayonnant NFC, NF** et NF***","Installation de chauffage simple","Panneau rayonnant électrique NFC, NF** et NF*** (système individuel)",4399.4,15.3,,,"Panneau rayonnant électrique NFC, NF** et NF***","Électricité","chauffage","Electrique - Panneau rayonnant électrique NFC, NF** et NF***",4399.4,,,,,,,,,,,,,,,,,,,,,,,,"Électricité","Ballon électrique à accumulation horizontal",,,"installation individuelle","Un seul système d'ECS sans solaire","Ballon électrique à accumulation horizontal, contenance ballon 100 L",1305.3,1,15.3,"Non affecté",,,,"Ballon électrique à accumulation horizontal","Électricité","ecs","Electrique - Ballon électrique à accumulation horizontal",100,,1305.3,,,,,,,,,,,,0,,,,,,,,,,,,0,
"2384E0301132I","2024-02-06","2023-01-29","2023-01-29","2023-01-31","2033-01-28",,,,,,"DPE 3CL 2021 méthode logement",2.2,"dpe appartement individuel","D","B","appartement",2006,"2006-2012","individuel","individuel",2.5,,,1,,,,41,,"Légère","inférieur à 400m","H2d","Ancien Chemin des Beaumettes 84220 Gordes",,"Ancien Chemin des Beaumettes","Gordes","84220","84050","84","93","84050_0064",877663.12,6311268.62,0.34,"adresse non géocodée ban car aucune correspondance trouvée","moulin des roberts","BEAUMETTES",84220,0,,"Résidence domaine du Moulin Blanc Bâtiment","D","10","moyen",1,1,0,0,0,80.6,0,14.4,0,9.6,11.6,19.6,25.4,"bonne","bonne",,,,"très bonne","moyenne",0.6,2511.7,905.6,0,1152360.2,0,1303648.9,0,9616.3,234.5,5397.8,3462.4,0,186.1,570,4181,102,2346.9,1505.4,0,80.9,247.8,304.6,7.4,185.4,97.9,0,5.6,15.9,"Électricité",4181,2346.9,1505.4,757,425,272,304.7,185.4,97.9,,,,,,,,,,,,,,,,,,,,,757,425,272,0,15,45,"Électricité","Convecteur électrique NFC, NF** et NF***","installation individuelle","Convecteur électrique NFC, NF** et NF***","Installation de chauffage simple","Chauffage sans solaire",2346.9,41,,,"Convecteur électrique NFC, NF** et NF***","Électricité","chauffage","Convecteur électrique NFC",2346.9,,,,,,,,,,,,,,,,,,,,,,,,"Électricité","Ballon électrique à accumulation vertical Catégorie B ou 2 étoiles",,,"installation individuelle","Un seul système d'ECS sans solaire","Chauffe-eau vertical",1505.4,1,41,"Non affecté",,,,"Ballon électrique à accumulation vertical Catégorie B ou 2 étoiles","Électricité","ecs","Chauffe-eau vertical",150,,1505.4,,,,,,,,,,,,0,,,,,,,,,,,,0,
"2384E2142566S","2024-12-30","2023-06-21","2023-06-25","2023-06-26","2033-06-24",,,"Q3PVYS1YB9AR",,,"DPE 3CL 2021 méthode logement",2.2,"dpe maison individuelle","D","B","maison",1977,"1975-1977",,,2.5,,,2,,,,233,,"Moyenne","inférieur à 400m","H2d","347 chemin de toudoumiane 84220 Gordes","347","chemin de toudoumiane","Gordes","84220","84050","84","93","84050_0858_00347",879542.81,6314121.86,0.45,"adresse géocodée ban à l'adresse","347 Chemin de Toudoumiane","GORDES",84220,0,,,"2023-06-0137",,"moyen",1,1,0,0,1,643.7,47.9,185.6,36.1,74.3,9.9,105.5,184.4,"insuffisante","insuffisante","moyenne",,,"insuffisante","insuffisante",0.87,26555.5,1702.4,3928.1,4635.6,631.6,4855.5,2244.9,55293.8,237,46867.9,6655.8,402.3,1057.4,310.4,28538.5,122,24875,2893.8,174.9,459.7,135,1814.9,7,1575.2,188.1,11.2,31.7,8.6,"Électricité",20581,16917.6,2893.8,3346.7,2751,470.6,1576.1,1336.5,188.1,"Bois – Bûches",7957.4,7957.4,0,254.7,254.7,0,238.7,238.7,0,,,,,,,,,,,3601.4,3005.7,470.6,28.4,74.8,21.9,"Électricité","Convecteur électrique NFC, NF** et NF***","installation individuelle","Poêle bois","Installation de chauffage avec insert ou poêle bois en appoint","Convecteur électrique NFC, NF** et NF*** avec en appoint un insert installé à partir de 2018 avec label flamme verte (système individuel)",22425.5,191.5,,,"Convecteur électrique NFC, NF** et NF***","Électricité","chauffage","Electrique - Convecteur électrique NFC, NF** et NF***",14468.1,"insert installé installé à partir de 2018 avec label flamme verte","Bois – Bûches","chauffage","Bois - Insert installé à partir de 2018 avec label flamme verte",7957.4,"installation individuelle","Soufflage d'air chaud (air soufflé) avec distribution par réseau aéraulique","Installation de chauffage simple","PAC air/air installée avant 2008 (système individuel)",2449.5,41.5,,,"PAC air/air installée avant 2008","Électricité","chauffage","Electrique - PAC air/air sans réseau de distribution installée avant 2008",2449.5,,,,,,"Électricité","Ballon électrique à accumulation horizontal",,,"installation individuelle","Un seul système d'ECS sans solaire","Ballon électrique à accumulation horizontal, contenance ballon 200 L",2893.8,1,233,"Non affecté",,,,"Ballon électrique à accumulation horizontal","Électricité","ecs","Electrique - Ballon électrique à accumulation horizontal",200,,2893.8,,,,,,,,,,,,0,"PAC air/air installée avant 2008","Électricité","Avant 2008","Refroidissement - Electrique - Pompe à chaleur (divisé) - type split",41.5,174.9,"Il existe plusieurs descriptifs ENR",,,,,0,
"2384E1581845N","2024-02-06","2023-05-10","2023-05-11","2023-05-12","2033-05-10",,,,,,"DPE 3CL 2021 méthode logement",2.2,"dpe maison individuelle","G","C","maison",1629,"avant 1948",,,2.5,,,3,,,,152,,"Lourde","inférieur à 400m","H2d","110 Che des Martins 84220 Gordes","110","Che des Martins","Gordes","84220","84050","84","93","84050_0545_00110",876443.3,6310560.7,0.47,"adresse géocodée ban à l'adresse","110 hameau LES MARTINS","GORDES",84220,0,,,"2305AXE_BOCCA_0378",,"insuffisant",0,0,0,1,1,716.3,107.3,356,11.7,35.8,0,45.7,159.8,"insuffisante","insuffisante","bonne",,,"insuffisante","moyenne",1.46,30741.6,1354.5,0,2859,0,4096.1,0,81386.4,535,74958.7,5383.7,0,689.8,354.1,40350.5,265,37555.8,2340.8,0,299.9,154,2719.2,17,2536.5,152.1,0,20.7,9.9,"Électricité",31566.1,28771.5,2340.8,5103.1,4651.3,378.4,2455.6,2272.9,152.1,"Bois – Bûches",8784.4,8784.4,0,281.2,281.2,0,263.5,263.5,0,,,,,,,,,,,5384.3,4932.5,378.4,0,48.5,24.9,"Électricité","Chaudière électrique","installation individuelle","Radiateur bitube sans robinet thermostatique sur réseau individuel eau chaude haute température(sup ou egal 65°C)","Installation de chauffage simple","Chaudière individuelle électrique avec programmateur avec réduit. Emetteur(s): radiateur bitube sans robinet thermostatique",27731,120.7,,,"Chaudière électrique","Électricité","chauffage","Electrique - Chaudière électrique",27731,,,,,,"installation individuelle","Poêle bois","Installation de chauffage simple","Insert installé entre 1990 et 2004 (système individuel)",8784.4,25,,,"insert installé entre 1990 et 2004","Bois – Bûches","chauffage","Bois - Insert installé entre 1990 et 2004",8784.4,,,,,,"Électricité","Ballon électrique à accumulation vertical Catégorie B ou 2 étoiles",,,"installation individuelle","Un seul système d'ECS sans solaire","Ballon électrique à accumulation vertical (catégorie B ou 2 étoiles), contenance ballon 200 L",2340.8,1,152,"Non affecté",,,,"Ballon électrique à accumulation vertical Catégorie B ou 2 étoiles","Électricité","ecs","Electrique - Ballon électrique à accumulation vertical (catégorie B ou 2 étoiles)",200,,2340.8,,,,,,,,,,,,0,,,,,,,"chauffage au bois",,,,,0,
"2384E1607333V","2024-02-06","2023-05-14","2023-05-14","2023-05-15","2033-05-13",,,,,,"DPE 3CL 2021 méthode logement",2.2,"dpe maison individuelle","D","C","maison",,"avant 1948",,,2.6,,,2,,,,203.7,,"Lourde","inférieur à 400m","H2d","1234 route du plan 84220 Gordes","1234","route du plan","Gordes","84220","84050","84","93","84050_0694_01234",874265.98,6310348.46,0.95,"adresse non géocodée ban car aucune correspondance trouvée","1234 route du plan","GORDES",84220,0,,,"005AG000473",,"bon",1,1,0,1,1,831.7,146.4,221.6,56.3,92.3,5.7,80.2,229.2,"insuffisante","insuffisante","insuffisante",,,"insuffisante","moyenne",0.97,34377.9,1576.4,4733.2,3710.8,558.8,5654,2826.3,41088.6,201,36562.8,2638.2,302.3,924.3,661.1,37502.6,184,34043.7,2638.2,131.4,401.9,287.4,5667.1,27,5013.7,598.9,8.4,27.7,18.4,"Gaz naturel",22422.1,19783.9,2638.2,1694.8,1495.4,199.4,5089.8,4490.9,598.9,"Bois – Bûches",12322.1,12322.1,0,394.4,394.4,0,369.7,369.7,0,"Électricité",2758.4,1937.7,0,540.6,379.8,0,207.6,153.1,0,2629.9,2269.6,199.4,25.8,78.8,56.3,"Gaz naturel","Chaudière gaz à condensation après 2015","installation individuelle","Poêle bois","Installation de chauffage avec insert ou poêle bois en appoint","Chaudière individuelle gaz à condensation installée à partir de 2016 avec en appoint un insert installé entre 1990 et 2004 régulée, avec programmateur avec réduit, réseau isolé. Emetteur(s): radiateur bitube avec robinet thermostatique",32106,163.7,,,"Chaudière gaz à condensation après 2015","Gaz naturel","chauffage + ecs","Gaz Naturel - Chaudière gaz à condensation installée à partir de 2016",19783.9,"insert installé entre 1990 et 2004","Bois – Bûches","chauffage","Bois - Insert installé entre 1990 et 2004",12322.1,"installation individuelle","Soufflage d'air chaud (air soufflé) avec distribution par fluide frigorigène","Installation de chauffage simple","PAC air/air sans réseau de distribution installée à partir de 2015 avec programmateur avec réduit (système individuel)",1937.7,40,,,"PAC air/air installée à partir de 2015","Électricité","chauffage","Electrique - PAC air/air sans réseau de distribution installée à partir de 2015",1937.7,,,,,,"Gaz naturel","Chaudière gaz à condensation après 2015",,,"installation individuelle","Un seul système d'ECS sans solaire","Combiné au système de chauffage, contenance ballon 50 L",2638.2,1,203.7,"Non affecté",,,,"Chaudière gaz à condensation après 2015","Gaz naturel","chauffage + ecs","Gaz Naturel - Chaudière gaz à condensation installée à partir de 2016",50,,2638.2,,,,,,,,,,,,0,"PAC air/air installée à partir de 2015","Électricité","A partir de 2015","Refroidissement - Electrique - Pompe à chaleur (divisé) - type split",40,131.4,"Il existe plusieurs descriptifs ENR",,,,,0,
"2384E0788633J","2024-06-26","2023-03-06","2023-03-08","2023-03-09","2033-03-07",,,,,,"DPE 3CL 2021 méthode logement",2.2,"dpe appartement individuel","G","C","appartement",,"avant 1948","individuel","individuel",2.5,1,,2,,,,27,,"Moyenne","inférieur à 400m","H2d","Rue Andre Lhote 84220 Gordes",,"Rue Andre Lhote","Gordes","84220","84050","84","93","84050_0025",876791.75,6314913.07,0.42,"adresse géocodée ban à l'adresse","Rue André lhote","GORDES",84220,0,,,"2023-03-0085 APPT NIV 1 ET 2",,"moyen",1,0,0,0,1,230.4,28.9,118.1,1.6,5.8,6.6,10.5,59,"insuffisante","insuffisante",,"bonne",,"insuffisante","insuffisante",1.81,11677.9,755.3,20.6,847.1,115.4,31.7,20.4,18071.1,669,14488.6,3146.2,3.4,122.5,310.4,7857,290,6299.4,1367.9,1.5,53.3,135,599,22,497.7,88.9,0.1,3.7,8.6,"Électricité",7857,6299.4,1367.9,1330.3,1066.6,231.6,599,497.7,88.9,,,,,,,,,,,,,,,,,,,,,1330.3,1066.6,231.6,0.2,9,22.9,"Électricité","PAC air/air installée à partir de 2015","installation individuelle","Panneau rayonnant NFC, NF** et NF***","Installation de chauffage simple","Panneau rayonnant électrique NFC, NF** et NF*** (système individuel)",4408.3,13.5,,,"Panneau rayonnant électrique NFC, NF** et NF***","Électricité","chauffage","Electrique - Panneau rayonnant électrique NFC, NF** et NF***",4408.3,,,,,,"installation individuelle","Soufflage d'air chaud (air soufflé) avec distribution par réseau aéraulique","Installation de chauffage simple","PAC air/air (système individuel)",1891.1,13.5,,,"PAC air/air installée à partir de 2015","Électricité","chauffage","Electrique - PAC air/air installée à partir de 2015",1891.1,,,,,,"Électricité","Ballon électrique à accumulation vertical Autres ou inconnue",,,"installation individuelle","Un seul système d'ECS sans solaire","Ballon électrique à accumulation vertical (autres catégorie ou inconnue), contenance ballon 150 L",1367.9,1,27,"Non affecté",,,,"Ballon électrique à accumulation vertical Autres ou inconnue","Électricité","ecs","Electrique - Ballon électrique à accumulation vertical (autres catégorie ou inconnue)",150,,1367.9,,,,,,,,,,,,0,"PAC air/air installée à partir de 2015","Électricité","A partir de 2015","Refroidissement - Electrique - Pompe à chaleur (divisé) - type split",13.5,1.5,"pompe à chaleur",,,,,0,
"2384E0740094M","2024-02-06","2023-03-05","2023-03-05","2023-03-07","2033-03-04",,,,,,"DPE 3CL 2021 méthode logement",2.2,"dpe maison individuelle","D","B","maison",,"2006-2012",,,2.5,,,2,,,,198.5,,"Moyenne","inférieur à 400m","H2d","321 chemin de peyre benet 84220 Gordes","321","chemin de peyre benet","Gordes","84220","84050","84","93","84050_0683_00321",874647.52,6312388.99,0.95,"adresse non géocodée ban car aucune correspondance trouvée","321 CHEMIN DE PEYRE BENET","GORDES",84220,0,,,"002ER391829",,"moyen",1,1,0,0,1,518.1,116,99.8,32.2,39.9,11,66.4,152.8,"bonne","bonne","bonne",,,"bonne","moyenne",0.55,20967.4,1554.1,2873.6,4006.5,545.9,4098.1,1499,38501,193,29755.1,5657,568.1,900.8,1620.1,18782.8,94,14980.2,2459.5,247,391.6,704.4,1254.1,6,1006.3,159.9,15.8,27,45.1,"Électricité",15167.8,11365.3,2459.5,2481.2,1859.2,402.3,1145.6,897.9,159.9,"Bois – Bûches",3615,3615,0,115.7,115.7,0,108.4,108.4,0,,,,,,,,,,,2596.9,1974.9,402.3,40.4,64.1,115.2,"Électricité","PAC eau/eau installée après 2017","installation individuelle","Plancher chauffant sur réseau individuel eau chaude haute température(sup ou egal 65°C)","Installation de chauffage avec chaudière en relève de PAC avec insert ou poêle bois en appoint","PAC eau/eau installée à partir de 2017 relèvée par une chaudière électrique avec en appoint un foyer fermé installé de 2007 à 2017 avec label flamme verte avec programmateur avec réduit, réseau isolé (système individuel). Emetteur(s): plancher chauffant",8011.8,120.7,,,"Foyer fermé installé installé de 2007 à 2017 avec label flamme verte","Bois – Bûches","chauffage","Bois - Foyer fermé installé de 2007 à 2017 avec label flamme verte",3615,"PAC eau/eau installée après 2017","Électricité","chauffage","Electrique - PAC eau/eau installée à partir de 2017",2376,"installation individuelle","Panneau rayonnant NFC, NF** et NF***","Installation de chauffage simple","Panneau rayonnant électrique NFC, NF** et NF*** (système individuel)",4868.6,52.9,,,"Panneau rayonnant électrique NFC, NF** et NF***","Électricité","chauffage","Electrique - Panneau rayonnant électrique NFC, NF** et NF***",4868.6,,,,,,"Électricité","Ballon électrique à accumulation vertical Catégorie C ou 3 étoiles",,,"installation individuelle","Un seul système d'ECS sans solaire","Ballon électrique à accumulation vertical (catégorie C ou 3 étoiles), contenance ballon 300 L",2459.5,1,198.5,"Non affecté",,,,"Ballon électrique à accumulation vertical Catégorie C ou 3 étoiles","Électricité","ecs","Electrique - Ballon électrique à accumulation vertical (catégorie C ou 3 étoiles)",300,,2459.5,,,,,,,,,,,,0,"PAC air/eau installée après 2017","Électricité","A partir de 2015","Refroidissement - Electrique - Pompe à chaleur air/eau",120.7,247,"Il existe plusieurs descriptifs ENR",,,,,0,
"2384E0668233P","2024-02-06","2023-02-20","2023-02-27","2023-02-28","2033-02-26",,,,,,"DPE 3CL 2021 méthode logement",2.2,"dpe maison individuelle","C","C","maison",,"1983-1988",,,2.5,,,3,,,,279,,"Moyenne","inférieur à 400m","H2d","27 chemin des beaumonnes 84220 Gordes","27","chemin des beaumonnes","Gordes","84220","84050","84","93","84050_0065_00027",876025.9,6310953.19,0.46,"adresse géocodée ban à l'adresse","27, Chemin des Beaumonnes
FONTCAUDETTE","GORDES",84220,0,,,"2023-02-0151",,"insuffisant",0,1,0,0,1,756.7,83.7,167.7,32.5,68.8,18.7,150.1,235.1,"moyenne","insuffisante","très bonne",,,"insuffisante","moyenne",0.77,26114.7,1900,6834.2,5473.8,745.8,13260,4788.2,42323.3,151,34760.6,4968.7,509.8,1266.2,818,38806.7,139,34760.6,2918.2,221.7,550.5,355.7,8368.3,29,7756.4,537,14.2,38,22.8,"Fioul domestique",24176.2,22835.3,1340.9,2210.2,2087.6,122.6,7833.1,7398.6,434.4,"Bois – Bûches",11925.3,11925.3,0,381.7,381.7,0,357.8,357.8,0,"Électricité",2705.1,0,1577.3,532.5,0,310.5,177.5,0,102.5,3124.5,2469.3,433.1,43.6,108.4,70,"Fioul domestique","Chaudière fioul à condensation après 2015","installation individuelle","Poêle bois","Installation de chauffage avec insert ou poêle bois en appoint","Chaudière individuelle fioul à condensation installée à partir de 2016 avec en appoint un insert installé entre 1990 et 2004. Emetteur(s): radiateur monotube avec robinet thermostatique, plancher chauffant",34760.6,279,,,"Chaudière fioul à condensation après 2015","Fioul domestique","chauffage + ecs","Fioul - Chaudière fioul à condensation installée à partir de 2016",22835.3,"insert installé entre 1990 et 2004","Bois – Bûches","chauffage","Bois - Insert installé entre 1990 et 2004",11925.3,,,,,,,,,,,,,,,,,,,"Électricité","Ballon électrique à accumulation vertical Autres ou inconnue",,,"installation individuelle","Un seul système d'ECS sans solaire","Ballon électrique à accumulation vertical (autres catégorie ou inconnue), contenance ballon 150 L",1577.3,1,139.5,"Non affecté",,,,"Ballon électrique à accumulation vertical Autres ou inconnue","Électricité","ecs","Electrique - Ballon électrique à accumulation vertical (autres catégorie ou inconnue)",150,,1577.3,,,,,,,,,,,,0,"PAC air/air installée à partir de 2015","Électricité","A partir de 2015","Refroidissement - Electrique - Pompe à chaleur (divisé) - type split",64,221.7,"Il existe plusieurs descriptifs ENR",,,,,0,
"2384E1951690I","2024-02-06","2023-06-11","2023-06-11","2023-06-12","2033-06-10",,,,,,"DPE 3CL 2021 méthode logement",2.2,"dpe maison individuelle","G","C","maison",,"avant 1948",,,2.5,,,2,,,,100,,"Moyenne","inférieur à 400m","H2d","395 route de courtecambe 84220 Gordes","395","route de courtecambe","Gordes","84220","84050","84","93","84050_0141_00395",875728.4,6312598.15,0.41,"adresse géocodée ban à l'adresse","395, Route de Courtecambe","GORDES",84220,0,,,"2023-06-0012 LA TREILLE",,"insuffisant",0,0,0,0,0,586.7,27,239.1,98.1,57.1,13,19.5,133,"insuffisante","insuffisante","insuffisante",,,"insuffisante","insuffisante",1.64,29195.7,1131.1,0,2212,0,773,0,56722,567,51766.3,4501.8,0,453.8,0,24661.7,246,22507.1,1957.3,0,197.3,0,1918.9,19,1778.1,127.2,0,13.6,0,"Électricité",24661.7,22507.1,1957.3,3999.2,3649.8,317.4,1918.9,1778.1,127.2,,,,,,,,,,,,,,,,,,,,,3999.2,3649.8,317.4,0,32,0,"Électricité","Panneau rayonnant électrique NFC, NF** et NF***","installation individuelle","Panneau rayonnant NFC, NF** et NF***","Installation de chauffage simple","Panneau rayonnant électrique NFC, NF** et NF*** (système individuel)",22507.1,100,,,"Panneau rayonnant électrique NFC, NF** et NF***","Électricité","chauffage","Electrique - Panneau rayonnant électrique NFC, NF** et NF***",22507.1,,,,,,,,,,,,,,,,,,,,,,,,"Électricité","Ballon électrique à accumulation vertical Autres ou inconnue",,,"installation individuelle","Un seul système d'ECS sans solaire","Ballon électrique à accumulation vertical (autres catégorie ou inconnue), contenance ballon 200 L",1957.3,1,100,"Non affecté",,,,"Ballon électrique à accumulation vertical Autres ou inconnue","Électricité","ecs","Electrique - Ballon électrique à accumulation vertical (autres catégorie ou inconnue)",200,,1957.3,,,,,,,,,,,,0,,,,,,,,,,,,0,
"2384E0773089N","2024-12-30","2023-02-06","2023-03-08","2023-03-09","2033-03-07",,,"7C6D1R7W75M2",,,"DPE 3CL 2021 méthode logement",2.2,"dpe maison individuelle","F","F","maison",,"avant 1948",,,2.7,,,3,,,,341.5,,"Moyenne","inférieur à 400m","H2d","685 chemin de la croix des baux 84220 Gordes","685","chemin de la croix des baux","Gordes","84220","84050","84","93","84050_0145_00685",874613,6313493.87,0.47,"adresse géocodée ban à l'adresse","685, Chemin de la Croix des Baux","GORDES",84220,0,,,"2023-02-0001",,"insuffisant",0,1,0,0,0,1762.1,143.4,650.2,388.5,71.3,19.4,123.8,365.4,"insuffisante","insuffisante","insuffisante",,,"insuffisante","insuffisante",2.02,84204.6,2168.5,0,6612.7,0,6688.3,0,101264.2,296,94026.1,3835.5,0,1549.8,1852.8,99341,290,94026.1,3835.5,0,673.8,805.6,31805.2,93,30464.4,1242.7,0,46.5,51.6,"Fioul domestique",97861.6,94026.1,3835.5,8946.5,8595.9,350.6,31707.2,30464.4,1242.7,"Électricité",1479.4,0,0,357.1,0,0,98.1,0,0,,,,,,,,,,,9303.6,8595.9,350.6,0,162.6,194.4,"Fioul domestique","Chaudière fioul basse température 1991-2015","installation individuelle","Radiateur bitube avec robinet thermostatique sur réseau individuel eau chaude basse ou moyenne température(inf 65°C)","Installation de chauffage simple","Chaudière individuelle fioul basse température avec programmateur avec réduit. Emetteur(s): radiateur bitube avec robinet thermostatique",94026.1,341.5,,,"Chaudière fioul basse température 1991-2015","Fioul domestique","chauffage + ecs","Fioul - Chaudière fioul basse température installée entre 1991 et 2015",94026.1,,,,,,,,,,,,,,,,,,,,,,,,"Fioul domestique","Chaudière fioul basse température 1991-2015",,,"installation individuelle","Un seul système d'ECS sans solaire","Combiné au système de chauffage",3835.5,1,341.5,"Non affecté",,,,"Chaudière fioul basse température 1991-2015","Fioul domestique","chauffage + ecs","Fioul - Chaudière fioul basse température installée entre 1991 et 2015",0,,3835.5,,,,,,,,,,,,0,,,,,,,,,,,,0,
"2384E0900831R","2024-06-26","2023-03-15","2023-03-17","2023-03-18","2033-03-16",,,,,,"DPE 3CL 2021 méthode logement",2.2,"dpe appartement individuel","D","A","appartement",2000,"1989-2000","individuel","individuel",2.5,1,,1,,,,30.1,,"Légère","inférieur à 400m","H2d","215 chemin du bois 84220 Gordes","215","chemin du bois","Gordes","84220","84050","84","93","84050_0072_00215",878962.7,6313941.5,0.44,"adresse géocodée ban à l'adresse","215, Chemin du Bois","GORDES",84220,0,,,"2023-03-0125",,"moyen",1,0,0,0,1,74.7,2.4,18.2,4,10.3,4.1,12.6,23.1,"bonne","moyenne",,,"insuffisante","moyenne","moyenne",0.6,2305.3,788.6,697.1,914.7,124.6,1372.4,447.6,6084.1,202,2181.8,3228.5,226.7,136.6,310.4,2645.2,87,948.6,1403.7,98.6,59.4,135,185.2,6,74.9,91.2,6.3,4.1,8.6,"Électricité",2645.2,948.6,1403.7,523.4,187.7,277.8,185.2,74.9,91.2,,,,,,,,,,,,,,,,,,,,,523.4,187.7,277.8,19.5,11.8,26.7,"Électricité","PAC air/air installée à partir de 2015","installation individuelle","Soufflage d'air chaud (air soufflé) avec distribution par réseau aéraulique","Installation de chauffage simple","PAC air/air installée à partir de 2015 (système individuel)",948.6,30.1,,,"PAC air/air installée à partir de 2015","Électricité","chauffage","Electrique - PAC air/air installée à partir de 2015",948.6,,,,,,,,,,,,,,,,,,,,,,,,"Électricité","Ballon électrique à accumulation vertical Autres ou inconnue",,,"installation individuelle","Un seul système d'ECS sans solaire","Ballon électrique à accumulation vertical (autres catégorie ou inconnue), contenance ballon 150 L",1403.7,1,30.1,"Non affecté",,,,"Ballon électrique à accumulation vertical Autres ou inconnue","Électricité","ecs","Electrique - Ballon électrique à accumulation vertical (autres catégorie ou inconnue)",150,,1403.7,,,,,,,,,,,,0,"PAC air/air installée à partir de 2015","Électricité","A partir de 2015","Refroidissement - Electrique - Pompe à chaleur (divisé) - type split",30.1,98.6,"pompe à chaleur",,,,,0,
"2384E1308131B","2024-02-06","2023-04-17","2023-04-18","2023-04-19","2033-04-17",,,,,,"DPE 3CL 2021 méthode logement",2.2,"dpe maison individuelle","F","F","maison",,"avant 1948",,,2.5,,,3,,,,210,,"Lourde","inférieur à 400m","H2d","chemin du tourteron 84220 Gordes",,"chemin du tourteron","Gordes","84220","84050","84","93","84050_0870",875566.67,6312254.74,0.43,"adresse géocodée ban à l'adresse","MAS TOURTERON
CHEMIN SAINT BLAISE","GORDES",84220,0,,,"23/KIRSZENZAFT/0204",,"bon",1,1,0,1,1,851.3,83.5,412,11.2,77,10.7,39.1,217.9,"insuffisante","insuffisante","très bonne",,,"insuffisante","insuffisante",1.05,38407,1603.6,0,3815.3,0,2461.5,0,55450.5,264,50873.5,2597.7,0,953,1026.3,54331.7,258,50873.5,2597.7,0,414.4,446.2,17381.8,82,16483,841.6,0,28.6,28.6,"Fioul domestique",53471.2,50873.5,2597.7,4888.3,4650.9,237.5,17324.7,16483,841.6,"Électricité",860.6,0,0,249.6,0,0,57.1,0,0,,,,,,,,,,,5138,4650.9,237.5,0,120.2,129.4,"Fioul domestique","Chaudière fioul classique 1981-1990","installation individuelle","Radiateur monotube avec robinet thermostatique sur réseau individuel eau chaude haute température(sup ou egal 65°C)","Installation de chauffage simple","Chaudière individuelle fioul classique installée entre 1981 et 1990. Emetteur(s): radiateur monotube avec robinet thermostatique",50873.5,210,,,"Chaudière fioul classique 1981-1990","Fioul domestique","chauffage + ecs","Fioul - Chaudière fioul classique installée entre 1981 et 1990",50873.5,,,,,,,,,,,,,,,,,,,,,,,,"Fioul domestique","Chaudière fioul classique 1981-1990",,,"installation individuelle","Un seul système d'ECS sans solaire","Combiné au système de chauffage",2597.7,1,210,"Non affecté",,,,"Chaudière fioul classique 1981-1990","Fioul domestique","chauffage + ecs","Fioul - Chaudière fioul classique installée entre 1981 et 1990",0,,2597.7,,,,,,,,,,,,0,,,,,,,,,,,,0,
"2384E1442148O","2024-02-06","2023-04-26","2023-04-30","2023-05-01","2033-04-29",,,,,,"DPE 3CL 2021 méthode logement",2.2,"dpe maison individuelle","F","C","maison",1980,"1978-1982",,,2.5,,,2,,,,104.6,,"Légère","inférieur à 400m","H2d","Gordes",,,"Gordes","84220","84050","84","93","84050",877332.19,6313872.69,0.32,"adresse géocodée ban à l'adresse","100 chemin des barres","GORDES",84220,0,,,"23/04/Von/1173",,"insuffisant",0,0,0,0,1,436,47.5,121,42.7,26.5,11.8,60.5,126.1,"insuffisante","insuffisante","insuffisante",,,"insuffisante","insuffisante",0.91,18314.1,1151.1,2252.5,2296.5,312.9,4116.4,1328.3,39442.3,376,34569.4,4069.5,328.5,474.9,0,17148.8,163,15030.2,1769.3,142.8,206.5,0,1325.8,12,1187.4,115,9.1,14.2,0,"Électricité",17148.8,15030.2,1769.3,2797.9,2452.3,288.7,1325.8,1187.4,115,,,,,,,,,,,,,,,,,,,,,2797.9,2452.3,288.7,23.3,33.7,0,"Électricité","Panneau rayonnant électrique NFC, NF** et NF***","installation individuelle","Panneau rayonnant NFC, NF** et NF***","Installation de chauffage simple","Panneau rayonnant électrique NFC, NF** et NF*** (système individuel)",14458.7,100.7,,,"Panneau rayonnant électrique NFC, NF** et NF***","Électricité","chauffage","Electrique - Panneau rayonnant électrique NFC, NF** et NF***",14458.7,,,,,,"installation individuelle","Convecteur électrique NFC, NF** et NF***","Installation de chauffage simple","Convecteur électrique NFC, NF** et NF*** (système individuel)",571.5,3.9,,,"Convecteur électrique NFC, NF** et NF***","Électricité","chauffage","Electrique - Convecteur électrique NFC, NF** et NF***",571.5,,,,,,"Électricité","Ballon électrique à accumulation vertical Catégorie B ou 2 étoiles",,,"installation individuelle","Un seul système d'ECS sans solaire","Ballon électrique à accumulation vertical (catégorie B ou 2 étoiles), contenance ballon 150 L",1769.3,1,104.6,"Non affecté",,,,"Ballon électrique à accumulation vertical Catégorie B ou 2 étoiles","Électricité","ecs","Electrique - Ballon électrique à accumulation vertical (catégorie B ou 2 étoiles)",150,,1769.3,,,,,,,,,,,,0,"PAC air/air installée avant 2008","Électricité","Avant 2008","Refroidissement - Electrique - Pompe à chaleur air/air",26.5,142.8,"pompe à chaleur",,,,,0,
"2384E0301133J","2024-02-06","2023-01-29","2023-01-29","2023-01-31","2033-01-28",,,,,,"DPE 3CL 2021 méthode logement",2.2,"dpe appartement individuel","D","A","appartement",2006,"2006-2012","individuel","individuel",2.5,,,2,,,,58,,"Légère","inférieur à 400m","H2d","Ancien Chemin des Beaumettes 84220 Gordes",,"Ancien Chemin des Beaumettes","Gordes","84220","84050","84","93","84050_0064",877663.12,6311268.62,0.34,"adresse non géocodée ban car aucune correspondance trouvée","moulin des roberts","BEAUMETTES",84220,,,"Résidence domaine du Moulin Blanc Bâtiment","B","05","moyen",1,0,0,0,1,92.3,0,10.5,6.2,7.2,11.7,20.8,35.9,"bonne","bonne","bonne",,,"très bonne","moyenne",0.55,2387.3,1050.4,0,1501991.2,0,2400635.2,0,10686.9,184.2,5210.2,4407.2,0,263.2,806.3,4646.5,80.1,2265.3,1916.2,0,114.4,350.6,334.1,5.7,179,124.6,0,7.9,22.4,"Électricité",4646.5,2265.3,1916.2,826,403,341,333.8,179,124.6,,,,,,,,,,,,,,,,,,,,,826,403,341,0,20,62,"Électricité","Convecteur électrique NFC, NF** et NF***","installation individuelle","Convecteur électrique NFC, NF** et NF***","Installation de chauffage simple","Chauffage sans solaire",2265.3,58,,,"Convecteur électrique NFC, NF** et NF***","Électricité","chauffage","Convecteur électrique NFC",2265.3,,,,,,,,,,,,,,,,,,,,,,,,"Électricité","Ballon électrique à accumulation vertical Catégorie B ou 2 étoiles",,,"installation individuelle","Un seul système d'ECS sans solaire","Chauffe-eau vertical",1916.2,1,58,"Non affecté",,,,"Ballon électrique à accumulation vertical Catégorie B ou 2 étoiles","Électricité","ecs","Chauffe-eau vertical",200,,1916.2,,,,,,,,,,,,0,,,,,,,,,,,,0,
"2384E1607339B","2024-02-06","2023-05-14","2023-05-14","2023-05-15","2033-05-13",,,,,,"DPE 3CL 2021 méthode logement",2.2,"dpe maison individuelle","D","D","maison",,"avant 1948",,,2.6,,,1,,,,68.3,,"Légère","inférieur à 400m","H2d","1234 route du plan 84220 Gordes","1234","route du plan","Gordes","84220","84050","84","93","84050_0694_01234",874265.98,6310348.46,0.95,"adresse non géocodée ban car aucune correspondance trouvée","1234 route du plan","GORDES",84220,0,,,"005AG000475",,"moyen",1,1,0,0,1,301.8,15.4,99.4,36.2,33.9,6.5,26.2,84.2,"insuffisante","insuffisante","insuffisante",,,"insuffisante","moyenne",0.89,12721.5,984.2,0,1628.7,0,2698.1,0,14803.2,216,11414.5,1872.5,0,310.1,1206.2,13946.2,204,11414.5,1872.5,0,134.8,524.4,3059,44,2591.1,425.1,0,9.3,33.6,"Gaz naturel",13287,11414.5,1872.5,1098,943.3,154.7,3016.1,2591.1,425.1,"Électricité",659.2,0,0,191.2,0,0,42.9,0,0,,,,,,,,,,,1289.3,943.3,154.7,0,39.1,152.1,"Gaz naturel","Chaudière gaz à condensation après 2015","installation individuelle","Radiateur bitube avec robinet thermostatique sur réseau individuel eau chaude basse ou moyenne température(inf 65°C)","Installation de chauffage simple","Chaudière individuelle gaz à condensation installée à partir de 2016 régulée, avec programmateur avec réduit, réseau isolé. Emetteur(s): radiateur bitube avec robinet thermostatique",11414.5,68.3,,,"Chaudière gaz à condensation après 2015","Gaz naturel","chauffage + ecs","Gaz Naturel - Chaudière gaz à condensation installée à partir de 2016",11414.5,,,,,,,,,,,,,,,,,,,,,,,,"Gaz naturel","Chaudière gaz à condensation après 2015",,,"installation individuelle","Un seul système d'ECS sans solaire","Combiné au système de chauffage, contenance ballon 50 L",1872.5,1,68.3,"Non affecté",,,,"Chaudière gaz à condensation après 2015","Gaz naturel","chauffage + ecs","Gaz Naturel - Chaudière gaz à condensation installée à partir de 2016",50,,1872.5,,,,,,,,,,,,0,,,,,,,,,,,,0,
"2384E2013518I","2024-02-06","2023-06-14","2023-06-15","2023-06-16","2033-06-14",,,,,,"DPE 3CL 2021 méthode logement",2.3,"dpe appartement individuel","E","B","appartement",1900,"avant 1948","individuel","individuel",2.5,,,1,,,,87.5,,"Légère","inférieur à 400m","H2d","650 chemin de la croix du coq 84220 Gordes","650","chemin de la croix du coq","Gordes","84220","84050","84","93","84050_0147_00650",877179.01,6314942,0.95,"adresse non géocodée ban car aucune correspondance trouvée","650 chemin de la Croix du Coq","GORDES",84220,0,,,,,"bon",0,0,0,0,0,375.3,83,94.7,50,48.6,0,54,45,"insuffisante","insuffisante",,,"insuffisante","moyenne","moyenne",1.67,14033.8,1228,2611.4,2068287.6,281809.4,5953331.8,1760646.4,25475.6,291,18976.4,4741.3,849.3,397.2,511.4,11076.4,126.5,8250.6,2061.4,369.2,172.7,222.4,835.9,9.5,651.8,134,23.6,11.9,14.2,"Électricité",11076.4,8250.6,2061.4,1837,1368,342,835.6,651.8,134,,,,,,,,,,,,,,,,,,,,,1837,1368,342,61,29,37,"Électricité","Panneau rayonnant électrique NFC, NF** et NF***","installation individuelle","Panneau rayonnant NFC, NF** et NF***","Installation de chauffage simple","Chauffage sans solaire",6369.2,47.5,,,"Panneau rayonnant électrique NFC, NF** et NF***","Électricité","chauffage","Panneau rayonnant électrique NF***",6369.2,,,,,,"installation individuelle","Soufflage d'air chaud (air soufflé) avec distribution par fluide frigorigène","Installation de chauffage simple","Chauffage sans solaire",1881.4,40,,,"PAC air/air installée à partir de 2015","Électricité","chauffage","Pompe à chaleur Air/Air",1881.4,,,,,,"Électricité","Ballon électrique à accumulation vertical Autres ou inconnue",,,"installation individuelle","Un seul système d'ECS sans solaire","Chauffe-eau vertical",2061.4,1,87.5,"Non affecté",,,,"Ballon électrique à accumulation vertical Autres ou inconnue","Électricité","ecs","Chauffe-eau vertical",200,,2061.4,,,,,,,,,,,,0,"PAC air/air installée à partir de 2015","Électricité","A partir de 2015","Pac air / air",87.5,369.3,"pompe à chaleur",,,,,0,
"2384E1005024C","2024-06-26","2023-03-22","2023-03-25","2023-03-26","2033-03-24",,,,,,"DPE 3CL 2021 méthode logement",2.2,"dpe appartement individuel","G","C","appartement",,"avant 1948","individuel","individuel",3,1,,1,,,,20,,"Très lourde","inférieur à 400m","H2d","Rue des Clastres 84220 Gordes",,"Rue des Clastres","Gordes","84220","84050","84","93","84050_0125",876687.25,6314882.26,0.44,"adresse géocodée ban à l'adresse","Rue de l'Eglise - rue des Clastres","GORDES",84220,0,,,"2023-03-0199-1er LA TOUR",,"bon",1,1,0,1,0,119.6,4.6,71.2,0,8,1.8,8.8,25.2,"insuffisante","insuffisante",,"très bonne",,"insuffisante","moyenne",1.29,5187.6,680.1,0,628.5,0,310.5,0,13668.3,683,10172.5,3127.1,0,90.8,278,5942.8,297,4422.8,1359.6,0,39.5,120.9,448.2,22,349.4,88.4,0,2.7,7.7,"Électricité",5942.8,4422.8,1359.6,1029.1,765.9,235.4,448.2,349.4,88.4,,,,,,,,,,,,,,,,,,,,,1029.1,765.9,235.4,0,6.8,20.9,"Électricité","Panneau rayonnant électrique NFC, NF** et NF***","installation individuelle","Panneau rayonnant NFC, NF** et NF***","Installation de chauffage simple","Panneau rayonnant électrique NFC, NF** et NF*** (système individuel)",4422.8,20,,,"Panneau rayonnant électrique NFC, NF** et NF***","Électricité","chauffage","Electrique - Panneau rayonnant électrique NFC, NF** et NF***",4422.8,,,,,,,,,,,,,,,,,,,,,,,,"Électricité","Ballon électrique à accumulation horizontal",,,"installation individuelle","Un seul système d'ECS sans solaire","Ballon électrique à accumulation horizontal, contenance ballon 100 L",1359.6,1,20,"Non affecté",,,,"Ballon électrique à accumulation horizontal","Électricité","ecs","Electrique - Ballon électrique à accumulation horizontal",100,,1359.6,,,,,,,,,,,,0,,,,,,,,,,,,0,
"2384E0778684S","2024-02-06","2023-03-07","2023-03-08","2023-03-09","2033-03-07",,,,,,"DPE 3CL 2021 méthode logement",2.2,"dpe maison individuelle","B","A","maison",2018,"2013-2021",,,2.5,,,1,,,,111,,"Moyenne","inférieur à 400m","H2d","chemin des gros 84220 Gordes",,"chemin des gros","Gordes","84220","84050","84","93","84050_0340",875507.73,6311008.53,0.52,"adresse géocodée ban à l'adresse","Quartier Les Gros","GORDES",84220,0,,,"Pcfix23/RENOVAE/11272",,"insuffisant",0,0,0,0,1,217.9,45.4,29.5,13.6,22,6.8,46,54.7,"très bonne","très bonne","très bonne",,,"très bonne","moyenne",0.45,6343.3,1178.4,2373.1,2412.4,328.7,5134.2,1662.3,9005,81,5765.7,1267.1,771.8,503.7,696.7,3915.2,35,2506.8,550.9,335.5,219,302.9,289.8,2,198,35.8,21.5,15.1,19.4,"Électricité",3915.2,2506.8,550.9,716.2,458.5,100.8,289.8,198,35.8,,,,,,,,,,,,,,,,,,,,,716.2,458.5,100.8,61.4,40.1,55.4,"Électricité","PAC air/eau installée après 2017","installation individuelle","Soufflage d'air chaud (air soufflé) avec distribution par réseau aéraulique","Installation de chauffage simple","PAC air/eau installée à partir de 2017 avec programmateur pièce par pièce (système individuel). Emetteur(s): soufflage d'air chaud",2506.8,111,,,"PAC air/eau installée après 2017","Électricité","chauffage + ecs","Electrique - PAC air/eau installée à partir de 2017",2506.8,,,,,,,,,,,,,,,,,,,,,,,,"Électricité","PAC double service après 2014",,,"installation individuelle","Un seul système d'ECS sans solaire","Combiné au système de chauffage",550.9,1,111,"Non affecté",,,,"PAC double service après 2014","Électricité","chauffage + ecs","Electrique - PAC air/eau installée à partir de 2017",0,2.3,550.9,"A partir de 2015",,,,,,,,,,,0,"PAC air/eau installée après 2017","Électricité","A partir de 2015","Refroidissement - Electrique - Pompe à chaleur air/eau",111,335.5,"pompe à chaleur",,,,,0,
"2384E1340864A","2024-02-06","2023-04-19","2023-04-21","2023-04-22","2033-04-20",,,,,,"DPE 3CL 2021 méthode logement",2.2,"dpe maison individuelle","F","F","maison",,"avant 1948",,,2.5,,,3,,,,327,,"Moyenne","inférieur à 400m","H2d","119 Che des Martins 84220 Gordes","119","Che des Martins","Gordes","84220","84050","84","93","84050_0545_00119",876429.19,6310553.42,0.47,"adresse géocodée ban à l'adresse","119 CHEMIN DES MARTINS","GORDES",84220,0,,,"23/MICHEL/0207",,"insuffisant",0,1,0,0,0,1363.2,101.5,464.1,329.1,53.8,18,60.8,335.9,"insuffisante","insuffisante","insuffisante",,,"insuffisante","insuffisante",1.24,66336.4,2106.2,0,6348.5,0,2298.6,0,114891.2,351,103793.8,8061.9,0,1484,1551.5,97024,296,92199,3505.2,0,645.2,674.6,28002.9,85,27687.3,227.8,0,44.5,43.2,"Fioul domestique",83280,83280,0,7613.5,7613.5,0,26982.7,26982.7,0,"Électricité",13744,8919,3505.2,2256.6,1464.4,575.5,1020.1,704.6,227.8,,,,,,,,,,,9870.1,9077.9,575.5,0,105.9,110.8,"Fioul domestique","Chaudière fioul classique avant 1970","installation individuelle","Soufflage d'air chaud (air soufflé) avec distribution par réseau aéraulique","Installation de chauffage simple","Chaudière individuelle fioul classique installée avant 1970. Emetteur(s): soufflage d'air chaud, autres équipement",83280,276.6,,,"Chaudière fioul classique avant 1970","Fioul domestique","chauffage","Fioul - Chaudière fioul classique installée avant 1970",83280,,,,,,"installation individuelle","Radiateur électrique à accumulation","Installation de chauffage simple","Radiateur électrique à accumulation (système individuel)",8919,50.4,,,"Radiateur électrique à accumulation","Électricité","chauffage","Electrique - Radiateur électrique à accumulation",8919,,,,,,"Électricité","Ballon électrique à accumulation vertical Catégorie B ou 2 étoiles",,,"installation individuelle","Un seul système d'ECS sans solaire","Ballon électrique à accumulation vertical (catégorie B ou 2 étoiles), contenance ballon 200 L",1841.2,1,163.5,"Non affecté",,,,"Ballon électrique à accumulation vertical Catégorie B ou 2 étoiles","Électricité","ecs","Electrique - Ballon électrique à accumulation vertical (catégorie B ou 2 étoiles)",200,,1841.2,,,,,,,,,,,,0,,,,,,,,,,,,0,
"2384E0457525L","2024-12-30","2023-02-07","2023-02-11","2023-02-12","2033-02-10",,,"XWEW39VQ4KFB",,,"DPE 3CL 2021 méthode logement",2.2,"dpe maison individuelle","G","C","maison",,"avant 1948",,,2.8,,,2,,,,118,,"Moyenne","inférieur à 400m","H2d","749 Che du Serre 84220 Gordes","749","Che du Serre","Gordes","84220","84050","84","93","84050_0820_00749",875207.98,6310419.53,0.45,"adresse géocodée ban à l'adresse","749, Chemin du serre","GORDES",84220,0,,,"2023-02-0077",,"insuffisant",1,1,0,0,0,712.5,31.2,348.1,79.1,55.8,8.5,22.1,167.6,"insuffisante","insuffisante",,"insuffisante",,"insuffisante","moyenne",1.52,35902.1,1208.4,0,2540,0,712.7,0,70994.5,601,66192,4267,0,535.5,0,30867.2,261,28779.1,1855.2,0,232.8,0,2410.2,20,2273.6,120.6,0,16.1,0,"Électricité",30867.2,28779.1,1855.2,4991.4,4653.7,300,2410.2,2273.6,120.6,,,,,,,,,,,,,,,,,,,,,4991.4,4653.7,300,0,37.7,0,"Électricité","Panneau rayonnant électrique NFC, NF** et NF***","installation individuelle","Panneau rayonnant NFC, NF** et NF***","Installation de chauffage simple","Panneau rayonnant électrique NFC, NF** et NF*** (système individuel)",14313.3,60,,,"Panneau rayonnant électrique NFC, NF** et NF***","Électricité","chauffage","Electrique - Panneau rayonnant électrique NFC, NF** et NF***",14313.3,,,,,,"installation individuelle","Radiateur électrique à accumulation","Installation de chauffage simple","Radiateur électrique à inertie (modélisé comme un radiateur à accumulation) (système individuel)",8376.5,33,,,"Radiateur électrique à accumulation","Électricité","chauffage","Electrique - Radiateur électrique à inertie (modélisé comme un radiateur à accumulation)",8376.5,,,,,,"Électricité","Ballon électrique à accumulation vertical Autres ou inconnue",,,"installation individuelle","Un seul système d'ECS sans solaire","Ballon électrique à accumulation vertical (autres catégorie ou inconnue), contenance ballon 150 L",1855.2,1,118,"Non affecté",,,,"Ballon électrique à accumulation vertical Autres ou inconnue","Électricité","ecs","Electrique - Ballon électrique à accumulation vertical (autres catégorie ou inconnue)",150,,1855.2,,,,,,,,,,,,0,,,,,,,,,,,,0,
"2384E0105931P","2024-02-06","2022-12-01","2023-01-12","2023-01-13","2033-01-11",,,,,,"DPE 3CL 2021 méthode logement",2.2,"dpe maison individuelle","E","B","maison",,"1989-2000",,,2.9,,,1,,,,63.1,,"Légère","400-800m","H2d","1424 Route de Senanque 84220 Gordes","1424","Route de Senanque","Gordes","84220","84050","84","93","84050_0810_01424",875990,6316168.67,0.5,"adresse géocodée ban à l'adresse","1424 ROUTE DE SENAQUE","GORDES",84220,0,,,"22/IMO/0941",,"moyen",1,1,0,0,1,185,7.9,56.4,12.8,19.4,0,16.8,71.7,"bonne","moyenne",,"moyenne",,"moyenne","bonne",0.45,9658.8,1004.2,569.1,1706.1,124.7,1439.1,297.4,20158.9,319,15711.8,3483.9,327.2,286.5,349.4,8764.7,138,6831.2,1514.8,142.3,124.6,151.9,665.5,10,539.7,98.5,9.1,8.6,9.7,"Électricité",8764.7,6831.2,1514.8,1473.1,1148.2,254.6,665.5,539.7,98.5,,,,,,,,,,,,,,,,,,,,,1473.1,1148.2,254.6,23.9,20.9,25.5,"Électricité","PAC air/air installée avant 2008","installation individuelle","Convecteur électrique NFC, NF** et NF***","Installation de chauffage simple","Convecteur électrique NFC, NF** et NF*** (système individuel)",4307.4,31.6,,,"Convecteur électrique NFC, NF** et NF***","Électricité","chauffage","Electrique - Convecteur électrique NFC, NF** et NF***",4307.4,,,,,,"installation individuelle","Soufflage d'air chaud (air soufflé) avec distribution par réseau aéraulique","Installation de chauffage simple","PAC air/air installée avant 2008 (système individuel)",2523.8,31.6,,,"PAC air/air installée avant 2008","Électricité","chauffage","Electrique - PAC air/air installée avant 2008",2523.8,,,,,,"Électricité","Ballon électrique à accumulation vertical Catégorie B ou 2 étoiles",,,"installation individuelle","Un seul système d'ECS sans solaire","Ballon électrique à accumulation vertical (catégorie B ou 2 étoiles), contenance ballon 100 L",1514.8,1,63.1,"Non affecté",,,,"Ballon électrique à accumulation vertical Catégorie B ou 2 étoiles","Électricité","ecs","Electrique - Ballon électrique à accumulation vertical (catégorie B ou 2 étoiles)",100,,1514.8,,,,,,,,,,,,0,"PAC air/air installée avant 2008","Électricité","Avant 2008","Refroidissement - Electrique - Pompe à chaleur air/air",63.1,142.3,"pompe à chaleur",,,,,0,
"2384E1613080W","2024-02-06","2023-05-14","2023-05-15","2023-05-16","2033-05-14",,,,,,"DPE 3CL 2021 méthode logement",2.2,"dpe maison individuelle","E","B","maison",1983,"1983-1988",,,3.1,,,2,,,,161.4,,"Moyenne","inférieur à 400m","H2d","1594 route des beaumettes 84220 Gordes","1594","route des beaumettes","Gordes","84220","84050","84","93","84050_0063_01594",876300.78,6311140.46,0.5,"adresse géocodée ban à l'adresse","1594 ROUTE DES BEAUMETTES","GORDES",84220,0,,,"23/0102",,"insuffisant",0,1,0,0,1,838.3,84.9,169.1,144.1,57.6,2.9,191.2,188.7,"insuffisante","insuffisante","insuffisante",,,"insuffisante","insuffisante",1.01,37238.3,1395,4359.2,3331.6,453.9,6036.4,2692.1,52139.9,322,46182.8,5080.4,144.1,732.7,0,22669.5,140,20079.5,2208.9,62.7,318.5,0,1755.8,10,1586.3,143.6,4,22,0,"Électricité",22669.5,20079.5,2208.9,3680.6,3260.1,358.6,1755.8,1586.3,143.6,,,,,,,,,,,,,,,,,,,,,3680.6,3260.1,358.6,10.2,51.7,0,"Électricité","PAC air/air installée à partir de 2015","installation individuelle","Convecteur électrique NFC, NF** et NF***","Installation de chauffage simple","Convecteur électrique NFC, NF** et NF*** avec programmateur pièce par pièce (système individuel)",7944.4,45,,,"Convecteur électrique NFC, NF** et NF***","Électricité","chauffage","Electrique - Convecteur électrique NFC, NF** et NF***",7944.4,,,,,,"installation individuelle","Panneau rayonnant NFC, NF** et NF***","Installation de chauffage simple","Panneau rayonnant électrique NFC, NF** et NF*** avec programmateur pièce par pièce (système individuel)",7810,45.2,,,"Panneau rayonnant électrique NFC, NF** et NF***","Électricité","chauffage","Electrique - Panneau rayonnant électrique NFC, NF** et NF***",7810,,,,,,"Électricité","Ballon électrique à accumulation vertical Catégorie B ou 2 étoiles",,,"installation individuelle","Un seul système d'ECS sans solaire","Ballon électrique à accumulation vertical (catégorie B ou 2 étoiles), contenance ballon 200 L",2208.9,1,161.4,"Non affecté",,,,"Ballon électrique à accumulation vertical Catégorie B ou 2 étoiles","Électricité","ecs","Electrique - Ballon électrique à accumulation vertical (catégorie B ou 2 étoiles)",200,,2208.9,,,,,,,,,,,,0,"PAC air/air installée à partir de 2015","Électricité","A partir de 2015","Refroidissement - Electrique - Pompe à chaleur (divisé) - type split",16.4,62.7,"pompe à chaleur",,,,,0,
"2384E1695546Q","2024-02-06","2023-05-22","2023-05-22","2023-05-23","2033-05-21",,,,,,"DPE 3CL 2021 méthode logement",2.2,"dpe maison individuelle","F","F","maison",,"avant 1948",,,2.5,,,3,,,,190,,"Lourde","inférieur à 400m","H2d","chemin des bouisses 84220 Gordes",,"chemin des bouisses","Gordes","84220","84050","84","93","84050_0082",874415.67,6311868.27,0.45,"adresse géocodée ban à l'adresse","Chemin des Bouisses - Les Imberts","GORDES",84220,0,,,"2023-05-0184",,"insuffisant",0,1,0,1,1,869.2,52.5,355.3,46.8,68.3,24.9,116.2,205.3,"insuffisante","insuffisante","insuffisante",,,"insuffisante","insuffisante",1.68,38546.5,1517.7,0,3485.6,0,3423.1,0,59864.8,315,54560.8,3407.4,0,862.3,1034.4,58792.8,309,54560.8,3407.4,0,374.9,449.7,18836.3,99,17677.7,1104,0,25.9,28.8,"Fioul domestique",57968.2,54560.8,3407.4,5299.5,4987.9,311.5,18781.7,17677.7,1104,"Électricité",824.6,0,0,239.2,0,0,54.7,0,0,,,,,,,,,,,5538.7,4987.9,311.5,0,108.7,130.5,"Fioul domestique","Chaudière fioul standard 1991-2015","installation individuelle","Radiateur monotube sans robinet thermostatique sur réseau individuel eau chaude haute température(sup ou egal 65°C)","Installation de chauffage simple","Chaudière individuelle fioul standard installée entre 1991 et 2015. Emetteur(s): radiateur monotube sans robinet thermostatique",54560.8,190,,,"Chaudière fioul standard 1991-2015","Fioul domestique","chauffage + ecs","Fioul - Chaudière fioul standard installée entre 1991 et 2015",54560.8,,,,,,,,,,,,,,,,,,,,,,,,"Fioul domestique","Chaudière fioul standard 1991-2015",,,"installation individuelle","Un seul système d'ECS sans solaire","Combiné au système de chauffage, contenance ballon 100 L",3407.4,1,190,"Non affecté",,,,"Chaudière fioul standard 1991-2015","Fioul domestique","chauffage + ecs","Fioul - Chaudière fioul standard installée entre 1991 et 2015",100,,3407.4,,,,,,,,,,,,0,,,,,,,,,,,,0,
"2384E1643948C","2024-02-06","2023-05-16","2023-05-17","2023-05-18","2033-05-16",,,,,,"DPE 3CL 2021 méthode logement",2.2,"dpe maison individuelle","D","A","maison",,"avant 1948",,,2.5,,,2,,,,56,,"Lourde","inférieur à 400m","H2d","Place Genty Pantaly 84220 Gordes",,"Place Genty Pantaly","Gordes","84220","84050","84","93","84050_0310",876710.3,6314897.13,0.44,"adresse géocodée ban à l'adresse","Place Genty Pantaly","GORDES",84220,0,,,"2023-05-0108",,"insuffisant",0,1,0,1,1,143.5,8.3,53.4,7.6,4.7,0,29.7,39.7,"insuffisante","insuffisante","moyenne",,,"insuffisante","insuffisante",1.35,5473.2,851.9,1129.3,1230.7,185.3,789.3,688.1,10333.4,184,6173.5,3329.7,295.1,254.1,280.9,4492.8,80,2684.1,1447.7,128.3,110.5,122.1,329.8,5,212,94.1,8.2,7.6,7.8,"Électricité",4492.8,2684.1,1447.7,803.8,480.2,259,329.8,212,94.1,,,,,,,,,,,,,,,,,,,,,803.8,480.2,259,23,19.8,21.9,"Électricité","PAC air/air installée à partir de 2015","installation individuelle","Soufflage d'air chaud (air soufflé) avec distribution par réseau aéraulique","Installation de chauffage simple","PAC air/air installée à partir de 2015 (système individuel)",1723.7,45,,,"PAC air/air installée à partir de 2015","Électricité","chauffage","Electrique - PAC air/air sans réseau de distribution installée à partir de 2015",1723.7,,,,,,"installation individuelle","radiateur électrique NFC, NF** et NF***","Installation de chauffage simple","Radiateur électrique NFC, NF** et NF*** (système individuel)",960.4,11,,,"radiateur électrique NFC, NF** et NF***","Électricité","chauffage","Electrique - Radiateur électrique NFC, NF** et NF***",960.4,,,,,,"Électricité","Ballon électrique à accumulation vertical Catégorie B ou 2 étoiles",,,"installation individuelle","Un seul système d'ECS sans solaire","Ballon électrique à accumulation vertical (catégorie B ou 2 étoiles), contenance ballon 150 L",1447.7,1,56,"Non affecté",,,,"Ballon électrique à accumulation vertical Catégorie B ou 2 étoiles","Électricité","ecs","Electrique - Ballon électrique à accumulation vertical (catégorie B ou 2 étoiles)",150,,1447.7,,,,,,,,,,,,0,"PAC air/air installée à partir de 2015","Électricité","A partir de 2015","Refroidissement - Electrique - Pompe à chaleur (divisé) - type split",45,128.3,"pompe à chaleur",,,,,0,
"2384E1005058K","2024-06-26","2023-03-22","2023-03-25","2023-03-26","2033-03-24",,,,,,"DPE 3CL 2021 méthode logement",2.2,"dpe appartement individuel","G","C","appartement",,"avant 1948","individuel","individuel",2.9,1,,1,,,,20,,"Très lourde","inférieur à 400m","H2d","Rue des Clastres 84220 Gordes",,"Rue des Clastres","Gordes","84220","84050","84","93","84050_0125",876687.25,6314882.26,0.44,"adresse géocodée ban à l'adresse","Rue de l'Eglise - rue des Clastres","GORDES",84220,0,,,"2023-03-199-2ème PLATANE",,"bon",1,1,0,1,0,122.6,4.9,67.9,0,0,2.1,9.1,38.6,"insuffisante","insuffisante",,"très bonne",,"très bonne","moyenne",1.7,5558.1,680.1,0,628.5,0,95.4,0,14275.5,713,10779.7,3127.1,0,90.8,278,6206.8,310,4686.8,1359.6,0,39.5,120.9,469.1,23,370.3,88.4,0,2.7,7.7,"Électricité",6206.8,4686.8,1359.6,1070.6,808.5,234.5,469.1,370.3,88.4,,,,,,,,,,,,,,,,,,,,,1070.6,808.5,234.5,0,6.8,20.9,"Électricité","Panneau rayonnant électrique NFC, NF** et NF***","installation individuelle","Panneau rayonnant NFC, NF** et NF***","Installation de chauffage simple","Panneau rayonnant électrique NFC, NF** et NF*** (système individuel)",4686.8,20,,,"Panneau rayonnant électrique NFC, NF** et NF***","Électricité","chauffage","Electrique - Panneau rayonnant électrique NFC, NF** et NF***",4686.8,,,,,,,,,,,,,,,,,,,,,,,,"Électricité","Ballon électrique à accumulation horizontal",,,"installation individuelle","Un seul système d'ECS sans solaire","Ballon électrique à accumulation horizontal, contenance ballon 100 L",1359.6,1,20,"Non affecté",,,,"Ballon électrique à accumulation horizontal","Électricité","ecs","Electrique - Ballon électrique à accumulation horizontal",100,,1359.6,,,,,,,,,,,,0,,,,,,,,,,,,0,
"2384E2156894U","2024-02-06","2023-06-26","2023-06-26","2023-06-27","2033-06-25",,,,,,"DPE 3CL 2021 méthode logement",2.2,"dpe maison individuelle","E","E","maison",,"1948-1974",,,2.5,,,1,,,,97.7,,"Lourde","inférieur à 400m","H2d","777 Route Neuve 84220 Gordes","777","Route Neuve","Gordes","84220","84050","84","93","84050_0600_00777",877459.19,6315317,0.5,"adresse géocodée ban à l'adresse","777, Route neuve","GORDES",84220,0,,,"2023-06-0183",,"bon",1,1,0,1,1,378.5,63.8,135.4,14,41,7.1,27,90.3,"insuffisante","insuffisante",,"bonne",,"insuffisante","moyenne",0.95,16630.6,1121.2,1705.3,2170.1,295.7,2006.2,837.7,25946.2,265,20496.8,4051.3,215.1,443.4,739.5,19742.5,202,17373.2,1761.4,93.5,192.8,321.5,5194.6,53,5040.3,114.5,6,13.3,20.6,"Fioul domestique",14970.5,14970.5,0,1368.6,1368.6,0,4850.4,4850.4,0,"Électricité",4772,2402.7,1761.4,846.2,426.1,312.3,344.2,189.8,114.5,,,,,,,,,,,2214.8,1794.7,312.3,16.6,34.2,57,"Fioul domestique","Chaudière fioul classique 1976-1980","installation individuelle","Radiateur monotube sans robinet thermostatique sur réseau individuel eau chaude haute température(sup ou egal 65°C)","Installation de chauffage simple","Chaudière individuelle fioul classique. Emetteur(s): radiateur monotube sans robinet thermostatique",14970.5,59.8,,,"Chaudière fioul classique 1976-1980","Fioul domestique","chauffage","Fioul - Chaudière fioul classique installée entre 1976 et 1980",14970.5,,,,,,"installation individuelle","Soufflage d'air chaud (air soufflé) avec distribution par réseau aéraulique","Installation de chauffage simple","PAC air/air installée à partir de 2015 (système individuel)",2402.7,37.9,,,"PAC air/air installée à partir de 2015","Électricité","chauffage","Electrique - PAC air/air sans réseau de distribution installée à partir de 2015",2402.7,,,,,,"Électricité","Ballon électrique à accumulation vertical Autres ou inconnue",,,"installation individuelle","Un seul système d'ECS sans solaire","Ballon électrique à accumulation vertical (autres catégorie ou inconnue), contenance ballon 150 L",1761.4,1,97.7,"Non affecté",,,,"Ballon électrique à accumulation vertical Autres ou inconnue","Électricité","ecs","Electrique - Ballon électrique à accumulation vertical (autres catégorie ou inconnue)",150,,1761.4,,,,,,,,,,,,0,"PAC air/air installée à partir de 2015","Électricité","A partir de 2015","Refroidissement - Electrique - Pompe à chaleur (divisé) - type split",37.9,93.5,"pompe à chaleur",,,,,0,
"2384E2140021V","2024-02-06","2023-06-21","2023-06-25","2023-06-26","2033-06-24",,,,,,"DPE 3CL 2021 méthode logement",2.2,"dpe maison individuelle","D","B","maison",,"1978-1982",,,2.5,,,1,,,,118,,"Moyenne","inférieur à 400m","H2d","70 chemin des caquettes 84220 Gordes","70","chemin des caquettes","Gordes","84220","84050","84","93","84050_0104_00070",876426.99,6315608.79,0.45,"adresse géocodée ban à l'adresse","70 CHEMIN DES CAQUETTES","GORDES",84220,0,,,"23/HILDE/0323",,"moyen",1,1,0,0,1,299.8,22.7,37.1,23.4,39.8,0,69.3,107.5,"bonne","bonne","très bonne",,,"insuffisante","bonne",0.51,8819.7,1208.4,0,2540,0,7609,0,23409.5,198,17424.8,4139.6,0,535.5,1309.6,11659.8,98,9057.8,1799.8,0,232.8,569.4,756.6,6,587.1,117,0,16.1,36.4,"Électricité",9038.2,6436.2,1799.8,1516.2,1079.7,301.9,678,508.5,117,"Bois – Bûches",2621.6,2621.6,0,83.9,83.9,0,78.6,78.6,0,,,,,,,,,,,1600.1,1163.6,301.9,0,39.1,95.5,"Électricité","Convecteur électrique NFC, NF** et NF***","installation individuelle","Poêle bois","Installation de chauffage avec insert ou poêle bois en appoint","Convecteur électrique NFC, NF** et NF*** avec en appoint un poêle à bois (bûche) installé de 2007 à 2017 avec label flamme verte (système individuel)",7070.4,89,,,"Convecteur électrique NFC, NF** et NF***","Électricité","chauffage","Electrique - Convecteur électrique NFC, NF** et NF***",4448.8,"Poêle bûche installé installé de 2007 à 2017 avec label flamme verte","Bois – Bûches","chauffage","Bois - Poêle à bois (bûche) installé de 2007 à 2017 avec label flamme verte",2621.6,"installation individuelle","Plancher rayonnant électrique avec régulation terminale","Installation de chauffage simple","Plancher rayonnant électrique avec régulation terminale (système individuel)",1987.4,29,,,"Plancher ou plafond rayonnant électrique avec régulation terminale","Électricité","chauffage","Electrique - Plancher rayonnant électrique avec régulation terminale",1987.4,,,,,,"Électricité","Ballon électrique à accumulation vertical Catégorie C ou 3 étoiles",,,"installation individuelle","Un seul système d'ECS sans solaire","Ballon électrique à accumulation vertical (catégorie C ou 3 étoiles), contenance ballon 200 L",1799.8,1,118,"Non affecté",,,,"Ballon électrique à accumulation vertical Catégorie C ou 3 étoiles","Électricité","ecs","Electrique - Ballon électrique à accumulation vertical (catégorie C ou 3 étoiles)",200,,1799.8,,,,,,,,,,,,0,,,,,,,"chauffage au bois",,,,,0,
"2384E0846453F","2024-02-06","2023-03-08","2023-03-14","2023-03-15","2033-03-13",,,,,,"DPE 3CL 2021 méthode logement",2.2,"dpe maison individuelle","F","C","maison",,"1989-2000",,,2.6,,,2,,,,66.5,,"Légère","inférieur à 400m","H2d","118 Rue Jean Deyrole 84220 Gordes","118","Rue Jean Deyrole","Gordes","84220","84050","84","93","84050_0400_00118",876569.16,6314897.98,0.43,"adresse géocodée ban à l'adresse","118, Rue Jean Deyrole","GORDES",84220,0,,,"2023-03-0103 MAISON CONSTANTIN",,"insuffisant",0,1,0,0,1,234.7,34.9,67,19.1,15.3,13.6,9.6,75.3,"bonne","moyenne",,,"insuffisante","moyenne","insuffisante",0.64,11121.3,964.7,0,1589,0,112.2,0,25994.4,390,21602.4,4090.2,0,301.8,0,11301.9,169,9392.4,1778.3,0,131.2,0,866.6,13,742,115.6,0,9.1,0,"Électricité",11301.9,9392.4,1778.3,1872.4,1556,294.6,866.6,742,115.6,,,,,,,,,,,,,,,,,,,,,1872.4,1556,294.6,0,21.7,0,"Électricité","radiateur électrique NFC, NF** et NF***","installation individuelle","radiateur électrique NFC, NF** et NF***","Installation de chauffage simple","Radiateur électrique NFC, NF** et NF*** (système individuel)",9392.4,66.5,,,"radiateur électrique NFC, NF** et NF***","Électricité","chauffage","Electrique - Radiateur électrique NFC, NF** et NF***",9392.4,,,,,,,,,,,,,,,,,,,,,,,,"Électricité","Ballon électrique à accumulation vertical Autres ou inconnue",,,"installation individuelle","Un seul système d'ECS sans solaire","Ballon électrique à accumulation vertical (autres catégorie ou inconnue), contenance ballon 200 L",1778.3,1,66.5,"Non affecté",,,,"Ballon électrique à accumulation vertical Autres ou inconnue","Électricité","ecs","Electrique - Ballon électrique à accumulation vertical (autres catégorie ou inconnue)",200,,1778.3,,,,,,,,,,,,0,,,,,,,,,,,,0,
"2384E0114589P","2024-02-06","2023-01-11","2023-01-12","2023-01-13","2033-01-11",,,,,,"DPE 3CL 2021 méthode logement",2.2,"dpe maison individuelle","F","C","maison",,"1975-1977",,,2.5,,,3,,,,128,,"Moyenne","inférieur à 400m","H2d","387 Chemin de Bel Air 84220 Gordes","387","Chemin de Bel Air","Gordes","84220","84050","84","93","84050_0068_00387",876564.01,6314549.23,0.42,"adresse géocodée ban à l'adresse","387 Chemin de Bel Air","GORDES",84220,0,,,"2023-01-0094",,"moyen",1,1,0,0,1,704.1,73,233.8,115.4,63.4,0,89.8,128.6,"insuffisante","insuffisante","bonne",,,"insuffisante","moyenne",1.31,32586.6,1251.4,3784,2722.2,370.9,3623.8,2380.3,52812.1,412,45674.6,4799.3,1189.9,580.9,567.4,22961.8,179,19858.5,2086.7,517.3,252.6,246.7,1770.8,13,1568.8,135.6,33.1,17.4,15.8,"Électricité",22961.8,19858.5,2086.7,3727.4,3223.6,338.7,1770.8,1568.8,135.6,,,,,,,,,,,,,,,,,,,,,3727.4,3223.6,338.7,84,41,40,"Électricité","PAC air/air installée avant 2008","installation individuelle","radiateur électrique NFC, NF** et NF***","Installation de chauffage simple","Radiateur électrique NFC, NF** et NF*** (système individuel)",11531.9,58,,,"radiateur électrique NFC, NF** et NF***","Électricité","chauffage","Electrique - Radiateur électrique NFC, NF** et NF***",11531.9,,,,,,"installation individuelle","Soufflage d'air chaud (air soufflé) avec distribution par réseau aéraulique","Installation de chauffage simple","PAC air/air installée avant 2008 (système individuel)",8326.6,70,,,"PAC air/air installée avant 2008","Électricité","chauffage","Electrique - PAC air/air installée avant 2008",8326.6,,,,,,"Électricité","Ballon électrique à accumulation vertical Autres ou inconnue",,,"installation individuelle","Un seul système d'ECS sans solaire","Ballon électrique à accumulation vertical (autres catégorie ou inconnue), contenance ballon 200 L",2086.7,1,128,"Non affecté",,,,"Ballon électrique à accumulation vertical Autres ou inconnue","Électricité","ecs","Electrique - Ballon électrique à accumulation vertical (autres catégorie ou inconnue)",200,,2086.7,,,,,,,,,,,,0,"PAC air/air installée avant 2008","Électricité","Avant 2008","Refroidissement - Electrique - Pompe à chaleur (divisé) - type split",70,517.3,"pompe à chaleur",,,,,0,
"2384E1145239Z","2024-12-12","2023-04-03","2023-04-05","2023-04-06","2033-04-04",,,"M84ADTPKTGAQ",,,"DPE 3CL 2021 méthode logement",2.2,"dpe maison individuelle","D","D","maison",,"1983-1988",,,2.6,,,1,,,,149.5,,"Légère","inférieur à 400m","H2d","397 Chemin de Fontcaudette 84220 Gordes","397","Chemin de Fontcaudette","Gordes","84220","84050","84","93","84050_0288_00397",876064.51,6311036.85,0.49,"adresse géocodée ban à l'adresse","397, Chemin de Fontcaudette","GORDES",84220,0,,,"2023-04-0012",,"moyen",1,1,0,0,1,451,35.5,94.5,27.9,48.6,8.8,105.8,129.9,"moyenne","insuffisante",,"bonne",,"insuffisante","insuffisante",0.72,17684.8,1343.8,3403.6,3114,424.3,5377,2253.6,30647.6,205,22972.9,5027.7,185.1,678.5,1783.4,26309.7,175,22972.9,2186,80.5,295,775.4,6465.9,43,6248.6,142.1,5.2,20.4,49.6,"GPL",22972.9,22972.9,0,3286.3,3286.3,0,6248.6,6248.6,0,"Électricité",3336.8,0,2186,628.4,0,411.7,217.2,0,142.1,,,,,,,,,,,3914.7,3286.3,411.7,15.2,55.6,146,"GPL","Chaudière gpl/propane/butane à condensation 1981-1985","installation individuelle","Radiateur bitube sans robinet thermostatique sur réseau individuel eau chaude haute température(sup ou egal 65°C)","Installation de chauffage simple","Chaudière individuelle GPL à condensation avec programmateur avec réduit. Emetteur(s): radiateur bitube sans robinet thermostatique",22972.9,149.5,,,"Chaudière gpl/propane/butane à condensation 1981-1985","GPL","chauffage","GPL - Chaudière GPL/propane/butane à condensation installée entre 1981 et 1985",22972.9,,,,,,,,,,,,,,,,,,,,,,,,"Électricité","Ballon électrique à accumulation vertical Autres ou inconnue",,,"installation individuelle","Un seul système d'ECS sans solaire","Ballon électrique à accumulation vertical (autres catégorie ou inconnue), contenance ballon 200 L",2186,1,149.5,"Non affecté",,,,"Ballon électrique à accumulation vertical Autres ou inconnue","Électricité","ecs","Electrique - Ballon électrique à accumulation vertical (autres catégorie ou inconnue)",200,,2186,,,,,,,,,,,,0,"PAC air/air installée à partir de 2015","Électricité","A partir de 2015","Refroidissement - Electrique - Pompe à chaleur air/air",25,80.5,"pompe à chaleur",,,,,0,
"2384E0683783R","2024-02-06","2023-02-20","2023-02-28","2023-03-01","2033-02-27",,,,,,"DPE 3CL 2021 méthode logement",2.2,"dpe maison individuelle","C","C","maison",1996,"1989-2000",,,2.5,,,3,,,,279,,"Moyenne","inférieur à 400m","H2d","27 chemin des beaumonnes 84220 Gordes","27","chemin des beaumonnes","Gordes","84220","84050","84","93","84050_0065_00027",876025.9,6310953.19,0.46,"adresse géocodée ban à l'adresse","27, Chemin des Beaumonnes
FONTCAUDETTE","GORDES",84220,0,,,"2023-02-0151",,"insuffisant",0,1,0,0,1,756.7,83.7,167.7,32.5,68.8,18.7,150.1,235.1,"moyenne","insuffisante","très bonne",,,"insuffisante","moyenne",0.77,26114.7,1900,6834.2,5473.8,745.8,13260,4788.2,42323.3,151,34760.6,4968.7,509.8,1266.2,818,38806.7,139,34760.6,2918.2,221.7,550.5,355.7,8368.3,29,7756.4,537,14.2,38,22.8,"Fioul domestique",24176.2,22835.3,1340.9,2210.2,2087.6,122.6,7833.1,7398.6,434.4,"Bois – Bûches",11925.3,11925.3,0,381.7,381.7,0,357.8,357.8,0,"Électricité",2705.1,0,1577.3,532.5,0,310.5,177.5,0,102.5,3124.5,2469.3,433.1,43.6,108.4,70,"Fioul domestique","Chaudière fioul à condensation après 2015","installation individuelle","Poêle bois","Installation de chauffage avec insert ou poêle bois en appoint","Chaudière individuelle fioul à condensation installée à partir de 2016 avec en appoint un insert installé entre 1990 et 2004. Emetteur(s): radiateur monotube avec robinet thermostatique, plancher chauffant",34760.6,279,,,"Chaudière fioul à condensation après 2015","Fioul domestique","chauffage + ecs","Fioul - Chaudière fioul à condensation installée à partir de 2016",22835.3,"insert installé entre 1990 et 2004","Bois – Bûches","chauffage","Bois - Insert installé entre 1990 et 2004",11925.3,,,,,,,,,,,,,,,,,,,"Électricité","Ballon électrique à accumulation vertical Autres ou inconnue",,,"installation individuelle","Un seul système d'ECS sans solaire","Ballon électrique à accumulation vertical (autres catégorie ou inconnue), contenance ballon 150 L",1577.3,1,139.5,"Non affecté",,,,"Ballon électrique à accumulation vertical Autres ou inconnue","Électricité","ecs","Electrique - Ballon électrique à accumulation vertical (autres catégorie ou inconnue)",150,,1577.3,,,,,,,,,,,,0,"PAC air/air installée à partir de 2015","Électricité","A partir de 2015","Refroidissement - Electrique - Pompe à chaleur (divisé) - type split",64,221.7,"Il existe plusieurs descriptifs ENR",,,,,0,
"2384E1320103N","2024-02-06","2023-04-17","2023-04-19","2023-04-20","2033-04-18",,,,,,"DPE 3CL 2021 méthode logement",2.2,"dpe appartement individuel","E","B","appartement",,"1948-1974","individuel","individuel",2.5,1,,1,,,,49.8,,"Moyenne","inférieur à 400m","H2d","399 Chemin de Bel Air 84220 Gordes","399","Chemin de Bel Air","Gordes","84220","84050","84","93","84050_0068_00399",876558.63,6314540.41,0.42,"adresse géocodée ban à l'adresse","BEL AIR
399 CHEMIN DE BEL AIR","GORDES",84220,0,,,"1585-23","LOGEMENT RDC EST","moyen",1,1,0,0,0,209.9,35.6,82.8,0,30.7,8.1,17.7,35,"insuffisante","insuffisante",,"très bonne",,"insuffisante","insuffisante",1.44,8712.9,999.7,1152.2,1215.5,183,1055.2,650.5,14555.1,292,9484.7,3917.4,596.3,225.8,330.8,6328.3,127,4123.8,1703.2,259.2,98.2,143.8,469.1,9,325.8,110.7,16.6,6.8,9.2,"Électricité",6328.3,4123.8,1703.2,1089.8,710.1,293.3,469.1,325.8,110.7,,,,,,,,,,,,,,,,,,,,,1089.8,710.1,293.3,44.6,16.9,24.8,"Électricité","PAC air/air installée entre 2008 et 2014","installation individuelle","radiateur électrique NFC, NF** et NF***","Installation de chauffage simple","Radiateur électrique à inertie (modélisé comme un radiateur NFC, NF** et NF***) (système individuel)",2610.4,17,,,"Radiateur électrique à accumulation","Électricité","chauffage","Electrique - Radiateur électrique à accumulation",2610.4,,,,,,"installation individuelle","Soufflage d'air chaud (air soufflé) avec distribution par fluide frigorigène","Installation de chauffage simple","PAC air/air sans réseau de distribution installée entre 2008 et 2014 (système individuel)",1513.4,32.8,,,"PAC air/air installée entre 2008 et 2014","Électricité","chauffage","Electrique - PAC air/air sans réseau de distribution installée entre 2008 et 2014",1513.4,,,,,,"Électricité","Ballon électrique à accumulation horizontal",,,"installation individuelle","Un seul système d'ECS sans solaire","Ballon électrique à accumulation horizontal, contenance ballon 100 L",1703.2,1,49.8,"Non affecté",,,,"Ballon électrique à accumulation horizontal","Électricité","ecs","Electrique - Ballon électrique à accumulation horizontal",100,,1703.2,,,,,,,,,,,,0,"PAC air/air installée avant 2008","Électricité","Avant 2008","Refroidissement - Electrique - Pompe à chaleur (divisé) - type split",49.8,259.2,"pompe à chaleur",,,,,0,
"2384E2048611B","2024-02-06","2023-06-19","2023-06-19","2023-06-20","2033-06-18",,,,,,"DPE 3CL 2021 méthode logement",2.2,"dpe maison individuelle","D","D","maison",,"1989-2000",,,2.5,,,2,,,,265,,"Légère","inférieur à 400m","H2d","204 Chemin des Escortiels 84220 Gordes","204","Chemin des Escortiels","Gordes","84220","84050","84","93","84050_0240_00204",876427.18,6314025.19,0.45,"adresse géocodée ban à l'adresse","204, Chemin des Escortiels","GORDES",84220,0,,,"2023-06-0049",,"insuffisant",0,1,0,0,1,702,81.5,106.2,46.6,57.1,0,178.3,232.3,"moyenne","bonne","moyenne",,,"moyenne","insuffisante",0.68,29006.4,1839.9,0,5218.7,0,6139.4,0,47638.2,179,42717.7,2834.6,0,1202.6,883.2,42004.9,158,38263.4,2834.6,0,522.9,384,10578,39,9746.3,771,0,36.1,24.6,"GPL",37671.6,34837,2834.6,5388.9,4983.4,405.5,10246.7,9475.7,771,"Électricité",4333.3,3426.4,0,779.6,616.5,0,331.3,270.7,0,,,,,,,,,,,6168.5,5599.9,405.5,0,94.1,69.1,"GPL","Chaudière gpl/propane/butane standard 1991-2000","installation individuelle","Plancher chauffant sur réseau individuel eau chaude haute température(sup ou egal 65°C)","Installation de chauffage simple","Chaudière individuelle GPL/propane/butane standard installée entre 1991 et 2000. Emetteur(s): radiateur monotube sans robinet thermostatique, plancher chauffant",34837,229,,,"Chaudière gpl/propane/butane standard 1991-2000","GPL","chauffage + ecs","GPL - Chaudière GPL/propane/butane standard installée entre 1991 et 2000",34837,,,,,,"installation individuelle","radiateur électrique NFC, NF** et NF***","Installation de chauffage simple","Radiateur électrique NFC, NF** et NF*** (système individuel)",3426.4,36,,,"radiateur électrique NFC, NF** et NF***","Électricité","chauffage","Electrique - Radiateur électrique NFC, NF** et NF***",3426.4,,,,,,"GPL","Chaudière gpl/propane/butane standard 1991-2000",,,"installation individuelle","Un seul système d'ECS sans solaire","Combiné au système de chauffage",2834.6,1,265,"Non affecté",,,,"Chaudière gpl/propane/butane standard 1991-2000","GPL","chauffage + ecs","GPL - Chaudière GPL/propane/butane standard installée entre 1991 et 2000",0,,2834.6,,,,,,,,,,,,0,,,,,,,,,,,,0,
"2384E1613476C","2024-02-06","2023-05-14","2023-05-14","2023-05-16","2033-05-13",,,,,,"DPE 3CL 2021 méthode logement",2.3,"dpe maison individuelle","B","A","maison",1979,"1978-1982",,,2.8,,,2,,,,280,,"Légère","inférieur à 400m","H2d","Chemin de Bel Air 84220 Gordes",,"Chemin de Bel Air","Gordes","84220","84050","84","93","84050_0068",876564.17,6314543.24,0.48,"adresse non géocodée ban car aucune correspondance trouvée","Quartier Bel Air","GORDES",84220,,,,,,"bon",0,1,0,0,1,868.3,281.2,132.2,25.2,35.4,15.4,161.7,217.1,"insuffisante","bonne","très bonne",,"très bonne","très bonne","moyenne",0.9,32154.2,1904.3,0,5492041.8,0,14025903.8,0,21224.3,75.8,17828,965.1,0,1270.7,1160.5,9227.9,33,7751.3,419.6,0,552.5,504.6,711.2,2.5,612.4,27.3,0,38.1,32.3,"Électricité",9227.9,7751.3,419.6,1547,1299,70,710,612.4,27.3,,,,,,,,,,,,,,,,,,,,,1547,1299,70,0,93,85,"Électricité","PAC air/eau installée entre 2015 et 2016","installation individuelle","Plancher chauffant sur réseau individuel eau chaude basse ou moyenne température(inf 65°C)","Installation de chauffage simple","Chauffage sans solaire",7751.3,280,,,"PAC air/eau installée entre 2015 et 2016","Électricité","chauffage + ecs","Pompe à chaleur Air/Eau",7751.3,,,,,,,,,,,,,,,,,,,,,,,,"Électricité","PAC double service après 2014",,,"installation individuelle","Un seul système d'ECS sans solaire","Pompe à chaleur Air/Eau",419.6,1,280,"Non affecté",,,,"PAC double service après 2014","Électricité","chauffage + ecs","Pompe à chaleur Air/Eau",300,4.9,419.6,"A partir de 2015",,,,,,,,,,,0,,,,,,,"Il existe plusieurs descriptifs ENR",,,,,0,
"2384E1951638I","2024-02-06","2023-06-11","2023-06-11","2023-06-12","2033-06-10",,,,,,"DPE 3CL 2021 méthode logement",2.2,"dpe maison individuelle","E","E","maison",,"avant 1948",,,2.7,,,2,,,,334,,"Lourde","inférieur à 400m","H2d","395 route de courtecambe 84220 Gordes","395","route de courtecambe","Gordes","84220","84050","84","93","84050_0141_00395",875728.4,6312598.15,0.41,"adresse géocodée ban à l'adresse","395, Route de Courtecambe","GORDES",84220,0,,,"2023-06-0012 MAISON PRINCIPALE",,"insuffisant",0,1,0,1,1,1290.6,95,381,149.4,110.2,9,182.6,363.2,"insuffisante","insuffisante",,"moyenne",,"insuffisante","insuffisante",1.22,61377,2136.3,0,5860,0,441.8,0,70478.7,211,64668.5,2871.5,0,1515.8,1422.8,68817.7,206,64668.5,2871.5,0,659,618.6,21968,65,20952.6,930.4,0,45.5,39.6,"Fioul domestique",67540.1,64668.5,2871.5,6174.5,5912,262.5,21883,20952.6,930.4,"Électricité",1277.6,0,0,328.7,0,0,85.1,0,0,,,,,,,,,,,6503.2,5912,262.5,0,169.6,159.2,"Fioul domestique","Chaudière fioul à condensation après 2015","installation individuelle","Radiateur monotube avec robinet thermostatique sur réseau individuel eau chaude haute température(sup ou egal 65°C)","Installation de chauffage simple","Chaudière individuelle fioul à condensation, avec programmateur avec réduit. Emetteur(s): radiateur monotube avec robinet thermostatique",64668.5,334,,,"Chaudière fioul à condensation après 2015","Fioul domestique","chauffage + ecs","Fioul - Chaudière fioul à condensation installée à partir de 2016",64668.5,,,,,,,,,,,,,,,,,,,,,,,,"Fioul domestique","Chaudière fioul à condensation après 2015",,,"installation individuelle","Un seul système d'ECS sans solaire","Combiné au système de chauffage",2871.5,1,334,"Non affecté",,,,"Chaudière fioul à condensation après 2015","Fioul domestique","chauffage + ecs","Fioul - Chaudière fioul à condensation installée à partir de 2016",0,,2871.5,,,,,,,,,,,,0,,,,,,,,,,,,0,
"2384E1005073Z","2024-06-26","2023-03-22","2023-03-25","2023-03-26","2033-03-24",,,,,,"DPE 3CL 2021 méthode logement",2.2,"dpe appartement individuel","G","C","appartement",,"avant 1948","individuel","individuel",2.9,1,,1,,,,15.3,,"Très lourde","inférieur à 400m","H2d","Rue des Clastres 84220 Gordes",,"Rue des Clastres","Gordes","84220","84050","84","93","84050_0125",876687.25,6314882.26,0.44,"adresse géocodée ban à l'adresse","Rue de l'Eglise - rue des Clastres","GORDES",84220,0,,,"2023-03-0199-2ème TUILE",,"insuffisant",0,1,0,1,0,116.5,4.7,63.8,0,0,1.8,10.6,35.7,"insuffisante","insuffisante",,"très bonne",,"très bonne","insuffisante",1.69,5385,629.6,0,535.7,0,39.9,0,13268.7,867,9984.3,3002.2,0,69.4,212.7,5769,377,4341,1305.3,0,30.2,92.5,435.8,28,342.9,84.8,0,2.1,5.9,"Électricité",5769,4341,1305.3,1001.7,753.8,226.7,435.8,342.9,84.8,,,,,,,,,,,,,,,,,,,,,1001.7,753.8,226.7,0,5.2,16.1,"Électricité","radiateur électrique NFC, NF** et NF***","installation individuelle","radiateur électrique NFC, NF** et NF***","Installation de chauffage simple","Radiateur électrique NFC, NF** et NF*** (système individuel)",4341,15.3,,,"radiateur électrique NFC, NF** et NF***","Électricité","chauffage","Electrique - Radiateur électrique NFC, NF** et NF***",4341,,,,,,,,,,,,,,,,,,,,,,,,"Électricité","Ballon électrique à accumulation horizontal",,,"installation individuelle","Un seul système d'ECS sans solaire","Ballon électrique à accumulation horizontal, contenance ballon 100 L",1305.3,1,15.3,"Non affecté",,,,"Ballon électrique à accumulation horizontal","Électricité","ecs","Electrique - Ballon électrique à accumulation horizontal",100,,1305.3,,,,,,,,,,,,0,,,,,,,,,,,,0,
"2384E0842648W","2024-02-06","2023-03-08","2023-03-13","2023-03-14","2033-03-12",,,,,,"DPE 3CL 2021 méthode logement",2.2,"dpe maison individuelle","G","C","maison",,"avant 1948",,,2.8,,,1,,,,52,,"Légère","inférieur à 400m","H2d","118 Rue Jean Deyrole 84220 Gordes","118","Rue Jean Deyrole","Gordes","84220","84050","84","93","84050_0400_00118",876569.16,6314897.98,0.43,"adresse géocodée ban à l'adresse","118, Rue Jean Deyrole","GORDES",84220,0,,,"2023-03-0103 MAISON NORD OUEST",,"insuffisant",0,1,0,0,0,420.8,25.6,122.9,130,32.1,5.3,25.1,79.7,"insuffisante","insuffisante","insuffisante",,,"insuffisante","insuffisante",1.79,21523.1,809,0,1272.9,0,284.1,0,41407,796,37892,3279,0,236,0,23657.2,454,22128.9,1425.7,0,102.6,0,1357.8,26,1258,92.7,0,7.1,0,"Électricité",13653.7,12125.4,1425.7,2242.4,1991.4,234.1,1057.7,957.9,92.7,"Bois – Bûches",10003.5,10003.5,0,320.2,320.2,0,300.1,300.1,0,,,,,,,,,,,2562.6,2311.6,234.1,0,16.9,0,"Électricité","Convecteur électrique NFC, NF** et NF***","installation individuelle","Poêle bois","Installation de chauffage avec insert ou poêle bois en appoint","Convecteur électrique NFC, NF** et NF*** avec en appoint un poêle à bois (bûche) (système individuel)",22128.9,52,,,"Convecteur électrique NFC, NF** et NF***","Électricité","chauffage","Electrique - Convecteur électrique NFC, NF** et NF***",12125.4,"Poêle bûche installé avant 1990","Bois – Bûches","chauffage","Bois - Poêle à bois (bûche) installé avant 1990",10003.5,,,,,,,,,,,,,,,,,,,"Électricité","Ballon électrique à accumulation vertical Autres ou inconnue",,,"installation individuelle","Un seul système d'ECS sans solaire","Ballon électrique à accumulation vertical (autres catégorie ou inconnue), contenance ballon 150 L",1425.7,1,52,"Non affecté",,,,"Ballon électrique à accumulation vertical Autres ou inconnue","Électricité","ecs","Electrique - Ballon électrique à accumulation vertical (autres catégorie ou inconnue)",150,,1425.7,,,,,,,,,,,,0,,,,,,,"chauffage au bois",,,,,0,
"2384E1555876S","2024-12-30","2023-05-09","2023-05-10","2023-05-11","2033-05-09",,,"EAKFM1WPXMPM",,,"DPE 3CL 2021 méthode logement",2.3,"dpe maison individuelle","E","B","maison",1700,"avant 1948",,,2.8,,,2,,,,199,,"Légère","inférieur à 400m","H2d","876 Route de Saint Pantaleon 84220 Gordes","876","Route de Saint Pantaleon","Gordes","84220","84050","84","93","84050_0803_00876",875203.47,6311677.66,0.96,"adresse géocodée ban à l'adresse","876 route de Saint Pantaleon","GORDES",84220,,,"Hameau Saint Blaise au Imbert",,,"moyen",1,1,0,0,1,688.5,38.8,274.2,15.5,55.2,0,78.7,226,"insuffisante","insuffisante","très bonne",,,"moyenne","moyenne",1.05,29187.9,1556.4,0,3633962.2,0,3869268.8,0,57936.1,291.1,51111.5,5921.5,0,903.1,0,25189.6,126.6,22222.4,2574.6,0,392.7,0,1950.2,9.8,1755.6,167.3,0,27.1,0,"Électricité",25189.6,22222.4,2574.6,4084,3603,417,1950,1755.6,167.3,,,,,,,,,,,,,,,,,,,,,4084,3603,417,0,64,0,"Électricité","Panneau rayonnant électrique NFC, NF** et NF***","installation individuelle","Panneau rayonnant NFC, NF** et NF***","Installation de chauffage simple","Chauffage sans solaire",11111.2,99.5,,,"Panneau rayonnant électrique NFC, NF** et NF***","Électricité","chauffage","Panneau rayonnant électrique NFC",11111.2,,,,,,"installation individuelle","radiateur électrique NFC, NF** et NF***","Installation de chauffage simple","Chauffage sans solaire",11111.2,99.5,,,"radiateur électrique NFC, NF** et NF***","Électricité","chauffage","Radiateur électrique NFC",11111.2,,,,,,"Électricité","Ballon électrique à accumulation vertical Autres ou inconnue",,,"installation individuelle","Deux systèmes d'ECS dans une maison ou un appartement","Chauffe-eau vertical",1352.3,1,99.5,"Non affecté",,,,"Ballon électrique à accumulation vertical Autres ou inconnue","Électricité","ecs","Chauffe-eau vertical",100,,1352.3,,,,,,,,,,,,0,,,,,,,,,,,,0,
"2384E1005045X","2024-06-26","2023-03-22","2023-03-25","2023-03-26","2033-03-24",,,,,,"DPE 3CL 2021 méthode logement",2.2,"dpe appartement individuel","G","C","appartement",,"avant 1948","individuel","individuel",3,1,,1,,,,15,,"Lourde","inférieur à 400m","H2d","Rue des Clastres 84220 Gordes",,"Rue des Clastres","Gordes","84220","84050","84","93","84050_0125",876687.25,6314882.26,0.44,"adresse géocodée ban à l'adresse","Rue de l'Eglise - rue des Clastres","GORDES",84220,0,,,"2023-03-0199-1er FONTAINE",,"moyen",1,0,0,1,0,107.8,2.3,63.2,0,15,1.8,4.4,21.2,"insuffisante","insuffisante",,"très bonne",,"insuffisante","moyenne",1.42,4972.8,626.4,0,529.8,0,0,0,12677.5,845,9406.7,2994.3,0,68.1,208.5,5512,367,4089.9,1301.9,0,29.6,90.7,415.6,27,323.1,84.6,0,2,5.8,"Électricité",5512,4089.9,1301.9,961.3,713.3,227,415.6,323.1,84.6,,,,,,,,,,,,,,,,,,,,,961.3,713.3,227,0,5.2,15.8,"Électricité","Panneau rayonnant électrique NFC, NF** et NF***","installation individuelle","Panneau rayonnant NFC, NF** et NF***","Installation de chauffage simple","Panneau rayonnant électrique NFC, NF** et NF*** (système individuel)",4089.9,15,,,"Panneau rayonnant électrique NFC, NF** et NF***","Électricité","chauffage","Electrique - Panneau rayonnant électrique NFC, NF** et NF***",4089.9,,,,,,,,,,,,,,,,,,,,,,,,"Électricité","Ballon électrique à accumulation horizontal",,,"installation individuelle","Un seul système d'ECS sans solaire","Ballon électrique à accumulation horizontal, contenance ballon 100 L",1301.9,1,15,"Non affecté",,,,"Ballon électrique à accumulation horizontal","Électricité","ecs","Electrique - Ballon électrique à accumulation horizontal",100,,1301.9,,,,,,,,,,,,0,,,,,,,,,,,,0,
"2384E1455708C","2024-02-06","2023-05-01","2023-05-02","2023-05-03","2033-05-01",,,,,,"DPE 3CL 2021 méthode logement",2.2,"dpe maison individuelle","B","A","maison",2020,"2013-2021",,,2.5,,,2,,,,138,,"Légère","inférieur à 400m","H2d","115 Chemin des Michelons 84220 Gordes","115","Chemin des Michelons","Gordes","84220","84050","84","93","84050_0555_00115",876381.51,6310822.22,0.46,"adresse géocodée ban à l'adresse","Hameau les Martins
115, Chemin des Michelons","GORDES",84220,0,,,"2023-05-0028",,"insuffisant",0,1,0,0,1,264,53.4,37.8,7.7,13.3,0,80.9,70.9,"bonne","très bonne",,"très bonne",,"très bonne","moyenne",0.58,9144.3,1294.4,3490,2904.4,395.7,3933.3,2640.6,12329.6,89,8265.6,1143.2,1135,626.3,1159.5,5360.7,38,3593.7,497.1,493.5,272.3,504.1,398.8,2,283.9,32.3,31.6,18.8,32.3,"Électricité",5360.7,3593.7,497.1,937.5,628.5,86.9,398.8,283.9,32.3,,,,,,,,,,,,,,,,,,,,,937.5,628.5,86.9,86.3,47.6,88.2,"Électricité","PAC air/air installée à partir de 2015","installation individuelle","Soufflage d'air chaud (air soufflé) avec distribution par réseau aéraulique","Installation de chauffage simple","PAC air/air installée à partir de 2015 (système individuel)",3593.7,138,,,"PAC air/air installée à partir de 2015","Électricité","chauffage","Electrique - PAC air/air sans réseau de distribution installée à partir de 2015",3593.7,,,,,,,,,,,,,,,,,,,,,,,,"Électricité","CET sur air extrait après 2014",,,"installation individuelle","Un seul système d'ECS sans solaire","Chauffe-eau thermodynamique sur air extrait installé à partir de 2015, contenance ballon 270 L",497.1,1,138,"Non affecté",,,,"CET sur air extrait après 2014","Électricité","ecs","Electrique - Chauffe-eau thermodynamique sur air extrait installé à partir de 2015",270,2.8,497.1,"A partir de 2015",,,,,,,,,,,0,"PAC air/air installée à partir de 2015","Électricité","A partir de 2015","Refroidissement - Electrique - Pompe à chaleur air/air",138,493.5,"Il existe plusieurs descriptifs ENR",,,,,0,
"2384E0773069T","2024-12-30","2023-02-06","2023-03-08","2023-03-09","2033-03-07",,,"7C6D1R7W75M2",,,"DPE 3CL 2021 méthode logement",2.2,"dpe maison individuelle","F","F","maison",,"avant 1948",,,2.7,,,3,,,,341.5,,"Moyenne","inférieur à 400m","H2d","685 chemin de la croix des baux 84220 Gordes","685","chemin de la croix des baux","Gordes","84220","84050","84","93","84050_0145_00685",874613,6313493.87,0.47,"adresse géocodée ban à l'adresse","685, Chemin de la Croix des Baux","GORDES",84220,0,,,"2023-02-0001",,"insuffisant",0,1,0,0,0,1762.1,143.4,650.2,388.5,71.3,19.4,123.8,365.4,"insuffisante","insuffisante","insuffisante",,,"insuffisante","insuffisante",2.02,84204.6,2168.5,0,6612.7,0,6688.3,0,101449.8,297,94026.1,3835.5,0,1549.8,2038.4,99421.7,291,94026.1,3835.5,0,673.8,886.3,31810.4,93,30464.4,1242.7,0,46.5,56.7,"Fioul domestique",97861.6,94026.1,3835.5,8946.5,8595.9,350.6,31707.2,30464.4,1242.7,"Électricité",1560.1,0,0,368.4,0,0,103.2,0,0,,,,,,,,,,,9315,8595.9,350.6,0,159.1,209.3,"Fioul domestique","Chaudière fioul basse température 1991-2015","installation individuelle","Radiateur bitube avec robinet thermostatique sur réseau individuel eau chaude basse ou moyenne température(inf 65°C)","Installation de chauffage simple","Chaudière individuelle fioul basse température avec programmateur avec réduit. Emetteur(s): radiateur bitube avec robinet thermostatique",94026.1,341.5,,,"Chaudière fioul basse température 1991-2015","Fioul domestique","chauffage + ecs","Fioul - Chaudière fioul basse température installée entre 1991 et 2015",94026.1,,,,,,,,,,,,,,,,,,,,,,,,"Fioul domestique","Chaudière fioul basse température 1991-2015",,,"installation individuelle","Un seul système d'ECS sans solaire","Combiné au système de chauffage",3835.5,1,341.5,"Non affecté",,,,"Chaudière fioul basse température 1991-2015","Fioul domestique","chauffage + ecs","Fioul - Chaudière fioul basse température installée entre 1991 et 2015",0,,3835.5,,,,,,,,,,,,0,,,,,,,,,,,,0,
"2384E0105688G","2024-02-06","2022-12-01","2023-01-12","2023-01-13","2033-01-11",,,,,,"DPE 3CL 2021 méthode logement",2.2,"dpe maison individuelle","F","D","maison",1997,"1989-2000",,,3,,,1,,,,288.3,,"Légère","400-800m","H2d","1424 Route de Senanque 84220 Gordes","1424","Route de Senanque","Gordes","84220","84050","84","93","84050_0810_01424",875990,6316168.67,0.5,"adresse géocodée ban à l'adresse","1424 ROUTE DE SENAQUE","GORDES",84220,0,,,"22/IMO/0940",,"insuffisant",0,1,0,0,1,1198.3,152.3,316.5,85.6,68.4,0,131.1,444.4,"bonne","bonne","moyenne",,,"moyenne","bonne",0.48,65598,2098,3877.1,6352.6,464.2,11273,2480.6,103646.7,359,95377.2,3062.2,2229.3,1308.5,1669.5,84566.6,293,79240.4,3062.2,969.3,568.9,725.9,14262.8,49,13122.9,992.1,62,39.3,46.5,"Fioul domestique",37543.4,34481.3,3062.2,3432.2,3152.3,279.9,12164.1,11171.9,992.1,"Bois – Bûches",32346.2,32346.2,0,1035.4,1035.4,0,970.4,970.4,0,"Électricité",14677,12412.9,0,2403.4,2032.7,0,1128.4,980.6,0,6871,6220.4,279.9,158.7,93.2,118.9,"Fioul domestique","Chaudière fioul standard 1991-2015","installation individuelle","Radiateur bitube sans robinet thermostatique sur réseau individuel eau chaude haute température(sup ou egal 65°C)","Installation de chauffage simple","Chaudière individuelle fioul standard installée entre 1991 et 2015 régulée. Emetteur(s): radiateur bitube sans robinet thermostatique",34481.3,108.1,,,"Chaudière fioul standard 1991-2015","Fioul domestique","chauffage + ecs","Fioul - Chaudière fioul standard installée entre 1991 et 2015",34481.3,,,,,,"installation individuelle","Plancher chauffant sur réseau individuel eau chaude haute température(sup ou egal 65°C)","Installation de chauffage simple","Autre système à combustion bois (système individuel) cheminée à. Foyer. Ouvert",32346.2,72.1,,,"autre système à combustion bois","Bois – Bûches","chauffage","Bois - Autre système à combustion bois",32346.2,,,,,,"Fioul domestique","Chaudière fioul standard 1991-2015",,,"installation individuelle","Un seul système d'ECS sans solaire","Combiné au système de chauffage",3062.2,1,288.3,"Non affecté",,,,"Chaudière fioul standard 1991-2015","Fioul domestique","chauffage + ecs","Fioul - Chaudière fioul standard installée entre 1991 et 2015",0,,3062.2,,,,,,,,,,,,0,"PAC air/air installée avant 2008","Électricité","Avant 2008","Refroidissement - Electrique - Pompe à chaleur (divisé) - type split",288.3,969.3,"Il existe plusieurs descriptifs ENR",,,,,0,
"2384E2042439R","2024-02-06","2023-06-18","2023-06-18","2023-06-19","2033-06-17",,,,,,"DPE 3CL 2021 méthode logement",2.2,"dpe maison individuelle","E","B","maison",,"avant 1948",,,2.5,,,2,,,,50,,"Légère","inférieur à 400m","H2d","hameau les bouilladoires 84220 Gordes",,"hameau les bouilladoires","Gordes","84220","84050","84","93","84050_m9a0nm",876474.31,6310917.62,0.35,"adresse géocodée ban à l'adresse","590, Les Bouilladoires","GORDES",84220,0,,,"2023-06-0017",,"moyen",1,1,0,0,1,135.7,5.6,37.8,8.5,8.2,10.2,13,52.5,"moyenne","insuffisante","insuffisante",,,"moyenne","moyenne",0.74,6015.3,787.5,0,1229.3,0,204,0,15452.2,309,11999.4,3225.9,0,226.9,0,6718.3,134,5217.1,1402.6,0,98.7,0,510.1,10,412.2,91.2,0,6.8,0,"Électricité",6718.3,5217.1,1402.6,1151.1,893.9,240.3,510.1,412.2,91.2,,,,,,,,,,,,,,,,,,,,,1151.1,893.9,240.3,0,16.9,0,"Électricité","Panneau rayonnant électrique NFC, NF** et NF***","installation individuelle","Panneau rayonnant NFC, NF** et NF***","Installation de chauffage simple","Panneau rayonnant électrique NFC, NF** et NF*** (système individuel)",5217.1,50,,,"Panneau rayonnant électrique NFC, NF** et NF***","Électricité","chauffage","Electrique - Panneau rayonnant électrique NFC, NF** et NF***",5217.1,,,,,,,,,,,,,,,,,,,,,,,,"Électricité","Ballon électrique à accumulation vertical Autres ou inconnue",,,"installation individuelle","Un seul système d'ECS sans solaire","Ballon électrique à accumulation vertical (autres catégorie ou inconnue), contenance ballon 150 L",1402.6,1,50,"Non affecté",,,,"Ballon électrique à accumulation vertical Autres ou inconnue","Électricité","ecs","Electrique - Ballon électrique à accumulation vertical (autres catégorie ou inconnue)",150,,1402.6,,,,,,,,,,,,0,,,,,,,,,,,,0,
"2384E1416901N","2024-06-26","2023-03-29","2023-04-26","2023-04-27","2033-04-25","2384E1397640S",,,,,"DPE 3CL 2021 méthode logement",2.2,"dpe maison individuelle","E","B","maison",,"avant 1948",,,2.5,,,1,,,,33.3,,"Moyenne","inférieur à 400m","H2d","66 route des adams 84220 Gordes","66","route des adams","Gordes","84220","84050","84","93","84050_0006_00066",876870.47,6314513.98,0.5,"adresse géocodée ban à l'adresse","66 CHEMIN DES ADAMS","GORDES",84220,0,,,"1563-23",,"insuffisant",0,1,0,0,1,355.1,41.1,180.1,13.9,14.8,22,18.2,65,"insuffisante","insuffisante",,"insuffisante",,"insuffisante","insuffisante",1.99,17476.7,608.6,1149.5,866.1,118,1205.5,643.8,9481.2,284,6980,2098,251.9,151.3,0,4122.2,123,3034.8,912.2,109.5,65.8,0,310.6,9,239.7,59.3,7,4.5,0,"Électricité",4122.2,3034.8,912.2,747.6,550.4,165.4,310.6,239.7,59.3,,,,,,,,,,,,,,,,,,,,,747.6,550.4,165.4,19.9,11.9,0,"Électricité","PAC air/air installée à partir de 2015","installation individuelle","Soufflage d'air chaud (air soufflé) avec distribution par fluide frigorigène","Installation de chauffage simple","PAC air/air sans réseau de distribution installée à partir de 2015 (système individuel)",3034.8,33.3,,,"PAC air/air installée à partir de 2015","Électricité","chauffage","Electrique - PAC air/air sans réseau de distribution installée à partir de 2015",3034.8,,,,,,,,,,,,,,,,,,,,,,,,"Électricité","Ballon électrique à accumulation vertical Autres ou inconnue",,,"installation individuelle","Un seul système d'ECS sans solaire","Ballon électrique à accumulation vertical (autres catégorie ou inconnue), contenance ballon 50 L",912.2,1,33.3,"Non affecté",,,,"Ballon électrique à accumulation vertical Autres ou inconnue","Électricité","ecs","Electrique - Ballon électrique à accumulation vertical (autres catégorie ou inconnue)",50,,912.2,,,,,,,,,,,,0,"PAC air/air installée à partir de 2015","Électricité","A partir de 2015","Refroidissement - Electrique - Pompe à chaleur (divisé) - type split",24,109.5,"pompe à chaleur",,,,,0,
"2384E1005078E","2024-06-26","2023-03-22","2023-03-25","2023-03-26","2033-03-24",,,,,,"DPE 3CL 2021 méthode logement",2.2,"dpe appartement individuel","G","C","appartement",,"avant 1948","individuel","individuel",2.9,1,,1,,,,20,,"Lourde","inférieur à 400m","H2d","Rue des Clastres 84220 Gordes",,"Rue des Clastres","Gordes","84220","84050","84","93","84050_0125",876687.25,6314882.26,0.44,"adresse géocodée ban à l'adresse","Rue de l'Eglise - rue des Clastres","GORDES",84220,0,,,"2023-03-0199-3ème CIEL",,"bon",1,1,0,1,1,144,3,73.3,3.7,0,2.1,4.3,57.6,"insuffisante","insuffisante","bonne",,,"très bonne","moyenne",1.08,6633.2,680.1,0,628.5,0,141.7,0,15947.7,797,12451.8,3127.1,0,90.8,278,6933.8,346,5413.8,1359.6,0,39.5,120.9,526.5,26,427.7,88.4,0,2.7,7.7,"Électricité",6933.8,5413.8,1359.6,1185,925.3,232.4,526.5,427.7,88.4,,,,,,,,,,,,,,,,,,,,,1185,925.3,232.4,0,6.7,20.7,"Électricité","Panneau rayonnant électrique NFC, NF** et NF***","installation individuelle","Panneau rayonnant NFC, NF** et NF***","Installation de chauffage simple","Panneau rayonnant électrique NFC, NF** et NF*** (système individuel)",5413.8,20,,,"Panneau rayonnant électrique NFC, NF** et NF***","Électricité","chauffage","Electrique - Panneau rayonnant électrique NFC, NF** et NF***",5413.8,,,,,,,,,,,,,,,,,,,,,,,,"Électricité","Ballon électrique à accumulation horizontal",,,"installation individuelle","Un seul système d'ECS sans solaire","Ballon électrique à accumulation horizontal, contenance ballon 100 L",1359.6,1,20,"Non affecté",,,,"Ballon électrique à accumulation horizontal","Électricité","ecs","Electrique - Ballon électrique à accumulation horizontal",100,,1359.6,,,,,,,,,,,,0,,,,,,,,,,,,0,
"2384E0721482Q","2024-02-06","2023-02-27","2023-03-04","2023-03-05","2033-03-03",,,,,,"DPE 3CL 2021 méthode logement",2.2,"dpe maison individuelle","D","B","maison",,"2006-2012",,,3.2,,,1,,,,211.2,,"Légère","inférieur à 400m","H2d","Rue de la Combe 84220 Gordes",,,"Gordes","84220","84050","84","93","84050_0130",876525.32,6315092.96,0.49,"adresse géocodée ban à l'adresse","Rue de la Combe","GORDES",84220,0,,,"2023-02-0160",,"insuffisant",0,1,0,0,1,705.1,95.2,102.4,51.6,26,20.2,242,167.6,"moyenne","bonne",,,"bonne","bonne","insuffisante",0.71,27875.4,1608.8,6704.7,4238.3,577.5,9032.7,4966.2,50950.9,241,39971.5,6535.4,1502.6,958.5,1982.9,22152.6,104,17378.9,2841.5,653.3,416.7,862.1,1683.4,7,1372.9,184.7,41.8,28.8,55.2,"Électricité",22152.6,17378.9,2841.5,3598,2822.7,461.5,1683.4,1372.9,184.7,,,,,,,,,,,,,,,,,,,,,3598,2822.7,461.5,106.1,67.7,140,"Électricité","PAC air/air installée entre 2008 et 2014","installation individuelle","Soufflage d'air chaud (air soufflé) avec distribution par réseau aéraulique","Installation de chauffage simple","PAC air/air (système individuel)",9288.6,141.2,,,"PAC air/air installée entre 2008 et 2014","Électricité","chauffage","Electrique - PAC air/air installée entre 2008 et 2014",9288.6,,,,,,"installation individuelle","radiateur électrique NFC, NF** et NF***","Installation de chauffage simple","Radiateur électrique à inertie (modélisé comme un radiateur NFC, NF** et NF***) (système individuel)",5977.6,52,,,"Radiateur électrique à accumulation","Électricité","chauffage","Electrique - Radiateur électrique à inertie (modélisé comme un radiateur NFC, NF** et NF***)",5977.6,,,,,,"Électricité","Ballon électrique à accumulation vertical Autres ou inconnue",,,"installation individuelle","Un seul système d'ECS sans solaire","Ballon électrique à accumulation vertical (autres catégorie ou inconnue), contenance ballon 150 L",1420.7,1,105.6,"Non affecté",,,,"Ballon électrique à accumulation vertical Autres ou inconnue","Électricité","ecs","Electrique - Ballon électrique à accumulation vertical (autres catégorie ou inconnue)",150,,1420.7,,,,,,,,,,,,0,"PAC air/air installée entre 2008 et 2014","Électricité","2008-2014","Refroidissement - Electrique - Pompe à chaleur (divisé) - type split",141.2,653.3,"pompe à chaleur",,,,,0,
"2384E0863086Y","2024-02-06","2023-03-08","2023-03-14","2023-03-15","2033-03-13",,,,,,"DPE 3CL 2021 méthode logement",2.2,"dpe maison individuelle","F","F","maison",,"avant 1948",,,3,,,4,,,,664,,"Légère","inférieur à 400m","H2d","118 Rue Jean Deyrole 84220 Gordes","118","Rue Jean Deyrole","Gordes","84220","84050","84","93","84050_0400_00118",876569.16,6314897.98,0.43,"adresse géocodée ban à l'adresse","118, Rue Jean Deyrole","GORDES",84220,0,,,"2023-03-0103",,"insuffisant",0,1,0,0,0,3415.8,260,1226.2,463.8,166.5,27.1,407.7,864.6,"insuffisante","insuffisante","insuffisante",,,"insuffisante","insuffisante",1.51,168746,3553.7,9195.5,12489.5,1701.7,7086.1,4064.1,221179,333,197376.3,15828.9,810.7,3013.4,4149.7,207725.3,312,197376.3,6882.1,352.5,1310.2,1804.2,64625.7,97,63949.9,447.3,22.6,90.4,115.5,"Fioul domestique",197376.3,197376.3,0,18044.1,18044.1,0,63949.9,63949.9,0,"Électricité",10349,0,6882.1,1722.4,0,1145.4,675.8,0,447.3,,,,,,,,,,,19766.6,18044.1,1145.4,58.7,218.1,300.3,"Fioul domestique","Chaudière fioul basse température 1991-2015","installation individuelle","Radiateur bitube avec robinet thermostatique sur réseau individuel eau chaude basse ou moyenne température(inf 65°C)","Installation de chauffage simple","Chaudière individuelle fioul basse température. Emetteur(s): radiateur bitube avec robinet thermostatique",197376.3,664,,,"Chaudière fioul basse température 1991-2015","Fioul domestique","chauffage","Fioul - Chaudière fioul basse température installée entre 1991 et 2015",197376.3,,,,,,,,,,,,,,,,,,,,,,,,"Électricité","Ballon électrique à accumulation horizontal",,,"installation individuelle","Un seul système d'ECS sans solaire","Ballon électrique à accumulation horizontal, contenance ballon 200 L",2018.6,1,166,"Non affecté",,,,"Ballon électrique à accumulation horizontal","Électricité","ecs","Electrique - Ballon électrique à accumulation horizontal",200,,2018.6,,,,,,,,,,,,0,"PAC air/air installée à partir de 2015","Électricité","A partir de 2015","Refroidissement - Electrique - Pompe à chaleur (divisé) - type split",180,352.5,"pompe à chaleur",,,,,0,
"2384E0810145T","2024-12-30","2023-03-07","2023-03-07","2023-03-12","2033-03-06","2384E0767729J",,"G5RKCYHXYS67",,,"DPE 3CL 2021 méthode logement",2.2,"dpe maison individuelle","F","C","maison",1975,"1975-1977",,,2.5,,,2,,,,240,,"Moyenne","inférieur à 400m","H2d","303 chemin des goges 84220 Gordes","303","chemin des goges","Gordes","84220","84050","84","93","84050_0315_00303",877852.18,6314647.93,0.95,"adresse non géocodée ban car aucune correspondance trouvée","303 Chemin DES GOGES","GORDES",84220,,,,,,"insuffisant",0,0,1,0,1,933.2,89.2,225,185.7,87.2,0,69.7,276.4,"insuffisante","insuffisante",,,,"bonne","moyenne",0.85,42016.9,1732.5,0,4763139.5,0,4898480.1,0,83979.2,349.9,76382.2,6507.8,0,1089.2,0,47910.2,199.6,44607.2,2829.5,0,473.6,0,2752.8,11.4,14.7,0.9,0,0.2,0,"Électricité",27745.3,24442.3,2829.5,4492,3957,458,9.1,8,0.9,"Bois – Bûches",20164.9,20164.9,0,645,645,0,6.6,6.6,0,,,,,,,,,,,5138,4602,458,0,77,5138,"Électricité","Convecteur électrique NFC, NF** et NF***","installation individuelle","Convecteur électrique NFC, NF** et NF***","Installation de chauffage avec insert ou poêle bois en appoint","Installation de chauffage avec insert ou poêle bois en appoint",44607.2,240,,,"Convecteur électrique NFC, NF** et NF***","Électricité","chauffage","Générateur 1",24442.3,"Poêle bûche installé avant 1990","Bois – Bûches","chauffage","Générateur 2",20164.9,,,,,,,,,,,,,,,,,,,"Électricité","Ballon électrique à accumulation vertical Catégorie B ou 2 étoiles",,,"installation individuelle","Un seul système d'ECS sans solaire","Installation ECS 1",2829.5,1,240,"Non affecté",,,,"Ballon électrique à accumulation vertical Catégorie B ou 2 étoiles","Électricité","ecs","Générateur Ecs 1",300,,2829.5,,,,,,,,,,,,0,,,,,,,"chauffage au bois",,,,,0,
"2384E1618007J","2024-02-06","2023-05-14","2023-05-14","2023-05-16","2033-05-13",,,,,,"DPE 3CL 2021 méthode logement",2.3,"dpe maison individuelle","C","A","maison",2000,"1989-2000",,,2.5,,,2,,,,114,,"Légère","inférieur à 400m","H2d","194 chemin de la cerisaie 84220 Gordes","194","chemin de la cerisaie","Gordes","84220","84050","84","93","84050_0109_00194",874198.32,6311986.69,0.46,"adresse géocodée ban à l'adresse","194 Lotissement la Cerisaie","GORDES",84220,,,"Les Imberts",,,"moyen",1,0,0,0,1,414.5,123.7,76.7,16.4,32.6,7,56.2,101.9,"insuffisante","moyenne",,"moyenne",,"moyenne","moyenne",0.98,15493.2,1191.3,3015.9,2467097.3,336148.2,6339547.1,2033653.2,17792.1,156,9592.7,5391.6,980.8,517.4,1309.6,7735.7,67.9,4170.7,2344.2,426.4,224.9,569.4,560.9,4.9,329.5,152.4,27.3,15.5,36.4,"Électricité",7735.7,4170.7,2344.2,1311,707,397,561.1,329.5,152.4,,,,,,,,,,,,,,,,,,,,,1311,707,397,72,38,97,"Électricité","PAC air/air installée à partir de 2015","installation individuelle","Soufflage d'air chaud (air soufflé) avec distribution par fluide frigorigène","Installation de chauffage simple","Chauffage sans solaire",4170.7,114,,,"PAC air/air installée à partir de 2015","Électricité","chauffage","Pompe à chaleur Air/Air",4170.7,,,,,,,,,,,,,,,,,,,,,,,,"Électricité","Ballon électrique à accumulation vertical Autres ou inconnue",,,"installation individuelle","Un seul système d'ECS sans solaire","Chauffe-eau vertical",2344.2,1,114,"Non affecté",,,,"Ballon électrique à accumulation vertical Autres ou inconnue","Électricité","ecs","Chauffe-eau vertical",300,,2344.2,,,,,,,,,,,,0,"PAC air/air installée à partir de 2015","Électricité","A partir de 2015","Pac air / air",114,426.4,"pompe à chaleur",,,,,0,
"2484E0764893I","2024-03-01","2024-02-28","2024-02-28","2024-03-01","2034-02-27",,,,,,"DPE 3CL 2021 méthode logement",2.3,"dpe maison individuelle","B","A","maison",1980,"1978-1982",,,2.8,,,3,,,,220,,"Légère","inférieur à 400m","H2d","331 chemin des chavelles 84220 Gordes","331","chemin des chavelles","Gordes","84220","84050","84","93","84050_0118_00331",876886.94,6310755.03,0.95,"adresse géocodée ban à l'adresse","331 chemin des chavelles","GORDES",84220,,,,,,"bon",0,1,0,0,1,451.6,100.8,54.6,15.7,56.5,7,53.5,163.5,"bonne","bonne","très bonne","très bonne",,"bonne","bonne",0.56,16233.2,1646.6,4090.4,4398688.4,599332.3,6862828.2,2723353,20435,92.8,10795.8,7008.3,1330.3,998.4,302.2,8884.8,40.4,4693.8,3047.1,578.4,434.1,131.4,644.6,2.9,370.8,198.1,37,30,8.4,"Électricité",8884.8,4693.8,3047.1,1492,788,512,644.2,370.8,198.1,,,,,,,,,,,,,,,,,,,,,1492,788,512,97,73,22,"Électricité","PAC air/air installée à partir de 2015","installation individuelle","Soufflage d'air chaud (air soufflé) avec distribution par fluide frigorigène","Installation de chauffage simple","Chauffage sans solaire",4693.8,220,,,"PAC air/air installée à partir de 2015","Électricité","chauffage","Pompe à chaleur Air/Air",4693.8,,,,,,,,,,,,,,,,,,,,,,,,"Électricité","Ballon électrique à accumulation vertical Autres ou inconnue",,,"installation individuelle","Un seul système d'ECS sans solaire","Chauffe-eau vertical Electrique",3047.1,1,220,"Non affecté",,,,"Ballon électrique à accumulation vertical Autres ou inconnue","Électricité","ecs","Chauffe-eau vertical",300,,3047.1,,,,,,,,,,,,0,"PAC air/air installée à partir de 2015","Électricité","A partir de 2015","Pac air / air",220,578.4,"pompe à chaleur",,,,,0,
"2484E0497634D","2024-12-30","2024-02-11","2024-02-11","2024-02-12","2034-02-10",,,"5897RVYEJG1N",,,"DPE 3CL 2021 méthode logement",2.3,"dpe appartement individuel","D","B","appartement",,"2001-2005","individuel","individuel",2.5,1,,1,,,,48,,"Lourde","inférieur à 400m","H2d","28 domaine des bastidons 84220 Gordes","28","domaine des bastidons","Gordes","84220","84050","84","93","84050_6f3393_00028",876284.58,6315121.28,0.51,"adresse géocodée ban à l'adresse","28 DOMAINE DES BASTIDONNES","GORDES",84220,0,,,"24/IMO/0422","Etage 1 BP 41","moyen",1,0,0,1,1,108.5,14.9,36,2.7,0,2.9,18.3,33.7,"bonne","insuffisante",,"très bonne",,"très bonne","moyenne",0.47,3020.6,980.8,0,1180.8,0,1762.9,0,10885.6,226,6574.5,3426,0,217.8,667.3,4732.9,98,2858.5,1489.6,0,94.7,290.1,347.7,7,225.8,96.8,0,6.5,18.6,"Électricité",4732.9,2858.5,1489.6,840.3,507.5,264.5,347.7,225.8,96.8,,,,,,,,,,,,,,,,,,,,,840.3,507.5,264.5,0,16.8,51.5,"Électricité","Radiateur électrique à accumulation","installation individuelle","radiateur électrique NFC, NF** et NF***","Installation de chauffage simple","Radiateur électrique à inertie (modélisé comme un radiateur NFC, NF** et NF***) (système individuel)",2858.5,48,,,"Radiateur électrique à accumulation","Électricité","chauffage","Electrique - Radiateur électrique à accumulation",2858.5,,,,,,,,,,,,,,,,,,,,,,,,"Électricité","Ballon électrique à accumulation vertical Catégorie B ou 2 étoiles",,,"installation individuelle","Un seul système d'ECS sans solaire","Ballon électrique à accumulation vertical (catégorie B ou 2 étoiles), contenance ballon 100 L",1489.6,1,48,"Non affecté",,,,"Ballon électrique à accumulation vertical Catégorie B ou 2 étoiles","Électricité","ecs","Electrique - Ballon électrique à accumulation vertical (catégorie B ou 2 étoiles)",100,,1489.6,,,,,,,,,,,,0,,,,,,,,,,,,0,
"2484E0418715U","2024-02-06","2024-02-04","2024-02-04","2024-02-05","2034-02-03",,,,,,"DPE 3CL 2021 méthode logement",2.3,"dpe maison individuelle","F","C","maison",,"1948-1974",,,2.6,,,1,,,,59.8,,"Légère","400-800m","H2d","301 chemin de fontanille 84220 Gordes","301","chemin de fontanille","Gordes","84220","84050","84","93","84050_0281_00301",876850.22,6316705.95,0.42,"adresse géocodée ban à l'adresse","Camping des Sources
301, Chemin de Fontanille","GORDES",84220,0,,,"2024-02-0005 MAISON",,"insuffisant",0,1,0,0,1,203.5,9.4,46.4,20.6,37,3.2,22.4,64.6,"bonne","moyenne","insuffisante",,,"insuffisante","moyenne",0.61,11199.4,965.4,650,1624.1,118.7,1020.3,369.9,21973.2,367,15820.3,4092,130.4,271.4,1659,9553.6,159,6878.4,1779.1,56.7,118,721.3,717,11,543.4,115.6,3.6,8.1,46.2,"Électricité",9553.6,6878.4,1779.1,1597.3,1150,297.5,717,543.4,115.6,,,,,,,,,,,,,,,,,,,,,1597.3,1150,297.5,9.5,19.7,120.6,"Électricité","PAC air/air installée entre 2008 et 2014","installation individuelle","Convecteur électrique NFC, NF** et NF***","Installation de chauffage simple","Convecteur électrique NFC, NF** et NF*** (système individuel)",3894.1,24,,,"Convecteur électrique NFC, NF** et NF***","Électricité","chauffage","Electrique - Convecteur électrique NFC, NF** et NF***",3894.1,,,,,,"installation individuelle","Soufflage d'air chaud (air soufflé) avec distribution par réseau aéraulique","Installation de chauffage simple","PAC air/air installée entre 2008 et 2014 avec programmateur pièce par pièce (système individuel)",2984.3,35.8,,,"PAC air/air installée entre 2008 et 2014","Électricité","chauffage","Electrique - PAC air/air sans réseau de distribution installée entre 2008 et 2014",2984.3,,,,,,"Électricité","Ballon électrique à accumulation vertical Autres ou inconnue",,,"installation individuelle","Un seul système d'ECS sans solaire","Ballon électrique à accumulation vertical (autres catégorie ou inconnue), contenance ballon 200 L",1779.1,1,59.8,"Non affecté",,,,"Ballon électrique à accumulation vertical Autres ou inconnue","Électricité","ecs","Electrique - Ballon électrique à accumulation vertical (autres catégorie ou inconnue)",200,,1779.1,,,,,,,,,,,,0,"PAC air/air installée entre 2008 et 2014","Électricité","2008-2014","Refroidissement - Electrique - Pompe à chaleur (divisé) - type split",35.8,56.7,"pompe à chaleur",,,,,0,
"2484E0587441G","2024-12-30","2024-02-13","2024-02-18","2024-02-19","2034-02-17",,,"2NZ73N7DVGFQ",,,"DPE 3CL 2021 méthode logement",2.3,"dpe appartement individuel","F","F","appartement",,"1948-1974","collectif","collectif",2.6,1,,1,,,166,84,,"Lourde","inférieur à 400m","H2d","20 Route de Murs 84220 Gordes","20","Route de Murs","Gordes","84220","84050","84","93","84050_0580_00020",876697.03,6314972.46,0.53,"adresse géocodée ban à l'adresse","20 Route de Murs","GORDES",84220,0,,,"2024-02-BONIFACE-1691_Etage","Etage 1","bon",1,1,0,1,1,297.4,35.8,120.2,7.4,0,6.8,37.7,89.6,"insuffisante","insuffisante",,"très bonne",,"très bonne","insuffisante",1.3,11374.7,1206.7,0,1810.3,0,2452.6,0,26487.6,315,17911.6,7843.5,0,381.2,351.3,26073.6,310,17911.6,7843.5,0,165.7,152.7,8365.9,99,5803.4,2541.3,0,11.4,9.8,"Fioul domestique",25755.1,17911.6,7843.5,2354.5,1637.5,717,8344.7,5803.4,2541.3,"Électricité",318.5,0,0,92.4,0,0,21.2,0,0,,,,,,,,,,,2446.9,1637.5,717,0,48.1,44.3,"Fioul domestique","Chaudière fioul standard 1991-2015","installation collective","Radiateur bitube avec robinet thermostatique sur réseau collectif eau chaude haute température(sup ou egal 65°C)","Installation de chauffage simple","Chaudière collective fioul standard installée entre 1991 et 2015 régulée. Emetteur(s): radiateur bitube avec robinet thermostatique",17911.6,84,,,"Chaudière fioul standard 1991-2015","Fioul domestique","chauffage + ecs","Fioul - Chaudière fioul standard installée entre 1991 et 2015",17911.6,,,,,,,,,,,,,,,,,,,,,,,,"Fioul domestique","Chaudière fioul standard 1991-2015",,,"installation collective","Un seul système d'ECS sans solaire","Combiné au système de chauffage, contenance ballon 100 L",7843.5,1,84,"Non affecté",,,,"Chaudière fioul standard 1991-2015","Fioul domestique","chauffage + ecs","Fioul - Chaudière fioul standard installée entre 1991 et 2015",50.6,,7843.5,,,,,,,,,,,,0,,,,,,,,,,,,0,
"2484E1659084H","2024-05-10","2024-05-06","2024-05-09","2024-05-10","2034-05-08",,,,,,"DPE 3CL 2021 méthode logement",2.3,"dpe maison individuelle","E","E","maison",,"1948-1974",,,2.8,,,2,,,,149,,"Moyenne","inférieur à 400m","H2d","820 route de la la badelle 84220 Gordes","820","route de la la badelle","Gordes","84220","84050","84","93","84050_0034_00820",878784.89,6312153.98,0.51,"adresse géocodée ban à l'adresse","820, Route de la Badelle","GORDES",84220,0,,,"2024-05-0010",,"insuffisant",0,1,0,0,1,673.8,69,233,49.2,47,5.3,128.5,141.9,"insuffisante","insuffisante",,"insuffisante",,"insuffisante","insuffisante",1.18,30227.4,1341.6,0,3104.9,0,3936.3,0,44552.6,299,39633.6,3037.7,0,676.2,1205.1,36752.3,246,32896.6,3037.7,0,294,523.9,10426.9,69,9388.8,984.2,0,20.3,33.5,"Fioul domestique",30752.1,27714.3,3037.7,2811.4,2533.6,277.7,9963.7,8979.4,984.2,"Électricité",6000.2,5182.3,0,1038.1,896.6,0,463.2,409.4,0,,,,,,,,,,,3849.5,3430.3,277.7,0,50.9,90.7,"Fioul domestique","Chaudière fioul basse température 1991-2015","installation individuelle","Radiateur monotube avec robinet thermostatique sur réseau individuel eau chaude basse ou moyenne température(inf 65°C)","Installation de chauffage simple","Chaudière individuelle fioul basse température installée entre 1991 et 2015 régulée. Emetteur(s): radiateur monotube avec robinet thermostatique, plancher chauffant",27714.3,118,,,"Chaudière fioul basse température 1991-2015","Fioul domestique","chauffage + ecs","Fioul - Chaudière fioul basse température installée entre 1991 et 2015",27714.3,,,,,,"installation individuelle","radiateur électrique NFC, NF** et NF***","Installation de chauffage simple","Radiateur électrique NFC, NF** et NF*** (système individuel)",5182.3,31,,,"radiateur électrique NFC, NF** et NF***","Électricité","chauffage","Electrique - Radiateur électrique NFC, NF** et NF***",5182.3,,,,,,"Fioul domestique","Chaudière fioul basse température 1991-2015",,,"installation individuelle","Un seul système d'ECS sans solaire","Combiné au système de chauffage, contenance ballon 110 L",3037.7,1,149,"Non affecté",,,,"Chaudière fioul basse température 1991-2015","Fioul domestique","chauffage + ecs","Fioul - Chaudière fioul basse température installée entre 1991 et 2015",110,,3037.7,,,,,,,,,,,,0,,,,,,,,,,,,0,
"2484E0286112R","2024-12-30","2024-01-15","2024-01-24","2024-01-25","2034-01-23",,,"WM6MNF1TYSD6",,,"DPE 3CL 2021 méthode logement",2.3,"dpe maison individuelle","E","B","maison",,"1989-2000",,,2.6,,,2,,,,140,,"Légère","inférieur à 400m","H2d","379 Chemin de Fontcaudette 84220 Gordes","379","Chemin de Fontcaudette","Gordes","84220","84050","84","93","84050_0288_00379",876109.75,6311014.87,0.49,"adresse géocodée ban à l'adresse","379 Chemin de Fontcaudette","GORDES",84220,0,,,"2023-12-BERTHONNEAU-1645",,"insuffisant",0,1,0,0,1,481.2,67.1,113.6,23.9,33.3,7.9,79.9,155.5,"moyenne","insuffisante","moyenne",,,"moyenne","insuffisante",0.85,19640.5,1302.9,0,2940.9,0,5203.7,0,40607.9,290,35139.2,4833.3,0,635.4,0,37134.5,265,34756.8,2101.4,0,276.2,0,1212.8,8,1057.1,136.6,0,19.1,0,"Bois – Bûches",34462.6,34462.6,0,1103.1,1103.1,0,1033.9,1033.9,0,"Électricité",2671.9,294.2,2101.4,527.5,58.1,414.9,178.9,23.2,136.6,,,,,,,,,,,1630.6,1161.2,414.9,0,54.5,0,"Bois – Bûches","Poêle bûche installé entre 1990 et 2004","installation individuelle","Poêle bois","Installation de chauffage simple","Poêle à bois (bûche) installé entre 1990 et 2004 (système individuel)",34462.6,137.7,,,"Poêle bûche installé entre 1990 et 2004","Bois – Bûches","chauffage","Bois - Poêle à bois (bûche) installé entre 1990 et 2004",34462.6,,,,,,"installation individuelle","Autres émetteurs à effet joule","Installation de chauffage simple","Autres émetteurs à effet joule (système individuel)",294.2,2.4,,,"Autres émetteurs à effet joule","Électricité","chauffage","Electrique - Autres émetteurs à effet joule",294.2,,,,,,"Électricité","Ballon électrique à accumulation vertical Catégorie B ou 2 étoiles",,,"installation individuelle","Un seul système d'ECS sans solaire","Ballon électrique à accumulation vertical (catégorie B ou 2 étoiles), contenance ballon 150 L",2101.4,1,140,"Non affecté",,,,"Ballon électrique à accumulation vertical Catégorie B ou 2 étoiles","Électricité","ecs","Electrique - Ballon électrique à accumulation vertical (catégorie B ou 2 étoiles)",150,,2101.4,,,,,,,,,,,,0,,,,,,,"chauffage au bois",,,,,0,
"2484E0983628F","2024-03-19","2024-03-17","2024-03-17","2024-03-19","2034-03-16",,,,,,"DPE 3CL 2021 méthode logement",2.3,"dpe maison individuelle","A","A","maison",2015,"2013-2021",,,2.5,,,2,,,,283.5,,"Légère","inférieur à 400m","H2d","172 Chemin de Fontcaudette 84220 Gordes","172","Chemin de Fontcaudette","Gordes","84220","84050","84","93","84050_0288_00172",876120.7,6311251.85,0.69,"adresse géocodée ban à l'adresse","172 chemin de Fontcaudette","GORDES",84220,,,,,,"bon",0,1,0,0,1,527.2,163,70.1,8.9,29.2,4.9,109.5,141.6,"bonne","très bonne",,"très bonne",,"très bonne","moyenne",0.64,16160.9,1919.1,5990.9,5026458.5,756870.3,11013405.5,4326724.3,16802.8,59.2,10735.7,2127.2,1948.3,1286.4,705.2,7305.6,25.8,4667.7,924.9,847.1,559.3,306.6,541.4,1.9,368.7,60.1,54.2,38.6,19.6,"Électricité",7305.6,4667.7,924.9,1243,795,157,541.3,368.7,60.1,,,,,,,,,,,,,,,,,,,,,1243,795,157,144,95,52,"Électricité","PAC air/air installée à partir de 2015","installation individuelle","Soufflage d'air chaud (air soufflé) avec distribution par fluide frigorigène","Installation de chauffage simple","Chauffage sans solaire",4667.7,283.5,,,"PAC air/air installée à partir de 2015","Électricité","chauffage","Pompe à chaleur Air/Air",4667.7,,,,,,,,,,,,,,,,,,,,,,,,"Électricité","CET sur air extérieur après 2014",,,"installation individuelle","Deux systèmes d'ECS dans une maison ou un appartement","Chauffe eau thermodynamique à accumulation Electrique",462.4,1,141.7,"Non affecté",,,,"CET sur air extérieur après 2014","Électricité","ecs","Chauffe eau thermodynamique à accumulation",270,2.5,462.4,"A partir de 2015",,,,,,,,,,,0,"PAC air/air installée à partir de 2015","Électricité","A partir de 2015","Pac air / air",283.5,847.1,"pompe à chaleur",,,,,0,
"2484E1170522L","2024-04-01","2024-03-27","2024-03-31","2024-04-01","2034-03-30",,,,,,"DPE 3CL 2021 méthode logement",2.3,"dpe maison individuelle","D","B","maison",,"1948-1974",,,2.7,,,1,,,,131,,"Moyenne","inférieur à 400m","H2d","53 Chemin des Reirettes 84220 Gordes","53","Chemin des Reirettes","Gordes","84220","84050","84","93","84050_0750_00053",877533.87,6315499.51,0.43,"adresse géocodée ban à l'adresse","53, Chemin des Reirettes","GORDES",84220,0,,,"2024-03-0029",,"moyen",1,1,0,0,1,395,35,83.9,30,41.8,7,69,128.3,"bonne","moyenne",,"moyenne",,"insuffisante","insuffisante",0.61,16263,1264.3,2882.4,2776.9,378.4,3111.1,1840.4,32413,247,25307.3,4831.2,1275.3,594.5,404.7,17956.3,137,14866.8,2100.5,554.5,258.5,176,1040.6,7,839.5,136.5,35.5,17.8,11.3,"Électricité",11120.5,8031.1,2100.5,1843.8,1331.6,348.3,835.6,634.5,136.5,"Bois – Bûches",6835.7,6835.7,0,218.8,218.8,0,205.1,205.1,0,,,,,,,,,,,2062.6,1550.4,348.3,91.9,42.9,29.2,"Électricité","PAC air/air installée avant 2008","installation individuelle","Poêle bois","Installation de chauffage avec insert ou poêle bois en appoint","PAC air/air installée avant 2008 avec en appoint un foyer fermé (système individuel)",11517.2,100.8,,,"Foyer fermé installé avant 1990","Bois – Bûches","chauffage","Bois - Foyer fermé installé avant 1990",6835.7,"PAC air/air installée avant 2008","Électricité","chauffage","Electrique - PAC air/air sans réseau de distribution installée avant 2008",4681.5,"installation individuelle","Convecteur électrique NFC, NF** et NF***","Installation de chauffage simple","Convecteur électrique NFC, NF** et NF*** (système individuel)",2367.3,21.6,,,"Convecteur électrique NFC, NF** et NF***","Électricité","chauffage","Electrique - Convecteur électrique NFC, NF** et NF***",2367.3,,,,,,"Électricité","Ballon électrique à accumulation vertical Autres ou inconnue",,,"installation individuelle","Un seul système d'ECS sans solaire","Ballon électrique à accumulation vertical (autres catégorie ou inconnue), contenance ballon 200 L",2100.5,1,131,"Non affecté",,,,"Ballon électrique à accumulation vertical Autres ou inconnue","Électricité","ecs","Electrique - Ballon électrique à accumulation vertical (autres catégorie ou inconnue)",200,,2100.5,,,,,,,,,,,,0,"PAC air/air installée avant 2008","Électricité","Avant 2008","Refroidissement - Electrique - Pompe à chaleur (divisé) - type split",100.8,554.5,"Il existe plusieurs descriptifs ENR",,,,,0,
"2484E0117597I","2024-02-06","2024-01-10","2024-01-10","2024-01-11","2034-01-09",,,,,,"DPE 3CL 2021 méthode logement",2.3,"dpe maison individuelle","G","C","maison",,"1978-1982",,,2.5,,,2,,,,56.5,,"Moyenne","inférieur à 400m","H2d","41 chemin de toudoumiane 84220 Gordes","41","chemin de toudoumiane","Gordes","84220","84050","84","93","84050_0858_00041",879243.39,6314191.21,0.45,"adresse géocodée ban à l'adresse","41, Chemin de Toudoumiane","GORDES",84220,0,,,"2024-01-0032",,"insuffisant",0,1,0,0,1,232.2,18.9,85.7,13.2,13.4,8.1,34.8,58,"insuffisante","insuffisante","insuffisante",,,"insuffisante","insuffisante",0.99,11202.8,857.3,0,1371,0,52.4,0,25256,447,21175,3824.6,0,256.4,0,10980.9,194,9206.5,1662.9,0,111.5,0,843.1,14,727.3,108.1,0,7.7,0,"Électricité",10980.9,9206.5,1662.9,1821.8,1527.5,275.9,843.1,727.3,108.1,,,,,,,,,,,,,,,,,,,,,1821.8,1527.5,275.9,0,18.5,0,"Électricité","Panneau rayonnant électrique NFC, NF** et NF***","installation individuelle","Panneau rayonnant NFC, NF** et NF***","Installation de chauffage simple","Panneau rayonnant électrique NFC, NF** et NF*** (système individuel)",9206.5,56.5,,,"Panneau rayonnant électrique NFC, NF** et NF***","Électricité","chauffage","Electrique - Panneau rayonnant électrique NFC, NF** et NF***",9206.5,,,,,,,,,,,,,,,,,,,,,,,,"Électricité","Ballon électrique à accumulation vertical Autres ou inconnue",,,"installation individuelle","Un seul système d'ECS sans solaire","Ballon électrique à accumulation vertical (autres catégorie ou inconnue), contenance ballon 200 L",1662.9,1,56.5,"Non affecté",,,,"Ballon électrique à accumulation vertical Autres ou inconnue","Électricité","ecs","Electrique - Ballon électrique à accumulation vertical (autres catégorie ou inconnue)",200,,1662.9,,,,,,,,,,,,0,,,,,,,,,,,,0,
"2484E0703393Y","2024-02-26","2024-02-25","2024-02-25","2024-02-26","2034-02-24",,,,,,"DPE 3CL 2021 méthode logement",2.3,"dpe maison individuelle","D","B","maison",,"1989-2000",,,2.5,,,1,,,,47,,"Légère","inférieur à 400m","H2d","Route de Senanque 84220 Gordes",,"Route de Senanque","Gordes","84220","84050","84","93","84050_0810",876255.47,6315731.85,0.5,"adresse géocodée ban à l'adresse","Route de Senanque 
Bastidon n°20","GORDES",84220,0,,,"2024-02-0135",,"insuffisant",0,0,0,0,1,103.4,4.4,17.7,3.8,14,2.9,21.3,39.5,"bonne","moyenne",,"très bonne",,"moyenne","moyenne",0.48,3359.5,755.3,0,1163.9,0,1781.8,0,11653.9,247,6984.7,3146.2,0,213.3,1309.6,5066.9,107,3036.8,1367.9,0,92.7,569.4,371.7,7,239.9,88.9,0,6.4,36.4,"Électricité",5066.9,3036.8,1367.9,891.3,534.2,240.6,371.7,239.9,88.9,,,,,,,,,,,,,,,,,,,,,891.3,534.2,240.6,0,16.3,100.2,"Électricité","Convecteur électrique NFC, NF** et NF***","installation individuelle","Convecteur électrique NFC, NF** et NF***","Installation de chauffage simple","Convecteur électrique NFC, NF** et NF*** (système individuel)",3036.8,47,,,"Convecteur électrique NFC, NF** et NF***","Électricité","chauffage","Electrique - Convecteur électrique NFC, NF** et NF***",3036.8,,,,,,,,,,,,,,,,,,,,,,,,"Électricité","Ballon électrique à accumulation vertical Autres ou inconnue",,,"installation individuelle","Un seul système d'ECS sans solaire","Ballon électrique à accumulation vertical (autres catégorie ou inconnue), contenance ballon 150 L",1367.9,1,47,"Non affecté",,,,"Ballon électrique à accumulation vertical Autres ou inconnue","Électricité","ecs","Electrique - Ballon électrique à accumulation vertical (autres catégorie ou inconnue)",150,,1367.9,,,,,,,,,,,,0,,,,,,,,,,,,0,
"2484E2071157G","2024-06-11","2024-06-09","2024-06-10","2024-06-11","2034-06-09",,,,,,"DPE 3CL 2021 méthode logement",2.3,"dpe maison individuelle","G","G","maison",1974,"1948-1974",,,2.6,,,2,,,,102.5,,"Légère","inférieur à 400m","H2d","Chemin des Bouilladoires 84220 Gordes",,"Chemin des Bouilladoires","Gordes","84220","84050","84","93","84050_0080",876395.96,6311092.19,0.5,"adresse géocodée ban à l'adresse","1322, Route de Foncaudette (Les Bouilladoires)","GORDES",84220,0,,,"2024-06-0024",,"insuffisant",1,1,0,0,0,840.9,57.9,331.8,140.6,73.2,8.1,90.3,138.9,"insuffisante","insuffisante",,"insuffisante",,"insuffisante","insuffisante",1.93,40260.7,1141.9,0,2257.5,0,4047.8,0,58558.2,571,52555.2,4528.4,0,465.2,1009.4,51432.2,501,48822.2,1968.9,0,202.2,438.9,15284.9,149,15114.9,128,0,14,28.1,"Fioul domestique",45950.7,45950.7,0,4200.8,4200.8,0,14888,14888,0,"Électricité",5481.5,2871.5,1968.9,956.5,501.1,343.6,396.9,226.8,128,,,,,,,,,,,5157.3,4701.9,343.6,0,35.3,76.6,"Fioul domestique","Chaudière fioul classique 1970-1975","installation individuelle","Radiateur monotube sans robinet thermostatique sur réseau individuel eau chaude haute température(sup ou egal 65°C)","Installation de chauffage simple","Chaudière individuelle fioul classique installée entre 1970 et 1975. Emetteur(s): radiateur monotube sans robinet thermostatique",45950.7,92.5,,,"Chaudière fioul classique 1970-1975","Fioul domestique","chauffage","Fioul - Chaudière fioul classique installée entre 1970 et 1975",45950.7,,,,,,"installation individuelle","Convecteur électrique NFC, NF** et NF***","Installation de chauffage simple","Convecteur électrique NFC, NF** et NF*** (système individuel)",2871.5,10,,,"Convecteur électrique NFC, NF** et NF***","Électricité","chauffage","Electrique - Convecteur électrique NFC, NF** et NF***",2871.5,,,,,,"Électricité","Ballon électrique à accumulation vertical Autres ou inconnue",,,"installation individuelle","Un seul système d'ECS sans solaire","Ballon électrique à accumulation vertical (autres catégorie ou inconnue), contenance ballon 200 L",1968.9,1,102.5,"Non affecté",,,,"Ballon électrique à accumulation vertical Autres ou inconnue","Électricité","ecs","Electrique - Ballon électrique à accumulation vertical (autres catégorie ou inconnue)",200,,1968.9,,,,,,,,,,,,0,,,,,,,,,,,,0,
"2484E1657743S","2024-05-09","2024-05-05","2024-05-08","2024-05-09","2034-05-07",,,,,,"DPE 3CL 2021 méthode logement",2.3,"dpe maison individuelle","D","B","maison",,"1975-1977",,,2.6,,,1,,,,146,,"Légère","inférieur à 400m","H2d","1579 Route de Saint Pantaleon 84220 Gordes","1579","Route de Saint Pantaleon","Gordes","84220","84050","84","93","84050_0803_01579",875825.84,6311777.25,0.51,"adresse géocodée ban à l'adresse","1579, Route de Saint Pantaléon","GORDES",84220,0,,,"2024-05-0034",,"insuffisant",0,1,0,0,1,550.4,50.8,149.6,69.6,47.4,13.7,75.6,143.8,"moyenne","insuffisante",,"insuffisante",,"moyenne","moyenne",0.83,23147.9,1328.7,3777.8,3050.2,415.6,4916.8,2509,34510.3,236,25433.7,6398.5,1266.4,662.6,749.1,15004.5,102,11058.1,2782,550.6,288.1,325.7,1130.4,7,873.6,180.8,35.2,19.9,20.8,"Électricité",15004.5,11058.1,2782,2455.1,1809.4,455.2,1130.4,873.6,180.8,,,,,,,,,,,,,,,,,,,,,2455.1,1809.4,455.2,90.1,47.1,53.3,"Électricité","PAC air/air installée entre 2008 et 2014","installation individuelle","Soufflage d'air chaud (air soufflé) avec distribution par réseau aéraulique","Installation de chauffage simple","PAC air/air installée entre 2008 et 2014 (système individuel)",11058.1,146,,,"PAC air/air installée entre 2008 et 2014","Électricité","chauffage","Electrique - PAC air/air sans réseau de distribution installée entre 2008 et 2014",11058.1,,,,,,,,,,,,,,,,,,,,,,,,"Électricité","Ballon électrique à accumulation horizontal",,,"installation individuelle","Un seul système d'ECS sans solaire","Ballon électrique à accumulation horizontal, contenance ballon 150 L",1511.8,1,73,"Non affecté",,,,"Ballon électrique à accumulation horizontal","Électricité","ecs","Electrique - Ballon électrique à accumulation horizontal",150,,1511.8,,,,,,,,,,,,0,"PAC air/air installée entre 2008 et 2014","Électricité","2008-2014","Refroidissement - Electrique - Pompe à chaleur air/air",146,550.6,"pompe à chaleur",,,,,0,
"2484E0582379O","2024-02-18","2024-02-14","2024-02-17","2024-02-18","2034-02-16",,,,,,"DPE 3CL 2021 méthode logement",2.3,"dpe maison individuelle","E","B","maison",,"1948-1974",,,2.5,,,1,,,,103,,"Moyenne","inférieur à 400m","H2d","960 Chemin de Véroncle 84220 Gordes","960","Chemin de Véroncle","Gordes","84220","84050","84","93","84050_0912_00960",879798,6315816.65,0.41,"adresse géocodée ban à l'adresse","960, Chemin de Veroncle","GORDES",84220,0,,,"2024-02-0073",,"insuffisant",0,1,0,0,1,403.7,18,102.3,112.5,40.3,6.7,33.2,90.8,"insuffisante","insuffisante","insuffisante",,,"insuffisante","moyenne",1.03,17786.7,1144,0,2266.6,0,2183.5,0,27627.5,268,21885.3,5274.8,0,467.4,0,24381.9,236,21885.3,2293.4,0,203.2,0,819.7,7,656.6,149.1,0,14,0,"Bois – Granulés (pellets) ou briquettes",21885.3,21885.3,0,1311.1,1311.1,0,656.6,656.6,0,"Électricité",2496.6,0,2293.4,500.2,0,459.5,163.1,0,149.1,,,,,,,,,,,1811.3,1311.1,459.5,0,40.7,0,"Bois – Granulés (pellets) ou briquettes","Poêle à granulés flamme verte installé entre 2012 et 2019","installation individuelle","Poêle bois","Installation de chauffage simple","Poêle à granulés flamme verte installé entre 2012 et 2019 (système individuel)",21885.3,103,,,"Poêle à granulés flamme verte installé entre 2012 et 2019","Bois – Granulés (pellets) ou briquettes","chauffage","Bois - Poêle à granulés flamme verte installé entre 2012 et 2019",21885.3,,,,,,,,,,,,,,,,,,,,,,,,"Électricité","Ballon électrique à accumulation horizontal",,,"installation individuelle","Un seul système d'ECS sans solaire","Ballon électrique à accumulation horizontal, contenance ballon 200 L",2293.4,1,103,"Non affecté",,,,"Ballon électrique à accumulation horizontal","Électricité","ecs","Electrique - Ballon électrique à accumulation horizontal",200,,2293.4,,,,,,,,,,,,0,,,,,,,"chauffage au bois",,,,,0,
"2484E0998496B","2024-12-30","2024-03-18","2024-03-18","2024-03-19","2034-03-17",,,"XWVA39CYPGVB",,,"DPE 3CL 2021 méthode logement",2.3,"dpe appartement individuel","G","C","appartement",,"avant 1948","individuel","individuel",2.5,1,,1,,,,29,,"Lourde","inférieur à 400m","H2d","1697 route des beaumettes 84220 Gordes","1697","route des beaumettes","Gordes","84220","84050","84","93","84050_0063_01697",876360.49,6311057.75,0.51,"adresse géocodée ban à l'adresse","1697, Route des Beaumettes","GORDES",84220,0,,,"2024-03-0073",,"moyen",1,0,0,1,1,130.8,17.7,53.8,4.3,8.3,7.3,6.7,32.7,"insuffisante","insuffisante",,"bonne",,"bonne","moyenne",1.04,5265.6,776.8,0,806,0,696.7,0,14286.2,492,11047.8,3106.7,0,131.6,0,6211.4,214,4803.4,1350.7,0,57.2,0,471.2,16,379.5,87.8,0,3.9,0,"Électricité",6211.4,4803.4,1350.7,1071.4,828.5,233,471.2,379.5,87.8,,,,,,,,,,,,,,,,,,,,,1071.4,828.5,233,0,9.9,0,"Électricité","Radiateur électrique à accumulation","installation individuelle","Radiateur électrique à accumulation","Installation de chauffage simple","Radiateur électrique à accumulation (système individuel)",3460.6,20.7,,,"Radiateur électrique à accumulation","Électricité","chauffage","Electrique - Radiateur électrique à accumulation",3460.6,,,,,,"installation individuelle","Convecteur électrique NFC, NF** et NF***","Installation de chauffage simple","Convecteur électrique NFC, NF** et NF*** (système individuel)",1342.8,8.4,,,"Convecteur électrique NFC, NF** et NF***","Électricité","chauffage","Electrique - Convecteur électrique NFC, NF** et NF***",1342.8,,,,,,"Électricité","Ballon électrique à accumulation vertical Autres ou inconnue",,,"installation individuelle","Un seul système d'ECS sans solaire","Ballon électrique à accumulation vertical (autres catégorie ou inconnue), contenance ballon 100 L",1350.7,1,29,"Non affecté",,,,"Ballon électrique à accumulation vertical Autres ou inconnue","Électricité","ecs","Electrique - Ballon électrique à accumulation vertical (autres catégorie ou inconnue)",100,,1350.7,,,,,,,,,,,,0,,,,,,,,,,,,0,
"2484E1096431U","2024-03-26","2024-03-19","2024-03-25","2024-03-26","2034-03-24",,,,,,"DPE 3CL 2021 méthode logement",2.3,"dpe maison individuelle","C","A","maison",,"1983-1988",,,2.5,,,1,,,,209,,"Moyenne","inférieur à 400m","H2d","852 Chemin de la Capoune 84220 Gordes","852","Chemin de la Capoune","Gordes","84220","84050","84","93","84050_0103_00852",878728.69,6314110.87,0.49,"adresse géocodée ban à l'adresse","852, Chemin de la Capoune","GORDES",84220,0,,,"2024-03-0132",,"insuffisant",0,1,0,0,1,585.7,26.9,103.6,41,75.4,23.2,107.1,208.6,"bonne","bonne",,"très bonne",,"insuffisante","insuffisante",0.53,21930.6,1599.3,4535.5,4198.2,572,7374.2,2972,37307.7,178,27857.9,6938.1,1009.2,948.5,554,16220.7,77,12112.1,3016.6,438.8,412.4,240.8,1224.9,5,956.9,196.1,28.1,28.5,15.4,"Électricité",16220.7,12112.1,3016.6,2649.5,1978.4,492.7,1224.9,956.9,196.1,,,,,,,,,,,,,,,,,,,,,2649.5,1978.4,492.7,71.7,67.4,39.3,"Électricité","PAC air/eau installée entre 2015 et 2016","installation individuelle","Radiateur monotube avec robinet thermostatique sur réseau individuel eau chaude haute température(sup ou egal 65°C)","Installation de chauffage simple","PAC air/eau installée entre 2015 et 2016  (système individuel). Emetteur(s): radiateur monotube avec robinet thermostatique, plancher chauffant",6051.9,142.6,,,"PAC air/eau installée entre 2015 et 2016","Électricité","chauffage","Electrique - PAC air/eau installée entre 2015 et 2016",6051.9,,,,,,"installation individuelle","radiateur électrique NFC, NF** et NF***","Installation de chauffage simple","Radiateur électrique NFC, NF** et NF*** (système individuel)",4189.8,46.2,,,"radiateur électrique NFC, NF** et NF***","Électricité","chauffage","Electrique - Radiateur électrique NFC, NF** et NF***",4189.8,,,,,,"Électricité","Ballon électrique à accumulation vertical Autres ou inconnue",,,"installation individuelle","Un seul système d'ECS sans solaire","Ballon électrique à accumulation vertical (autres catégorie ou inconnue), contenance ballon 200 L",1600.9,1,104.5,"Non affecté",,,,"Ballon électrique à accumulation vertical Autres ou inconnue","Électricité","ecs","Electrique - Ballon électrique à accumulation vertical (autres catégorie ou inconnue)",200,,1600.9,,,,,,,,,,,,0,"PAC air/air installée à partir de 2015","Électricité","A partir de 2015","Refroidissement - Electrique - Pompe à chaleur (divisé) - type split",143,438.8,"pompe à chaleur",,,,,0,
"2484E2010790L","2024-12-30","2024-06-04","2024-06-05","2024-06-06","2034-06-04",,,"Z9ASJ7SDBNFD",,,"DPE 3CL 2021 méthode logement",2.3,"dpe maison individuelle","E","E","maison",,"avant 1948",,,2.6,,,3,,,,162.3,,"Lourde","inférieur à 400m","H2d","51 Chemin du Clos de Denante 84220 Gordes","51","Chemin du Clos de Denante","Gordes","84220","84050","84","93","84050_0127_00051",876795.05,6312917.92,0.46,"adresse géocodée ban à l'adresse","51, Chemin du clos de Denante","GORDES",84220,0,,,"2024-06-0028",,"insuffisant",0,1,0,1,1,667.5,90.5,277.3,51.6,14.8,5.5,71.4,156.4,"insuffisante","insuffisante",,"bonne",,"bonne","insuffisante",1.45,30146.7,1398.7,0,3028.8,0,1750.8,0,45327.2,279,41385.7,2741.2,0,736.6,463.8,44648.8,275,41385.7,2741.2,0,320.2,201.6,10686.7,65,9763.6,888.1,0,22.1,12.9,"Fioul domestique",31727.6,28986.5,2741.2,2900.5,2649.9,250.6,10279.8,9391.6,888.1,"Bois – Bûches",12399.3,12399.3,0,396.9,396.9,0,372,372,0,"Électricité",521.9,0,0,151.4,0,0,35,0,0,3448.8,3046.8,250.6,0,92.9,58.5,"Fioul domestique","Chaudière fioul standard 1991-2015","installation individuelle","Plancher chauffant sur réseau individuel eau chaude haute température(sup ou egal 65°C)","Installation de chauffage avec insert ou poêle bois en appoint","Chaudière individuelle fioul standard installée entre 1991 et 2015 avec en appoint un poêle à bois (bûche) installé à partir de 2005 sans label flamme verte régulée. Emetteur(s): plancher chauffant",41385.7,162.3,,,"Chaudière fioul standard 1991-2015","Fioul domestique","chauffage + ecs","Fioul - Chaudière fioul standard installée entre 1991 et 2015",28986.5,"Poêle bûche installé à partir de 2005 sans label flamme verte","Bois – Bûches","chauffage","Bois - Poêle à bois (bûche) installé à partir de 2005 sans label flamme verte",12399.3,,,,,,,,,,,,,,,,,,,"Fioul domestique","Chaudière fioul standard 1991-2015",,,"installation individuelle","Un seul système d'ECS sans solaire","Combiné au système de chauffage, contenance ballon 39 L",2741.2,1,162.3,"Non affecté",,,,"Chaudière fioul standard 1991-2015","Fioul domestique","chauffage + ecs","Fioul - Chaudière fioul standard installée entre 1991 et 2015",39,,2741.2,,,,,,,,,,,,0,,,,,,,"chauffage au bois",,,,,0,
"2484E2183323I","2024-12-30","2024-06-17","2024-06-17","2024-06-18","2034-06-16",,,"KFQMVQ24CE2K",,,"DPE 3CL 2021 méthode logement",2.3,"dpe maison individuelle","E","B","maison",,"1989-2000",,,2.5,,,1,,,,48.6,,"Légère","inférieur à 400m","H2d","8 Domaine des Bastidons 84220 Gordes","8","Domaine des Bastidons","Gordes","84220","84050","84","93","84050_6f3393_00008",876355.77,6315153.49,0.51,"adresse géocodée ban à l'adresse","Domaine des Bastidons
8, Chemin des Mians - Bastidon N°8","GORDES",84220,0,,,"2024-06-0108",,"insuffisant",0,0,0,0,1,137.2,4.1,35.6,8.5,16.8,0,24,48.2,"bonne","moyenne",,"bonne",,"moyenne","insuffisante",0.53,5349,772.5,0,1198.7,0,1249.8,0,15343.5,315,10624.6,3188.7,0,220.6,1309.6,6671.1,137,4619.4,1386.4,0,95.9,569.4,498.1,10,364.9,90.1,0,6.6,36.4,"Électricité",6671.1,4619.4,1386.4,1143.7,791.9,237.7,498.1,364.9,90.1,,,,,,,,,,,,,,,,,,,,,1143.7,791.9,237.7,0,16.4,97.6,"Électricité","Panneau rayonnant électrique NFC, NF** et NF***","installation individuelle","Panneau rayonnant NFC, NF** et NF***","Installation de chauffage simple","Panneau rayonnant électrique NFC, NF** et NF*** (système individuel)",4619.4,48.6,,,"Panneau rayonnant électrique NFC, NF** et NF***","Électricité","chauffage","Electrique - Panneau rayonnant électrique NFC, NF** et NF***",4619.4,,,,,,,,,,,,,,,,,,,,,,,,"Électricité","Ballon électrique à accumulation vertical Autres ou inconnue",,,"installation individuelle","Un seul système d'ECS sans solaire","Ballon électrique à accumulation vertical (autres catégorie ou inconnue), contenance ballon 150 L",1386.4,1,48.6,"Non affecté",,,,"Ballon électrique à accumulation vertical Autres ou inconnue","Électricité","ecs","Electrique - Ballon électrique à accumulation vertical (autres catégorie ou inconnue)",150,,1386.4,,,,,,,,,,,,0,,,,,,,,,,,,0,
"2484E0621614P","2024-12-30","2023-12-18","2024-02-20","2024-02-21","2034-02-19","2384E4402597Z",,"7PF7G4WRBA4X",,,"DPE 3CL 2021 méthode logement",2.3,"dpe maison individuelle","A","A","maison",,"2013-2021",,,2.5,,,1,,,,136,,"Moyenne","inférieur à 400m","H2d","2072 route des beaumettes 84220 Gordes","2072","route des beaumettes","Gordes","84220","84050","84","93","84050_0063_02072",876547.51,6310751.91,0.51,"adresse géocodée ban à l'adresse","2072, Route des Beaumettes
LES MARTINS","GORDES",84220,0,,,"2023-12-0088",,"insuffisant",0,1,0,0,1,243.7,40.4,26.4,19,21.8,0,75.8,60.3,"très bonne","très bonne","très bonne",,,"très bonne","moyenne",0.44,6958.3,1285.8,0,2868,0,5059.5,0,9321.4,68,6595,1445.4,0,617.2,663.8,4052.8,29,2867.4,628.4,0,268.3,288.6,304.4,2,226.5,40.8,0,18.5,18.5,"Électricité",4052.8,2867.4,628.4,737,521.5,114.3,304.4,226.5,40.8,,,,,,,,,,,,,,,,,,,,,737,521.5,114.3,0,48.8,52.5,"Électricité","PAC air/eau installée entre 2008 et 2014","installation individuelle","Plancher chauffant sur réseau individuel eau chaude basse ou moyenne température(inf 65°C)","Installation de chauffage simple","PAC air/eau installée entre 2008 et 2014 (système individuel). Emetteur(s): plancher chauffant",2867.4,136,,,"PAC air/eau installée entre 2008 et 2014","Électricité","chauffage","Electrique - PAC air/eau installée entre 2008 et 2014",2867.4,,,,,,,,,,,,,,,,,,,,,,,,"Électricité","CET sur air extérieur 2010-2014",,,"installation individuelle","Un seul système d'ECS sans solaire","Chauffe-eau électrique thermodynamiquet (système individuel)",628.4,1,136,"Non affecté",,,,"CET sur air extérieur 2010-2014","Électricité","ecs","Electrique - Chauffe-eau thermodynamique sur air extérieur installé entre 2010 et 2014",300,2.2,628.4,"2010-2014",,,,,,,,,,,0,,,,,,,"Il existe plusieurs descriptifs ENR",,,,,0,
"2484E0586580D","2024-12-30","2024-02-13","2024-02-18","2024-02-19","2034-02-17",,,"2NZ73N7DVGFQ",,,"DPE 3CL 2021 méthode logement",2.3,"dpe appartement individuel","F","F","appartement",,"1948-1974","collectif","collectif",2.6,1,,1,,,166,82,,"Moyenne","inférieur à 400m","H2d","20 Route de Murs 84220 Gordes","20","Route de Murs","Gordes","84220","84050","84","93","84050_0580_00020",876697.03,6314972.46,0.53,"adresse géocodée ban à l'adresse","20 Route de Murs","GORDES",84220,0,,,"2024-02-BONIFACE-1691_RDC","Rdc","moyen",1,1,0,0,0,278.3,34.7,87.9,0,32.1,6.9,44.4,72.3,"insuffisante","insuffisante",,"très bonne",,"insuffisante","insuffisante",1.31,10451,1194.7,0,1962.2,0,3481.3,0,25093.4,306,16614.9,7730.8,0,372.1,375.6,24670.7,300,16614.9,7730.8,0,161.8,163.3,7909.6,96,5383.2,2504.8,0,11.2,10.5,"Fioul domestique",24345.6,16614.9,7730.8,2225.7,1518.9,706.7,7888,5383.2,2504.8,"Électricité",325.1,0,0,94.3,0,0,21.6,0,0,,,,,,,,,,,2320,1518.9,706.7,0,46.9,47.4,"Fioul domestique","Chaudière fioul standard 1991-2015","installation collective","Radiateur bitube avec robinet thermostatique sur réseau collectif eau chaude haute température(sup ou egal 65°C)","Installation de chauffage simple","Chaudière collective fioul standard installée entre 1991 et 2015 régulée. Emetteur(s): radiateur bitube avec robinet thermostatique",16614.9,82,,,"Chaudière fioul standard 1991-2015","Fioul domestique","chauffage + ecs","Fioul - Chaudière fioul standard installée entre 1991 et 2015",16614.9,,,,,,,,,,,,,,,,,,,,,,,,"Fioul domestique","Chaudière fioul standard 1991-2015",,,"installation collective","Un seul système d'ECS sans solaire","Combiné au système de chauffage, contenance ballon 100 L",7730.8,1,82,"Non affecté",,,,"Chaudière fioul standard 1991-2015","Fioul domestique","chauffage + ecs","Fioul - Chaudière fioul standard installée entre 1991 et 2015",49.4,,7730.8,,,,,,,,,,,,0,,,,,,,,,,,,0,
"2484E1623953C","2024-12-30","2024-04-24","2024-05-05","2024-05-06","2034-05-04",,,"QWSPKFMC7K9T",,,"DPE 3CL 2021 méthode logement",2.3,"dpe maison individuelle","G","C","maison",,"1948-1974",,,2.6,,,2,,,,181.9,,"Légère","inférieur à 400m","H2d","96 Chemin du Serre 84220 Gordes","96","Chemin du Serre","Gordes","84220","84050","84","93","84050_0820_00096",875312.84,6310806.72,0.45,"adresse géocodée ban à l'adresse","96, Chemin du Serre
Hameau les Gros","GORDES",84220,0,,,"2024-04-0112",,"insuffisant",0,1,0,0,0,1030.3,75.6,462,172.2,59.7,0,82.8,177.9,"insuffisante","insuffisante","insuffisante",,,"insuffisante","insuffisante",1.67,48888.8,1482.9,0,3704.4,0,4357.5,0,99359.4,546,91550.2,6983.7,0,825.5,0,56860.6,312,53465.3,3036.4,0,358.9,0,3261.6,17,3039.5,197.4,0,24.8,0,"Électricité",32691.4,29296.1,3036.4,5283,4734.3,490.7,2536.5,2314.4,197.4,"Bois – Bûches",24169.3,24169.3,0,773.7,773.7,0,725.1,725.1,0,,,,,,,,,,,6056.7,5508,490.7,0,58,0,"Électricité","Convecteur électrique NFC, NF** et NF***","installation individuelle","Convecteur électrique NFC, NF** et NF***","Installation de chauffage avec insert ou poêle bois en appoint","Convecteur électrique NFC, NF** et NF*** avec en appoint un poêle à bois (bûche) installé avant 1990 (système individuel)",53465.3,181.9,,,"Convecteur électrique NFC, NF** et NF***","Électricité","chauffage","Electrique - Convecteur électrique NFC, NF** et NF***",29296.1,"Poêle bûche installé avant 1990","Bois – Bûches","chauffage","Bois - Poêle à bois (bûche) installé avant 1990",24169.3,,,,,,,,,,,,,,,,,,,"Électricité","Ballon électrique à accumulation vertical Autres ou inconnue",,,"installation individuelle","Un seul système d'ECS sans solaire","Ballon électrique à accumulation vertical (autres catégorie ou inconnue), contenance ballon 250 L",1683.3,1,91,"Non affecté",,,,"Ballon électrique à accumulation vertical Autres ou inconnue","Électricité","ecs","Electrique - Ballon électrique à accumulation vertical (autres catégorie ou inconnue)",250,,1683.3,,,,,,,,,,,,0,,,,,,,"chauffage au bois",,,,,0,
"2484E0057164Z","2024-02-06","2024-01-02","2024-01-07","2024-01-08","2034-01-06",,,,,,"DPE 3CL 2021 méthode logement",2.3,"dpe maison individuelle","G","G","maison",,"1948-1974",,,2.5,,,1,,,,50,,"Légère","inférieur à 400m","H2d","2400 Avenue Justin Bonfils 84220 Gordes","2400","Avenue Justin Bonfils","Gordes","84220","84050","84","93","84050_0460_02400",874810.83,6312128.15,0.53,"adresse géocodée ban à l'adresse","2400, Avenue Justin Bonfils
Les Imberts","GORDES",84220,0,,,"2024-01-0015 MAISON 1",,"insuffisant",0,1,0,0,1,352.7,24.8,202.7,22.4,17,5.1,22.7,58.1,"insuffisante","insuffisante","insuffisante",,,"insuffisante","insuffisante",1.73,17950.2,787.5,0,1229.3,0,155.5,0,31093.8,621,27252.8,3133.3,0,226.9,480.8,28922.8,578,27252.8,1362.3,0,98.7,209.1,6471.7,129,6362.9,88.5,0,6.8,13.4,"Fioul domestique",18861.7,18861.7,0,1724.3,1724.3,0,6111.2,6111.2,0,"Bois – Bûches",8391.1,8391.1,0,268.6,268.6,0,251.7,251.7,0,"Électricité",1670,0,1362.3,383.9,0,313.2,108.7,0,88.5,2376.8,1992.9,313.2,0,22.7,48.1,"Fioul domestique","Chaudière fioul classique avant 1970","installation individuelle","Poêle bois","Installation de chauffage avec insert ou poêle bois en appoint","Chaudière individuelle fioul avec en appoint un insert. Emetteur(s): radiateur monotube sans robinet thermostatique",27252.8,50,,,"Chaudière fioul classique avant 1970","Fioul domestique","chauffage","Fioul - Chaudière fioul classique installée avant 1970",18861.7,"insert installé avant 1990","Bois – Bûches","chauffage","Bois - Insert installé avant 1990",8391.1,,,,,,,,,,,,,,,,,,,"Électricité","Ballon électrique à accumulation vertical Autres ou inconnue",,,"installation individuelle","Un seul système d'ECS sans solaire","Ballon électrique à accumulation vertical (autres catégorie ou inconnue), contenance ballon 100 L",1362.3,1,50,"Non affecté",,,,"Ballon électrique à accumulation vertical Autres ou inconnue","Électricité","ecs","Electrique - Ballon électrique à accumulation vertical (autres catégorie ou inconnue)",100,,1362.3,,,,,,,,,,,,0,,,,,,,"chauffage au bois",,,,,0,
"2484E0057492P","2024-02-06","2024-01-02","2024-01-07","2024-01-08","2034-01-06",,,,,,"DPE 3CL 2021 méthode logement",2.3,"dpe maison individuelle","E","B","maison",,"1948-1974",,,2.5,,,1,,,,112,,"Légère","inférieur à 400m","H2d","2400 Avenue Justin Bonfils 84220 Gordes","2400","Avenue Justin Bonfils","Gordes","84220","84050","84","93","84050_0460_02400",874810.83,6312128.15,0.53,"adresse géocodée ban à l'adresse","2400, Avenue Justin Bonfils
Les Imberts","GORDES",84220,0,,,"2024-01-0015 MAISON 3",,"moyen",1,1,0,0,1,404.7,53.8,125.4,40,43.8,3.4,47.7,90.6,"insuffisante","insuffisante",,"insuffisante",,"insuffisante","insuffisante",0.96,17475.8,1182.7,0,2430.7,0,2552.9,0,33963.9,303,26416.7,6333.8,0,508.3,705.2,29698.1,265,26416.7,2753.8,0,221,306.6,1006.4,8,792.5,179,0,15.2,19.6,"Bois – Bûches",26416.7,26416.7,0,845.6,845.6,0,792.5,792.5,0,"Électricité",3281.4,0,2753.8,620,0,520.3,213.9,0,179,,,,,,,,,,,1465.6,845.6,520.3,0,41.8,57.9,"Bois – Bûches","insert installé installé de 2007 à 2017 avec label flamme verte","installation individuelle","Poêle bois","Installation de chauffage simple","Insert (système individuel)",26416.7,112,,,"insert installé installé de 2007 à 2017 avec label flamme verte","Bois – Bûches","chauffage","Bois - Insert installé de 2007 à 2017 avec label flamme verte",26416.7,,,,,,,,,,,,,,,,,,,,,,,,"Électricité","Ballon électrique à accumulation vertical Autres ou inconnue",,,"installation individuelle","Un seul système d'ECS sans solaire","Ballon électrique à accumulation vertical (autres catégorie ou inconnue), contenance ballon 200 L",1376.9,1,56,"Non affecté",,,,"Ballon électrique à accumulation vertical Autres ou inconnue","Électricité","ecs","Electrique - Ballon électrique à accumulation vertical (autres catégorie ou inconnue)",200,,1376.9,,,,,,,,,,,,0,,,,,,,"chauffage au bois",,,,,0,
"2484E0305987C","2024-12-12","2024-01-25","2024-01-25","2024-01-26","2034-01-24",,,"6CMP94VPHQWQ",,,"DPE 3CL 2021 méthode logement",2.3,"dpe maison individuelle","D","B","maison",1989,"1989-2000",,,2.4,,,2,,,,124,,"Lourde","inférieur à 400m","H2d","15 Lotissement la Cerisaie 84220 Gordes","15","Lotissement la Cerisaie","Gordes","84220","84050","84","93","84050_a030_00015",874181.89,6311984.79,0.95,"adresse non géocodée ban car aucune correspondance trouvée","15 Lotissement La Cerisaie","GORDES",84220,,,"Les Imberts",,,"bon",0,1,0,1,1,366.2,66.3,50.9,19.3,29.4,0,69,131.3,"moyenne","moyenne","moyenne","bonne",,"bonne","moyenne",0.74,13850.3,1234.2,3784.9,2649322.9,360976.9,4161808.8,2776918.5,27168.1,219,21399.8,4967.3,238.2,562.7,0,11812.2,95.3,9304.2,2159.7,103.6,244.7,0,899,7.2,735,140.4,6.6,16.9,0,"Électricité",11812.2,9304.2,2159.7,1952,1538,357,898.9,735,140.4,,,,,,,,,,,,,,,,,,,,,1952,1538,357,17,40,0,"Électricité","Plancher ou plafond rayonnant électrique sans régulation terminale","installation individuelle","Plancher rayonnant électrique sans régulation","Installation de chauffage simple","Chauffage sans solaire",6355.2,63.5,,,"Plancher ou plafond rayonnant électrique sans régulation terminale","Électricité","chauffage","Plancher rayonnant électrique",6355.2,,,,,,"installation individuelle","Panneau rayonnant NFC, NF** et NF***","Installation de chauffage simple","Chauffage sans solaire",2182.9,24,,,"Panneau rayonnant électrique NFC, NF** et NF***","Électricité","chauffage","Panneau rayonnant électrique NF**",2182.9,,,,,,"Électricité","Ballon électrique à accumulation vertical Autres ou inconnue",,,"installation individuelle","Un seul système d'ECS sans solaire","Chauffe-eau vertical Electrique",2159.7,1,124,"Non affecté",,,,"Ballon électrique à accumulation vertical Autres ou inconnue","Électricité","ecs","Chauffe-eau vertical",200,,2159.7,,,,,,,,,,,,0,"PAC air/air installée à partir de 2015","Électricité","A partir de 2015","Pac air / air",24,103.6,"pompe à chaleur",,,,,0,
"2484E2188282B","2024-06-19","2024-06-17","2024-06-18","2024-06-19","2034-06-17",,,,,,"DPE 3CL 2021 méthode logement",2.3,"dpe maison individuelle","E","B","maison",,"avant 1948",,,2.7,,,1,,,,60,,"Très lourde","inférieur à 400m","H2d","74 Rue Baptistin Picca 84220 Gordes","74","Rue Baptistin Picca","Gordes","84220","84050","84","93","84050_0035_00074",876770.16,6314914.92,0.48,"adresse géocodée ban à l'adresse","74 Rue Baptistin Picca et 60, Rue André Lhote","GORDES",84220,0,,,"2024-06-0085",,"moyen",1,0,0,1,0,182.1,24.4,57.4,0,33.3,7,10.6,49.4,"insuffisante","insuffisante",,"très bonne",,"insuffisante","moyenne",1.12,7807.1,894.9,0,1309.6,0,311.5,0,19647.9,327,15884.1,3491.5,0,272.3,0,8542.5,142,6906.1,1518,0,118.4,0,652.4,10,545.6,98.7,0,8.2,0,"Électricité",8542.5,6906.1,1518,1438.2,1162.7,255.6,652.4,545.6,98.7,,,,,,,,,,,,,,,,,,,,,1438.2,1162.7,255.6,0,19.9,0,"Électricité","radiateur électrique NFC, NF** et NF***","installation individuelle","radiateur électrique NFC, NF** et NF***","Installation de chauffage simple","Radiateur électrique NFC, NF** et NF*** (système individuel)",6906.1,60,,,"radiateur électrique NFC, NF** et NF***","Électricité","chauffage","Electrique - Radiateur électrique NFC, NF** et NF***",6906.1,,,,,,,,,,,,,,,,,,,,,,,,"Électricité","Ballon électrique à accumulation vertical Autres ou inconnue",,,"installation individuelle","Un seul système d'ECS sans solaire","Ballon électrique à accumulation vertical (autres catégorie ou inconnue), contenance ballon 150 L",1518,1,60,"Non affecté",,,,"Ballon électrique à accumulation vertical Autres ou inconnue","Électricité","ecs","Electrique - Ballon électrique à accumulation vertical (autres catégorie ou inconnue)",150,,1518,,,,,,,,,,,,0,,,,,,,,,,,,0,
"2484E2188229A","2024-06-19","2024-06-17","2024-06-18","2024-06-19","2034-06-17",,,,,,"DPE 3CL 2021 méthode logement",2.3,"dpe maison individuelle","E","B","maison",,"avant 1948",,,2.6,,,1,,,,59,,"Lourde","inférieur à 400m","H2d","74 Rue Baptistin Picca 84220 Gordes","74","Rue Baptistin Picca","Gordes","84220","84050","84","93","84050_0035_00074",876770.16,6314914.92,0.48,"adresse géocodée ban à l'adresse","74 Rue Baptistin Picca et 60, Rue André Lhote
Appartement niveau 1","GORDES",84220,0,,,"2024-06-0085-1",,"moyen",1,0,0,1,1,201.3,20.5,85.6,10.3,0,8,23.1,53.8,"insuffisante","insuffisante",,"bonne",,"très bonne","moyenne",1.27,7458.7,884.1,0,1289.9,0,1815.2,0,18944.1,321,15211.5,3464.9,0,267.8,0,8236.6,139,6613.7,1506.5,0,116.4,0,628.4,10,522.5,97.9,0,8,0,"Électricité",8236.6,6613.7,1506.5,1390,1116.1,254.2,628.4,522.5,97.9,,,,,,,,,,,,,,,,,,,,,1390,1116.1,254.2,0,19.6,0,"Électricité","Convecteur électrique NFC, NF** et NF***","installation individuelle","Convecteur électrique NFC, NF** et NF***","Installation de chauffage simple","Convecteur électrique NFC, NF** et NF*** (système individuel)",6613.7,59,,,"Convecteur électrique NFC, NF** et NF***","Électricité","chauffage","Electrique - Convecteur électrique NFC, NF** et NF***",6613.7,,,,,,,,,,,,,,,,,,,,,,,,"Électricité","Ballon électrique à accumulation vertical Autres ou inconnue",,,"installation individuelle","Un seul système d'ECS sans solaire","Ballon électrique à accumulation vertical (autres catégorie ou inconnue), contenance ballon 150 L",1506.5,1,59,"Non affecté",,,,"Ballon électrique à accumulation vertical Autres ou inconnue","Électricité","ecs","Electrique - Ballon électrique à accumulation vertical (autres catégorie ou inconnue)",150,,1506.5,,,,,,,,,,,,0,,,,,,,,,,,,0,
"2484E1756895G","2024-05-20","2024-05-14","2024-05-19","2024-05-20","2034-05-18",,,,,,"DPE 3CL 2021 méthode logement",2.3,"dpe maison individuelle","C","A","maison",,"1948-1974",,,2.5,,,1,,,,412,,"Moyenne","400-800m","H2d","1420 Route de Senanque 84220 Gordes","1420","Route de Senanque","Gordes","84220","84050","84","93","84050_0810_01420",875990.67,6316164.69,0.5,"adresse géocodée ban à l'adresse","1420 route de Senanque","GORDES",84220,0,,,"IconicHouse/15/05/24/0044",,"insuffisant",0,1,0,0,1,1307.1,39.6,83.4,257.4,187.4,0,416.5,322.8,"insuffisante","bonne","insuffisante",,,"insuffisante","insuffisante",0.86,55741.9,2672.5,9553.2,8889.2,649.5,31298.2,7708.4,59949.1,145,47913,2643.8,5493.1,1869.8,2029.5,26064.8,63,20831.7,1149.5,2388.3,812.9,882.4,1985.8,4,1645.7,74.7,152.9,56.1,56.5,"Électricité",26064.8,20831.7,1149.5,4223.5,3375.5,186.3,1985.8,1645.7,74.7,,,,,,,,,,,,,,,,,,,,,4223.5,3375.5,186.3,387,131.7,143,"Électricité","PAC air/air installée à partir de 2015","installation individuelle","Soufflage d'air chaud (air soufflé) avec distribution par réseau aéraulique","Installation de chauffage simple","PAC air/air installée à partir de 2015 (système individuel)",20831.7,412,,,"PAC air/air installée à partir de 2015","Électricité","chauffage","Electrique - PAC air/air sans réseau de distribution installée à partir de 2015",20831.7,,,,,,,,,,,,,,,,,,,,,,,,"Électricité","CET sur air extérieur après 2014",,,"installation individuelle","Un seul système d'ECS sans solaire","Chauffe-eau thermodynamique sur air extérieur installé à partir de 2015, contenance ballon 250 L",1149.5,1,412,"Non affecté",,,,"CET sur air extérieur après 2014","Électricité","ecs","Electrique - Chauffe-eau thermodynamique sur air extérieur installé à partir de 2015",250,2.5,1149.5,"A partir de 2015",,,,,,,,,,,0,"PAC air/eau installée avant 2008","Électricité","Avant 2008","Refroidissement - Electrique - Pompe à chaleur air/eau",412,2388.3,"Il existe plusieurs descriptifs ENR",,,,,0,
"2484E0638829S","2024-02-21","2024-02-19","2024-02-20","2024-02-21","2034-02-19",,,,,,"DPE 3CL 2021 méthode logement",2.3,"dpe maison individuelle","C","A","maison",,"2001-2005",,,3,,,1,,,,140,,"Légère","inférieur à 400m","H2d","416 Chemin des Briquets 84220 Gordes","416","Chemin des Briquets","Gordes","84220","84050","84","93","84050_0087_00416",874643.52,6313135.66,0.45,"adresse géocodée ban à l'adresse","416 chemin des briquets","GORDES",84220,0,,,"24/IMO/0248",,"moyen",1,1,0,0,1,346,42.8,43.5,26.2,33.1,11.7,62.9,125.8,"bonne","bonne",,"moyenne",,"bonne","moyenne",0.52,11841.5,1302.7,3420.1,2940,400.6,6610.3,2437.5,17433.8,124,12141,4222.2,435.4,635.1,0,9741.3,69,7440.1,1835.8,189.3,276.1,0,550.9,3,400.4,119.3,12.1,19.1,0,"Électricité",5917.3,3616.1,1835.8,1025.1,626.4,318,436.2,285.7,119.3,"Bois – Granulés (pellets) ou briquettes",3823.9,3823.9,0,229.1,229.1,0,114.7,114.7,0,,,,,,,,,,,1254.2,855.5,318,32.8,47.8,0,"Bois – Granulés (pellets) ou briquettes","PAC air/air installée entre 2008 et 2014","installation individuelle","Soufflage d'air chaud (air soufflé) avec distribution par fluide frigorigène","Installation de chauffage avec insert ou poêle bois en appoint","PAC air/air sans réseau de distribution installée entre 2008 et 2014 avec en appoint un poêle à granulés flamme verte installé à partir de 2020 (système individuel)",7440.1,140,,,"Poêle à granulés flamme verte installé à partir de 2020","Bois – Granulés (pellets) ou briquettes","chauffage","Bois - Poêle à granulés flamme verte installé à partir de 2020",3823.9,"PAC air/air installée entre 2008 et 2014","Électricité","chauffage","Electrique - PAC air/air sans réseau de distribution installée entre 2008 et 2014",3616.1,,,,,,,,,,,,,,,,,,,"Électricité","Ballon électrique à accumulation vertical Catégorie B ou 2 étoiles",,,"installation individuelle","Un seul système d'ECS sans solaire","Ballon électrique à accumulation vertical (catégorie B ou 2 étoiles), contenance ballon 100 L",1835.8,1,140,"Non affecté",,,,"Ballon électrique à accumulation vertical Catégorie B ou 2 étoiles","Électricité","ecs","Electrique - Ballon électrique à accumulation vertical (catégorie B ou 2 étoiles)",100,,1835.8,,,,,,,,,,,,0,"PAC air/air installée entre 2008 et 2014","Électricité","2008-2014","Refroidissement - Electrique - Pompe à chaleur (divisé) - type split",53.2,189.3,"Il existe plusieurs descriptifs ENR",,,,,0,
"2484E2248878R","2024-06-24","2024-06-16","2024-06-23","2024-06-24","2034-06-22",,,,,,"DPE 3CL 2021 méthode logement",2.3,"dpe maison individuelle","D","B","maison",,"avant 1948",,,2.8,,,2,,,,173.6,,"Légère","inférieur à 400m","H2d","1823 Chemin des Combettes 84220 Gordes","1823","Chemin des Combettes","Gordes","84220","84050","84","93","84050_0132_01823",874880.58,6309839.45,0.43,"adresse géocodée ban à l'adresse","1823, Chemin des Combettes","GORDES",84220,0,,,"2024-06-0054",,"insuffisant",0,0,0,0,1,604.2,64.6,223.1,33.3,43.7,12.1,53.8,173.6,"insuffisante","insuffisante","bonne",,,"insuffisante","moyenne",0.86,27297.7,1447.3,3255.8,3553.2,484.1,2900.3,1883.5,40462.9,233,33297.4,5283.7,536.7,787.8,557.2,25916.9,149,22801.5,2297.3,233.4,342.5,242.3,1283.1,7,1079.7,149.3,14.9,23.6,15.5,"Bois – Bûches",14727.7,14727.7,0,471.4,471.4,0,441.8,441.8,0,"Électricité",11189.2,8073.8,2297.3,1854.6,1338.2,380.8,841.2,637.8,149.3,,,,,,,,,,,2326.1,1809.7,380.8,38.7,56.8,40.2,"Bois – Bûches","PAC air/eau installée après 2017","installation individuelle","Radiateur bitube sans robinet thermostatique sur réseau individuel eau chaude basse ou moyenne température(inf 65°C)","Installation de chauffage avec insert ou poêle bois en appoint","PAC air/eau installée à partir de 2017 avec en appoint un poêle à bois (bûche) installé avant 1990 avec programmateur avec réduit (système individuel). Emetteur(s): radiateur bitube sans robinet thermostatique",22801.5,173.6,,,"Poêle bûche installé avant 1990","Bois – Bûches","chauffage","Bois - Poêle à bois (bûche) installé avant 1990",14727.7,"PAC air/eau installée après 2017","Électricité","chauffage","Electrique - PAC air/eau installée à partir de 2017",8073.8,,,,,,,,,,,,,,,,,,,"Électricité","Ballon électrique à accumulation vertical Autres ou inconnue",,,"installation individuelle","Un seul système d'ECS sans solaire","Ballon électrique à accumulation vertical (autres catégorie ou inconnue), contenance ballon 200 L",2297.3,1,173.6,"Non affecté",,,,"Ballon électrique à accumulation vertical Autres ou inconnue","Électricité","ecs","Electrique - Ballon électrique à accumulation vertical (autres catégorie ou inconnue)",200,,2297.3,,,,,,,,,,,,0,"PAC air/air installée à partir de 2015","Électricité","A partir de 2015","Refroidissement - Electrique - Pompe à chaleur (divisé) - type split",88,233.4,"Il existe plusieurs descriptifs ENR",,,,,0,
"2484E2301263M","2024-06-26","2024-06-25","2024-06-25","2024-06-26","2034-06-24",,,,,,"DPE 3CL 2021 méthode logement",2.3,"dpe maison individuelle","B","B","maison",,"1983-1988",,,2.5,,,2,,,,143,,"Moyenne","inférieur à 400m","H2d","237 Chemin des Fayards 84220 Gordes","237","Chemin des Fayards","Gordes","84220","84050","84","93","84050_0250_00237",875265.65,6312788.1,0.4,"adresse géocodée ban à l'adresse","237 CHEMIN DES FAILLARDS","GORDES",84220,0,,,"24/IMO/0580",,"moyen",1,0,0,0,1,352.6,40.4,61.8,15.2,50.7,6.7,55.3,122.7,"moyenne","bonne","bonne",,,"insuffisante","moyenne",0.66,11910.3,1315.8,2913.2,2995.6,408.2,6168.4,1900.6,15681.8,109,12918.5,816.2,976.6,649,321.5,10239.4,71,8576.6,816.2,424.6,282.2,139.8,1015.8,7,695.8,264.4,27.2,19.5,8.9,"Bois – Bûches",4301.8,4301.8,0,137.7,137.7,0,129.1,129.1,0,"Électricité",4186.5,3339.9,0,757.3,604.2,0,319.4,263.9,0,"Fioul domestique",1751.1,934.9,816.2,160.1,85.5,74.6,567.3,302.9,264.4,1055.1,827.4,74.6,76.8,51,25.3,"Bois – Bûches","PAC air/air installée entre 2008 et 2014","installation individuelle","Poêle bois","Installation de chauffage simple","Foyer fermé installé à partir de 2018 avec label flamme verte (système individuel)",4301.8,35,,,"Foyer fermé installé installé à partir de 2018 avec label flamme verte","Bois – Bûches","chauffage","Bois - Foyer fermé installé à partir de 2018 avec label flamme verte",4301.8,,,,,,"installation individuelle","Soufflage d'air chaud (air soufflé) avec distribution par fluide frigorigène","Installation de chauffage simple","PAC air/air sans réseau de distribution installée entre 2008 et 2014 (système individuel)",3339.9,100,,,"PAC air/air installée entre 2008 et 2014","Électricité","chauffage","Electrique - PAC air/air sans réseau de distribution installée entre 2008 et 2014",3339.9,,,,,,"Fioul domestique","Chaudière fioul classique 1981-1990",,,"installation individuelle","Un seul système d'ECS avec solaire","Combiné au système de chauffage, couplé avec un système solaire",816.2,1,143,"ECS solaire seule sup 5 ans",1276556.1,0.6,,"Chaudière fioul classique 1981-1990","Fioul domestique","chauffage + ecs","Fioul - Chaudière fioul classique installée entre 1981 et 1990",0,,816.2,,,,,,,,,,,,0,"PAC air/air installée entre 2008 et 2014","Électricité","2008-2014","Refroidissement - Electrique - Pompe à chaleur (divisé) - type split",143,424.6,"Il existe plusieurs descriptifs ENR",,,,,0,
"2484E0283274N","2024-02-06","2024-01-16","2024-01-24","2024-01-25","2034-01-23",,,,,,"DPE 3CL 2021 méthode logement",2.3,"dpe maison individuelle","B","A","maison",2005,"2001-2005",,,2.5,,,2,,,,237,,"Moyenne","inférieur à 400m","H2d","1108 route des moines 84220 Gordes","1108","route des moines","Gordes","84220","84050","84","93","84050_0565_01108",876291.79,6314168.05,0.5,"adresse géocodée ban à l'adresse","1108 route des moines","GORDES",84220,0,,,"IMO24_01_17_VEIRUN",,"insuffisant",0,1,0,0,1,503.3,104.4,68.5,35.7,32.3,0,74.2,188.4,"bonne","bonne","bonne",,,"bonne","bonne",0.55,20265.8,1719.6,3465.4,4708.5,641.5,3217.6,1957.9,24689.7,104,13088,7097.9,1373.6,1075.6,2054.6,10734.7,45,5690.4,3086.1,597.2,467.6,893.3,777.8,3,449.5,200.6,38.2,32.3,57.2,"Électricité",10734.7,5690.4,3086.1,1783.1,945.2,512.6,777.8,449.5,200.6,,,,,,,,,,,,,,,,,,,,,1783.1,945.2,512.6,99.2,77.7,148.4,"Électricité","PAC air/eau installée après 2017","installation individuelle","Plancher chauffant sur réseau individuel eau chaude basse ou moyenne température(inf 65°C)","Installation de chauffage simple","PAC air/eau installée à partir de 2017 avec programmateur avec réduit, réseau isolé (système individuel). Emetteur(s): plancher chauffant",3968.1,150,,,"PAC air/eau installée après 2017","Électricité","chauffage","Electrique - PAC air/eau installée à partir de 2017",3968.1,,,,,,"installation individuelle","Soufflage d'air chaud (air soufflé) avec distribution par réseau aéraulique","Installation de chauffage simple","PAC air/air installée avant 2008 avec programmateur pièce par pièce (système individuel)",895.4,43,,,"PAC air/air installée avant 2008","Électricité","chauffage","Electrique - PAC air/air sans réseau de distribution installée avant 2008",895.4,,,,,,"Électricité","Ballon électrique à accumulation vertical Catégorie B ou 2 étoiles",,,"installation individuelle","Un seul système d'ECS sans solaire","Ballon électrique à accumulation vertical (catégorie B ou 2 étoiles), contenance ballon 200 L",1633.4,1,118.5,"Non affecté",,,,"Ballon électrique à accumulation vertical Catégorie B ou 2 étoiles","Électricité","ecs","Electrique - Ballon électrique à accumulation vertical (catégorie B ou 2 étoiles)",200,,1633.4,,,,,,,,,,,,0,"PAC air/eau installée après 2017","Électricité","A partir de 2015","Refroidissement  1 - Electrique - Pompe à chaleur air/eau",150,310.1,"pompe à chaleur",,,,,0,
"2484E2052405A","2024-06-09","2024-06-06","2024-06-08","2024-06-09","2034-06-07",,,,,,"DPE 3CL 2021 méthode logement",2.3,"dpe appartement individuel","E","B","appartement",,"avant 1948","individuel","individuel",2.5,1,,1,,,,52,,"Moyenne","inférieur à 400m","H2d","Place du Château 84220 Gordes",,"Place du Château","Gordes","84220","84050","84","93","84050_0115",876699.25,6314930.28,0.45,"adresse géocodée ban à l'adresse","Place du Château","GORDES",84220,0,,,"2024-06-0021 APPT",,"moyen",1,1,0,0,1,149.4,3.5,64,12.4,14.8,3.2,6,45.5,"moyenne","insuffisante",,"insuffisante",,"insuffisante","moyenne",0.71,6467.4,1014.3,575.4,1386.9,189,266.7,179.6,17041.6,327,12232.9,4212.9,49.3,236,310.4,7409.4,142,5318.7,1831.7,21.5,102.6,135,556.3,10,420.2,119.1,1.4,7.1,8.6,"Électricité",7409.4,5318.7,1831.7,1259.9,904.4,311.5,556.3,420.2,119.1,,,,,,,,,,,,,,,,,,,,,1259.9,904.4,311.5,3.6,17.4,22.9,"Électricité","Panneau rayonnant électrique NFC, NF** et NF***","installation individuelle","Panneau rayonnant NFC, NF** et NF***","Installation de chauffage simple","Panneau rayonnant électrique NFC, NF** et NF*** (système individuel)",4444.6,38.7,,,"Panneau rayonnant électrique NFC, NF** et NF***","Électricité","chauffage","Electrique - Panneau rayonnant électrique NFC, NF** et NF***",4444.6,,,,,,"installation individuelle","Soufflage d'air chaud (air soufflé) avec distribution par réseau aéraulique","Installation de chauffage simple","PAC air/air installée entre 2008 et 2014 (système individuel)",874.1,13.3,,,"PAC air/air installée entre 2008 et 2014","Électricité","chauffage","Electrique - PAC air/air sans réseau de distribution installée entre 2008 et 2014",874.1,,,,,,"Électricité","Ballon électrique à accumulation vertical Autres ou inconnue",,,"installation individuelle","Un seul système d'ECS sans solaire","Ballon électrique à accumulation vertical (autres catégorie ou inconnue), contenance ballon 200 L",1831.7,1,52,"Non affecté",,,,"Ballon électrique à accumulation vertical Autres ou inconnue","Électricité","ecs","Electrique - Ballon électrique à accumulation vertical (autres catégorie ou inconnue)",200,,1831.7,,,,,,,,,,,,0,"PAC air/air installée entre 2008 et 2014","Électricité","2008-2014","Refroidissement - Electrique - Pompe à chaleur (divisé) - type split",13.3,21.5,"pompe à chaleur",,,,,0,
"2484E0213166B","2024-02-06","2024-01-17","2024-01-18","2024-01-19","2034-01-17",,,,,,"DPE 3CL 2021 méthode logement",2.3,"dpe maison individuelle","E","B","maison",,"avant 1948",,,2.5,,,2,,,,129,,"Moyenne","inférieur à 400m","H2d","142 chemin des pourquiers 84220 Gordes","142","chemin des pourquiers","Gordes","84220","84050","84","93","84050_0710_00142",878827.34,6314320.86,0.47,"adresse géocodée ban à l'adresse","142 Chemin des Pourquier","GORDES",84220,0,,,"Pcfix24/SAINGLAS/12808",,"insuffisant",0,0,0,0,1,547.7,62,245.6,40.7,44.5,0,35.6,119.2,"insuffisante","insuffisante","insuffisante",,,"insuffisante","bonne",1.16,23716.7,1255.7,0,2479.7,0,2621,0,41104.7,318,35280.3,4247.8,0,585.4,991.2,37812.7,293,35280.3,1846.9,0,254.5,431,1223.6,9,1058.4,120,0,17.6,27.6,"Bois – Granulés (pellets) ou briquettes",23029.1,23029.1,0,1379.7,1379.7,0,690.9,690.9,0,"Bois – Bûches",12251.2,12251.2,0,392.2,392.2,0,367.5,367.5,0,"Électricité",2532.4,0,1846.9,506.3,0,369.3,165.2,0,120,2278.1,1771.8,369.3,0,50.9,86.2,"Bois – Granulés (pellets) ou briquettes","Chaudière bois granulés 2013-2019","installation individuelle","Poêle bois","Installation de chauffage avec insert ou poêle bois en appoint","Chaudière individuelle bois (granulés) installée entre 2013 et 2019 avec en appoint un insert installé avant 1990 régulée, avec programmateur avec réduit. Emetteur(s): radiateur bitube avec robinet thermostatique",35280.3,129,,,"Chaudière bois granulés 2013-2019","Bois – Granulés (pellets) ou briquettes","chauffage","Bois - Chaudière bois (granulés) installée entre 2013 et 2019",23029.1,"insert installé avant 1990","Bois – Bûches","chauffage","Bois - Insert installé avant 1990",12251.2,,,,,,,,,,,,,,,,,,,"Électricité","Ballon électrique à accumulation vertical Catégorie C ou 3 étoiles",,,"installation individuelle","Un seul système d'ECS sans solaire","Ballon électrique à accumulation vertical (catégorie C ou 3 étoiles), contenance ballon 200 L",1846.9,1,129,"Non affecté",,,,"Ballon électrique à accumulation vertical Catégorie C ou 3 étoiles","Électricité","ecs","Electrique - Ballon électrique à accumulation vertical (catégorie C ou 3 étoiles)",200,,1846.9,,,,,,,,,,,,0,,,,,,,"chauffage au bois",,,,,0,
"2484E2039657S","2024-06-07","2024-06-04","2024-06-06","2024-06-07","2034-06-05",,,,,,"DPE 3CL 2021 méthode logement",2.3,"dpe maison individuelle","D","D","maison",,"1989-2000",,,2.5,,,1,,,,330,,"Moyenne","inférieur à 400m","H2d","207 Chemin des Beaumonnes 84220 Gordes","207","Chemin des Beaumonnes","Gordes","84220","84050","84","93","84050_0065_00207",875855.74,6310953.47,0.46,"adresse géocodée ban à l'adresse","207 Chemin des Beaumonnes","GORDES",84220,0,,,"Pcfix24/FRENCH/13469",,"insuffisant",0,1,0,0,1,882,144,160,70.2,75.5,29.3,121.8,281.1,"moyenne","bonne","moyenne",,,"moyenne","moyenne",0.7,34724.8,2119.1,5785.3,6403.2,872.4,9224,3450.5,50625.9,153,39981,8095.3,456.1,1497.6,595.8,41272.4,125,36644.1,3519.7,198.3,651.1,259.1,11546.8,34,11243.8,228.8,12.7,44.9,16.6,"Fioul domestique",34077.4,34077.4,0,3115.4,3115.4,0,11041.1,11041.1,0,"Électricité",7195,2566.8,3519.7,1226.1,437.4,599.8,505.8,202.8,228.8,,,,,,,,,,,4341.5,3552.8,599.8,33.8,111,44.1,"Fioul domestique","Chaudière fioul standard 1991-2015","installation individuelle","Plancher chauffant sur réseau individuel eau chaude haute température(sup ou egal 65°C)","Installation de chauffage simple","Chaudière individuelle fioul standard installée entre 1991 et 2015 avec programmateur avec réduit. Emetteur(s): plancher chauffant",34077.4,250,,,"Chaudière fioul standard 1991-2015","Fioul domestique","chauffage","Fioul - Chaudière fioul standard installée entre 1991 et 2015",34077.4,,,,,,"installation individuelle","Soufflage d'air chaud (air soufflé) avec distribution par fluide frigorigène","Installation de chauffage simple","PAC air/air sans réseau de distribution installée à partir de 2015 (système individuel)",2566.8,80,,,"PAC air/air installée à partir de 2015","Électricité","chauffage","Electrique - PAC air/air sans réseau de distribution installée à partir de 2015",2566.8,,,,,,"Électricité","Ballon électrique à accumulation vertical Catégorie B ou 2 étoiles",,,"installation individuelle","Un seul système d'ECS sans solaire","Ballon électrique à accumulation vertical (catégorie B ou 2 étoiles), contenance ballon 300 L",3519.7,1,330,"Non affecté",,,,"Ballon électrique à accumulation vertical Catégorie B ou 2 étoiles","Électricité","ecs","Electrique - Ballon électrique à accumulation vertical (catégorie B ou 2 étoiles)",300,,3519.7,,,,,,,,,,,,0,"PAC air/air installée à partir de 2015","Électricité","A partir de 2015","Refroidissement - Electrique - Pompe à chaleur (divisé) - type split",80,198.3,"pompe à chaleur",,,,,0,
"2484E2290903A","2024-12-30","2024-06-24","2024-06-24","2024-06-25","2034-06-23",,,"HAEKQNT3GXHS",,,"DPE 3CL 2021 méthode logement",2.3,"dpe maison individuelle","F","F","maison",,"1978-1982",,,2.8,,,2,,,,127.7,,"Légère","inférieur à 400m","H2d","1228 Chemin des Ratiers 84220 Gordes","1228","Chemin des Ratiers","Gordes","84220","84050","84","93","84050_0740_01228",879485.17,6313375.55,0.43,"adresse géocodée ban à l'adresse","1228, Chemin des Ratiers","GORDES",84220,0,,,"2024-06-0102",,"moyen",1,1,0,0,1,453.5,16,106.7,60.6,53.7,4.2,83,129.2,"moyenne","moyenne","insuffisante",,,"insuffisante","insuffisante",0.75,19537.8,1250.1,0,2716.7,0,3485.7,0,31187,244,27433.9,2473.2,0,579.5,700.4,30463.6,238,27433.9,2473.2,0,252,304.5,9726.8,76,8888.6,801.3,0,17.4,19.5,"Fioul domestique",29907.1,27433.9,2473.2,2734.1,2508,226.1,9689.9,8888.6,801.3,"Électricité",556.5,0,0,161.4,0,0,36.9,0,0,,,,,,,,,,,2895.5,2508,226.1,0,73.1,88.3,"Fioul domestique","Chaudière fioul classique 1976-1980","installation individuelle","Radiateur monotube avec robinet thermostatique sur réseau individuel eau chaude haute température(sup ou egal 65°C)","Installation de chauffage simple","Chaudière individuelle fioul classique installée entre 1976 et 1980. Emetteur(s): radiateur monotube avec robinet thermostatique",27433.9,127.7,,,"Chaudière fioul classique 1976-1980","Fioul domestique","chauffage + ecs","Fioul - Chaudière fioul classique installée entre 1976 et 1980",27433.9,,,,,,,,,,,,,,,,,,,,,,,,"Fioul domestique","Chaudière fioul classique 1976-1980",,,"installation individuelle","Un seul système d'ECS sans solaire","Combiné au système de chauffage",2473.2,1,127.7,"Non affecté",,,,"Chaudière fioul classique 1976-1980","Fioul domestique","chauffage + ecs","Fioul - Chaudière fioul classique installée entre 1976 et 1980",0,,2473.2,,,,,,,,,,,,0,,,,,,,,,,,,0,
"2484E2030618B","2024-06-06","2024-06-05","2024-06-05","2024-06-06","2034-06-04",,,,,,"DPE 3CL 2021 méthode logement",2.3,"dpe maison individuelle","D","B","maison",,"1948-1974",,,2.5,,,2,,,,264,,"Moyenne","inférieur à 400m","H2d","197 Chemin de Granan 84220 Gordes","197","Chemin de Granan","Gordes","84220","84050","84","93","84050_0335_00197",876215.92,6315003.98,0.49,"adresse géocodée ban à l'adresse","197, Chemin de Granan
Maison + dépendance","GORDES",84220,0,,,"2024-06-0005",,"insuffisant",0,0,0,0,1,1074.4,149.9,282,131.3,69.4,12.8,161,268,"insuffisante","insuffisante","insuffisante",,,"insuffisante","moyenne",0.94,41554.7,1835.6,7477.4,5200.5,708.6,14253.2,5052.4,53225.4,201,45429.8,4536.4,944.5,1198.1,1116.7,26077.3,98,22687.9,1972.3,410.7,520.9,485.5,1759.3,6,1537.8,128.2,26.3,35.9,31.1,"Électricité",20883.1,17493.7,1972.3,3395,2844,320.6,1603.5,1382,128.2,"Bois – Bûches",5194.2,5194.2,0,166.3,166.3,0,155.8,155.8,0,,,,,,,,,,,3561.3,3010.3,320.6,66.8,84.7,78.9,"Électricité","PAC air/eau installée entre 2008 et 2014","installation individuelle","Soufflage d'air chaud (air soufflé) avec distribution par réseau aéraulique","Installation de chauffage avec insert ou poêle bois en appoint","PAC air/air installée entre 2008 et 2014 avec en appoint un poêle à bois (bûche) installé à partir de 2005 sans label flamme verte avec programmateur pièce par pièce (système individuel)",9399.2,82.5,,,"Poêle bûche installé à partir de 2005 sans label flamme verte","Bois – Bûches","chauffage","Bois - Poêle à bois (bûche) installé à partir de 2005 sans label flamme verte",5194.2,"PAC air/air installée entre 2008 et 2014","Électricité","chauffage","Electrique - PAC air/air sans réseau de distribution installée entre 2008 et 2014",4205,"installation individuelle","Plancher chauffant sur réseau individuel eau chaude haute température(sup ou egal 65°C)","Installation de chauffage simple","PAC air/eau installée entre 2008 et 2014 avec programmateur avec réduit (système individuel). Emetteur(s): plancher chauffant",7972.2,130,,,"PAC air/eau installée entre 2008 et 2014","Électricité","chauffage + ecs","Electrique - PAC air/eau installée entre 2008 et 2014",7972.2,,,,,,"Électricité","Ballon électrique à accumulation vertical Autres ou inconnue",,,"installation individuelle","Un seul système d'ECS sans solaire","Ballon électrique à accumulation vertical (autres catégorie ou inconnue), contenance ballon 100 L",1502.4,1,132,"Non affecté",,,,"Ballon électrique à accumulation vertical Autres ou inconnue","Électricité","ecs","Electrique - Ballon électrique à accumulation vertical (autres catégorie ou inconnue)",100,,1502.4,,,,,,,,,,,,0,"PAC air/air installée entre 2008 et 2014","Électricité","2008-2014","Refroidissement  1 - Electrique - Pompe à chaleur (divisé) - type split",82.5,340.6,"Il existe plusieurs descriptifs ENR",,,,,0,
"2484E2273368P","2024-06-25","2024-06-23","2024-06-23","2024-06-25","2034-06-22",,,,,,"DPE 3CL 2021 méthode logement",2.3,"dpe maison individuelle","D","B","maison",1970,"1948-1974",,,2.5,,,2,,,,140,,"Légère","inférieur à 400m","H2d","Route des Moines 84220 Gordes",,"Route des Moines","Gordes","84220","84050","84","93","84050_0565",876425.16,6314467.33,0.58,"adresse géocodée ban à l'adresse","593 route des Moines","GORDES",84220,,,,,,"bon",0,1,0,0,1,788,141.1,216.6,28.9,66.6,9.6,158.4,166.8,"insuffisante","insuffisante","bonne",,,"moyenne","insuffisante",1.44,33752.8,1302.9,5520,2940883.8,400702.8,8305848.4,3937534.3,29425.2,210.1,19418.2,6871.2,1795.2,635.4,705.2,12793.6,91.4,8442.7,2987.5,780.5,276.2,306.6,949.2,6.7,667,194.2,50,19.1,19.6,"Électricité",12793.6,8442.7,2987.5,2106,1390,492,949.8,667,194.2,,,,,,,,,,,,,,,,,,,,,2106,1390,492,129,45,50,"Électricité","PAC air/air installée à partir de 2015","installation individuelle","Soufflage d'air chaud (air soufflé) avec distribution par fluide frigorigène","Installation de chauffage simple","Chauffage sans solaire",8442.7,140,,,"PAC air/air installée à partir de 2015","Électricité","chauffage","Pompe à chaleur Air/Air",8442.7,,,,,,,,,,,,,,,,,,,,,,,,"Électricité","Ballon électrique à accumulation vertical Autres ou inconnue",,,"installation individuelle","Un seul système d'ECS sans solaire","Chauffe-eau vertical Electrique",2987.5,1,140,"Non affecté",,,,"Ballon électrique à accumulation vertical Autres ou inconnue","Électricité","ecs","Chauffe-eau vertical",400,,2987.5,,,,,,,,,,,,0,"PAC air/air installée à partir de 2015","Électricité","A partir de 2015","Pac air / air",140,780.5,"pompe à chaleur",,,,,0,
"2484E0764654D","2024-03-01","2024-02-27","2024-02-29","2024-03-01","2034-02-27",,,,,,"DPE 3CL 2021 méthode logement",2.3,"dpe maison individuelle","E","B","maison",,"1978-1982",,,2.6,,,1,,,,193,,"Légère","inférieur à 400m","H2d","669 Avenue Justin Bonfils 84220 Gordes","669","Avenue Justin Bonfils","Gordes","84220","84050","84","93","84050_0460_00669",875962.71,6313303.3,0.53,"adresse géocodée ban à l'adresse","669 Avenue Justin Bonfils - Col de Gordes","GORDES",84220,0,,,"2024-02-0149",,"moyen",1,1,0,0,1,548.3,62.8,120.4,58.9,53.9,0,82.3,170.1,"bonne","insuffisante",,"insuffisante",,"bonne","moyenne",0.65,22294.4,1530.6,0,3906.7,0,5326.3,0,54753.1,283,46336.8,6230.9,0,875.9,1309.6,23805.7,123,20146.4,2709.1,0,380.8,569.4,1830.4,9,1591.6,176.1,0,26.3,36.4,"Électricité",23805.7,20146.4,2709.1,3862.3,3268.6,439.5,1830.4,1591.6,176.1,,,,,,,,,,,,,,,,,,,,,3862.3,3268.6,439.5,0,61.8,92.4,"Électricité","Plancher ou plafond rayonnant électrique avec régulation terminale","installation individuelle","Plancher rayonnant électrique avec régulation terminale","Installation de chauffage simple","Plancher rayonnant électrique avec régulation terminale (système individuel)",18198.3,173.5,,,"Plancher ou plafond rayonnant électrique avec régulation terminale","Électricité","chauffage","Electrique - Plancher rayonnant électrique avec régulation terminale",18198.3,,,,,,"installation individuelle","radiateur électrique NFC, NF** et NF***","Installation de chauffage simple","Radiateur électrique NFC, NF** et NF*** (système individuel)",1948.1,19.5,,,"radiateur électrique NFC, NF** et NF***","Électricité","chauffage","Electrique - Radiateur électrique NFC, NF** et NF***",1948.1,,,,,,"Électricité","Ballon électrique à accumulation vertical Autres ou inconnue",,,"installation individuelle","Un seul système d'ECS sans solaire","Ballon électrique à accumulation vertical (autres catégorie ou inconnue), contenance ballon 300 L",2709.1,1,193,"Non affecté",,,,"Ballon électrique à accumulation vertical Autres ou inconnue","Électricité","ecs","Electrique - Ballon électrique à accumulation vertical (autres catégorie ou inconnue)",300,,2709.1,,,,,,,,,,,,0,,,,,,,,,,,,0,
"2484E0800516L","2024-03-05","2024-03-03","2024-03-04","2024-03-05","2034-03-03",,,,,,"DPE 3CL 2021 méthode logement",2.3,"dpe maison individuelle","A","A","maison",2019,"2013-2021",,,2.5,,,2,,,,224,,"Moyenne","inférieur à 400m","H2d","route de cavaillon 84220 Gordes",,"route de cavaillon","Gordes","84220","84050","84","93","84050_0108",876275.07,6314023.52,0.35,"adresse géocodée ban à l'adresse","300-318, Route de Cavaillon","GORDES",84220,0,,,"2024-03-0006",,"insuffisant",0,1,0,0,1,373.6,86,49.3,11.5,26.2,14.1,83.6,102.9,"bonne","très bonne",,"très bonne",,"très bonne","moyenne",0.55,11457.5,1663.8,3546.9,4471.6,609.3,6026.3,2275.3,14299.9,63,9589.7,1645.9,1153.5,1016.6,894.3,6217.4,27,4169.4,715.6,501.5,442,388.8,463.4,2,329.4,46.5,32.1,30.5,24.9,"Électricité",6217.4,4169.4,715.6,1072.3,719.1,123.4,463.4,329.4,46.5,,,,,,,,,,,,,,,,,,,,,1072.3,719.1,123.4,86.5,76.2,67.1,"Électricité","PAC air/air installée à partir de 2015","installation individuelle","Soufflage d'air chaud (air soufflé) avec distribution par réseau aéraulique","Installation de chauffage simple","PAC air/air installée à partir de 2015 avec programmateur pièce par pièce (système individuel)",4169.4,224,,,"PAC air/air installée à partir de 2015","Électricité","chauffage","Electrique - PAC air/air sans réseau de distribution installée à partir de 2015",4169.4,,,,,,,,,,,,,,,,,,,,,,,,"Électricité","CET sur air extérieur après 2014",,,"installation individuelle","Un seul système d'ECS sans solaire","Chauffe-eau thermodynamique sur air extérieur installé à partir de 2015, contenance ballon 270 L",357.8,1,112,"Non affecté",,,,"CET sur air extérieur après 2014","Électricité","ecs","Electrique - Chauffe-eau thermodynamique sur air extérieur installé à partir de 2015",270,2.5,357.8,"A partir de 2015",,,,,,,,,,,0,"PAC air/air installée à partir de 2015","Électricité","A partir de 2015","Refroidissement  2 - Electrique - Pompe à chaleur air/air",117.4,262.9,"Il existe plusieurs descriptifs ENR",,,,,0,
"2484E0057207Q","2024-02-06","2024-01-02","2024-01-07","2024-01-08","2034-01-06",,,,,,"DPE 3CL 2021 méthode logement",2.3,"dpe maison individuelle","C","C","maison",,"1989-2000",,,2.5,,,2,,,,165.5,,"Légère","inférieur à 400m","H2d","2400 Avenue Justin Bonfils 84220 Gordes","2400","Avenue Justin Bonfils","Gordes","84220","84050","84","93","84050_0460_02400",874810.83,6312128.15,0.53,"adresse géocodée ban à l'adresse","2400, Avenue Justin Bonfils
Les Imberts","GORDES",84220,0,,,"2024-01-0015 MAISON 2",,"insuffisant",0,1,0,0,1,393.1,38.8,82.8,26.4,45.4,7.1,54.8,137.7,"bonne","insuffisante","moyenne",,,"moyenne","moyenne",0.56,17181.2,1412.5,0,3405.6,0,1252.4,0,26140.7,157,18443.5,5221.3,0,751.1,1724.8,22371.8,135,18443.5,2851.8,0,326.6,749.9,4609.3,27,4186.7,352.1,0,22.5,48,"Gaz naturel",19472.6,18443.5,1029.2,1502.1,1422.8,79.4,4420.3,4186.7,233.6,"Électricité",2899.1,0,1822.7,562,0,353.3,189,0,118.5,,,,,,,,,,,2064.1,1422.8,432.7,0,63.3,145.4,"Gaz naturel","Chaudière gaz à condensation après 2015","installation individuelle","Radiateur bitube avec robinet thermostatique sur réseau individuel eau chaude haute température(sup ou egal 65°C)","Installation de chauffage simple","Chaudière individuelle gaz à condensation régulée. Emetteur(s): radiateur bitube avec robinet thermostatique",18443.5,165.5,,,"Chaudière gaz à condensation après 2015","Gaz naturel","chauffage + ecs","Gaz Naturel - Chaudière gaz à condensation installée à partir de 2016",18443.5,,,,,,,,,,,,,,,,,,,,,,,,"Électricité","Ballon électrique à accumulation vertical Autres ou inconnue",,,"installation individuelle","Un seul système d'ECS sans solaire","Ballon électrique à accumulation vertical (autres catégorie ou inconnue), contenance ballon 300 L",1822.7,1,82.8,"Non affecté",,,,"Ballon électrique à accumulation vertical Autres ou inconnue","Électricité","ecs","Electrique - Ballon électrique à accumulation vertical (autres catégorie ou inconnue)",300,,1822.7,,,,,,,,,,,,0,,,,,,,,,,,,0,
"2484E0405303Y","2024-02-06","2024-02-01","2024-02-01","2024-02-05","2034-01-31",,,,,,"DPE 3CL 2021 méthode logement",2.3,"dpe maison individuelle","C","A","maison",1800,"avant 1948",,,2.5,,,3,,,,182.3,,"Lourde","inférieur à 400m","H2d","route de cavaillon 84220 Gordes",,"route de cavaillon","Gordes","84220","84050","84","93","84050_0108",876275.07,6314023.52,0.94,"adresse non géocodée ban car aucune correspondance trouvée","route de Cavaillon","GORDES",84220,,,"Quartier Les Beaumes",,,"bon",0,1,0,1,1,698.9,174.7,207.9,18.6,73.5,0,61,163.3,"insuffisante","insuffisante","très bonne",,,"moyenne","bonne",1.03,28092.3,1484.8,3982.3,3359090.5,505802.6,5235823,2339942,27894.2,152.9,19098.5,6370.7,355.2,827.5,1242.3,12127.9,66.5,8303.7,2769.9,154.4,359.8,540.1,906.2,4.9,656,180,9.9,24.8,34.6,"Électricité",12127.9,8303.7,2769.9,2002,1371,457,905.3,656,180,,,,,,,,,,,,,,,,,,,,,2002,1371,457,25,59,90,"Électricité","PAC air/eau installée après 2017","installation individuelle","Plancher chauffant sur réseau individuel eau chaude basse ou moyenne température(inf 65°C)","Installation de chauffage simple","Chauffage sans solaire",6165.2,132.5,,,"PAC air/eau installée après 2017","Électricité","chauffage","Pompe à chaleur Air/Eau",6165.2,,,,,,"installation individuelle","Soufflage d'air chaud (air soufflé) avec distribution par fluide frigorigène","Installation de chauffage simple","Chauffage sans solaire",2138.5,50,,,"PAC air/air installée à partir de 2015","Électricité","chauffage","Pompe à chaleur Air/Air",2138.5,,,,,,"Électricité","Ballon électrique à accumulation vertical Autres ou inconnue",,,"installation individuelle","Un seul système d'ECS sans solaire","Chauffe-eau vertical Electrique",2769.9,1,182.3,"Non affecté",,,,"Ballon électrique à accumulation vertical Autres ou inconnue","Électricité","ecs","Chauffe-eau vertical",300,,2769.9,,,,,,,,,,,,0,"PAC air/air installée à partir de 2015","Électricité","A partir de 2015","Pac air / air",50,154.4,"pompe à chaleur",,,,,0,
"2484E0034205Y","2024-02-06","2024-01-03","2024-01-03","2024-01-04","2034-01-02",,,,,,"DPE 3CL 2021 méthode logement",2.3,"dpe maison individuelle","C","A","maison",,"1948-1974",,,2.5,,,2,,,,167.6,,"Moyenne","inférieur à 400m","H2d","1600 Chemin des Grailles 84220 Gordes","1600","Chemin des Grailles","Gordes","84220","84050","84","93","84050_0333_01600",878980.4,6315364.66,0.45,"adresse géocodée ban à l'adresse","1600 chemin des Grailles
Mas de la Véroncle","GORDES",84220,0,,,"D/24/IMO/0018/M.P",,"insuffisant",0,1,0,0,1,468.4,17.6,143.3,26.6,70.4,0,65.7,144.7,"moyenne","insuffisante","bonne",,,"insuffisante","insuffisante",0.68,20476.3,1421.5,1812,3443.8,469.2,1626.4,693.7,18945.9,113,15484.6,1406.2,589.3,760.6,705.2,8237.3,49,6732.4,611.4,256.2,330.7,306.6,630.4,3,531.9,39.7,16.4,22.8,19.6,"Électricité",8237.3,6732.4,611.4,1390.1,1136.2,103.2,630.4,531.9,39.7,,,,,,,,,,,,,,,,,,,,,1390.1,1136.2,103.2,43.2,55.8,51.7,"Électricité","PAC air/air installée à partir de 2015","installation individuelle","Soufflage d'air chaud (air soufflé) avec distribution par fluide frigorigène","Installation de chauffage simple","PAC air/air sans réseau de distribution installée à partir de 2015 avec programmateur pièce par pièce (système individuel)",5134.9,151.1,,,"PAC air/air installée à partir de 2015","Électricité","chauffage","Electrique - PAC air/air sans réseau de distribution installée à partir de 2015",5134.9,,,,,,"installation individuelle","Panneau rayonnant NFC, NF** et NF***","Installation de chauffage simple","Panneau rayonnant électrique NFC, NF** et NF*** avec programmateur pièce par pièce (système individuel)",1597.6,16.5,,,"Panneau rayonnant électrique NFC, NF** et NF***","Électricité","chauffage","Electrique - Panneau rayonnant électrique NFC, NF** et NF***",1597.6,,,,,,"Électricité","CET sur air extérieur après 2014",,,"installation individuelle","Un seul système d'ECS sans solaire","Chauffe-eau thermodynamique sur air extérieur installé à partir de 2015, contenance ballon 500 L",611.4,1,167.6,"Non affecté",,,,"CET sur air extérieur après 2014","Électricité","ecs","Electrique - Chauffe-eau thermodynamique sur air extérieur installé à partir de 2015",500,2.5,611.4,"A partir de 2015",,,,,,,,,,,0,"PAC air/air installée à partir de 2015","Électricité","A partir de 2015","Refroidissement - Electrique - Pompe à chaleur (divisé) - type split",167.6,256.2,"Il existe plusieurs descriptifs ENR",,,,,0,
"2484E0034236D","2024-02-06","2024-01-03","2024-01-03","2024-01-04","2034-01-02",,,,,,"DPE 3CL 2021 méthode logement",2.3,"dpe maison individuelle","C","A","maison",,"1948-1974",,,2.5,,,2,,,,167.6,,"Moyenne","inférieur à 400m","H2d","1600 Chemin des Grailles 84220 Gordes","1600","Chemin des Grailles","Gordes","84220","84050","84","93","84050_0333_01600",878980.4,6315364.66,0.45,"adresse géocodée ban à l'adresse","1600 chemin des Grailles
Mas de la Véroncle","GORDES",84220,0,,,"D/24/IMO/0018/M.P",,"insuffisant",0,1,0,0,1,468.4,17.6,143.3,26.6,70.4,0,65.7,144.7,"moyenne","insuffisante","bonne",,,"insuffisante","insuffisante",0.68,20476.3,1421.5,1812,3443.8,469.2,1626.4,693.7,22715.3,135,19254,1406.2,589.3,760.6,705.2,13675.6,81,12170.7,611.4,256.2,330.7,306.6,730.7,4,632.1,39.7,16.4,22.8,19.6,"Électricité",6953.6,5448.7,611.4,1188.2,931,104.5,529,430.4,39.7,"Bois – Bûches",6722,6722,0,215.2,215.2,0,201.7,201.7,0,,,,,,,,,,,1403.3,1146.2,104.5,43.8,56.5,52.4,"Bois – Bûches","PAC air/air installée à partir de 2015","installation individuelle","Soufflage d'air chaud (air soufflé) avec distribution par fluide frigorigène","Installation de chauffage avec insert ou poêle bois en appoint","PAC air/air sans réseau de distribution installée à partir de 2015 avec en appoint un insert installé à partir de 2018 avec label flamme verte avec programmateur pièce par pièce (système individuel)",10573.1,151.1,,,"insert installé installé à partir de 2018 avec label flamme verte","Bois – Bûches","chauffage","Bois - Insert installé à partir de 2018 avec label flamme verte",6722,"PAC air/air installée à partir de 2015","Électricité","chauffage","Electrique - PAC air/air sans réseau de distribution installée à partir de 2015",3851.1,"installation individuelle","Panneau rayonnant NFC, NF** et NF***","Installation de chauffage simple","Panneau rayonnant électrique NFC, NF** et NF*** avec programmateur pièce par pièce (système individuel)",1597.6,16.5,,,"Panneau rayonnant électrique NFC, NF** et NF***","Électricité","chauffage","Electrique - Panneau rayonnant électrique NFC, NF** et NF***",1597.6,,,,,,"Électricité","CET sur air extérieur après 2014",,,"installation individuelle","Un seul système d'ECS sans solaire","Chauffe-eau thermodynamique sur air extérieur installé à partir de 2015, contenance ballon 500 L",611.4,1,167.6,"Non affecté",,,,"CET sur air extérieur après 2014","Électricité","ecs","Electrique - Chauffe-eau thermodynamique sur air extérieur installé à partir de 2015",500,2.5,611.4,"A partir de 2015",,,,,,,,,,,0,"PAC air/air installée à partir de 2015","Électricité","A partir de 2015","Refroidissement - Electrique - Pompe à chaleur (divisé) - type split",167.6,256.2,"Il existe plusieurs descriptifs ENR",,,,,0,
"2484E1375153W","2024-04-16","2024-04-15","2024-04-15","2024-04-16","2034-04-14",,,,,,"DPE 3CL 2021 méthode logement",2.3,"dpe maison individuelle","G","C","maison",,"avant 1948",,,2.7,,,2,,,,134.5,,"Moyenne","inférieur à 400m","H2d","68 Rue Principale 84220 Gordes","68","Rue Principale","Gordes","84220","84050","84","93","84050_0720_00068",874228.98,6312123.15,0.45,"adresse géocodée ban à l'adresse","68, Rue Principale","GORDES",84220,0,,,"2024-04-0064",,"moyen",1,0,0,0,1,681.4,68.4,292.2,54.7,39.4,11.2,64.7,150.8,"insuffisante","insuffisante","insuffisante",,,"insuffisante","insuffisante",1.42,30443.8,1279.3,0,2840.7,0,4448.1,0,63882.5,474,58403.7,4868.3,0,610.4,0,36489.8,271,34107.8,2116.7,0,265.4,0,2094.9,15,1939,137.6,0,18.3,0,"Électricité",21071.3,18689.2,2116.7,3425.1,3037.9,344.1,1632.3,1476.4,137.6,"Bois – Bûches",15418.6,15418.6,0,493.5,493.5,0,462.6,462.6,0,,,,,,,,,,,3918.6,3531.4,344.1,0,43.1,0,"Électricité","Convecteur électrique NFC, NF** et NF***","installation individuelle","Convecteur électrique NFC, NF** et NF***","Installation de chauffage avec insert ou poêle bois en appoint","Convecteur électrique NFC, NF** et NF*** avec en appoint un insert installé avant 1990 (système individuel)",34107.8,134.5,,,"Convecteur électrique NFC, NF** et NF***","Électricité","chauffage","Electrique - Convecteur électrique NFC, NF** et NF***",18689.2,"insert installé avant 1990","Bois – Bûches","chauffage","Bois - Insert installé avant 1990",15418.6,,,,,,,,,,,,,,,,,,,"Électricité","Ballon électrique à accumulation vertical Autres ou inconnue",,,"installation individuelle","Un seul système d'ECS sans solaire","Ballon électrique à accumulation vertical (autres catégorie ou inconnue), contenance ballon 200 L",2116.7,1,134.5,"Non affecté",,,,"Ballon électrique à accumulation vertical Autres ou inconnue","Électricité","ecs","Electrique - Ballon électrique à accumulation vertical (autres catégorie ou inconnue)",200,,2116.7,,,,,,,,,,,,0,,,,,,,"chauffage au bois",,,,,0,
"2484E0486637E","2024-02-11","2024-02-05","2024-02-10","2024-02-11","2034-02-09",,,,,,"DPE 3CL 2021 méthode logement",2.3,"dpe appartement individuel","E","E","appartement",,"avant 1948","individuel","individuel",2.5,1,,1,,,,141,,"Lourde","inférieur à 400m","H2d","2611 Avenue Justin Bonfils 84220 Gordes","2611","Avenue Justin Bonfils","Gordes","84220","84050","84","93","84050_0460_02611",874622.91,6312032.93,0.53,"adresse géocodée ban à l'adresse","2611, Avenue Justin Bonfils
Les Imberts","GORDES",84220,0,,,"2024-02-0003",,"bon",1,1,0,1,1,491.9,36.3,197.6,35.3,56.4,13.6,24.7,127.9,"insuffisante","insuffisante",,"moyenne",,"insuffisante","moyenne",0.88,21564,1549.5,0,2799.4,0,1290.4,0,41049.2,291,34319.6,5536.5,0,639.9,553.1,32056.4,227,29130.5,2407.2,0,278.2,240.5,7662.8,54,7471.8,156.5,0,19.2,15.4,"Fioul domestique",21776.3,21776.3,0,1990.8,1990.8,0,7055.5,7055.5,0,"Électricité",6917.6,3991.7,2407.2,1182.5,682.3,411.5,506.4,315.3,156.5,"Bois – Bûches",3362.5,3362.5,0,107.6,107.6,0,100.9,100.9,0,3280.9,2780.8,411.5,0,47.6,41.1,"Fioul domestique","Chaudière fioul standard 1991-2015","installation individuelle","Radiateur monotube avec robinet thermostatique sur réseau individuel eau chaude haute température(sup ou egal 65°C)","Installation de chauffage simple","Chaudière individuelle fioul standard installée entre 1991 et 2015. Emetteur(s): radiateur monotube avec robinet thermostatique",21776.3,102.4,,,"Chaudière fioul standard 1991-2015","Fioul domestique","chauffage","Fioul - Chaudière fioul standard installée entre 1991 et 2015",21776.3,,,,,,"installation individuelle","radiateur électrique NFC, NF** et NF***","Installation de chauffage avec insert ou poêle bois en appoint","Radiateur électrique NFC, NF** et NF*** avec en appoint une cuisinière installée avant 1990 (système individuel)",7354.1,38.6,,,"radiateur électrique NFC, NF** et NF***","Électricité","chauffage","Electrique - Radiateur électrique NFC, NF** et NF***",3991.7,"Cuisinière installé avant 1990","Bois – Bûches","chauffage","Bois - Cuisinière installée avant 1990",3362.5,"Électricité","Ballon électrique à accumulation vertical Autres ou inconnue",,,"installation individuelle","Un seul système d'ECS sans solaire","Ballon électrique à accumulation vertical (autres catégorie ou inconnue), contenance ballon 200 L",2407.2,1,141,"Non affecté",,,,"Ballon électrique à accumulation vertical Autres ou inconnue","Électricité","ecs","Electrique - Ballon électrique à accumulation vertical (autres catégorie ou inconnue)",200,,2407.2,,,,,,,,,,,,0,,,,,,,"chauffage au bois",,,,,0,
"2484E3469579S","2024-10-03","2024-09-30","2024-10-02","2024-10-03","2034-10-01",,,,,,"DPE 3CL 2021 méthode logement",2.4,"dpe maison individuelle","F","E","maison",1976,"1975-1977",,,2.5,,,1,,,,196.1,,"Légère","inférieur à 400m","H2d","740 Route des Moines 84220 Gordes","740","Route des Moines","Gordes","84220","84050","84","93","84050_0565_00740",876488.03,6314281.78,0.5,"adresse géocodée ban à l'adresse","740 CHEMIN DES MOINES","GORDES",84220,0,,,"24/N1384",,"insuffisant",0,1,0,0,0,1123.5,51.2,310,370,78.6,0,103.9,209.9,"insuffisante","insuffisante","insuffisante",,,"insuffisante","insuffisante",1.26,53965,1544,0,3963.7,0,4470.2,0,73937.9,376,68260.1,3701.9,0,890.1,1085.9,55568.9,283,52288.1,2421.7,0,387,472.1,10498.2,53,10051,390.2,0,26.7,30.2,"Gaz naturel",41438.8,40002,1436.9,4113.7,3971.1,142.6,9406.6,9080.4,326.2,"Électricité",14130,12286.1,984.8,2906.3,2527,202.6,1091.5,970.6,64,,,,,,,,,,,7020,6498.1,345.2,0,79.6,97.1,"Gaz naturel","Chaudière gaz à condensation 2001-2015","installation individuelle","Radiateur monotube avec robinet thermostatique sur réseau individuel eau chaude haute température(sup ou egal 65°C)","Installation de chauffage simple","Chaudière individuelle gaz à condensation installée entre 2001 et 2015 régulée. Emetteur(s): radiateur monotube avec robinet thermostatique",40002,138.5,,,"Chaudière gaz à condensation 2001-2015","Gaz naturel","chauffage + ecs","Gaz Naturel - Chaudière gaz à condensation installée entre 2001 et 2015",40002,,,,,,"installation individuelle","Panneau rayonnant NFC, NF** et NF***","Installation de chauffage simple","Panneau rayonnant électrique NFC, NF** et NF*** (système individuel)",12286.1,57.6,,,"Panneau rayonnant électrique NFC, NF** et NF***","Électricité","chauffage","Electrique - Panneau rayonnant électrique NFC, NF** et NF***",12286.1,,,,,,"Gaz naturel","Ballon électrique à accumulation vertical Autres ou inconnue",,,"installation individuelle","Un seul système d'ECS sans solaire","Combiné au système de chauffage",1436.9,1,98.1,"Non affecté",,,,"Chaudière gaz à condensation 2001-2015","Gaz naturel","chauffage + ecs","Gaz Naturel - Chaudière gaz à condensation installée entre 2001 et 2015",0,,1436.9,,,,,,,,,,,,0,,,,,,,,,,,,0,
"2484E3839621C","2024-10-30","2024-10-27","2024-10-29","2024-10-30","2034-10-28",,,,,,"DPE 3CL 2021 méthode logement",2.4,"dpe maison individuelle","F","C","maison",1973,"1948-1974",,,2.6,,,1,,,,250.9,,"Moyenne","inférieur à 400m","H2d","2 Chemin de Bas Picordon 84220 Gordes","2","Chemin de Bas Picordon","Gordes","84220","84050","84","93","84050_0045_00002",875865.1,6311109.14,0.42,"adresse géocodée ban à l'adresse","2 CHEMIN DE BAS PICORDON","GORDES",84220,0,,,"24/JARROSSON/1146",,"insuffisant",0,0,0,0,1,1009.2,106.5,301.7,152.2,110.4,8.9,110.6,218.9,"insuffisante","insuffisante","insuffisante",,,"insuffisante","moyenne",1.18,41249.1,1779.1,0,4960.9,0,10527.5,0,87072.3,347,78680.9,7253,0,1138.4,0,37857.5,150,34209.1,3153.5,0,495,0,2941.6,11,2702.5,205,0,34.2,0,"Électricité",37857.5,34209.1,3153.5,7649.9,6912.6,637.2,2941.6,2702.5,205,,,,,,,,,,,,,,,,,,,,,7649.9,6912.6,637.2,0,100,0,"Électricité","Radiateur électrique à accumulation","installation individuelle","radiateur électrique NFC, NF** et NF***","Installation de chauffage simple","Radiateur électrique à inertie (modélisé comme un radiateur NFC, NF** et NF***) (système individuel)",34209.1,250.9,,,"Radiateur électrique à accumulation","Électricité","chauffage","Electrique - Radiateur électrique à accumulation",34209.1,,,,,,,,,,,,,,,,,,,,,,,,"Électricité","Ballon électrique à accumulation vertical Catégorie B ou 2 étoiles",,,"installation individuelle","Un seul système d'ECS sans solaire","Ballon électrique à accumulation vertical (catégorie B ou 2 étoiles), contenance ballon 200 L",1665.3,1,125.4,"Non affecté",,,,"Ballon électrique à accumulation vertical Catégorie B ou 2 étoiles","Électricité","ecs","Electrique - Ballon électrique à accumulation vertical (catégorie B ou 2 étoiles)",200,,1665.3,,,,,,,,,,,,0,,,,,,,,,,,,0,
"2484E3895117O","2024-11-05","2023-01-09","2024-11-04","2024-11-05","2034-11-03","2384E0079190C",,,,,"DPE 3CL 2021 méthode logement",2.4,"dpe maison individuelle","C","A","maison",,"avant 1948",,,2.5,,,3,,,,151.7,,"Moyenne","inférieur à 400m","H2d","route des beaumettes 84220 Gordes",,"route des beaumettes","Gordes","84220","84050","84","93","84050_0063",876309.79,6311128.7,0.5,"adresse géocodée ban à l'adresse","HAMEAU LES MARTINS 
ROUTE DES BAUMETTES","GORDES",84220,0,,,"22/N369",,"insuffisant",0,1,0,0,1,501.5,64.2,227.5,11.6,27.8,0,30.5,139.9,"insuffisante","insuffisante","moyenne",,,"insuffisante","moyenne",1.38,23042.9,1353.1,2153.8,3153.5,429.7,1453.5,1005.2,27046.3,178,20856.8,4976.6,524.5,688.3,0,14943.6,98,12252.6,2163.8,228.1,299.3,0,867.8,5,691.9,140.6,14.6,20.6,0,"Électricité",9309.7,6618.6,2163.8,1955.4,1390.2,454.5,698.8,522.9,140.6,"Bois – Bûches",5633.9,5633.9,0,236.6,236.6,0,169,169,0,,,,,,,,,,,2192.1,1626.8,454.5,47.9,62.9,0,"Électricité","PAC air/air installée à partir de 2015","installation individuelle","Poêle bois","Installation de chauffage simple","Insert installé entre 1990 et 2004 (système individuel)",5633.9,20.8,,,"insert installé entre 1990 et 2004","Bois – Bûches","chauffage","Bois - Insert installé entre 1990 et 2004",5633.9,,,,,,"installation individuelle","Soufflage d'air chaud (air soufflé) avec distribution par fluide frigorigène","Installation de chauffage simple","PAC air/air sans réseau de distribution installée à partir de 2015 avec programmateur pièce par pièce (système individuel)",2636.4,97.6,,,"PAC air/air installée à partir de 2015","Électricité","chauffage","Electrique - PAC air/air sans réseau de distribution installée à partir de 2015",2636.4,,,,,,"Électricité","Ballon électrique à accumulation vertical Catégorie B ou 2 étoiles",,,"installation individuelle","Un seul système d'ECS sans solaire","Ballon électrique à accumulation vertical (catégorie B ou 2 étoiles), contenance ballon 200 L",2163.8,1,151.7,"Non affecté",,,,"Ballon électrique à accumulation vertical Catégorie B ou 2 étoiles","Électricité","ecs","Electrique - Ballon électrique à accumulation vertical (catégorie B ou 2 étoiles)",200,,2163.8,,,,,,,,,,,,0,"PAC air/air installée à partir de 2015","Électricité","A partir de 2015","Refroidissement - Electrique - Pompe à chaleur (divisé) - type split",151.7,228.1,"Il existe plusieurs descriptifs ENR",,,,,0,
"2484E2945134T","2024-08-26","2024-08-22","2024-08-25","2024-08-26","2034-08-24",,,,,,"DPE 3CL 2021 méthode logement",2.4,"dpe maison individuelle","G","C","maison",1900,"avant 1948",,,2.4,,,2,,,,56,,"Légère","inférieur à 400m","H2d","777 Chemin des Combettes 84220 Gordes","777","Chemin des Combettes","Gordes","84220","84050","84","93","84050_0132_00777",874916.07,6310716.73,0.79,"adresse géocodée ban à l'adresse","777 chemin des Combettes","GORDES",84220,,,,,,"insuffisant",1,1,0,0,0,360.9,49.3,132.2,69.8,15.5,8,21,65.1,"insuffisante","insuffisante","insuffisante",,,"moyenne","insuffisante",2.31,14238.6,851.9,0,1230693.8,0,1272040.6,0,26462.7,472.5,22945.6,3263,0,254.1,0,11505.5,205.5,9976.3,1418.7,0,110.5,0,888.2,15.8,788.1,92.2,0,7.6,0,"Électricité",11505.5,9976.3,1418.7,2389,2071,295,888,788.1,92.2,,,,,,,,,,,,,,,,,,,,,2389,2071,295,0,23,0,"Électricité","Convecteur électrique NFC, NF** et NF***","installation individuelle","Convecteur électrique NFC, NF** et NF***","Installation de chauffage simple","Chauffage sans solaire",9976.3,56,,,"Convecteur électrique NFC, NF** et NF***","Électricité","chauffage","Convecteur électrique NF***",9976.3,,,,,,,,,,,,,,,,,,,,,,,,"Électricité","Ballon électrique à accumulation horizontal",,,"installation individuelle","Un seul système d'ECS sans solaire","Chauffe-eau horizontal Electrique",1418.7,1,56,"Non affecté",,,,"Ballon électrique à accumulation horizontal","Électricité","ecs","Chauffe-eau horizontal",80,,1418.7,,,,,,,,,,,,0,,,,,,,,,,,,0,
"2484E4047676F","2024-11-17","2024-11-13","2024-11-16","2024-11-17","2034-11-15",,,,,,"DPE 3CL 2021 méthode logement",2.4,"dpe maison individuelle","C","A","maison",,"1989-2000",,,2.5,,,3,,,,311,,"Moyenne","inférieur à 400m","H2d","66 Chemin des Caquettes 84220 Gordes","66","Chemin des Caquettes","Gordes","84220","84050","84","93","84050_0104_00066",876538.83,6315618.01,0.57,"adresse non géocodée ban car aucune correspondance trouvée","Le clos des chênes
66, Chemin des caquettes","GORDES",84220,0,,,"2024-11-0029",,"insuffisant",0,1,0,0,1,857.4,114.2,197.1,43,44.3,29.7,171.7,257.4,"moyenne","moyenne","moyenne",,,"bonne","moyenne",0.74,24131.3,2037.5,7677.7,6056.9,825.3,15180.5,5384.2,36131.3,116,22413.1,9929.9,971.5,1411.4,1405.4,19899.5,63,13935.1,4317.3,422.4,613.7,611,1126.7,3,737.6,280.6,27,42.3,39.1,"Électricité",12486,6521.5,4317.3,2582,1348.6,892.8,904.3,515.2,280.6,"Bois – Bûches",7413.6,7413.6,0,311.4,311.4,0,222.4,222.4,0,,,,,,,,,,,2893.3,1660,892.8,87.3,126.9,126.4,"Bois – Bûches","PAC air/eau installée après 2017","installation individuelle","Poêle bois","Installation de chauffage avec insert ou poêle bois en appoint","PAC air/eau installée à partir de 2017 avec en appoint un insert installé à partir de 2018 avec label flamme verte (système individuel). Emetteur(s): plancher chauffant",12490.8,262,,,"insert installé installé à partir de 2018 avec label flamme verte","Bois – Bûches","chauffage","Bois - Insert installé à partir de 2018 avec label flamme verte",7413.6,"PAC air/eau installée après 2017","Électricité","chauffage","Electrique - PAC air/eau installée à partir de 2017",5077.3,"installation individuelle","Soufflage d'air chaud (air soufflé) avec distribution par réseau aéraulique","Installation de chauffage simple","PAC air/air installée à partir de 2015 (système individuel)",1444.3,49,,,"PAC air/air installée à partir de 2015","Électricité","chauffage","Electrique - PAC air/air sans réseau de distribution installée à partir de 2015",1444.3,,,,,,"Électricité","Ballon électrique à accumulation vertical Autres ou inconnue",,,"installation individuelle","Un seul système d'ECS sans solaire","Ballon électrique à accumulation vertical (autres catégorie ou inconnue), contenance ballon 300 L",2158.7,1,155.5,"Non affecté",,,,"Ballon électrique à accumulation vertical Autres ou inconnue","Électricité","ecs","Electrique - Ballon électrique à accumulation vertical (autres catégorie ou inconnue)",300,,2158.7,,,,,,,,,,,,0,"PAC air/air installée à partir de 2015","Électricité","A partir de 2015","Refroidissement - Electrique - Pompe à chaleur (divisé) - type split",121,422.4,"Il existe plusieurs descriptifs ENR",,,,,0,
"2484E3287815U","2024-09-20","2024-09-19","2024-09-19","2024-09-20","2034-09-18",,,,,,"DPE 3CL 2021 méthode logement",2.4,"dpe maison individuelle","D","B","maison",,"avant 1948",,,2.9,,,1,,,,82.5,,"Moyenne","inférieur à 400m","H2d","215 Chemin du Bois 84220 Gordes","215","Chemin du Bois","Gordes","84220","84050","84","93","84050_0072_00215",878963.92,6313952.32,0.44,"adresse géocodée ban à l'adresse","215 Chemin du Bois","GORDES",84220,0,,,"24/193_DUFOUR_VADAM","Ce bien fait partie d'une copropriété","moyen",1,1,0,0,1,352.5,26.7,94.3,66.3,27.9,6.7,28.6,102.1,"insuffisante","insuffisante","insuffisante",,,"insuffisante","moyenne",0.86,15147.7,1055.8,1740.3,1892.5,257.9,2545.9,971,20600.5,249,15270.6,3833.9,583.4,374.3,538.3,8956.7,108,6639.4,1666.9,253.6,162.7,234.1,675.3,8,524.5,108.4,16.2,11.2,15,"Électricité",8956.7,6639.4,1666.9,1885.8,1397.9,351,675.3,524.5,108.4,,,,,,,,,,,,,,,,,,,,,1885.8,1397.9,351,53.4,34.3,49.3,"Électricité","PAC air/air installée entre 2008 et 2014","installation individuelle","Soufflage d'air chaud (air soufflé) avec distribution par réseau aéraulique","Installation de chauffage simple","PAC air/air installée entre 2008 et 2014 avec programmateur pièce par pièce (système individuel)",6639.4,82.5,,,"PAC air/air installée entre 2008 et 2014","Électricité","chauffage","Electrique - PAC air/air sans réseau de distribution installée entre 2008 et 2014",6639.4,,,,,,,,,,,,,,,,,,,,,,,,"Électricité","Ballon électrique à accumulation vertical Catégorie B ou 2 étoiles",,,"installation individuelle","Un seul système d'ECS sans solaire","Ballon électrique à accumulation vertical (catégorie B ou 2 étoiles), contenance ballon 150 L",1666.9,1,82.5,"Non affecté",,,,"Ballon électrique à accumulation vertical Catégorie B ou 2 étoiles","Électricité","ecs","Electrique - Ballon électrique à accumulation vertical (catégorie B ou 2 étoiles)",150,,1666.9,,,,,,,,,,,,0,"PAC air/air installée entre 2008 et 2014","Électricité","2008-2014","Refroidissement - Electrique - Pompe à chaleur air/air",82.5,253.6,"pompe à chaleur",,,,,0,
"2484E3286766L","2024-09-20","2024-09-12","2024-09-19","2024-09-20","2034-09-18",,,,,,"DPE 3CL 2021 méthode logement",2.4,"dpe appartement individuel","C","A","appartement",1900,"avant 1948","individuel","individuel",2.7,,,1,,,,65.4,,"Légère","inférieur à 400m","H2d","1226 Avenue Justin Bonfils 84220 Gordes","1226","Avenue Justin Bonfils","Gordes","84220","84050","84","93","84050_0460_01226",875738.18,6312874.99,0.96,"adresse non géocodée ban car aucune correspondance trouvée","1226 avenue Justin Bonfils","GORDES",84220,1,,,"Sans objet","Privative","insuffisant",0,1,0,0,1,83.4,4,24.4,8.5,0,0,15.4,31.2,"très bonne","très bonne","très bonne","très bonne",,,"moyenne",0.29,2130.6,1094.6,0,1486662.6,0,923899.8,0,9460,144.7,4548.7,4255.9,0,296.6,358.8,4666.5,71.4,2531.2,1850.4,0,128.9,156,290.8,4.4,152,120.3,0,8.9,10,"Électricité",3687.3,1551.9,1850.4,857,361,430,261.8,122.6,120.3,"Bois – Bûches",979.2,979.2,0,41.1,41.1,0,29.4,29.4,0,,,,,,,,,,,898,402,430,0,30,36,"Électricité","Radiateur électrique à accumulation","installation individuelle","Radiateur électrique à accumulation","Installation de chauffage avec insert ou poêle bois en appoint","Avec insert ou poêle bois ou biomasse en appoint",2531.2,65.4,,,"Radiateur électrique à accumulation","Électricité","chauffage","Radiateur électrique à accumulation",1551.9,"Poêle bûche installé à partir de 2005 sans label flamme verte","Bois – Bûches","chauffage","Poêle bûche",979.2,,,,,,,,,,,,,,,,,,,"Électricité","Ballon électrique à accumulation vertical Catégorie B ou 2 étoiles",,,"installation individuelle","Un seul système d'ECS sans solaire","Chauffe-eau vertical Electrique",1850.4,1,65.4,"Non affecté",,,,"Ballon électrique à accumulation vertical Catégorie B ou 2 étoiles","Électricité","ecs","Chauffe-eau vertical",150,,1850.4,,,,,,,,,,,,0,,,,,,,,,,,,0,
"2484E3333565K","2024-09-24","2024-09-22","2024-09-23","2024-09-24","2034-09-22",,,,,,"DPE 3CL 2021 méthode logement",2.4,"dpe maison individuelle","F","C","maison",,"avant 1948",,,2.7,,,2,,,,105.7,,"Moyenne","inférieur à 400m","H2d","128 Chemin des Martins 84220 Gordes","128","Chemin des Martins","Gordes","84220","84050","84","93","84050_0545_00128",876432.11,6310578.51,0.47,"adresse géocodée ban à l'adresse","128 Chemin des Martins","GORDES",84220,0,,,"060100773",,"insuffisant",1,1,0,0,0,757.4,88.5,277.3,147.1,53.6,0,48.8,142,"insuffisante","insuffisante","insuffisante",,,"insuffisante","insuffisante",2.09,35990,1155.4,1803.8,2094.7,315.4,1536.1,787.1,35528.4,336,29709.2,4302.5,1037.2,479.5,0,15447.1,146,12917.1,1870.7,450.9,208.5,0,1185.3,11,1020.4,121.6,28.9,14.4,0,"Électricité",15447.1,12917.1,1870.7,3167.6,2648.8,383.6,1185.3,1020.4,121.6,,,,,,,,,,,,,,,,,,,,,3167.6,2648.8,383.6,92.5,42.7,0,"Électricité","PAC air/air installée avant 2008","installation individuelle","Soufflage d'air chaud (air soufflé) avec distribution par fluide frigorigène","Installation de chauffage simple","PAC air/air sans réseau de distribution installée avant 2008 (système individuel)",12917.1,105.7,,,"PAC air/air installée avant 2008","Électricité","chauffage","Electrique - PAC air/air sans réseau de distribution installée avant 2008",12917.1,,,,,,,,,,,,,,,,,,,,,,,,"Électricité","Ballon électrique à accumulation horizontal",,,"installation individuelle","Un seul système d'ECS sans solaire","Ballon électrique à accumulation horizontal, contenance ballon 100 L",1870.7,1,105.7,"Non affecté",,,,"Ballon électrique à accumulation horizontal","Électricité","ecs","Electrique - Ballon électrique à accumulation horizontal",100,,1870.7,,,,,,,,,,,,0,"PAC air/air installée avant 2008","Électricité","Avant 2008","Refroidissement - Electrique - Pompe à chaleur air/air",105.7,450.9,"pompe à chaleur",,,,,0,
"2484E2505657U","2024-07-11","2024-07-08","2024-07-10","2024-07-11","2034-07-09",,,,,,"DPE 3CL 2021 méthode logement",2.4,"dpe maison individuelle","B","A","maison",2003,"2001-2005",,,2.5,,,2,,,,296,,"Légère","inférieur à 400m","H2d","414 Chemin des Molliards 84220 Gordes","414","Chemin des Molliards","Gordes","84220","84050","84","93","84050_0560_00414",875596.38,6312915.31,0.46,"adresse géocodée ban à l'adresse","Mas des Roy 
414, Chemin des Molliards","GORDES",84220,0,,,"2024-07-0021",,"insuffisant",0,1,0,0,1,628,103,110.1,28.6,38.1,0,126.7,221.4,"moyenne","moyenne","bonne",,,"bonne","moyenne",0.7,24498.1,1973,5006.1,5783.6,788,6132.7,3164.4,23203,78,18819.7,2121.5,486.2,1343.3,432.2,10088.3,34,8182.5,922.4,211.4,584.1,187.9,772.2,2,646.4,60,13.5,40.3,12,"Électricité",10088.3,8182.5,922.4,2109,1710.6,192.8,772.2,646.4,60,,,,,,,,,,,,,,,,,,,,,2109,1710.6,192.8,44.2,122.1,39.3,"Électricité","PAC air/eau installée après 2017","installation individuelle","Plancher chauffant sur réseau individuel eau chaude haute température(sup ou egal 65°C)","Installation de chauffage simple","PAC air/eau installée à partir de 2017 avec programmateur avec réduit (système individuel). Emetteur(s): plancher chauffant",8182.5,296,,,"PAC air/eau installée après 2017","Électricité","chauffage + ecs","Electrique - PAC air/eau installée à partir de 2017",8182.5,,,,,,,,,,,,,,,,,,,,,,,,"Électricité","PAC double service après 2014",,,"installation individuelle","Un seul système d'ECS sans solaire","Combiné au système de chauffage, contenance ballon 260 L",922.4,1,296,"Non affecté",,,,"PAC double service après 2014","Électricité","chauffage + ecs","Electrique - PAC air/eau installée à partir de 2017",260,2.3,922.4,"A partir de 2015",,,,,,,,,,,0,"PAC air/air installée avant 2008","Électricité","Avant 2008","Refroidissement - Electrique - Pompe à chaleur (divisé) - type split",50,211.4,"pompe à chaleur",,,,,0,
"2484E3897766L","2024-11-05","2024-04-25","2024-11-04","2024-11-05","2034-11-03","2484E1577848V",,,,,"DPE 3CL 2021 méthode logement",2.4,"dpe appartement individuel","D","B","appartement",,"2006-2012","individuel","individuel",2.3,1,,1,,,4960,43.3,,"Moyenne","inférieur à 400m","H2d","Ancien Chemin des Beaumettes 84220 Gordes",,"Ancien Chemin des Beaumettes","Gordes","84220","84050","84","93","84050_0064",877663.12,6311268.62,0.37,"adresse géocodée ban à l'adresse","175 A CHEMIN DES MOULINS RESIDENCE LE DOMAINE DU MOULIN BLANC","BEAUMETTES, France",84220,0,,,"24/DUMAS/0101","Bat. C; Etage 1","moyen",1,1,0,0,1,78.9,9.8,15,8.7,0,3,8.9,33.6,"bonne","bonne","bonne",,,"très bonne","très bonne",0.49,2745.1,930.5,0,1202.9,0,438.3,0,10779.7,248,6049.3,3931.6,0,196.6,602.2,4686.8,108,2630.1,1709.4,0,85.5,261.8,341.5,7,207.8,111.1,0,5.9,16.8,"Électricité",4686.8,2630.1,1709.4,1049.5,592.3,385,341.5,207.8,111.1,,,,,,,,,,,,,,,,,,,,,1049.5,592.3,385,0,19.2,53.1,"Électricité","radiateur électrique NFC, NF** et NF***","installation individuelle","radiateur électrique NFC, NF** et NF***","Installation de chauffage simple","Radiateur électrique NFC, NF** et NF*** (système individuel)",2630.1,43.3,,,"radiateur électrique NFC, NF** et NF***","Électricité","chauffage","Electrique - Radiateur électrique NFC, NF** et NF***",2630.1,,,,,,,,,,,,,,,,,,,,,,,,"Électricité","Ballon électrique à accumulation vertical Catégorie B ou 2 étoiles",,,"installation individuelle","Un seul système d'ECS sans solaire","Ballon électrique à accumulation vertical (catégorie B ou 2 étoiles), contenance ballon 200 L",1709.4,1,43.3,"Non affecté",,,,"Ballon électrique à accumulation vertical Catégorie B ou 2 étoiles","Électricité","ecs","Electrique - Ballon électrique à accumulation vertical (catégorie B ou 2 étoiles)",200,,1709.4,,,,,,,,,,,,0,,,,,,,,,,,,0,
"2484E4378374J","2024-12-10","2024-12-09","2024-12-09","2024-12-10","2034-12-08",,,,,,"DPE 3CL 2021 méthode logement",2.4,"dpe maison individuelle","C","A","maison",,"2013-2021",,,2.4,,,2,,,,53.2,,"Légère","inférieur à 400m","H2d","427 Chemin des Bouilladoires 84220 Gordes","427","Chemin des Bouilladoires","Gordes","84220","84050","84","93","84050_0080_00427",876411.59,6311044.83,0.5,"adresse géocodée ban à l'adresse","427 Chemin des Bouilladoires","GORDES",84220,0,,,"GAUDEMARD/CT_241102/NGA","Maison 1","insuffisant",0,1,0,0,1,109.5,28,15.9,3.8,5.7,0,26.3,29.9,"bonne","très bonne","très bonne",,,"très bonne","moyenne",0.6,2623.3,821.6,0,1298.6,0,2534.9,0,8922.9,167,5371.2,3310.3,0,241.3,0,3879.5,72,2335.3,1439.3,0,104.9,0,285.3,5,184.5,93.6,0,7.2,0,"Électricité",3879.5,2335.3,1439.3,893.1,537.6,331.3,285.3,184.5,93.6,,,,,,,,,,,,,,,,,,,,,893.1,537.6,331.3,0,24.2,0,"Électricité","Plancher ou plafond rayonnant électrique avec régulation terminale","installation individuelle","Plancher rayonnant électrique avec régulation terminale","Installation de chauffage simple","Plancher rayonnant électrique avec régulation terminale avec programmateur pièce par pièce (système individuel)",2335.3,53.2,,,"Plancher ou plafond rayonnant électrique avec régulation terminale","Électricité","chauffage","Electrique - Plancher rayonnant électrique avec régulation terminale",2335.3,,,,,,,,,,,,,,,,,,,,,,,,"Électricité","Ballon électrique à accumulation vertical Autres ou inconnue",,,"installation individuelle","Un seul système d'ECS sans solaire","Ballon électrique à accumulation vertical (autres catégorie ou inconnue), contenance ballon 150 L",1439.3,1,53.2,"Non affecté",,,,"Ballon électrique à accumulation vertical Autres ou inconnue","Électricité","ecs","Electrique - Ballon électrique à accumulation vertical (autres catégorie ou inconnue)",150,,1439.3,,,,,,,,,,,,0,,,,,,,,,,,,0,
"2484E4378151U","2024-12-10","2024-12-09","2024-12-09","2024-12-10","2034-12-08",,,,,,"DPE 3CL 2021 méthode logement",2.4,"dpe maison individuelle","C","A","maison",,"2013-2021",,,2.5,,,2,,,,99.9,,"Légère","inférieur à 400m","H2d","427 Chemin des Bouilladoires 84220 Gordes","427","Chemin des Bouilladoires","Gordes","84220","84050","84","93","84050_0080_00427",876411.59,6311044.83,0.5,"adresse géocodée ban à l'adresse","427 Chemin des Bouilladoires","GORDES",84220,0,,,"GAUDEMARD/CT_241101/NGA","DPE pour maison 2","insuffisant",0,1,0,0,1,177.8,45.8,26.6,6.9,9.5,0,34.5,54.4,"bonne","très bonne","très bonne",,,"très bonne","moyenne",0.54,4610.1,1130.7,0,2210.2,0,3114.2,0,15276.1,152,9580.9,5241.8,0,453.4,0,6641.8,66,4165.6,2279.1,0,197.1,0,490.8,4,329.1,148.1,0,13.6,0,"Électricité",6641.8,4165.6,2279.1,1429.2,896.3,490.4,490.8,329.1,148.1,,,,,,,,,,,,,,,,,,,,,1429.2,896.3,490.4,0,42.4,0,"Électricité","Plancher ou plafond rayonnant électrique avec régulation terminale","installation individuelle","Plancher rayonnant électrique avec régulation terminale","Installation de chauffage simple","Plancher rayonnant électrique avec régulation terminale avec programmateur pièce par pièce (système individuel)",4165.6,99.9,,,"Plancher ou plafond rayonnant électrique avec régulation terminale","Électricité","chauffage","Electrique - Plancher rayonnant électrique avec régulation terminale",4165.6,,,,,,,,,,,,,,,,,,,,,,,,"Électricité","Ballon électrique à accumulation vertical Autres ou inconnue",,,"installation individuelle","Un seul système d'ECS sans solaire","Ballon électrique à accumulation vertical (autres catégorie ou inconnue), contenance ballon 300 L",2279.1,1,99.9,"Non affecté",,,,"Ballon électrique à accumulation vertical Autres ou inconnue","Électricité","ecs","Electrique - Ballon électrique à accumulation vertical (autres catégorie ou inconnue)",300,,2279.1,,,,,,,,,,,,0,,,,,,,,,,,,0,
"2484E3394196J","2024-09-28","2024-09-22","2024-09-27","2024-09-28","2034-09-26",,,,,,"DPE 3CL 2021 méthode logement",2.4,"dpe maison individuelle","E","B","maison",,"avant 1948",,,2.7,,,2,,,,105.7,,"Moyenne","inférieur à 400m","H2d","128 Chemin des Martins 84220 Gordes","128","Chemin des Martins","Gordes","84220","84050","84","93","84050_0545_00128",876432.11,6310578.51,0.47,"adresse géocodée ban à l'adresse","128 Chemin des Martins","GORDES",84220,0,,,"060100773",,"insuffisant",1,1,0,0,0,727.6,58.8,277.3,147.1,53.6,0,48.8,142,"insuffisante","insuffisante","insuffisante",,,"insuffisante","insuffisante",1.99,34434.5,1155.4,1795.3,2094.7,315.4,1536.1,787.1,34496.7,326,28682.4,4302.5,1032.3,479.5,0,14998.5,141,12470.6,1870.7,448.8,208.5,0,1149.9,10,985.2,121.6,28.7,14.4,0,"Électricité",14998.5,12470.6,1870.7,3077.6,2558.9,383.8,1149.9,985.2,121.6,,,,,,,,,,,,,,,,,,,,,3077.6,2558.9,383.8,92.1,42.8,0,"Électricité","PAC air/air installée avant 2008","installation individuelle","Soufflage d'air chaud (air soufflé) avec distribution par fluide frigorigène","Installation de chauffage simple","PAC air/air sans réseau de distribution installée avant 2008 (système individuel)",12470.6,105.7,,,"PAC air/air installée avant 2008","Électricité","chauffage","Electrique - PAC air/air sans réseau de distribution installée avant 2008",12470.6,,,,,,,,,,,,,,,,,,,,,,,,"Électricité","Ballon électrique à accumulation horizontal",,,"installation individuelle","Un seul système d'ECS sans solaire","Ballon électrique à accumulation horizontal, contenance ballon 100 L",1870.7,1,105.7,"Non affecté",,,,"Ballon électrique à accumulation horizontal","Électricité","ecs","Electrique - Ballon électrique à accumulation horizontal",100,,1870.7,,,,,,,,,,,,0,"PAC air/air installée avant 2008","Électricité","Avant 2008","Refroidissement - Electrique - Pompe à chaleur air/air",105.7,448.8,"pompe à chaleur",,,,,0,
"2484E4297236R","2024-12-04","2024-11-28","2024-12-03","2024-12-04","2034-12-02",,,,,,"DPE 3CL 2021 méthode logement",2.4,"dpe maison individuelle","E","E","maison",1900,"avant 1948",,,2.6,,,2,,,,150.9,,"Lourde","inférieur à 400m","H2d","103 Chemin du Plan de Gordes 84220 Gordes","103","Chemin du Plan de Gordes","Gordes","84220","84050","84","93","84050_0695_00103",878877.5,6312516.32,0.95,"adresse géocodée ban à l'adresse","103 chemin du Plan de Gordes","GORDES",84220,0,,,"Sans objet","Unique","bon",1,1,0,1,1,507.5,19.6,290.5,7.7,39.4,18.2,23.1,108.9,"insuffisante","insuffisante",,"très bonne",,"moyenne","moyenne",1.17,18732.5,1349.9,0,2841517,0,1835319.3,0,31841.9,210.9,24842,4968.9,0,685,1346,27885.4,184.7,24842,2160.4,0,297.8,585.2,8247.4,54.6,8048.8,140.4,0,20.6,37.5,"Fioul domestique",24842,24842,0,3682,3682,0,8048.8,8048.8,0,"Électricité",3043.4,0,2160.4,735,0,522,198.4,0,140.4,,,,,,,,,,,4417,3682,522,0,72,141,"Fioul domestique","Chaudière fioul basse température après 2015","installation individuelle","Radiateur bitube sans robinet thermostatique sur réseau individuel eau chaude basse ou moyenne température(inf 65°C)","Installation de chauffage simple","Chauffage sans solaire",24842,150.9,,,"Chaudière fioul basse température après 2015","Fioul domestique","chauffage","Chaudière basse température",24842,,,,,,,,,,,,,,,,,,,,,,,,"Électricité","Ballon électrique à accumulation vertical Catégorie B ou 2 étoiles",,,"installation individuelle","Un seul système d'ECS sans solaire","Chauffe-eau vertical Electrique",2160.4,1,150.9,"Non affecté",,,,"Ballon électrique à accumulation vertical Catégorie B ou 2 étoiles","Électricité","ecs","Chauffe-eau vertical",200,,2160.4,,,,,,,,,,,,0,,,,,,,,,,,,0,
"2484E4078371U","2024-11-19","2024-11-18","2024-11-18","2024-11-19","2034-11-17",,,,,,"DPE 3CL 2021 méthode logement",2.4,"dpe maison individuelle","D","B","maison",,"avant 1948",,,2.5,,,1,,,,75,,"Très lourde","inférieur à 400m","H2d","Chemin des Mians 84220 Gordes",,"Chemin des Mians","Gordes","84220","84050","84","93","84050_0550",876200.42,6315127.94,0.43,"adresse géocodée ban à l'adresse","136, Chemin des MIANS","GORDES",84220,0,,,"2024-11-0067",,"insuffisant",0,1,0,1,1,516.5,38.6,194.8,103.7,37.3,0,33.7,108.5,"insuffisante","insuffisante","moyenne",,,"insuffisante","moyenne",1.28,20544.7,1023.7,1648.3,1589.3,239.3,1838.4,803,16197.1,215,14692.7,0,536,340.4,628,7042.2,93,6388.1,0,233.1,148,273.1,547.3,7,504.7,0,14.9,10.2,17.5,"Électricité",7042.2,6388.1,0,1508.1,1368.1,0,547.3,504.7,0,,,,,,,,,,,,,,,,,,,,,1508.1,1368.1,0,49.9,31.7,58.5,"Électricité","PAC air/air installée à partir de 2015","installation individuelle","Soufflage d'air chaud (air soufflé) avec distribution par réseau aéraulique","Installation de chauffage simple","PAC air/air installée à partir de 2015 avec programmateur pièce par pièce (système individuel)",6388.1,75,,,"PAC air/air installée à partir de 2015","Électricité","chauffage","Electrique - PAC air/air sans réseau de distribution installée à partir de 2015",6388.1,,,,,,,,,,,,,,,,,,,,,,,,"Non affecté",,,,,,,,,,,,,,,,,,,,,,,,,,,,,,,,0,"PAC air/air installée à partir de 2015","Électricité","A partir de 2015","Refroidissement - Electrique - Pompe à chaleur (divisé) - type split",75,233.1,"pompe à chaleur",,,,,0,
"2484E3006384N","2024-08-30","2024-08-06","2024-08-29","2024-08-30","2034-08-28",,,,,,"DPE 3CL 2021 méthode logement",2.4,"dpe maison individuelle","E","D","maison",1973,"1948-1974",,,2.8,,,2,,,,130.8,,"Légère","inférieur à 400m","H2d","774 Route des Moines 84220 Gordes","774","Route des Moines","Gordes","84220","84050","84","93","84050_0565_00774",876477.82,6314250.15,0.5,"adresse géocodée ban à l'adresse","774 Route Des Moines","GORDES",84220,0,,,"070824774P",,"insuffisant",0,1,0,0,1,690.5,66,319.4,35.5,39.5,5.4,60.2,164.5,"insuffisante","insuffisante","insuffisante",,,"insuffisante","insuffisante",1.37,32243.1,1263.2,2702.7,2772.3,377.7,3509.5,1477.2,43083.7,329,39548,1658.6,475.4,593.4,808.3,28985.7,221,26510.9,1658.6,206.7,258,351.4,5780.1,44,5275.5,451.1,13.2,17.8,22.5,"GPL",18141,16482.4,1658.6,2843.1,2583.1,259.9,4934.4,4483.2,451.1,"Électricité",10844.6,10028.5,0,2258.2,2088.3,0,845.8,792.3,0,,,,,,,,,,,5101.3,4671.4,259.9,43,53.7,73.2,"GPL","Chaudière gpl/propane/butane à condensation après 2015","installation individuelle","Radiateur monotube sans robinet thermostatique sur réseau individuel eau chaude basse ou moyenne température(inf 65°C)","Installation de chauffage simple","Chaudière individuelle GPL/propane/butane à condensation installée à partir de 2016. Emetteur(s): radiateur monotube sans robinet thermostatique",16482.4,58.3,,,"Chaudière gpl/propane/butane à condensation après 2015","GPL","chauffage","GPL - Chaudière GPL/propane/butane à condensation installée à partir de 2016",16482.4,,,,,,"installation individuelle","Convecteur électrique NFC, NF** et NF***","Installation de chauffage simple","Convecteur électrique NFC, NF** et NF*** (système individuel)",6553.2,32.4,,,"Convecteur électrique NFC, NF** et NF***","Électricité","chauffage","Electrique - Convecteur électrique NFC, NF** et NF***",6553.2,,,,,,"GPL","Chaudière gpl/propane/butane à condensation après 2015",,,"installation individuelle","Un seul système d'ECS sans solaire","Chaudière individuelle GPL/propane/butane à condensation installée à partir de 2016",1658.6,1,130.8,"Non affecté",,,,"Chaudière gpl/propane/butane à condensation après 2015","GPL","ecs","GPL - Chaudière GPL/propane/butane à condensation installée à partir de 2016",0,,1658.6,,,,,,,,,,,,0,"PAC air/air installée avant 2008","Électricité","Avant 2008","Refroidissement - Electrique - Pompe à chaleur (divisé) - type split",40,206.7,"pompe à chaleur",,,,,0,
"2484E2887352J","2024-08-14","2024-08-12","2024-08-13","2024-08-14","2034-08-12",,,,,,"DPE 3CL 2021 méthode logement",2.4,"dpe appartement individuel","C","A","appartement",2006,"2006-2012","individuel","individuel",2.4,,,1,,,,43.5,,"Lourde","inférieur à 400m","H2d","Chemin du Moulin des Roberts 84220 Gordes",,"Chemin du Moulin des Roberts","Gordes","84220","84050","84","93","84050_0575",879289.05,6312092.17,0.53,"adresse géocodée ban à l'adresse","175A chemin du Moulin des Roberts","BEAUMETTES",84220,,,"Résidence le Domaine du Moulin Blanc Bâtiment",,,"bon",1,1,0,1,0,57.4,0,9.4,0,10.1,3,10,24.8,"très bonne","bonne",,,,"très bonne","très bonne",0.41,1075.6,932.5,0,1206864.4,0,771223.7,0,6702.1,154,2371.1,3528.8,0,197.4,604.7,2914,67,1030.9,1534.3,0,85.8,262.9,204,4.6,81.4,99.7,0,5.9,16.8,"Électricité",2914,1030.9,1534.3,710,251,374,203.9,81.4,99.7,,,,,,,,,,,,,,,,,,,,,710,251,374,0,21,64,"Électricité","Convecteur électrique NFC, NF** et NF***","installation individuelle","Convecteur électrique NFC, NF** et NF***","Installation de chauffage simple","Chauffage sans solaire",1030.9,43.5,,,"Convecteur électrique NFC, NF** et NF***","Électricité","chauffage","Convecteur électrique NFC",1030.9,,,,,,,,,,,,,,,,,,,,,,,,"Électricité","Ballon électrique à accumulation vertical Catégorie B ou 2 étoiles",,,"installation individuelle","Un seul système d'ECS sans solaire","Chauffe-eau vertical Electrique",1534.3,1,43.5,"Non affecté",,,,"Ballon électrique à accumulation vertical Catégorie B ou 2 étoiles","Électricité","ecs","Chauffe-eau vertical",150,,1534.3,,,,,,,,,,,,0,,,,,,,,,,,,0,
"2484E2552150Z","2024-12-12","2024-07-11","2024-07-14","2024-07-15","2034-07-13",,,"TBR36BJH97RX",,,"DPE 3CL 2021 méthode logement",2.4,"dpe appartement individuel","B","A","appartement",,"avant 1948","individuel","individuel",2.5,1,,3,,,,72.7,,"Lourde","inférieur à 400m","H2d","129 Rue Baptistin Picca 84220 Gordes","129","Rue Baptistin Picca","Gordes","84220","84050","84","93","84050_0035_00129",876794.17,6314958.83,0.48,"adresse géocodée ban à l'adresse","129 Rue Baptistin Pica","GORDES",84220,0,,,"24/IMO/0357_p01",,"insuffisant",0,1,0,1,1,99.6,7.6,23.3,5.8,0.6,6,6.8,49.5,"bonne","insuffisante","très bonne",,,"insuffisante","moyenne",0.64,3243.3,1138.8,865.9,1614.2,243.1,506.8,441.9,7995.2,109,4050.9,3116.4,497.9,329.9,0,3476.2,47,1761.3,1355,216.5,143.4,0,251,3,139.1,88.1,13.9,9.9,0,"Électricité",3476.2,1761.3,1355,816.7,413.8,318.3,251,139.1,88.1,,,,,,,,,,,,,,,,,,,,,816.7,413.8,318.3,50.9,33.7,0,"Électricité","PAC air/air installée avant 2008","installation individuelle","Soufflage d'air chaud (air soufflé) avec distribution par fluide frigorigène","Installation de chauffage simple","PAC air/air sans réseau de distribution installée avant 2008 (système individuel)",1314.1,62.7,,,"PAC air/air installée avant 2008","Électricité","chauffage","Electrique - PAC air/air sans réseau de distribution installée avant 2008",1314.1,,,,,,"installation individuelle","Convecteur électrique NFC, NF** et NF***","Installation de chauffage simple","Convecteur électrique NFC, NF** et NF*** (système individuel)",447.1,10,,,"Convecteur électrique NFC, NF** et NF***","Électricité","chauffage","Electrique - Convecteur électrique NFC, NF** et NF***",447.1,,,,,,"Électricité","Ballon électrique à accumulation vertical Catégorie B ou 2 étoiles",,,"installation individuelle","Un seul système d'ECS sans solaire","Ballon électrique à accumulation vertical (catégorie B ou 2 étoiles), contenance ballon 30 L",1355,1,72.7,"Non affecté",,,,"Ballon électrique à accumulation vertical Catégorie B ou 2 étoiles","Électricité","ecs","Electrique - Ballon électrique à accumulation vertical (catégorie B ou 2 étoiles)",30,,1355,,,,,,,,,,,,0,"PAC air/air installée avant 2008","Électricité","Avant 2008","Refroidissement - Electrique - Pompe à chaleur air/air",72.7,216.5,"pompe à chaleur",,,,,0,
"2484E3944524V","2024-11-07","2024-10-24","2024-11-06","2024-11-07","2034-11-05","2484E3773959Q",,,,,"DPE 3CL 2021 méthode logement",2.4,"dpe maison individuelle","D","B","maison",,"avant 1948",,,2.7,,,1,,,,173.5,,"Lourde","inférieur à 400m","H2d","49 Chemin des Reirettes 84220 Gordes","49","Chemin des Reirettes","Gordes","84220","84050","84","93","84050_0750_00049",877489.23,6315509.6,0.95,"adresse non géocodée ban car aucune correspondance trouvée","49 Chemin des Reirettes","GORDES",84220,0,,,"005AE007301",,"insuffisant",0,1,0,1,1,688.8,74,158.2,45.5,74.5,0,81.6,255,"moyenne","insuffisante","moyenne",,,"insuffisante","moyenne",0.75,29215.6,1447,4159.4,3214,484,3862.7,2534.4,39644.4,228,30605.6,6232.9,708.8,787.5,1309.6,20145.3,116,16215.4,2709.9,308.2,342.4,569.4,1284.8,7,1028.9,176.1,19.7,23.6,36.4,"Électricité",14999.3,11069.4,2709.9,3077.8,2271.4,556.1,1130.4,874.5,176.1,"Bois – Bûches",5146,5146,0,216.1,216.1,0,154.4,154.4,0,,,,,,,,,,,3293.9,2487.5,556.1,63.2,70.3,116.8,"Électricité","PAC air/air installée à partir de 2015","installation individuelle","Convecteur électrique NFC, NF** et NF***","Installation de chauffage avec insert ou poêle bois en appoint","Convecteur électrique NFC, NF** et NF*** avec en appoint un insert installé de 2005 à 2006 avec label flamme verte avec programmateur pièce par pièce (système individuel)",12689,73.5,,,"Convecteur électrique NFC, NF** et NF***","Électricité","chauffage","Electrique - Convecteur électrique NFC, NF** et NF***",7543.1,"insert installé installé de 2005 à 2006 avec label flamme verte","Bois – Bûches","chauffage","Bois - Insert installé de 2005 à 2006 avec label flamme verte",5146,"installation individuelle","Soufflage d'air chaud (air soufflé) avec distribution par fluide frigorigène","Installation de chauffage simple","PAC air/air sans réseau de distribution installée à partir de 2015 avec programmateur pièce par pièce (système individuel)",3526.3,100,,,"PAC air/air installée à partir de 2015","Électricité","chauffage","Electrique - PAC air/air sans réseau de distribution installée à partir de 2015",3526.3,,,,,,"Électricité","Ballon électrique à accumulation vertical Catégorie B ou 2 étoiles",,,"installation individuelle","Un seul système d'ECS sans solaire","Ballon électrique à accumulation vertical (catégorie B ou 2 étoiles), contenance ballon 300 L",2709.9,1,173.5,"Non affecté",,,,"Ballon électrique à accumulation vertical Catégorie B ou 2 étoiles","Électricité","ecs","Electrique - Ballon électrique à accumulation vertical (catégorie B ou 2 étoiles)",300,,2709.9,,,,,,,,,,,,0,"PAC air/air installée à partir de 2015","Électricité","A partir de 2015","Refroidissement - Electrique - Pompe à chaleur (divisé) - type split",100,308.2,"Il existe plusieurs descriptifs ENR",,,,,0,
"2484E4364523Q","2024-12-10","2024-12-08","2024-12-09","2024-12-10","2034-12-08",,,,,,"DPE 3CL 2021 méthode logement",2.4,"dpe maison individuelle","G","C","maison",,"avant 1948",,,3,,,2,,,,175,,"Lourde","inférieur à 400m","H2d","1447 Chemin des Gros 84220 Gordes","1447","Chemin des Gros","Gordes","84220","84050","84","93","84050_0340_01447",875404.32,6310674.07,0.52,"adresse géocodée ban à l'adresse","1447 chemin des Gros","GORDES",84220,0,,,"GUERRIVE/CT_2411864/TFL",,"insuffisant",1,1,0,1,0,932.6,93.9,375.6,117.1,49.7,7,83.7,205.5,"insuffisante","insuffisante",,"insuffisante",,"insuffisante","insuffisante",1.74,36438.3,1453.3,0,3238.2,0,3463.9,0,76780.4,438,71113.8,4872.5,0,794.2,0,33382.8,190,30919,2118.5,0,345.3,0,2604.1,14,2442.6,137.7,0,23.8,0,"Électricité",33382.8,30919,2118.5,6754.9,6256.4,428.7,2604.1,2442.6,137.7,,,,,,,,,,,,,,,,,,,,,6754.9,6256.4,428.7,0,69.9,0,"Électricité","Convecteur électrique NFC, NF** et NF***","installation individuelle","Convecteur électrique NFC, NF** et NF***","Installation de chauffage simple","Convecteur électrique NFC, NF** et NF*** (système individuel)",30919,175,,,"Convecteur électrique NFC, NF** et NF***","Électricité","chauffage","Electrique - Convecteur électrique NFC, NF** et NF***",30919,,,,,,,,,,,,,,,,,,,,,,,,"Électricité","Ballon électrique à accumulation vertical Autres ou inconnue",,,"installation individuelle","Un seul système d'ECS sans solaire","Ballon électrique à accumulation vertical (autres catégorie ou inconnue), contenance ballon 150 L",2118.5,1,175,"Non affecté",,,,"Ballon électrique à accumulation vertical Autres ou inconnue","Électricité","ecs","Electrique - Ballon électrique à accumulation vertical (autres catégorie ou inconnue)",150,,2118.5,,,,,,,,,,,,0,,,,,,,,,,,,0,
"2484E3437478B","2024-10-01","2024-09-17","2024-09-30","2024-10-01","2034-09-29",,,,,,"DPE 3CL 2021 méthode logement",2.4,"dpe maison individuelle","D","B","maison",1992,"1989-2000",,,2.5,,,1,,,,155.7,,"Légère","inférieur à 400m","H2d","Chemin de la Calade 84220 Gordes",,"Chemin de la Calade","Gordes","84220","84050","84","93","84050_0098",876653.61,6314682.01,0.45,"adresse géocodée ban à l'adresse","Village de Goult 687 Chemin de Malvallat","GORDES, France",84220,0,,,"KD/IMO/0423",,"moyen",1,1,0,0,1,473.6,27,101.2,65.4,56.4,7,64.3,152.3,"bonne","moyenne",,,"insuffisante","moyenne","moyenne",0.61,19943.2,1370.5,0,3227.5,0,3898.9,0,38221.1,245,31382.3,4412.1,0,706.7,1720,16617.9,106,13644.5,1918.3,0,307.3,747.8,1271.7,8,1077.9,124.7,0,21.2,47.9,"Électricité",16617.9,13644.5,1918.3,3401.7,2793.1,392.7,1271.7,1077.9,124.7,,,,,,,,,,,,,,,,,,,,,3401.7,2793.1,392.7,0,62.9,153.1,"Électricité","PAC air/air installée avant 2008","installation individuelle","Plafond rayonnant électrique avec régulation terminale","Installation de chauffage simple","Plafond rayonnant électrique avec régulation terminale (système individuel)",8536.7,77.9,,,"Plancher ou plafond rayonnant électrique avec régulation terminale","Électricité","chauffage","Electrique - Plancher rayonnant électrique avec régulation terminale",8536.7,,,,,,"installation individuelle","Soufflage d'air chaud (air soufflé) avec distribution par réseau aéraulique","Installation de chauffage simple","PAC air/air installée avant 2008 (système individuel)",5107.8,77.9,,,"PAC air/air installée avant 2008","Électricité","chauffage","Electrique - PAC air/air sans réseau de distribution installée avant 2008",5107.8,,,,,,"Électricité","Ballon électrique à accumulation vertical Autres ou inconnue",,,"installation individuelle","Un seul système d'ECS sans solaire","Ballon électrique à accumulation vertical (autres catégorie ou inconnue), contenance ballon 120 L",1918.3,1,155.7,"Non affecté",,,,"Ballon électrique à accumulation vertical Autres ou inconnue","Électricité","ecs","Electrique - Ballon électrique à accumulation vertical (autres catégorie ou inconnue)",120,,1918.3,,,,,,,,,,,,0,,,,,,,"pompe à chaleur",,,,,0,
"2484E3448354J","2024-10-02","2024-09-29","2024-10-01","2024-10-02","2034-09-30","2484E3413217Y",,,,,"DPE 3CL 2021 méthode logement",2.4,"dpe maison individuelle","E","B","maison",1982,"1978-1982",,,2.5,,,1,,,,116.8,,"Légère","inférieur à 400m","H2d","187 Chemin des Martins 84220 Gordes","187","Chemin des Martins","Gordes","84220","84050","84","93","84050_0545_00187",876389.47,6310611.01,0.47,"adresse géocodée ban à l'adresse","187 Chemin Des Martins","GORDES",84220,0,,,"197127",,"moyen",1,1,0,0,1,361.1,12.6,68.3,32.8,41.9,8.6,67.4,129.6,"bonne","insuffisante",,"insuffisante",,"insuffisante","insuffisante",0.63,13835.4,1203.5,2559.9,2518.8,343.2,4563.1,1645.7,30423.2,260,23542.8,5421.8,928.4,530.3,0,17109.6,146,14118.2,2357.3,403.6,230.5,0,973.7,8,778.8,153.2,25.8,15.9,0,"Électricité",10241.2,7249.7,2357.3,2139.2,1514.3,492.4,767.7,572.7,153.2,"Bois – Bûches",6868.4,6868.4,0,288.5,288.5,0,206.1,206.1,0,,,,,,,,,,,2427.7,1802.8,492.4,84.3,48.2,0,"Électricité","Panneau rayonnant électrique NFC, NF** et NF***","installation individuelle","Poêle bois","Installation de chauffage simple","Foyer fermé installé avant 1990 (système individuel)",6868.4,26.9,,,"Foyer fermé installé avant 1990","Bois – Bûches","chauffage","Bois - Foyer fermé installé avant 1990",6868.4,,,,,,"installation individuelle","Panneau rayonnant NFC, NF** et NF***","Installation de chauffage simple","Panneau rayonnant électrique NFC, NF** et NF*** (système individuel)",6062.2,59.9,,,"Panneau rayonnant électrique NFC, NF** et NF***","Électricité","chauffage","Electrique - Panneau rayonnant électrique NFC, NF** et NF***",6062.2,,,,,,"Électricité","Ballon électrique à accumulation vertical Autres ou inconnue",,,"installation individuelle","Un seul système d'ECS sans solaire","Ballon électrique à accumulation vertical (autres catégorie ou inconnue), contenance ballon 300 L",2357.3,1,116.8,"Non affecté",,,,"Ballon électrique à accumulation vertical Autres ou inconnue","Électricité","ecs","Electrique - Ballon électrique à accumulation vertical (autres catégorie ou inconnue)",300,,2357.3,,,,,,,,,,,,0,"PAC air/air installée avant 2008","Électricité","Avant 2008","Refroidissement  2 - Electrique - Pompe à chaleur (divisé) - type split",53.8,294.5,"Il existe plusieurs descriptifs ENR",,,,,0,
"2484E3277041K","2024-09-20","2024-09-10","2024-09-19","2024-09-20","2034-09-18",,,,,,"DPE 3CL 2021 méthode logement",2.4,"dpe maison individuelle","F","F","maison",,"1948-1974",,,2.5,,,1,,,,117,,"Moyenne","inférieur à 400m","H2d","119 Chemin de la Croix du Coq 84220 Gordes","119","Chemin de la Croix du Coq","Gordes","84220","84050","84","93","84050_0147_00119",877340.51,6315230.54,0.47,"adresse géocodée ban à l'adresse","119, Chemin de la croix du coq","GORDES",84220,0,,,"2024-09-0058",,"moyen",1,1,0,0,1,628.2,108.4,280.4,26.8,36.7,8.7,47.7,119.6,"insuffisante","insuffisante",,"moyenne",,"moyenne","insuffisante",1.37,29082,1204.1,0,2521.8,0,3270.6,0,46663,398,42051.5,3340.1,0,531,740.4,45944.3,392,42051.5,3340.1,0,230.9,321.9,10504.7,89,9386,1082.2,0,15.9,20.6,"Fioul domestique",30974.4,27634.3,3340.1,4590.7,4095.7,495,10035.7,8953.5,1082.2,"Bois – Bûches",14417.2,14417.2,0,605.5,605.5,0,432.5,432.5,0,"Électricité",552.8,0,0,191.9,0,0,36.5,0,0,5388.2,4701.2,495,0,80.2,111.8,"Fioul domestique","Chaudière fioul classique 1970-1975","installation individuelle","Radiateur monotube avec robinet thermostatique sur réseau individuel eau chaude haute température(sup ou egal 65°C)","Installation de chauffage avec insert ou poêle bois en appoint","Chaudière individuelle fioul classique installée entre 1970 et 1975 avec en appoint un insert installé avant 1990 avec programmateur avec réduit. Emetteur(s): radiateur monotube avec robinet thermostatique",42051.5,117,,,"Chaudière fioul classique 1970-1975","Fioul domestique","chauffage + ecs","Fioul - Chaudière fioul classique installée entre 1970 et 1975",27634.3,"insert installé avant 1990","Bois – Bûches","chauffage","Bois - Insert installé avant 1990",14417.2,,,,,,,,,,,,,,,,,,,"Fioul domestique","Chaudière fioul classique 1970-1975",,,"installation individuelle","Un seul système d'ECS sans solaire","Combiné au système de chauffage",3340.1,1,117,"Non affecté",,,,"Chaudière fioul classique 1970-1975","Fioul domestique","chauffage + ecs","Fioul - Chaudière fioul classique installée entre 1970 et 1975",0,,3340.1,,,,,,,,,,,,0,,,,,,,"chauffage au bois",,,,,0,
"2484E3990382P","2024-11-13","2024-11-11","2024-11-12","2024-11-13","2034-11-11",,,,,,"DPE 3CL 2021 méthode logement",2.4,"dpe maison individuelle","C","C","maison",1995,"1989-2000",,,2.6,,,2,,,,150,,"Légère","inférieur à 400m","H2d","233 Chemin de la Cerisaie 84220 Gordes","233","Chemin de la Cerisaie","Gordes","84220","84050","84","93","84050_0109_00233",874195.9,6311954.49,0.8,"adresse géocodée ban à l'adresse","233 chemin de la Cerisaie","GORDES",84220,,,"Les Imberts",,,"insuffisant",0,1,0,0,1,507.4,83.6,89.9,32.5,69.3,7,55.8,169.4,"moyenne","moyenne","moyenne",,,"moyenne","moyenne",0.75,19771.5,1345.9,1970.5,3123109.4,425531.5,2300841.1,894378.1,25889.4,172.5,18742.2,4365.4,440.4,680.7,1660.7,16564.2,110.4,12635.9,2718.8,191.5,296,722,3574.5,23.8,2943.2,552.8,12.3,20.4,46.2,"Fioul domestique",9390.9,7938.8,1452.1,1392,1177,215,3042.6,2572.2,470.5,"Électricité",7173.3,4697.1,1266.7,1533,1004,271,532.3,371.1,82.3,,,,,,,,,,,2925,2181,486,41,63,154,"Fioul domestique","PAC air/air installée entre 2008 et 2014","installation individuelle","Plancher chauffant sur réseau individuel eau chaude basse ou moyenne température(inf 65°C)","Installation de chauffage simple","Chauffage sans solaire",7938.8,50,,,"Chaudière fioul standard 1991-2015","Fioul domestique","chauffage + ecs","Chaudière standard",7938.8,,,,,,"installation individuelle","Soufflage d'air chaud (air soufflé) avec distribution par fluide frigorigène","Installation de chauffage simple","Chauffage sans solaire",4697.1,100,,,"PAC air/air installée entre 2008 et 2014","Électricité","chauffage","Pompe à chaleur Air/Air",4697.1,,,,,,"Fioul domestique","Ballon électrique à accumulation vertical Catégorie C ou 3 étoiles",,,"installation individuelle","Deux systèmes d'ECS dans une maison ou un appartement","Chaudière standard Fioul",1452.1,1,75,"Non affecté",,,,"Chaudière fioul standard 1991-2015","Fioul domestique","chauffage + ecs","Chaudière standard",0,,1452.1,,,,,,,,,,,,0,"PAC air/air installée entre 2008 et 2014","Électricité","2008-2014","Pac air / air",100,191.5,"pompe à chaleur",,,,,0,
"2484E3992907S","2024-11-13","2024-10-29","2024-11-12","2024-11-13","2034-11-11",,,,,,"DPE 3CL 2021 méthode logement",2.4,"dpe maison individuelle","G","C","maison",1900,"avant 1948",,,2.5,,,2,,,,133.7,,"Lourde","inférieur à 400m","H2d","Route de Murs 84220 Gordes",,"Route de Murs","Gordes","84220","84050","84","93","84050_0580",876783.42,6315473.98,0.61,"adresse non géocodée ban car aucune correspondance trouvée","route D60","MURS",84220,,,"Domaine La Tuilière",,,"bon",1,1,0,1,1,617.9,137.6,233,17.1,43.8,11.9,32.4,142.2,"insuffisante","insuffisante",,"bonne","moyenne","moyenne","moyenne",1.35,23159.2,1275.9,0,2557230.2,0,2992478,0,57493.5,430,51667.7,4721.3,0,606.8,497.7,30686.2,229.5,28153.3,2052.7,0,263.8,216.4,1895.9,14.1,1730.9,133.4,0,18.2,13.8,"Électricité",20621,18088.1,2052.7,4202,3686,418,1594.4,1429,133.4,"Bois – Bûches",10065.2,10065.2,0,422.7,422.7,0,302,302,0,,,,,,,,,,,4625,4109,418,0,54,44,"Électricité","Chaudière électrique","installation individuelle","Poêle bois","Installation de chauffage avec insert ou poêle bois en appoint","Avec insert ou poêle bois ou biomasse en appoint",28153.3,133.7,,,"Chaudière électrique","Électricité","chauffage","Chaudière électrique",18088.1,"insert installé entre 1990 et 2004","Bois – Bûches","chauffage","Insert",10065.2,,,,,,,,,,,,,,,,,,,"Électricité","Ballon électrique à accumulation vertical Autres ou inconnue",,,"installation individuelle","Un seul système d'ECS sans solaire","Chauffe-eau vertical Electrique",2052.7,1,133.7,"Non affecté",,,,"Ballon électrique à accumulation vertical Autres ou inconnue","Électricité","ecs","Chauffe-eau vertical",100,,2052.7,,,,,,,,,,,,0,,,,,,,"chauffage au bois",,,,,0,
"2484E2592608B","2024-12-30","2024-07-15","2024-07-16","2024-07-17","2034-07-15",,,"QWSPKFMC7K9T",,,"DPE 3CL 2021 méthode logement",2.4,"dpe maison individuelle","G","C","maison",,"1948-1974",,,2.6,,,2,,,,181.9,,"Légère","inférieur à 400m","H2d","96 Chemin du Serre 84220 Gordes","96","Chemin du Serre","Gordes","84220","84050","84","93","84050_0820_00096",875310.97,6310813.34,0.45,"adresse géocodée ban à l'adresse","96, Chemin du Serre
Hameau les Gros","GORDES",84220,0,,,"2024-07-0093",,"insuffisant",0,1,0,0,1,974.7,75.6,462,116.6,59.7,0,82.8,177.9,"insuffisante","insuffisante","insuffisante",,,"insuffisante","insuffisante",1.56,45862.4,1482.9,0,3704.4,0,4357.5,0,94604.6,520,86795.4,6983.7,0,825.5,0,54083.8,297,50688.5,3036.4,0,358.9,0,3103.7,17,2881.6,197.4,0,24.8,0,"Électricité",31169.8,27774.5,3036.4,6312.3,5624.7,614.9,2416.3,2194.2,197.4,"Bois – Bûches",22914,22914,0,962.4,962.4,0,687.4,687.4,0,,,,,,,,,,,7274.7,6587.1,614.9,0,72.7,0,"Électricité","Convecteur électrique NFC, NF** et NF***","installation individuelle","Poêle bois","Installation de chauffage avec insert ou poêle bois en appoint","Convecteur électrique NFC, NF** et NF*** avec en appoint un poêle à bois (bûche) installé avant 1990 (système individuel)",50688.5,181.9,,,"Convecteur électrique NFC, NF** et NF***","Électricité","chauffage","Electrique - Convecteur électrique NFC, NF** et NF***",27774.5,"Poêle bûche installé avant 1990","Bois – Bûches","chauffage","Bois - Poêle à bois (bûche) installé avant 1990",22914,,,,,,,,,,,,,,,,,,,"Électricité","Ballon électrique à accumulation vertical Autres ou inconnue",,,"installation individuelle","Un seul système d'ECS sans solaire","Ballon électrique à accumulation vertical (autres catégorie ou inconnue), contenance ballon 250 L",1683.3,1,91,"Non affecté",,,,"Ballon électrique à accumulation vertical Autres ou inconnue","Électricité","ecs","Electrique - Ballon électrique à accumulation vertical (autres catégorie ou inconnue)",250,,1683.3,,,,,,,,,,,,0,,,,,,,"chauffage au bois",,,,,0,
"2484E4364924B","2024-12-10","2024-12-08","2024-12-09","2024-12-10","2034-12-08",,,,,,"DPE 3CL 2021 méthode logement",2.4,"dpe maison individuelle","E","B","maison",,"avant 1948",,,2.7,,,3,,,,119.3,,"Légère","inférieur à 400m","H2d","14 Place Genty Pantaly 84220 Gordes","14","Place Genty Pantaly","Gordes","84220","84050","84","93","84050_0310_00014",876692.36,6314889.41,0.44,"adresse géocodée ban à l'adresse","14 Place Genty Pantaly","GORDES",84220,0,,,"09122414P",,"insuffisant",1,1,0,0,0,461.6,47.5,144.7,62.9,17.4,6.6,57.4,125.1,"insuffisante","insuffisante",,"insuffisante",,"insuffisante","insuffisante",1.59,17885,1213.9,0,2563.3,0,2295.1,0,39189.5,328,31531.9,6411.1,0,541.3,705.2,17038.9,142,13709.5,2787.4,0,235.4,306.6,1300.1,10,1083.1,181.2,0,16.2,19.6,"Électricité",17038.9,13709.5,2787.4,3486,2804.8,570.3,1300.1,1083.1,181.2,,,,,,,,,,,,,,,,,,,,,3486,2804.8,570.3,0,48.2,62.7,"Électricité","Panneau rayonnant électrique NFC, NF** et NF***","installation individuelle","Panneau rayonnant NFC, NF** et NF***","Installation de chauffage simple","Panneau rayonnant électrique NFC, NF** et NF*** avec programmateur pièce par pièce (système individuel)",13709.5,119.3,,,"Panneau rayonnant électrique NFC, NF** et NF***","Électricité","chauffage","Electrique - Panneau rayonnant électrique NFC, NF** et NF***",13709.5,,,,,,,,,,,,,,,,,,,,,,,,"Électricité","Ballon électrique à accumulation vertical Autres ou inconnue",,,"installation individuelle","Un seul système d'ECS sans solaire","Ballon électrique à accumulation vertical (autres catégorie ou inconnue), contenance ballon 200 L",1393.7,1,59.6,"Non affecté",,,,"Ballon électrique à accumulation vertical Autres ou inconnue","Électricité","ecs","Electrique - Ballon électrique à accumulation vertical (autres catégorie ou inconnue)",200,,1393.7,,,,,,,,,,,,0,,,,,,,,,,,,0,
"2484E3436292L","2024-10-01","2024-09-17","2024-09-30","2024-10-01","2034-09-29",,,,,,"DPE 3CL 2021 méthode logement",2.4,"dpe maison individuelle","E","E","maison",,"1948-1974",,,2.5,,,2,,,,309.7,,"Légère","inférieur à 400m","H2d","3581 Route de Saint-Pantaléon 84220 Gordes","3581","Route de Saint-Pantaléon","Gordes","84220","84050","84","93","84050_0803_03581",877681.52,6311602.29,0.51,"adresse géocodée ban à l'adresse","3581 Route de Saint Pantaléon","GORDES, France",84220,0,,,"KD/IMO/0422",,"insuffisant",0,1,0,0,0,1088.3,94.9,298,224.5,85.2,8.7,85.2,291.8,"insuffisante","insuffisante",,,"insuffisante","insuffisante","moyenne",1.07,47414.7,2031.8,0,6032.9,0,6291.1,0,77620.7,250,61020.6,13892.4,0,1405.4,1302.3,67181.4,216,56401.1,9603,0,611,566.2,19738.6,63,17403.3,2256.8,0,42.2,36.2,"Fioul domestique",59151.1,52847.5,6303.6,8766.8,7832.5,934.3,19165,17122.6,2042.4,"Électricité",8030.3,3553.5,3299.5,1703.1,753.6,699.8,573.6,280.7,214.5,,,,,,,,,,,10469.8,8586.2,1634,0,129.6,120.1,"Fioul domestique","Chaudière fioul basse température après 2015","installation individuelle","Radiateur bitube avec robinet thermostatique sur réseau individuel eau chaude basse ou moyenne température(inf 65°C)","Installation de chauffage simple","Chaudière individuelle fioul basse température installée après 2015. Emetteur(s): radiateur bitube avec robinet thermostatique",52847.5,282.6,,,"Chaudière fioul basse température après 2015","Fioul domestique","chauffage + ecs","Fioul - Chaudière fioul basse température installée après 2015",52847.5,,,,,,"installation individuelle","Convecteur électrique NFC, NF** et NF***","Installation de chauffage simple","Convecteur électrique NFC, NF** et NF*** (système individuel)",3553.5,27,,,"Convecteur électrique NFC, NF** et NF***","Électricité","chauffage","Electrique - Convecteur électrique NFC, NF** et NF***",3553.5,,,,,,"Fioul domestique","Chaudière fioul basse température après 2015",,,"installation individuelle","Un seul système d'ECS sans solaire","Combiné au système de chauffage, contenance ballon 2000 L",6303.6,1,77.4,"Non affecté",,,,"Chaudière fioul basse température après 2015","Fioul domestique","chauffage + ecs","Fioul - Chaudière fioul basse température installée après 2015",2000,,6303.6,,,,,,,,,,,,0,,,,,,,,,,,,0,
"2484E3789468D","2024-10-28","2024-10-24","2024-10-27","2024-10-28","2034-10-26",,,,,,"DPE 3CL 2021 méthode logement",2.4,"dpe maison individuelle","D","B","maison",,"avant 1948",,,2.5,,,1,,,,62.5,,"Moyenne","inférieur à 400m","H2d","49 Chemin des Reirettes 84220 Gordes","49","Chemin des Reirettes","Gordes","84220","84050","84","93","84050_0750_00049",877489.23,6315509.6,0.95,"adresse non géocodée ban car aucune correspondance trouvée","49 Chemin des Reirettes","GORDES",84220,0,,,"005AG000665",,"insuffisant",0,1,0,0,1,286.1,48.3,86.4,8,28.8,0,25.5,89.1,"insuffisante","insuffisante","moyenne",,,"insuffisante","moyenne",0.97,12464.1,921.7,1111.2,1501.8,204.6,1803.3,538.2,14040.3,224,9040.4,3909.9,371,283.6,435.3,6104.5,97,3930.6,1699.9,161.3,123.3,189.3,452,7,310.5,110.5,10.3,8.5,12.1,"Électricité",6104.5,3930.6,1699.9,1323.2,852,368.5,452,310.5,110.5,,,,,,,,,,,,,,,,,,,,,1323.2,852,368.5,35,26.7,41,"Électricité","PAC air/air installée à partir de 2015","installation individuelle","Soufflage d'air chaud (air soufflé) avec distribution par réseau aéraulique","Installation de chauffage simple","PAC air/air installée à partir de 2015 (système individuel)",3125.4,57.5,,,"PAC air/air installée à partir de 2015","Électricité","chauffage","Electrique - PAC air/air sans réseau de distribution installée à partir de 2015",3125.4,,,,,,"installation individuelle","radiateur électrique NFC, NF** et NF***","Installation de chauffage simple","Radiateur électrique à fluide caloporteur (modélisé comme un radiateur NFC, NF** et NF***) (système individuel)",805.3,5,,,"Radiateur électrique à accumulation","Électricité","chauffage","Electrique - Radiateur électrique à accumulation",805.3,,,,,,"Électricité","Ballon électrique à accumulation vertical Catégorie B ou 2 étoiles",,,"installation individuelle","Un seul système d'ECS sans solaire","Ballon électrique à accumulation vertical (catégorie B ou 2 étoiles), contenance ballon 200 L",1699.9,1,62.5,"Non affecté",,,,"Ballon électrique à accumulation vertical Catégorie B ou 2 étoiles","Électricité","ecs","Electrique - Ballon électrique à accumulation vertical (catégorie B ou 2 étoiles)",200,,1699.9,,,,,,,,,,,,0,"PAC air/air installée à partir de 2015","Électricité","A partir de 2015","Refroidissement - Electrique - Pompe à chaleur air/air",62.5,161.3,"pompe à chaleur",,,,,0,
"2484E2725684J","2024-07-29","2024-07-22","2024-07-28","2024-07-29","2034-07-27",,,,,,"DPE 3CL 2021 méthode logement",2.4,"dpe maison individuelle","E","B","maison",,"1978-1982",,,2.5,,,2,,,,138,,"Légère","inférieur à 400m","H2d","265 Chemin des Prés 84220 Gordes","265","Chemin des Prés","Gordes","84220","84050","84","93","84050_0715_00265",874452.89,6312210.45,0.49,"adresse géocodée ban à l'adresse","265, Chemin des Près
Les Imberts","GORDES",84220,0,,,"2024-07-0121",,"moyen",1,1,0,0,1,396.3,14.9,98.8,52.1,38.4,12.9,41.6,137.6,"bonne","moyenne","insuffisante",,,"moyenne","moyenne",0.57,16913.9,1294.4,0,2904.4,0,2474.4,0,36819.6,266,31287.8,4905.5,0,626.3,0,19479,141,17073.9,2132.8,0,272.3,0,1205.4,8,1048,138.6,0,18.8,0,"Électricité",13338.9,10933.8,2132.8,2750.2,2254.3,439.8,1021.2,863.8,138.6,"Bois – Bûches",6140.2,6140.2,0,257.9,257.9,0,184.2,184.2,0,,,,,,,,,,,3008.1,2512.2,439.8,0,56.1,0,"Électricité","radiateur électrique NFC, NF** et NF***","installation individuelle","radiateur électrique NFC, NF** et NF***","Installation de chauffage avec insert ou poêle bois en appoint","Radiateur électrique NFC, NF** et NF*** avec en appoint un poêle à bois (bûche) installé à partir de 2018 avec label flamme verte (système individuel)",17073.9,138,,,"radiateur électrique NFC, NF** et NF***","Électricité","chauffage","Electrique - Radiateur électrique NFC, NF** et NF***",10933.8,"Poêle bûche installé installé à partir de 2018 avec label flamme verte","Bois – Bûches","chauffage","Bois - Poêle à bois (bûche) installé à partir de 2018 avec label flamme verte",6140.2,,,,,,,,,,,,,,,,,,,"Électricité","Ballon électrique à accumulation vertical Autres ou inconnue",,,"installation individuelle","Un seul système d'ECS sans solaire","Ballon électrique à accumulation vertical (autres catégorie ou inconnue), contenance ballon 200 L",2132.8,1,138,"Non affecté",,,,"Ballon électrique à accumulation vertical Autres ou inconnue","Électricité","ecs","Electrique - Ballon électrique à accumulation vertical (autres catégorie ou inconnue)",200,,2132.8,,,,,,,,,,,,0,,,,,,,"chauffage au bois",,,,,0,
"2484E3291457W","2024-09-21","2024-09-18","2024-09-20","2024-09-21","2034-09-19",,,,,,"DPE 3CL 2021 méthode logement",2.4,"dpe maison individuelle","C","B","maison",1983,"1983-1988",,,2.5,,,1,,,,134,,"Légère","inférieur à 400m","H2d","1968 Route des Beaumettes 84220 Gordes","1968","Route des Beaumettes","Gordes","84220","84050","84","93","84050_0063_01968",876505.04,6310830.55,0.51,"adresse géocodée ban à l'adresse","1968, Route des Beaumettes
Les Martins","GORDES",84220,0,,,"2024-09-0109",,"insuffisant",0,1,0,0,1,332.3,45.5,75.6,21.1,34.9,0,29.6,125.5,"bonne","moyenne",,"bonne",,"bonne","bonne",0.49,13038.7,1277.2,2106.5,2831.5,385.8,3328.6,1194.3,20118.7,150,14068,4062.9,644.2,608.1,735.5,13171.3,98,9859.4,2447.7,280.1,264.4,319.8,1154.7,8,689.5,408.6,17.9,18.2,20.5,"Bois – Bûches",5650.7,5650.7,0,237.3,237.3,0,169.5,169.5,0,"Électricité",5344.1,3237.4,1242.4,1173.2,710.7,272.8,393.1,255.8,80.8,"GPL",2176.5,971.3,1205.2,341.1,152.2,188.9,592,264.2,327.8,1751.6,1100.2,461.6,61.5,58,70.2,"Bois – Bûches","PAC air/air installée à partir de 2015","installation individuelle","Soufflage d'air chaud (air soufflé) avec distribution par réseau aéraulique","Installation de chauffage avec insert ou poêle bois en appoint","PAC air/air installée à partir de 2015 avec en appoint un insert installé entre 1990 et 2004 avec programmateur pièce par pièce (système individuel)",8888.1,126,,,"insert installé entre 1990 et 2004","Bois – Bûches","chauffage","Bois - Insert installé entre 1990 et 2004",5650.7,"PAC air/air installée à partir de 2015","Électricité","chauffage","Electrique - PAC air/air sans réseau de distribution installée à partir de 2015",3237.4,"installation individuelle","Radiateur monotube sans robinet thermostatique sur réseau individuel eau chaude haute température(sup ou egal 65°C)","Installation de chauffage simple","Chaudière individuelle GPL/propane/butane à condensation installée entre 1986 et 2000 régulée. Emetteur(s): radiateur monotube sans robinet thermostatique",971.3,8,,,"Chaudière gpl/propane/butane à condensation 1986-2000","GPL","chauffage + ecs","GPL - Chaudière GPL/propane/butane à condensation installée entre 1986 et 2000",971.3,,,,,,"Électricité","Ballon électrique à accumulation vertical Autres ou inconnue",,,"installation individuelle","Un seul système d'ECS sans solaire","Ballon électrique à accumulation vertical (autres catégorie ou inconnue), contenance ballon 150 L",1242.4,1,67,"Non affecté",,,,"Ballon électrique à accumulation vertical Autres ou inconnue","Électricité","ecs","Electrique - Ballon électrique à accumulation vertical (autres catégorie ou inconnue)",150,,1242.4,,,,,,,,,,,,0,"PAC air/air installée à partir de 2015","Électricité","A partir de 2015","Refroidissement - Electrique - Pompe à chaleur air/air",126,280.1,"Il existe plusieurs descriptifs ENR",,,,,0,
"2484E3509310V","2024-10-07","2024-10-06","2024-10-06","2024-10-07","2034-10-05","2484E3509185A",,,,,"DPE 3CL 2021 méthode logement",2.4,"dpe appartement individuel","F","C","appartement",,"1989-2000","individuel","individuel",2.5,1,,1,,,,49.4,,"Lourde","inférieur à 400m","H2d","33 Domaine des Bastidons 84220 Gordes","33","Domaine des Bastidons","Gordes","84220","84050","84","93","84050_6f3393_00033",876268.38,6315117.27,0.51,"adresse géocodée ban à l'adresse","33 DOMAINE DES BASTIDONS
8 CHEMINS DES MIANS","GORDES",84220,0,,,"24/IMO/0670",,"bon",1,1,0,1,1,188.5,12.6,93.9,6.4,19.3,0,15.5,40.8,"moyenne","insuffisante",,"bonne",,"insuffisante","bonne",0.82,7249.3,996.1,0,1209,0,1391.5,0,19825.1,401,15158.6,3686.3,0,224.3,755.9,8619.6,174,6590.7,1602.8,0,97.5,328.7,652.6,13,520.7,104.2,0,6.7,21,"Électricité",8619.6,6590.7,1602.8,1819.3,1391.1,338.3,652.6,520.7,104.2,,,,,,,,,,,,,,,,,,,,,1819.3,1391.1,338.3,0,20.6,69.4,"Électricité","Convecteur électrique NFC, NF** et NF***","installation individuelle","Convecteur électrique NFC, NF** et NF***","Installation de chauffage simple","Convecteur électrique NFC, NF** et NF*** (système individuel)",6590.7,49.4,,,"Convecteur électrique NFC, NF** et NF***","Électricité","chauffage","Electrique - Convecteur électrique NFC, NF** et NF***",6590.7,,,,,,,,,,,,,,,,,,,,,,,,"Électricité","Ballon électrique à accumulation vertical Catégorie B ou 2 étoiles",,,"installation individuelle","Un seul système d'ECS sans solaire","Ballon électrique à accumulation vertical (catégorie B ou 2 étoiles), contenance ballon 150 L",1602.8,1,49.4,"Non affecté",,,,"Ballon électrique à accumulation vertical Catégorie B ou 2 étoiles","Électricité","ecs","Electrique - Ballon électrique à accumulation vertical (catégorie B ou 2 étoiles)",150,,1602.8,,,,,,,,,,,,0,,,,,,,,,,,,0,
"2484E2686005G","2024-07-25","2024-07-16","2024-07-24","2024-07-25","2034-07-23","2484E2636664N",,,,,"DPE 3CL 2021 méthode logement",2.4,"dpe maison individuelle","D","B","maison",,"1978-1982",,,2.7,,,2,,,,126.5,,"Légère","inférieur à 400m","H2d","770 Chemin des Gros 84220 Gordes","770","Chemin des Gros","Gordes","84220","84050","84","93","84050_0340_00770",875522.73,6311067.86,0.52,"adresse géocodée ban à l'adresse","770, Chemin des Gros","GORDES",84220,0,,,"2024-07-0114",,"insuffisant",0,1,0,0,1,385.8,11.9,87.3,32.2,42.2,5.6,82.4,124.2,"bonne","moyenne","moyenne",,,"insuffisante","insuffisante",0.65,17147.1,1245,1779.6,2694.9,367.2,1701.4,869,30503,241,24814,4357.3,75.5,574.1,682.1,25120.7,198,22647.3,1894.5,32.8,249.6,296.6,922.5,7,761.1,123.1,2.1,17.2,19,"Bois – Granulés (pellets) ou briquettes",14633,14633,0,1448.2,1448.2,0,439,439,0,"Bois – Bûches",6347.5,6347.5,0,266.6,266.6,0,190.4,190.4,0,"Électricité",4140.2,1666.7,1894.5,942.5,379.4,431.3,293.1,131.7,123.1,2657.4,2094.3,431.3,7.5,56.8,67.5,"Bois – Granulés (pellets) ou briquettes","Chaudière bois granulés 2013-2019","installation individuelle","Poêle bois","Installation de chauffage avec insert ou poêle bois en appoint","Chaudière individuelle bois (granulés) installée entre 2013 et 2019 avec en appoint un poêle à bois (bûche) installé entre 1990 et 2004 régulée, avec programmateur avec réduit. Emetteur(s): radiateur monotube avec robinet thermostatique",20980.5,103,,,"Chaudière bois granulés 2013-2019","Bois – Granulés (pellets) ou briquettes","chauffage","Bois - Chaudière bois (granulés) installée entre 2013 et 2019",14633,"Poêle bûche installé entre 1990 et 2004","Bois – Bûches","chauffage","Bois - Poêle à bois (bûche) installé entre 1990 et 2004",6347.5,"installation individuelle","Soufflage d'air chaud (air soufflé) avec distribution par réseau aéraulique","Installation de chauffage simple","PAC air/air installée à partir de 2015 (système individuel)",847.4,16.5,,,"PAC air/air installée à partir de 2015","Électricité","chauffage","Electrique - PAC air/air sans réseau de distribution installée à partir de 2015",847.4,,,,,,"Électricité","Ballon électrique à accumulation vertical Autres ou inconnue",,,"installation individuelle","Un seul système d'ECS sans solaire","Ballon électrique à accumulation vertical (autres catégorie ou inconnue), contenance ballon 150 L",1894.5,1,126.5,"Non affecté",,,,"Ballon électrique à accumulation vertical Autres ou inconnue","Électricité","ecs","Electrique - Ballon électrique à accumulation vertical (autres catégorie ou inconnue)",150,,1894.5,,,,,,,,,,,,0,"PAC air/air installée à partir de 2015","Électricité","A partir de 2015","Refroidissement - Electrique - Pompe à chaleur (divisé) - type split",16.5,32.8,"Il existe plusieurs descriptifs ENR",,,,,0,
"2484E3762106T","2024-10-25","2024-10-24","2024-10-24","2024-10-25","2034-10-23",,,,,,"DPE 3CL 2021 méthode logement",2.4,"dpe maison individuelle","D","A","maison",1990,"1989-2000",,,2.5,,,2,,,,238,,"Légère","inférieur à 400m","H2d","588 Chemin de Toudoumiane 84220 Gordes","588","Chemin de Toudoumiane","Gordes","84220","84050","84","93","84050_0858_00588",879780.93,6314106.15,0.45,"adresse géocodée ban à l'adresse","588 chemin des Toudoumiane","GORDES",84220,0,,,"Pcfix24/JENESTE/14036",,"moyen",1,0,0,0,1,586.5,84.8,112.6,39,46.4,10.9,91.8,201,"moyenne","moyenne",,,"insuffisante","moyenne","moyenne",0.67,21663,1723.9,4287.3,4726.7,644,8350,2690.1,42996,180,34968.9,6486.6,460.5,1080.1,0,21950.4,92,18460.3,2820.3,200.2,469.6,0,1404.6,5,1176.1,183.3,12.8,32.4,0,"Électricité",16189,12698.9,2820.3,3316,2601.1,577.7,1231.7,1003.2,183.3,"Bois – Granulés (pellets) ou briquettes",5761.4,5761.4,0,570.2,570.2,0,172.8,172.8,0,,,,,,,,,,,3886.2,3171.3,577.7,41,96.2,0,"Électricité","radiateur électrique NFC, NF** et NF***","installation individuelle","Poêle bois","Installation de chauffage avec insert ou poêle bois en appoint","Radiateur électrique NFC, NF** et NF*** avec en appoint un poêle à granulés installée avant 2012 ou sans label flamme verte (système individuel)",16704.6,183,,,"radiateur électrique NFC, NF** et NF***","Électricité","chauffage","Electrique - Radiateur électrique NFC, NF** et NF***",10943.2,"Poêle à granulés installée avant 2012 ou sans label flamme verte","Bois – Granulés (pellets) ou briquettes","chauffage","Bois - Poêle à granulés installée avant 2012 ou sans label flamme verte",5761.4,"installation individuelle","Soufflage d'air chaud (air soufflé) avec distribution par fluide frigorigène","Installation de chauffage simple","PAC air/air sans réseau de distribution installée entre 2008 et 2014 avec programmateur avec réduit (système individuel)",704,20,,,"PAC air/air installée entre 2008 et 2014","Électricité","chauffage","Electrique - PAC air/air sans réseau de distribution installée entre 2008 et 2014",704,,,,,,"Électricité","Ballon électrique à accumulation vertical Catégorie B ou 2 étoiles",,,"installation individuelle","Un seul système d'ECS sans solaire","Ballon électrique à accumulation vertical (catégorie B ou 2 étoiles), contenance ballon 300 L",2820.3,1,238,"Non affecté",,,,"Ballon électrique à accumulation vertical Catégorie B ou 2 étoiles","Électricité","ecs","Electrique - Ballon électrique à accumulation vertical (catégorie B ou 2 étoiles)",300,,2820.3,,,,,,,,,,,,0,"PAC air/air installée entre 2008 et 2014","Électricité","2008-2014","Refroidissement  1 - Electrique - Pompe à chaleur (divisé) - type split",30,78.8,"Il existe plusieurs descriptifs ENR",,,,,0,
"2484E4314632T","2024-12-05","2024-12-04","2024-12-04","2024-12-05","2034-12-03",,,,,,"DPE 3CL 2021 méthode logement",2.4,"dpe maison individuelle","C","A","maison",1960,"1948-1974",,,2.5,,,2,,,,42.1,,"Légère","inférieur à 400m","H2d","205 Chemin du Four à Chaux 84220 Gordes","205","Chemin du Four à Chaux","Gordes","84220","84050","84","93","84050_0293_00205",879567.89,6314882.59,0.41,"adresse géocodée ban à l'adresse","205 Chemin du Four à Chaux","GORDES",84220,0,,,"D/24/IMO/0720/M.P",,"insuffisant",0,1,0,0,1,131.8,23.3,25,4.6,11.9,5,16.2,45.9,"bonne","bonne","très bonne",,,"moyenne","bonne",0.54,5119.4,702.7,473.5,1057,144,254.8,164.5,7205.9,171,3232.2,2923.5,154,191.1,705.2,3133,74,1405.3,1271.1,66.9,83.1,306.6,223.3,5,111,82.6,4.3,5.7,19.6,"Électricité",3133,1405.3,1271.1,751.7,337.2,305,223.3,111,82.6,,,,,,,,,,,,,,,,,,,,,751.7,337.2,305,16.1,19.9,73.6,"Électricité","PAC air/air installée à partir de 2015","installation individuelle","Soufflage d'air chaud (air soufflé) avec distribution par fluide frigorigène","Installation de chauffage simple","PAC air/air sans réseau de distribution installée à partir de 2015 avec programmateur pièce par pièce (système individuel)",1405.3,42.1,,,"PAC air/air installée à partir de 2015","Électricité","chauffage","Electrique - PAC air/air sans réseau de distribution installée à partir de 2015",1405.3,,,,,,,,,,,,,,,,,,,,,,,,"Électricité","Ballon électrique à accumulation vertical Autres ou inconnue",,,"installation individuelle","Un seul système d'ECS sans solaire","Ballon électrique à accumulation vertical (autres catégorie ou inconnue), contenance ballon 100 L",1271.1,1,42.1,"Non affecté",,,,"Ballon électrique à accumulation vertical Autres ou inconnue","Électricité","ecs","Electrique - Ballon électrique à accumulation vertical (autres catégorie ou inconnue)",100,,1271.1,,,,,,,,,,,,0,"PAC air/air installée à partir de 2015","Électricité","A partir de 2015","Refroidissement - Electrique - Pompe à chaleur (divisé) - type split",42.1,66.9,"pompe à chaleur",,,,,0,
"2484E2651437S","2024-07-22","2024-07-21","2024-07-21","2024-07-22","2034-07-20",,,,,,"DPE 3CL 2021 méthode logement",2.4,"dpe maison individuelle","G","C","maison",,"avant 1948",,,2.5,,,3,,,,189,,"Lourde","inférieur à 400m","H2d","1301 Route des Moines 84220 Gordes","1301","Route des Moines","Gordes","84220","84050","84","93","84050_0565_01301",876304.86,6313981.44,0.5,"adresse géocodée ban à l'adresse","1301, Route des Moines","GORDES",84220,0,,,"2024-07-0077",,"insuffisant",1,1,0,1,0,1048.9,92.5,396.2,165.8,96.2,13.9,46.3,237.9,"insuffisante","insuffisante","insuffisante",,,"insuffisante","insuffisante",1.72,49078.1,1513.4,0,3469.1,0,2069.1,0,98849,523,90098.5,7892.8,0,857.7,0,42977.8,227,39173.3,3431.7,0,372.9,0,3343.5,17,3094.7,223.1,0,25.7,0,"Électricité",42977.8,39173.3,3431.7,8674,7906.1,692.6,3343.5,3094.7,223.1,,,,,,,,,,,,,,,,,,,,,8674,7906.1,692.6,0,75.3,0,"Électricité","radiateur électrique NFC, NF** et NF***","installation individuelle","radiateur électrique NFC, NF** et NF***","Installation de chauffage simple","Radiateur électrique NFC, NF** et NF*** (système individuel)",39173.3,189,,,"radiateur électrique NFC, NF** et NF***","Électricité","chauffage","Electrique - Radiateur électrique NFC, NF** et NF***",39173.3,,,,,,,,,,,,,,,,,,,,,,,,"Électricité","Ballon électrique à accumulation vertical Autres ou inconnue",,,"installation individuelle","Un seul système d'ECS sans solaire","Ballon électrique à accumulation vertical (autres catégorie ou inconnue), contenance ballon 300 L",1876.9,1,94.5,"Non affecté",,,,"Ballon électrique à accumulation vertical Autres ou inconnue","Électricité","ecs","Electrique - Ballon électrique à accumulation vertical (autres catégorie ou inconnue)",300,,1876.9,,,,,,,,,,,,0,,,,,,,,,,,,0,
"2484E2956103Q","2024-12-12","2024-08-04","2024-08-26","2024-08-27","2034-08-25",,,"EDHB1GDM6BF5",,,"DPE 3CL 2021 méthode logement",2.4,"dpe maison individuelle","D","B","maison",,"1983-1988",,,2.5,,,2,,,,189.9,,"Légère","inférieur à 400m","H2d","375 Chemin de Peyre Benet 84220 Gordes","375","Chemin de Peyre Benet","Gordes","84220","84050","84","93","84050_0683_00375",874499.44,6312447.39,0.47,"adresse géocodée ban à l'adresse","375, Chemin de Peyre Benet","GORDES",84220,0,,,"2024-08-0013",,"insuffisant",0,1,0,0,1,626.3,53.5,164.2,112.1,53,0,99.2,144.3,"insuffisante","insuffisante","insuffisante",,,"insuffisante","insuffisante",1.05,26959.8,1517.3,3466.8,3850.2,524.6,4350.6,2010.8,40978.4,215,30079.1,6735.2,1162.1,861.8,2140.1,17816.7,93,13077.9,2928.3,505.3,374.7,930.5,1341.2,7,1033.2,190.3,32.3,25.9,59.6,"Électricité",17816.7,13077.9,2928.3,3641.5,2673,598.5,1341.2,1033.2,190.3,,,,,,,,,,,,,,,,,,,,,3641.5,2673,598.5,103.3,76.6,190.2,"Électricité","PAC air/air installée entre 2008 et 2014","installation individuelle","Soufflage d'air chaud (air soufflé) avec distribution par réseau aéraulique","Installation de chauffage simple","PAC air/air installée entre 2008 et 2014 (système individuel)",13077.9,189.9,,,"PAC air/air installée entre 2008 et 2014","Électricité","chauffage","Electrique - PAC air/air sans réseau de distribution installée entre 2008 et 2014",13077.9,,,,,,,,,,,,,,,,,,,,,,,,"Électricité","Ballon électrique à accumulation vertical Autres ou inconnue",,,"installation individuelle","Un seul système d'ECS sans solaire","Ballon électrique à accumulation vertical (autres catégorie ou inconnue), contenance ballon 200 L",1556.8,1,95,"Non affecté",,,,"Ballon électrique à accumulation vertical Autres ou inconnue","Électricité","ecs","Electrique - Ballon électrique à accumulation vertical (autres catégorie ou inconnue)",200,,1556.8,,,,,,,,,,,,0,"PAC air/air installée entre 2008 et 2014","Électricité","2008-2014","Refroidissement - Electrique - Pompe à chaleur (divisé) - type split",189.9,505.3,"pompe à chaleur",,,,,0,
"2484E3024446F","2024-09-01","2024-08-19","2024-08-31","2024-09-01","2034-08-30",,,,,,"DPE 3CL 2021 méthode logement",2.4,"dpe maison individuelle","D","B","maison",,"avant 1948",,,2.7,,,2,,,,407,,"Moyenne","inférieur à 400m","H2d","1285 Chemin des Combettes 84220 Gordes","1285","Chemin des Combettes","Gordes","84220","84050","84","93","84050_0132_01285",874763.46,6310383.04,0.43,"adresse géocodée ban à l'adresse","LE MAS CAMILLE 
1285, Chemin des Combettes","GORDES",84220,0,,,"2024-08-0001",,"insuffisant",0,0,0,0,1,1606,203.5,152.2,228.2,37.9,20.8,674.1,289.3,"insuffisante","insuffisante","insuffisante",,,"insuffisante","insuffisante",2.02,62626.1,2449.8,15146.2,7806.3,1063.6,21142.2,11403.2,87581.6,215,64658.9,14580.9,3816,1847.1,2678.7,38078.9,93,28112.6,6339.5,1659.1,803.1,1164.7,2869.1,7,2220.9,412.1,106.2,55.4,74.5,"Électricité",38078.9,28112.6,6339.5,7694.2,5680.4,1281,2869.1,2220.9,412.1,,,,,,,,,,,,,,,,,,,,,7694.2,5680.4,1281,335.2,162.3,235.3,"Électricité","PAC air/air installée à partir de 2015","installation individuelle","Soufflage d'air chaud (air soufflé) avec distribution par réseau aéraulique","Installation de chauffage simple","PAC air/air installée à partir de 2015 avec programmateur pièce par pièce (système individuel)",16314.6,315.3,,,"PAC air/air installée à partir de 2015","Électricité","chauffage","Electrique - PAC air/air sans réseau de distribution installée à partir de 2015",16314.6,,,,,,"installation individuelle","Panneau rayonnant NFC, NF** et NF***","Installation de chauffage simple","Panneau rayonnant électrique NFC, NF** et NF*** (système individuel)",11798,91.7,,,"Panneau rayonnant électrique NFC, NF** et NF***","Électricité","chauffage","Electrique - Panneau rayonnant électrique NFC, NF** et NF***",11798,,,,,,"Électricité","Ballon électrique à accumulation vertical Autres ou inconnue",,,"installation individuelle","Un seul système d'ECS sans solaire","Ballon électrique à accumulation vertical (autres catégorie ou inconnue), contenance ballon 200 L",1267.9,1,81.4,"Non affecté",,,,"Ballon électrique à accumulation vertical Autres ou inconnue","Électricité","ecs","Electrique - Ballon électrique à accumulation vertical (autres catégorie ou inconnue)",200,,1267.9,,,,,,,,,,,,0,"PAC air/air installée à partir de 2015","Électricité","A partir de 2015","Refroidissement - Electrique - Pompe à chaleur (divisé) - type split",315.3,1659.1,"pompe à chaleur",,,,,0,
"2484E2651711G","2024-07-22","2024-07-21","2024-07-21","2024-07-22","2034-07-20",,,,,,"DPE 3CL 2021 méthode logement",2.4,"dpe maison individuelle","G","C","maison",,"avant 1948",,,2.5,,,3,,,,189,,"Lourde","inférieur à 400m","H2d","1301 Route des Moines 84220 Gordes","1301","Route des Moines","Gordes","84220","84050","84","93","84050_0565_01301",876304.86,6313981.44,0.5,"adresse géocodée ban à l'adresse","1301, Route des Moines","GORDES",84220,0,,,"2024-07-0077",,"insuffisant",1,1,0,1,0,1061.8,97.4,390.8,165.8,96.2,13.9,59.8,237.9,"insuffisante","insuffisante","insuffisante",,,"insuffisante","insuffisante",1.75,49190.8,1513.4,0,3469.1,0,2646.3,0,98836.2,522,90085.7,7892.8,0,857.7,0,42972.3,227,39167.7,3431.7,0,372.9,0,3343,17,3094.2,223.1,0,25.7,0,"Électricité",42972.3,39167.7,3431.7,8672.9,7905,692.6,3343,3094.2,223.1,,,,,,,,,,,,,,,,,,,,,8672.9,7905,692.6,0,75.3,0,"Électricité","radiateur électrique NFC, NF** et NF***","installation individuelle","radiateur électrique NFC, NF** et NF***","Installation de chauffage simple","Radiateur électrique NFC, NF** et NF*** (système individuel)",39167.7,189,,,"radiateur électrique NFC, NF** et NF***","Électricité","chauffage","Electrique - Radiateur électrique NFC, NF** et NF***",39167.7,,,,,,,,,,,,,,,,,,,,,,,,"Électricité","Ballon électrique à accumulation vertical Autres ou inconnue",,,"installation individuelle","Un seul système d'ECS sans solaire","Ballon électrique à accumulation vertical (autres catégorie ou inconnue), contenance ballon 300 L",1876.9,1,94.5,"Non affecté",,,,"Ballon électrique à accumulation vertical Autres ou inconnue","Électricité","ecs","Electrique - Ballon électrique à accumulation vertical (autres catégorie ou inconnue)",300,,1876.9,,,,,,,,,,,,0,,,,,,,,,,,,0,
"2484E2467836D","2024-07-08","2024-07-07","2024-07-07","2024-07-08","2034-07-06",,,,,,"DPE 3CL 2021 méthode logement",2.4,"dpe maison individuelle","E","E","maison",1968,"1948-1974",,,2.5,,,2,,,,122,,"Lourde","inférieur à 400m","H2d","2226 Route de Saint-Pantaléon 84220 Gordes","2226","Route de Saint-Pantaléon","Gordes","84220","84050","84","93","84050_0803_02226",876434.89,6311600.62,0.51,"adresse géocodée ban à l'adresse","2226 Route de Saint-Pantaléon 
Les Campas","GORDES",84220,0,,,"Pcfix24/MARROU/13627",,"bon",1,1,0,1,1,592.3,72.3,249.1,41.6,58.4,3.1,49.8,118,"insuffisante","insuffisante",,"insuffisante",,"insuffisante","bonne",1.23,25578.3,1225.6,0,2364.3,0,3213.5,0,37937.6,310,33581,3439.8,0,553.7,363.2,37419.4,306,33581,3439.8,0,240.7,157.9,6836.9,56,5695.6,1114.5,0,16.6,10.1,"Fioul domestique",19386.1,15946.3,3439.8,2873.2,2363.4,509.8,6281.1,5166.6,1114.5,"Bois – Bûches",17634.7,17634.7,0,740.7,740.7,0,529,529,0,"Électricité",398.6,0,0,138.4,0,0,26.7,0,0,3752.3,3104.1,509.8,0,83.6,54.8,"Bois – Bûches","insert installé installé à partir de 2018 avec label flamme verte","installation individuelle","Poêle bois","Installation de chauffage simple","Insert installé à partir de 2018 avec label flamme verte (système individuel)",17634.7,61,,,"insert installé installé à partir de 2018 avec label flamme verte","Bois – Bûches","chauffage","Bois - Insert installé à partir de 2018 avec label flamme verte",17634.7,,,,,,"installation individuelle","Radiateur bitube avec robinet thermostatique sur réseau individuel eau chaude haute température(sup ou egal 65°C)","Installation de chauffage simple","Chaudière individuelle fioul standard installée entre 1991 et 2015 avec programmateur avec réduit. Emetteur(s): radiateur bitube avec robinet thermostatique",15946.3,61,,,"Chaudière fioul standard 1991-2015","Fioul domestique","chauffage + ecs","Fioul - Chaudière fioul standard installée entre 1991 et 2015",15946.3,,,,,,"Fioul domestique","Chaudière fioul standard 1991-2015",,,"installation individuelle","Un seul système d'ECS sans solaire","Combiné au système de chauffage, contenance ballon 150 L",3439.8,1,122,"Non affecté",,,,"Chaudière fioul standard 1991-2015","Fioul domestique","chauffage + ecs","Fioul - Chaudière fioul standard installée entre 1991 et 2015",150,,3439.8,,,,,,,,,,,,0,,,,,,,"chauffage au bois",,,,,0,
"2484E2625090J","2024-12-30","2024-07-18","2024-07-18","2024-07-19","2034-07-17",,,"EFH7AP4JNYMT",,,"DPE 3CL 2021 méthode logement",2.4,"dpe maison individuelle","C","A","maison",1992,"1989-2000",,,2.2,,,2,,,,333.4,,"Légère","inférieur à 400m","H2d","28 Chemin des Grailles 84220 Gordes","28","Chemin des Grailles","Gordes","84220","84050","84","93","84050_0333_00028",877662.35,6315175.74,0.95,"adresse géocodée ban à l'adresse","28 chemin des Grailles","GORDES",84220,,,,,,"insuffisant",0,1,0,0,1,1280.7,322.8,99.4,96.8,120.5,11.6,322.9,306.8,"insuffisante","bonne","insuffisante","bonne",,"bonne","insuffisante",0.92,42494.6,2133.8,10942.9,6465673,880964.1,18813100.2,8007868,58723.7,176.1,44444.4,9321.8,2134.7,1513.2,1309.6,25532,76.6,19323.7,4053,928.1,657.9,569.4,1930.6,5.7,1526.6,263.4,59.4,45.4,36.4,"Électricité",25532,19323.7,4053,5185,3924,823,1931.2,1526.6,263.4,,,,,,,,,,,,,,,,,,,,,5185,3924,823,188,134,116,"Électricité","PAC air/air installée à partir de 2015","installation individuelle","radiateur électrique NFC, NF** et NF***","Installation de chauffage simple","Chauffage sans solaire",12648,133,,,"radiateur électrique NFC, NF** et NF***","Électricité","chauffage","Radiateur électrique NFC",12648,,,,,,"installation individuelle","Soufflage d'air chaud (air soufflé) avec distribution par fluide frigorigène","Installation de chauffage simple","Chauffage sans solaire",6675.6,200,,,"PAC air/air installée à partir de 2015","Électricité","chauffage","Pompe à chaleur Air/Air",6675.6,,,,,,"Électricité","Ballon électrique à accumulation vertical Autres ou inconnue",,,"installation individuelle","Deux systèmes d'ECS dans une maison ou un appartement","Chauffe-eau vertical Electrique",2026.5,1,166.7,"Non affecté",,,,"Ballon électrique à accumulation vertical Autres ou inconnue","Électricité","ecs","Chauffe-eau vertical",200,,2026.5,,,,,,,,,,,,0,"PAC air/air installée à partir de 2015","Électricité","A partir de 2015","Pac air / air",200,928.1,"pompe à chaleur",,,,,0,
"2484E3401313C","2024-09-30","2024-09-25","2024-09-29","2024-09-30","2034-09-28",,,,,,"DPE 3CL 2021 méthode logement",2.4,"dpe maison individuelle","D","B","maison",1999,"1989-2000",,,2.5,,,1,,,,80,,"Légère","inférieur à 400m","H2d","827 Chemin de Font-Blanche 84220 Gordes","827","Chemin de Font-Blanche","Gordes","84220","84050","84","93","84050_0284_00827",878770.54,6314405.41,0.51,"adresse géocodée ban à l'adresse","827, Chemin de Fontblanche","GORDES",84220,0,,,"2024-09-0124",,"insuffisant",0,0,0,0,1,181.2,18.2,20.1,18.6,24.5,7.1,26.3,66.3,"bonne","bonne",,"moyenne",,"moyenne","moyenne",0.51,7092.6,1045.2,0,1847.5,0,1526.1,0,19808.7,247,14328.4,3807.7,0,363.1,1309.6,10476.2,130,8093.4,1655.5,0,157.9,569.4,632.8,7,477.8,107.6,0,10.9,36.4,"Électricité",7178.9,4796.1,1655.5,1535.1,1025.6,354,533.8,378.9,107.6,"Bois – Bûches",3297.3,3297.3,0,138.5,138.5,0,98.9,98.9,0,,,,,,,,,,,1673.6,1164.1,354,0,33.8,121.8,"Électricité","Convecteur électrique NFC, NF** et NF***","installation individuelle","Poêle bois","Installation de chauffage avec insert ou poêle bois en appoint","Convecteur électrique NFC, NF** et NF*** avec en appoint un poêle à bois (bûche) installé entre 1990 et 2004 (système individuel)",8093.4,80,,,"Convecteur électrique NFC, NF** et NF***","Électricité","chauffage","Electrique - Convecteur électrique NFC, NF** et NF***",4796.1,"Poêle bûche installé entre 1990 et 2004","Bois – Bûches","chauffage","Bois - Poêle à bois (bûche) installé entre 1990 et 2004",3297.3,,,,,,,,,,,,,,,,,,,"Électricité","Ballon électrique à accumulation vertical Catégorie B ou 2 étoiles",,,"installation individuelle","Un seul système d'ECS sans solaire","Ballon électrique à accumulation vertical (catégorie B ou 2 étoiles), contenance ballon 150 L",1655.5,1,80,"Non affecté",,,,"Ballon électrique à accumulation vertical Catégorie B ou 2 étoiles","Électricité","ecs","Electrique - Ballon électrique à accumulation vertical (catégorie B ou 2 étoiles)",150,,1655.5,,,,,,,,,,,,0,,,,,,,"chauffage au bois",,,,,0,
"2484E3420298H","2024-10-01","2024-09-25","2024-09-30","2024-10-01","2034-09-29",,,,,,"DPE 3CL 2021 méthode logement",2.4,"dpe maison individuelle","E","B","maison",,"1983-1988",,,3,,,2,,,,152.4,,"Moyenne","inférieur à 400m","H2d","761 Avenue Justin Bonfils 84220 Gordes","761","Avenue Justin Bonfils","Gordes","84220","84050","84","93","84050_0460_00761",875942.91,6313214.37,0.53,"adresse géocodée ban à l'adresse","761, Avenue Justin Bonfils
Col de GORDES","GORDES",84220,0,,,"2024-09-0119",,"insuffisant",0,1,0,0,1,489.5,115,82.3,37.5,32.9,8.1,63,150.8,"moyenne","bonne","insuffisante",,,"insuffisante","insuffisante",0.67,20707.7,1356.2,0,3166.8,0,3343,0,47164.5,309,40895.7,5577.2,0,691.6,0,23407.2,153,20681.6,2424.9,0,300.7,0,1560.7,10,1382.4,157.6,0,20.7,0,"Électricité",18274.8,15549.2,2424.9,3733.2,3176.4,495.4,1406.8,1228.4,157.6,"Bois – Bûches",5132.4,5132.4,0,215.6,215.6,0,154,154,0,,,,,,,,,,,3948.7,3391.9,495.4,0,61.4,0,"Électricité","radiateur électrique NFC, NF** et NF***","installation individuelle","radiateur électrique NFC, NF** et NF***","Installation de chauffage avec insert ou poêle bois en appoint","Radiateur électrique NFC, NF** et NF*** avec en appoint un insert installé entre 1990 et 2004 (système individuel)",12443.8,82.6,,,"radiateur électrique NFC, NF** et NF***","Électricité","chauffage","Electrique - Radiateur électrique NFC, NF** et NF***",7311.4,"insert installé entre 1990 et 2004","Bois – Bûches","chauffage","Bois - Insert installé entre 1990 et 2004",5132.4,"installation individuelle","radiateur électrique NFC, NF** et NF***","Installation de chauffage simple","Radiateur électrique NFC, NF** et NF*** (système individuel)",8237.9,69.8,,,"radiateur électrique NFC, NF** et NF***","Électricité","chauffage","Electrique - Radiateur électrique NFC, NF** et NF***",8237.9,,,,,,"Électricité","Ballon électrique à accumulation vertical Catégorie B ou 2 étoiles",,,"installation individuelle","Un seul système d'ECS sans solaire","Ballon électrique à accumulation vertical (catégorie B ou 2 étoiles), contenance ballon 300 L",2424.9,1,152.4,"Non affecté",,,,"Ballon électrique à accumulation vertical Catégorie B ou 2 étoiles","Électricité","ecs","Electrique - Ballon électrique à accumulation vertical (catégorie B ou 2 étoiles)",300,,2424.9,,,,,,,,,,,,0,,,,,,,"chauffage au bois",,,,,0,
"2484E3130594V","2024-12-30","2024-09-08","2024-09-09","2024-09-10","2034-09-08",,,"91735MCC4QZX",,,"DPE 3CL 2021 méthode logement",2.4,"dpe maison individuelle","G","C","maison",,"avant 1948",,,2.5,,,2,,,,135,,"Légère","inférieur à 400m","H2d","310 Route de Murs 84220 Gordes","310","Route de Murs","Gordes","84220","84050","84","93","84050_0580_00310",876750.42,6315248.41,0.53,"adresse géocodée ban à l'adresse","310 route de Murs","GORDES",84220,0,,,"Pcfix24/GUIBERT/13845",,"insuffisant",0,1,0,0,1,748.8,53.5,265.2,55,64.9,14.4,70.4,225.4,"insuffisante","insuffisante","insuffisante",,,"insuffisante","insuffisante",1.18,35322.9,1281.5,0,2849.8,0,3424.5,0,65732.7,486,60950.3,4169.7,0,612.7,0,38414.3,284,36335,1812.9,0,266.4,0,2154.1,15,2017.9,117.8,0,18.4,0,"Électricité",21014.1,18934.9,1812.9,4281,3857.4,369.3,1632.1,1495.9,117.8,"Bois – Bûches",17400.1,17400.1,0,730.8,730.8,0,522,522,0,,,,,,,,,,,5011.8,4588.3,369.3,0,54.3,0,"Électricité","Panneau rayonnant électrique NFC, NF** et NF***","installation individuelle","Poêle bois","Installation de chauffage avec insert ou poêle bois en appoint","Panneau rayonnant électrique NFC, NF** et NF*** avec en appoint un poêle à bois (bûche) installé avant 1990 avec programmateur pièce par pièce (système individuel)",36335,135,,,"Panneau rayonnant électrique NFC, NF** et NF***","Électricité","chauffage","Electrique - Panneau rayonnant électrique NFC, NF** et NF***",18934.9,"Poêle bûche installé avant 1990","Bois – Bûches","chauffage","Bois - Poêle à bois (bûche) installé avant 1990",17400.1,,,,,,,,,,,,,,,,,,,"Électricité","Ballon électrique à accumulation vertical Catégorie B ou 2 étoiles",,,"installation individuelle","Un seul système d'ECS sans solaire","Ballon électrique à accumulation vertical (catégorie B ou 2 étoiles), contenance ballon 100 L",1812.9,1,135,"Non affecté",,,,"Ballon électrique à accumulation vertical Catégorie B ou 2 étoiles","Électricité","ecs","Electrique - Ballon électrique à accumulation vertical (catégorie B ou 2 étoiles)",100,,1812.9,,,,,,,,,,,,0,,,,,,,"chauffage au bois",,,,,0,
"2484E3150353U","2024-12-30","2024-09-08","2024-09-10","2024-09-11","2034-09-09",,,"5SJ6PGCTXX3D",,,"DPE 3CL 2021 méthode logement",2.4,"dpe maison individuelle","C","A","maison",,"avant 1948",,,2.7,,,2,,,,146,,"Moyenne","inférieur à 400m","H2d","161 Chemin du Bois d'Audibert 84220 Gordes","161","Chemin du Bois d'Audibert","Gordes","84220","84050","84","93","84050_0073_00161",879503.84,6315152.24,0.49,"adresse géocodée ban à l'adresse","161 Chemin du Bois d'Audibert
Hameau les Cortasses","GORDES",84220,0,,,"24/IMO/0326",,"insuffisant",0,1,0,0,1,354.6,36.7,75.7,22.4,24.1,7.7,56.6,131.4,"bonne","moyenne","bonne",,,"bonne","moyenne",0.59,12433.5,1328.7,2771.4,3050.2,415.6,5175,1749.1,25727.8,176,19840.2,4916.4,308.7,662.6,0,11186,76,8626.2,2137.6,134.2,288.1,0,848.9,5,681.5,138.9,8.6,19.9,0,"Électricité",11186,8626.2,2137.6,2325.6,1793.4,444.4,848.9,681.5,138.9,,,,,,,,,,,,,,,,,,,,,2325.6,1793.4,444.4,27.9,59.9,0,"Électricité","Plancher ou plafond rayonnant électrique avec régulation terminale","installation individuelle","Plancher rayonnant électrique avec régulation terminale","Installation de chauffage simple","Plancher rayonnant électrique avec régulation terminale avec programmateur avec réduit (système individuel)",7415.7,96,,,"Plancher ou plafond rayonnant électrique avec régulation terminale","Électricité","chauffage","Electrique - Plancher rayonnant électrique avec régulation terminale",7415.7,,,,,,"installation individuelle","Soufflage d'air chaud (air soufflé) avec distribution par fluide frigorigène","Installation de chauffage simple","PAC air/air sans réseau de distribution installée à partir de 2015 avec programmateur pièce par pièce (système individuel)",1210.5,50,,,"PAC air/air installée à partir de 2015","Électricité","chauffage","Electrique - PAC air/air sans réseau de distribution installée à partir de 2015",1210.5,,,,,,"Électricité","Ballon électrique à accumulation vertical Catégorie B ou 2 étoiles",,,"installation individuelle","Un seul système d'ECS sans solaire","Ballon électrique à accumulation vertical (catégorie B ou 2 étoiles), contenance ballon 200 L",2137.6,1,146,"Non affecté",,,,"Ballon électrique à accumulation vertical Catégorie B ou 2 étoiles","Électricité","ecs","Electrique - Ballon électrique à accumulation vertical (catégorie B ou 2 étoiles)",200,,2137.6,,,,,,,,,,,,0,"PAC air/air installée à partir de 2015","Électricité","A partir de 2015","Refroidissement - Electrique - Pompe à chaleur air/air",50,134.2,"pompe à chaleur",,,,,0,
"2484E3172024H","2024-09-12","2024-09-05","2024-09-11","2024-09-12","2034-09-10",,,,,,"DPE 3CL 2021 méthode logement",2.4,"dpe maison individuelle","D","B","maison",,"avant 1948",,,2.9,,,2,,,,434.6,,"Légère","inférieur à 400m","H2d","1116 Chemin de Toudoumiane 84220 Gordes","1116","Chemin de Toudoumiane","Gordes","84220","84050","84","93","84050_0858_01116",880283.49,6313985.47,0.45,"adresse géocodée ban à l'adresse","1116 chemin de la Toudoumiane, Villa Fanny","GORDES",84220,0,,,"060100765",,"insuffisant",0,1,0,0,1,1575.3,86.7,556.4,155.6,121.6,36.5,114.4,504.1,"insuffisante","insuffisante","très bonne",,,"insuffisante","bonne",1.12,65626.8,2568.2,7864.5,7518.3,1132.1,10918,4507.9,98680,227,86104,6076.4,2557.7,1972.2,1969.7,42904.3,98,37436.5,2641.9,1112,857.5,856.4,3314.4,7,2957.5,171.7,71.2,59.2,54.8,"Électricité",42904.3,37436.5,2641.9,8659.3,7555.7,533.2,3314.4,2957.5,171.7,,,,,,,,,,,,,,,,,,,,,8659.3,7555.7,533.2,224.4,173.1,172.8,"Électricité","Panneau rayonnant électrique NFC, NF** et NF***","installation individuelle","Panneau rayonnant NFC, NF** et NF***","Installation de chauffage simple","Panneau rayonnant électrique NFC, NF** et NF*** avec programmateur pièce par pièce (système individuel)",28703.4,243.5,,,"Panneau rayonnant électrique NFC, NF** et NF***","Électricité","chauffage","Electrique - Panneau rayonnant électrique NFC, NF** et NF***",28703.4,,,,,,"installation individuelle","Plancher chauffant sur réseau individuel eau chaude basse ou moyenne température(inf 65°C)","Installation de chauffage simple","PAC air/eau installée à partir de 2017 avec programmateur pièce par pièce (système individuel). Emetteur(s): plancher chauffant",8733.1,191.1,,,"PAC air/eau installée après 2017","Électricité","chauffage","Electrique - PAC air/eau installée à partir de 2017",8733.1,,,,,,"Électricité","Ballon électrique à accumulation vertical Catégorie B ou 2 étoiles",,,"installation individuelle","Deux systèmes d'ECS dans une maison ou un appartement","Ballon électrique à accumulation vertical (catégorie B ou 2 étoiles) en cascade avec un/une Ballon électrique à accumulation vertical (catégorie B ou 2 étoiles), contenance ballon 200 L",2089.6,1,217.3,"Non affecté",,,,"Ballon électrique à accumulation vertical Catégorie B ou 2 étoiles","Électricité","ecs","Electrique - Ballon électrique à accumulation vertical (catégorie B ou 2 étoiles)",200,,2089.6,,,,,,,,,,,,0,"PAC air/eau installée après 2017","Électricité","A partir de 2015","Refroidissement - Electrique - Pompe à chaleur air/eau",434.6,1112,"Il existe plusieurs descriptifs ENR",,,,,0,
"2584E0014891D","2025-01-03","2025-01-02","2025-01-02","2025-01-03","2035-01-01",,,,,,"DPE 3CL 2021 méthode logement",2.4,"dpe maison individuelle","D","B","maison",,"1948-1974",,,2.5,,,1,,,,133.5,,"Lourde","inférieur à 400m","H2d","66 Chemin des Graveliers 84220 Gordes","66","Chemin des Graveliers","Gordes","84220","84050","84","93","84050_0337_00066",874869.7,6312226.7,0.44,"adresse géocodée ban à l'adresse","66, chemin des Graveliers
Les Imberts","GORDES",84220,0,,,"D/25/IMO/0003/M.P",,"insuffisant",0,1,0,1,1,531.6,54.9,198.7,36.3,62,6.8,51.3,121.6,"insuffisante","insuffisante",,"bonne",,"insuffisante","bonne",1,21682.8,1275,621.6,2553.9,384.6,391.7,182.7,27008.1,202,21500.1,4755.9,146.1,605.9,0,11742.6,87,9347.9,2067.8,63.5,263.4,0,895.1,6,738.5,134.4,4.1,18.2,0,"Électricité",11742.6,9347.9,2067.8,2435.4,1938.7,428.8,895.1,738.5,134.4,,,,,,,,,,,,,,,,,,,,,2435.4,1938.7,428.8,13.2,54.6,0,"Électricité","PAC air/air installée à partir de 2015","installation individuelle","radiateur électrique NFC, NF** et NF***","Installation de chauffage simple","Radiateur électrique à inertie (modélisé comme un radiateur NFC, NF** et NF***) avec programmateur sans réduit (système individuel)",5021.5,37,,,"Radiateur électrique à accumulation","Électricité","chauffage","Electrique - Radiateur électrique à accumulation",5021.5,,,,,,"installation individuelle","Soufflage d'air chaud (air soufflé) avec distribution par fluide frigorigène","Installation de chauffage simple","PAC air/air sans réseau de distribution installée à partir de 2015 avec programmateur pièce par pièce (système individuel)",4326.4,96.5,,,"PAC air/air installée à partir de 2015","Électricité","chauffage","Electrique - PAC air/air sans réseau de distribution installée à partir de 2015",4326.4,,,,,,"Électricité","Ballon électrique à accumulation vertical Catégorie B ou 2 étoiles",,,"installation individuelle","Un seul système d'ECS sans solaire","Ballon électrique à accumulation vertical (catégorie B ou 2 étoiles), contenance ballon 150 L",2067.8,1,133.5,"Non affecté",,,,"Ballon électrique à accumulation vertical Catégorie B ou 2 étoiles","Électricité","ecs","Electrique - Ballon électrique à accumulation vertical (catégorie B ou 2 étoiles)",150,,2067.8,,,,,,,,,,,,0,"PAC air/air installée à partir de 2015","Électricité","A partir de 2015","Refroidissement - Electrique - Pompe à chaleur (divisé) - type split",96.5,63.5,"pompe à chaleur",,,,,0,
"2584E0325669D","2025-01-30","2025-01-28","2025-01-29","2025-01-30","2035-01-28",,,,,,"DPE 3CL 2021 méthode logement",2.4,"dpe maison individuelle","E","B","maison",,"avant 1948",,,2.5,,,2,,,,89,,"Moyenne","inférieur à 400m","H2d","110 Chemin des Martins 84220 Gordes","110","Chemin des Martins","Gordes","84220","84050","84","93","84050_0545_00110",876443.3,6310560.7,0.47,"adresse géocodée ban à l'adresse","110, Hameau Les Martins","GORDES",84220,0,,,"2025-01-0104 MAISON NORD OUEST",,"insuffisant",0,1,0,0,1,296,15.1,81.7,49.4,28.5,5.6,29.2,86.5,"insuffisante","insuffisante","insuffisante",,,"insuffisante","insuffisante",1.14,10650.8,1083.9,0,2011.5,0,1954.7,0,25531.9,286,20743,4385,0,403.9,0,11100.8,124,9018.7,1906.5,0,175.6,0,848.5,9,712.5,123.9,0,12.1,0,"Électricité",11100.8,9018.7,1906.5,2308.8,1875.7,396.5,848.5,712.5,123.9,,,,,,,,,,,,,,,,,,,,,2308.8,1875.7,396.5,0,36.5,0,"Électricité","radiateur électrique NFC, NF** et NF***","installation individuelle","radiateur électrique NFC, NF** et NF***","Installation de chauffage simple","Radiateur électrique NFC, NF** et NF*** (système individuel)",9018.7,89,,,"radiateur électrique NFC, NF** et NF***","Électricité","chauffage","Electrique - Radiateur électrique NFC, NF** et NF***",9018.7,,,,,,,,,,,,,,,,,,,,,,,,"Électricité","Ballon électrique à accumulation vertical Autres ou inconnue",,,"installation individuelle","Un seul système d'ECS sans solaire","Ballon électrique à accumulation vertical (autres catégorie ou inconnue), contenance ballon 200 L",1906.5,1,89,"Non affecté",,,,"Ballon électrique à accumulation vertical Autres ou inconnue","Électricité","ecs","Electrique - Ballon électrique à accumulation vertical (autres catégorie ou inconnue)",200,,1906.5,,,,,,,,,,,,0,,,,,,,,,,,,0,
"2584E0112369H","2025-01-13","2025-01-12","2025-01-12","2025-01-13","2035-01-11",,,,,,"DPE 3CL 2021 méthode logement",2.4,"dpe maison individuelle","F","C","maison",,"avant 1948",,,2.3,,,2,,,,125,,"Lourde","inférieur à 400m","H2d","1406 Chemin des Gros 84220 Gordes","1406","Chemin des Gros","Gordes","84220","84050","84","93","84050_0340_01406",875426.29,6310597.64,0.52,"adresse géocodée ban à l'adresse","1406 Chemin des Gros 
Lieudit LES GROS","GORDES",84220,0,,,"2025-01-0028",,"insuffisant",0,1,0,1,0,634.6,59.3,191.3,159.8,35.1,22.8,33.9,132.4,"insuffisante","insuffisante","insuffisante",,,"insuffisante","insuffisante",1.86,25032.8,1238.5,0,2413.8,0,1814.7,0,52477.8,419,47143.1,4767.4,0,567.3,0,29959.4,239,27639.9,2072.8,0,246.6,0,1716.1,13,1564.3,134.7,0,17,0,"Électricité",17321.8,15002.4,2072.8,3542.5,3068.2,423.9,1336.9,1185.2,134.7,"Bois – Bûches",12637.5,12637.5,0,530.8,530.8,0,379.1,379.1,0,,,,,,,,,,,4073.3,3599,423.9,0,50.4,0,"Électricité","radiateur électrique NFC, NF** et NF***","installation individuelle","Poêle bois","Installation de chauffage avec insert ou poêle bois en appoint","Radiateur électrique NFC, NF** et NF*** avec en appoint un poêle à bois (bûche) installé avant 1990 (système individuel)",27639.9,125,,,"radiateur électrique NFC, NF** et NF***","Électricité","chauffage","Electrique - Radiateur électrique NFC, NF** et NF***",15002.4,"Poêle bûche installé avant 1990","Bois – Bûches","chauffage","Bois - Poêle à bois (bûche) installé avant 1990",12637.5,,,,,,,,,,,,,,,,,,,"Électricité","Ballon électrique à accumulation vertical Autres ou inconnue",,,"installation individuelle","Un seul système d'ECS sans solaire","Ballon électrique à accumulation vertical (autres catégorie ou inconnue), contenance ballon 200 L",2072.8,1,125,"Non affecté",,,,"Ballon électrique à accumulation vertical Autres ou inconnue","Électricité","ecs","Electrique - Ballon électrique à accumulation vertical (autres catégorie ou inconnue)",200,,2072.8,,,,,,,,,,,,0,,,,,,,"chauffage au bois",,,,,0,
"2584E0712513T","2025-03-03","2025-03-02","2025-03-02","2025-03-03","2035-03-01",,,,,,"DPE 3CL 2021 méthode logement",2.4,"dpe maison individuelle","D","B","maison",,"1978-1982",,,2.5,,,2,,,,185,,"Moyenne","inférieur à 400m","H2d","136 Chemin des Michelons 84220 Gordes","136","Chemin des Michelons","Gordes","84220","84050","84","93","84050_0555_00136",876333.33,6310909.37,0.46,"adresse géocodée ban à l'adresse","136 CHEMIN DES MICHELONS","GORDES",84220,0,,,"25/IMO/0898",,"moyen",1,0,0,0,1,522.6,51,128.2,21.4,68,0,95.3,158.8,"moyenne","moyenne","bonne",,,"insuffisante","insuffisante",0.81,15987.8,1496.2,0,3760.9,0,7190.4,0,39406.4,213,32420.9,6145.9,0,839.6,0,17133.2,92,14096.1,2672.1,0,365,0,1312.5,7,1113.6,173.7,0,25.2,0,"Électricité",17133.2,14096.1,2672.1,3504.8,2883.5,546.6,1312.5,1113.6,173.7,,,,,,,,,,,,,,,,,,,,,3504.8,2883.5,546.6,0,74.7,0,"Électricité","Convecteur électrique NFC, NF** et NF***","installation individuelle","Convecteur électrique NFC, NF** et NF***","Installation de chauffage simple","Convecteur électrique NFC, NF** et NF*** (système individuel)",14096.1,185,,,"Convecteur électrique NFC, NF** et NF***","Électricité","chauffage","Electrique - Convecteur électrique NFC, NF** et NF***",14096.1,,,,,,,,,,,,,,,,,,,,,,,,"Électricité","Ballon électrique à accumulation vertical Autres ou inconnue",,,"installation individuelle","Un seul système d'ECS sans solaire","Ballon électrique à accumulation vertical (autres catégorie ou inconnue), contenance ballon 300 L",2672.1,1,185,"Non affecté",,,,"Ballon électrique à accumulation vertical Autres ou inconnue","Électricité","ecs","Electrique - Ballon électrique à accumulation vertical (autres catégorie ou inconnue)",300,,2672.1,,,,,,,,,,,,0,,,,,,,,,,,,0,
"2584E0611152G","2025-02-24","2025-02-17","2025-02-23","2025-02-24","2035-02-22",,,,,,"DPE 3CL 2021 méthode logement",2.4,"dpe maison individuelle","B","A","maison",,"2001-2005",,,2.7,,,1,,,,256.8,,"Moyenne","inférieur à 400m","H2d","2830 Chemin des Parties 84220 Gordes","2830","Chemin des Parties","Gordes","84220","84050","84","93","84050_0640_02830",874013.76,6312647.81,0.49,"adresse géocodée ban à l'adresse","2830, Chemin des Parties","GORDES",84220,0,,,"2025-02-0118",,"insuffisant",0,1,0,0,1,689.9,75.1,99.1,45.9,58.9,13.9,162.1,234.9,"bonne","moyenne",,"moyenne",,"bonne","moyenne",0.58,19220.5,1804.6,9717.4,5069.3,690.7,13557.7,7843.1,25568.3,99,15236.8,6923.4,1523.5,1165.4,719.1,11116.6,43,6624.7,3010.2,662.4,506.7,312.6,816.4,3,523.4,195.7,42.4,35,20,"Électricité",11116.6,6624.7,3010.2,2311.9,1377.7,626,816.4,523.4,195.7,,,,,,,,,,,,,,,,,,,,,2311.9,1377.7,626,137.8,105.4,65,"Électricité","PAC air/eau installée après 2017","installation individuelle","Plancher chauffant sur réseau individuel eau chaude haute température(sup ou egal 65°C)","Installation de chauffage simple","PAC air/eau installée à partir de 2017 avec programmateur avec réduit (système individuel). Emetteur(s): plancher chauffant",5366,213,,,"PAC air/eau installée après 2017","Électricité","chauffage","Electrique - PAC air/eau installée à partir de 2017",5366,,,,,,"installation individuelle","Soufflage d'air chaud (air soufflé) avec distribution par réseau aéraulique","Installation de chauffage simple","PAC air/air installée à partir de 2015 (système individuel)",1258.7,43.8,,,"PAC air/air installée à partir de 2015","Électricité","chauffage","Electrique - PAC air/air sans réseau de distribution installée à partir de 2015",1258.7,,,,,,"Électricité","Ballon électrique à accumulation vertical Catégorie B ou 2 étoiles",,,"installation individuelle","Un seul système d'ECS sans solaire","Ballon électrique à accumulation vertical (catégorie B ou 2 étoiles), contenance ballon 200 L",1679.1,1,128.4,"Non affecté",,,,"Ballon électrique à accumulation vertical Catégorie B ou 2 étoiles","Électricité","ecs","Electrique - Ballon électrique à accumulation vertical (catégorie B ou 2 étoiles)",200,,1679.1,,,,,,,,,,,,0,"PAC air/air installée à partir de 2015","Électricité","A partir de 2015","Refroidissement  2 - Electrique - Pompe à chaleur (divisé) - type split",80,428,"pompe à chaleur",,,,,0,
"2584E0331520E","2025-01-30","2025-01-29","2025-01-29","2025-01-30","2035-01-28",,,,,,"DPE 3CL 2021 méthode logement",2.4,"dpe maison individuelle","D","C","maison",,"avant 1948",,,2.5,,,2,,,,136,,"Moyenne","inférieur à 400m","H2d","958 Route de Saint-Pantaléon 84220 Gordes","958","Route de Saint-Pantaléon","Gordes","84220","84050","84","93","84050_0803_00958",875280.91,6311665.35,0.51,"adresse géocodée ban à l'adresse","958 ROUET DE ST PANTALEON","GORDES",84220,0,,,"25/IMO/0828",,"insuffisant",0,0,0,0,0,598.8,63.7,134.2,185,17.2,0,50.9,147.8,"insuffisante","insuffisante","insuffisante",,,"bonne","moyenne",1.42,23872.2,1285.8,3210.5,2868,390.8,2670,1918.3,31102.3,228,25542.8,2761,1076.2,617.2,1105.1,15190.8,111,11213.1,2761,467.9,268.3,480.5,1906.2,14,932.4,894.6,29.9,18.5,30.7,"Électricité",12239.6,11022.9,0,2533.4,2281.5,0,950,870.8,0,"Fioul domestique",2951.2,190.2,2761,437.4,28.2,409.2,956.2,61.6,894.6,,,,,,,,,,,2970.8,2309.7,409.2,96.9,55.5,99.4,"Électricité","PAC air/air installée entre 2008 et 2014","installation individuelle","Soufflage d'air chaud (air soufflé) avec distribution par réseau aéraulique","Installation de chauffage simple","PAC air/air installée entre 2008 et 2014 (système individuel)",11022.9,135,,,"PAC air/air installée entre 2008 et 2014","Électricité","chauffage","Electrique - PAC air/air sans réseau de distribution installée entre 2008 et 2014",11022.9,,,,,,"installation individuelle","Plancher chauffant sur réseau individuel eau chaude basse ou moyenne température(inf 65°C)","Installation de chauffage simple","Chaudière individuelle fioul à condensation installée entre 1996 et 2015. Emetteur(s): plancher chauffant",190.2,1,,,"Chaudière fioul à condensation 1996-2015","Fioul domestique","chauffage + ecs","Fioul - Chaudière fioul à condensation installée entre 1996 et 2015",190.2,,,,,,"Fioul domestique","Chaudière fioul à condensation 1996-2015",,,"installation individuelle","Un seul système d'ECS sans solaire","Combiné au système de chauffage, contenance ballon 100 L",2761,1,136,"Non affecté",,,,"Chaudière fioul à condensation 1996-2015","Fioul domestique","chauffage + ecs","Fioul - Chaudière fioul à condensation installée entre 1996 et 2015",100,,2761,,,,,,,,,,,,0,"PAC air/air installée entre 2008 et 2014","Électricité","2008-2014","Refroidissement - Electrique - Pompe à chaleur (divisé) - type split",136,467.9,"pompe à chaleur",,,,,0,
"2584E0359717R","2025-02-03","2025-01-30","2025-02-02","2025-02-03","2035-02-01","2584E0359702C",,,,,"DPE 3CL 2021 méthode logement",2.4,"dpe maison individuelle","E","B","maison",1984,"1983-1988",,,2.5,,,1,,,,120.2,,"Moyenne","inférieur à 400m","H2d","1581 Chemin des Gros 84220 Gordes","1581","Chemin des Gros","Gordes","84220","84050","84","93","84050_0340_01581",875571.66,6310651.02,0.52,"adresse géocodée ban à l'adresse","1581 Chemin des Gros","GORDES",84220,0,,,"25/N1527",,"moyen",1,1,0,0,1,416.2,84.1,72.2,23.1,39.9,9.2,54.8,132.8,"moyenne","insuffisante",,"insuffisante",,"moyenne","moyenne",0.77,13865.3,1217.9,2699.5,2580.1,351.5,4480.3,1678.3,31347.5,260,25165,5235.2,401.9,545.5,0,17194.3,143,14506.2,2276.2,174.7,237.2,0,1012.4,8,836.9,148,11.2,16.4,0,"Électricité",10887.1,8199,2276.2,2266.6,1707,473.9,823.2,647.7,148,"Bois – Bûches",6307.2,6307.2,0,264.9,264.9,0,189.2,189.2,0,,,,,,,,,,,2531.5,1971.9,473.9,36.4,49.4,0,"Électricité","radiateur électrique NFC, NF** et NF***","installation individuelle","radiateur électrique NFC, NF** et NF***","Installation de chauffage avec insert ou poêle bois en appoint","Radiateur électrique NFC, NF** et NF*** avec en appoint un insert installé avant 1990 (système individuel)",13794.7,102.8,,,"radiateur électrique NFC, NF** et NF***","Électricité","chauffage","Electrique - Radiateur électrique NFC, NF** et NF***",7487.5,"insert installé avant 1990","Bois – Bûches","chauffage","Bois - Insert installé avant 1990",6307.2,"installation individuelle","Soufflage d'air chaud (air soufflé) avec distribution par fluide frigorigène","Installation de chauffage simple","PAC air/air sans réseau de distribution installée entre 2008 et 2014 avec programmateur pièce par pièce (système individuel)",711.5,17.5,,,"PAC air/air installée entre 2008 et 2014","Électricité","chauffage","Electrique - PAC air/air sans réseau de distribution installée entre 2008 et 2014",711.5,,,,,,"Électricité","Ballon électrique à accumulation vertical Catégorie B ou 2 étoiles",,,"installation individuelle","Un seul système d'ECS sans solaire","Ballon électrique à accumulation vertical (catégorie B ou 2 étoiles), contenance ballon 300 L",2276.2,1,120.2,"Non affecté",,,,"Ballon électrique à accumulation vertical Catégorie B ou 2 étoiles","Électricité","ecs","Electrique - Ballon électrique à accumulation vertical (catégorie B ou 2 étoiles)",300,,2276.2,,,,,,,,,,,,0,"PAC air/air installée entre 2008 et 2014","Électricité","2008-2014","Refroidissement - Electrique - Pompe à chaleur (divisé) - type split",53.4,174.7,"Il existe plusieurs descriptifs ENR",,,,,0,
"2584E0325760Q","2025-01-30","2025-01-28","2025-01-29","2025-01-30","2035-01-28",,,,,,"DPE 3CL 2021 méthode logement",2.4,"dpe maison individuelle","F","C","maison",,"avant 1948",,,2.5,,,3,,,,152,,"Moyenne","inférieur à 400m","H2d","110 Chemin des Martins 84220 Gordes","110","Chemin des Martins","Gordes","84220","84050","84","93","84050_0545_00110",876443.3,6310560.7,0.47,"adresse géocodée ban à l'adresse","110, Hameau Les Martins","GORDES",84220,0,,,"2025-01-0104 MAISON SUD",,"insuffisant",0,1,0,0,1,486.1,24.2,196.3,33.8,36.9,7.6,52.9,134.4,"insuffisante","insuffisante","insuffisante",,,"insuffisante","insuffisante",1.45,17489.7,1354.5,0,3159.6,0,3552.5,0,51911.4,341,45611.3,5054.2,0,689.8,556,26066.6,171,23327.5,2197.5,0,299.9,241.7,1718.8,11,1539.8,142.8,0,20.7,15.5,"Électricité",19880.6,17141.4,2197.5,4054.3,3495.7,448.1,1533.2,1354.2,142.8,"Bois – Bûches",6186.1,6186.1,0,259.8,259.8,0,185.6,185.6,0,,,,,,,,,,,4314.1,3755.5,448.1,0,61.2,49.3,"Électricité","Chaudière électrique","installation individuelle","Radiateur monotube sans robinet thermostatique sur réseau individuel eau chaude haute température(sup ou egal 65°C)","Installation de chauffage simple","Chaudière individuelle électrique avec programmateur avec réduit. Emetteur(s): radiateur monotube sans robinet thermostatique",17141.4,127,,,"Chaudière électrique","Électricité","chauffage","Electrique - Chaudière électrique",17141.4,,,,,,"installation individuelle","Poêle bois","Installation de chauffage simple","Insert (système individuel)",6186.1,25,,,"insert installé avant 1990","Bois – Bûches","chauffage","Bois - Insert installé avant 1990",6186.1,,,,,,"Électricité","Ballon électrique à accumulation vertical Autres ou inconnue",,,"installation individuelle","Un seul système d'ECS sans solaire","Ballon électrique à accumulation vertical (autres catégorie ou inconnue), contenance ballon 200 L",2197.5,1,152,"Non affecté",,,,"Ballon électrique à accumulation vertical Autres ou inconnue","Électricité","ecs","Electrique - Ballon électrique à accumulation vertical (autres catégorie ou inconnue)",200,,2197.5,,,,,,,,,,,,0,,,,,,,"chauffage au bois",,,,,0,
"2584E0846914A","2025-03-13","2025-03-05","2025-03-12","2025-03-13","2035-03-11","2584E0846907T",,,,,"DPE 3CL 2021 méthode logement",2.4,"dpe maison individuelle","F","B","maison",,"avant 1948",,,2.4,,,1,,,,29,,"Moyenne","inférieur à 400m","H2d","68 Rue Principale 84220 Gordes","68","Rue Principale","Gordes","84220","84050","84","93","84050_0720_00068",874226.7,6312124.08,0.45,"adresse géocodée ban à l'adresse","68 RUE PRINCIPALE","GORDES",84220,0,,,"25/IMO/1484_p01",,"moyen",1,1,0,0,1,110.7,3.4,21.4,9.3,24.5,7.3,15.1,29.7,"insuffisante","moyenne","insuffisante",,,"insuffisante","insuffisante",0.95,3633.5,572.7,0,777.7,0,1007.7,0,10333.8,356,7057.7,3144.4,0,131.7,0,4493,154,3068.6,1367.1,0,57.3,0,335.2,11,242.4,88.9,0,4,0,"Électricité",4493,3068.6,1367.1,1009.4,689.4,307.1,335.2,242.4,88.9,,,,,,,,,,,,,,,,,,,,,1009.4,689.4,307.1,0,12.9,0,"Électricité","Convecteur électrique NFC, NF** et NF***","installation individuelle","Convecteur électrique NFC, NF** et NF***","Installation de chauffage simple","Convecteur électrique NFC, NF** et NF*** (système individuel)",3068.6,29,,,"Convecteur électrique NFC, NF** et NF***","Électricité","chauffage","Electrique - Convecteur électrique NFC, NF** et NF***",3068.6,,,,,,,,,,,,,,,,,,,,,,,,"Électricité","Ballon électrique à accumulation vertical Catégorie B ou 2 étoiles",,,"installation individuelle","Un seul système d'ECS sans solaire","Ballon électrique à accumulation vertical (catégorie B ou 2 étoiles), contenance ballon 200 L",1367.1,1,29,"Non affecté",,,,"Ballon électrique à accumulation vertical Catégorie B ou 2 étoiles","Électricité","ecs","Electrique - Ballon électrique à accumulation vertical (catégorie B ou 2 étoiles)",200,,1367.1,,,,,,,,,,,,0,,,,,,,,,,,,0,
"2584E0846733B","2025-03-13","2025-03-05","2025-03-12","2025-03-13","2035-03-11",,,,,,"DPE 3CL 2021 méthode logement",2.4,"dpe maison individuelle","F","C","maison",,"avant 1948",,,2.6,,,1,,,,103,,"Moyenne","inférieur à 400m","H2d","68 Rue Principale 84220 Gordes","68","Rue Principale","Gordes","84220","84050","84","93","84050_0720_00068",874226.7,6312124.08,0.45,"adresse géocodée ban à l'adresse","68 RUE PRINCIPALE","GORDES",84220,0,,,"25/IMO/1484",,"insuffisant",1,0,0,0,0,463.8,15.9,166,66.8,34.9,0,51.4,128.7,"insuffisante","insuffisante","insuffisante",,,"insuffisante","insuffisante",1.28,16182.1,1144.2,0,2267.4,0,4725.5,0,35174.5,341,30246.9,4460,0,467.6,0,17983.2,174,15840.8,1939.1,0,203.3,0,1158.3,11,1018.2,126,0,14,0,"Électricité",13224.1,11081.6,1939.1,2727.6,2285.7,400,1015.5,875.4,126,"Bois – Bûches",4759.2,4759.2,0,199.9,199.9,0,142.8,142.8,0,,,,,,,,,,,2927.5,2485.6,400,0,41.9,0,"Électricité","Convecteur électrique NFC, NF** et NF***","installation individuelle","Convecteur électrique NFC, NF** et NF***","Installation de chauffage avec insert ou poêle bois en appoint","Convecteur électrique NFC, NF** et NF*** avec en appoint un insert installé entre 1990 et 2004 (système individuel)",11681.6,70.6,,,"Convecteur électrique NFC, NF** et NF***","Électricité","chauffage","Electrique - Convecteur électrique NFC, NF** et NF***",6922.4,"insert installé entre 1990 et 2004","Bois – Bûches","chauffage","Bois - Insert installé entre 1990 et 2004",4759.2,"installation individuelle","radiateur électrique NFC, NF** et NF***","Installation de chauffage simple","Radiateur électrique à inertie (modélisé comme un radiateur NFC, NF** et NF***) (système individuel)",4159.2,32.5,,,"Radiateur électrique à accumulation","Électricité","chauffage","Electrique - Radiateur électrique à accumulation",4159.2,,,,,,"Électricité","Ballon électrique à accumulation vertical Catégorie B ou 2 étoiles",,,"installation individuelle","Un seul système d'ECS sans solaire","Ballon électrique à accumulation vertical (catégorie B ou 2 étoiles), contenance ballon 200 L",1939.1,1,103,"Non affecté",,,,"Ballon électrique à accumulation vertical Catégorie B ou 2 étoiles","Électricité","ecs","Electrique - Ballon électrique à accumulation vertical (catégorie B ou 2 étoiles)",200,,1939.1,,,,,,,,,,,,0,,,,,,,"chauffage au bois",,,,,0,
"2584E0920993F","2025-03-18","2025-03-16","2025-03-17","2025-03-18","2035-03-16",,,,,,"DPE 3CL 2021 méthode logement",2.4,"dpe maison individuelle","B","A","maison",,"1978-1982",,,3.5,,,1,,,,181,,"Légère","inférieur à 400m","H2d","97 Chemin de Gontrand 84220 Gordes","97","Chemin de Gontrand","Gordes","84220","84050","84","93","84050_0327_00097",875352.48,6313563.97,0.44,"adresse géocodée ban à l'adresse","97 chemin de Gontrand","GORDES",84220,0,,,"25/IMO/0265",,"moyen",1,1,0,0,1,434.7,46.5,62,53,68.9,7.5,32.3,164.5,"très bonne","très bonne",,"très bonne",,"insuffisante","très bonne",0.44,14801.9,1479.1,2893.9,3688,502.5,4007.8,1690.9,19558,108,12787.9,4478.2,468,821.4,1002.5,8503.5,46,5559.9,1947.1,203.5,357.1,435.9,631.4,3,439.2,126.6,13,24.6,27.9,"Électricité",8503.5,5559.9,1947.1,1796.4,1174.6,411.3,631.4,439.2,126.6,,,,,,,,,,,,,,,,,,,,,1796.4,1174.6,411.3,43,75.4,92.1,"Électricité","PAC air/air installée à partir de 2015","installation individuelle","Soufflage d'air chaud (air soufflé) avec distribution par réseau aéraulique","Installation de chauffage simple","PAC air/air installée à partir de 2015 (système individuel)",2932.3,90.5,,,"PAC air/air installée à partir de 2015","Électricité","chauffage","Electrique - PAC air/air sans réseau de distribution installée à partir de 2015",2932.3,,,,,,"installation individuelle","Plancher chauffant sur réseau individuel eau chaude haute température(sup ou egal 65°C)","Installation de chauffage simple","PAC air/eau installée à partir de 2017 (système individuel)",2627.6,90.5,,,"PAC air/eau installée après 2017","Électricité","chauffage","Electrique - PAC air/eau installée à partir de 2017",2627.6,,,,,,"Électricité","Ballon électrique à accumulation vertical Catégorie C ou 3 étoiles",,,"installation individuelle","Un seul système d'ECS sans solaire","Ballon électrique à accumulation vertical (catégorie C ou 3 étoiles), contenance ballon 100 L",1947.1,1,181,"Non affecté",,,,"Ballon électrique à accumulation vertical Catégorie C ou 3 étoiles","Électricité","ecs","Electrique - Ballon électrique à accumulation vertical (catégorie C ou 3 étoiles)",100,,1947.1,,,,,,,,,,,,0,"PAC air/air installée à partir de 2015","Électricité","A partir de 2015","Refroidissement - Electrique - Pompe à chaleur air/air",90,203.5,"pompe à chaleur",,,,,0,
"2584E0859713H","2025-03-13","2025-03-12","2025-03-12","2025-03-13","2035-03-11",,,,,,"DPE 3CL 2021 méthode logement",2.4,"dpe appartement individuel","C","A","appartement",,"avant 1948","individuel","individuel",2.5,1,,1,,,,41,,"Moyenne","inférieur à 400m","H2d","Chemin de la Cerisaie 84220 Gordes",,"Chemin de la Cerisaie","Gordes","84220","84050","84","93","84050_0109",874219.86,6311978.05,0.46,"adresse géocodée ban à l'adresse","RUE DE LA CERISERAI","GORDES",84220,0,,,"25/IMO/0936","APPARTEMENET 2 SUD NORD ETAGE","moyen",1,1,0,0,1,93.1,11.7,16,5.7,0,0,12.1,47.5,"très bonne","très bonne","très bonne",,,"très bonne","très bonne",0.27,2541,905.6,829.1,1152.4,157,1152.3,510.5,5499.1,134,1940.3,3103,269.6,186.1,0,2390.9,58,843.6,1349.2,117.2,80.9,0,167.4,4,66.6,87.7,7.5,5.6,0,"Électricité",2390.9,843.6,1349.2,611.2,215.6,344.9,167.4,66.6,87.7,,,,,,,,,,,,,,,,,,,,,611.2,215.6,344.9,30,20.7,0,"Électricité","PAC air/air installée à partir de 2015","installation individuelle","Soufflage d'air chaud (air soufflé) avec distribution par fluide frigorigène","Installation de chauffage simple","PAC air/air sans réseau de distribution installée à partir de 2015 (système individuel)",843.6,41,,,"PAC air/air installée à partir de 2015","Électricité","chauffage","Electrique - PAC air/air sans réseau de distribution installée à partir de 2015",843.6,,,,,,,,,,,,,,,,,,,,,,,,"Électricité","Ballon électrique à accumulation vertical Catégorie C ou 3 étoiles",,,"installation individuelle","Un seul système d'ECS sans solaire","Ballon électrique à accumulation vertical (catégorie C ou 3 étoiles), contenance ballon 150 L",1349.2,1,41,"Non affecté",,,,"Ballon électrique à accumulation vertical Catégorie C ou 3 étoiles","Électricité","ecs","Electrique - Ballon électrique à accumulation vertical (catégorie C ou 3 étoiles)",150,,1349.2,,,,,,,,,,,,0,"PAC air/air installée à partir de 2015","Électricité","A partir de 2015","Refroidissement - Electrique - Pompe à chaleur (divisé) - type split",41,117.2,"pompe à chaleur",,,,,0,
"2584E0857846M","2025-03-13","2025-03-12","2025-03-12","2025-03-13","2035-03-11",,,,,,"DPE 3CL 2021 méthode logement",2.4,"dpe appartement individuel","C","A","appartement",,"avant 1948","individuel","individuel",2.5,1,,1,,,,27,,"Lourde","inférieur à 400m","H2d","Chemin de la Cerisaie 84220 Gordes",,"Chemin de la Cerisaie","Gordes","84220","84050","84","93","84050_0109",874219.86,6311978.05,0.46,"adresse géocodée ban à l'adresse","RUE DE LA CERISAIE","GORDES",84220,0,,,"25/IMO/0937","APPARTEMENT RDC SUD","insuffisant",0,0,0,1,0,50.1,11.3,5.6,0,5.9,0,8.9,18.4,"très bonne","très bonne",,"très bonne",,"bonne","bonne",0.28,704.5,755.3,610.4,766.5,115.4,1242.5,406.6,3607.9,133,547.2,2587.2,351,122.5,0,1568.6,58,237.9,1124.9,152.6,53.3,0,105.4,3,18.8,73.1,9.8,3.7,0,"Électricité",1568.6,237.9,1124.9,455.3,69.1,326.5,105.4,18.8,73.1,,,,,,,,,,,,,,,,,,,,,455.3,69.1,326.5,44.3,15.5,0,"Électricité","PAC air/air installée à partir de 2015","installation individuelle","Soufflage d'air chaud (air soufflé) avec distribution par fluide frigorigène","Installation de chauffage simple","PAC air/air sans réseau de distribution installée à partir de 2015 (système individuel)",237.9,27,,,"PAC air/air installée à partir de 2015","Électricité","chauffage","Electrique - PAC air/air sans réseau de distribution installée à partir de 2015",237.9,,,,,,,,,,,,,,,,,,,,,,,,"Électricité","Ballon électrique à accumulation vertical Catégorie C ou 3 étoiles",,,"installation individuelle","Un seul système d'ECS sans solaire","Ballon électrique à accumulation vertical (catégorie C ou 3 étoiles), contenance ballon 100 L",1124.9,1,27,"Non affecté",,,,"Ballon électrique à accumulation vertical Catégorie C ou 3 étoiles","Électricité","ecs","Electrique - Ballon électrique à accumulation vertical (catégorie C ou 3 étoiles)",100,,1124.9,,,,,,,,,,,,0,"PAC air/air installée avant 2008","Électricité","Avant 2008","Refroidissement - Electrique - Pompe à chaleur (divisé) - type split",27,152.6,"pompe à chaleur",,,,,0,
"2584E0859302M","2025-03-13","2025-03-12","2025-03-12","2025-03-13","2035-03-11",,,,,,"DPE 3CL 2021 méthode logement",2.4,"dpe appartement individuel","C","A","appartement",,"1948-1974","individuel","individuel",2.5,1,,1,,,,28,,"Lourde","inférieur à 400m","H2d","Chemin de la Cerisaie 84220 Gordes",,"Chemin de la Cerisaie","Gordes","84220","84050","84","93","84050_0109",874219.86,6311978.05,0.46,"adresse géocodée ban à l'adresse","RUE DE LA CERISERAI","GORDES",84220,0,,,"25/IMO/0935","APPARTEMENT 1 NORD RDC","moyen",0,0,0,1,1,55.8,8,6.2,0.8,11.7,0,8.4,20.7,"très bonne","très bonne",,,"très bonne","insuffisante","très bonne",0.35,1479.3,766,475.6,868.9,118.4,400,257.2,5101.4,182,1495.6,2894.9,273.5,127.1,310.4,2218,79,650.2,1258.6,118.9,55.2,135,153.2,5,51.4,81.8,7.6,3.8,8.6,"Électricité",2218,650.2,1258.6,578.4,169.6,328.2,153.2,51.4,81.8,,,,,,,,,,,,,,,,,,,,,578.4,169.6,328.2,31,14.4,35.2,"Électricité","PAC air/air installée à partir de 2015","installation individuelle","Soufflage d'air chaud (air soufflé) avec distribution par réseau aéraulique","Installation de chauffage simple","PAC air/air installée à partir de 2015 (système individuel)",598.6,27,,,"PAC air/air installée à partir de 2015","Électricité","chauffage","Electrique - PAC air/air sans réseau de distribution installée à partir de 2015",598.6,,,,,,"installation individuelle","Convecteur électrique NFC, NF** et NF***","Installation de chauffage simple","Convecteur électrique NFC, NF** et NF*** (système individuel)",51.6,1,,,"Convecteur électrique NFC, NF** et NF***","Électricité","chauffage","Electrique - Convecteur électrique NFC, NF** et NF***",51.6,,,,,,"Électricité","Ballon électrique à accumulation vertical Catégorie B ou 2 étoiles",,,"installation individuelle","Un seul système d'ECS sans solaire","Ballon électrique à accumulation vertical (catégorie B ou 2 étoiles), contenance ballon 100 L",1258.6,1,28,"Non affecté",,,,"Ballon électrique à accumulation vertical Catégorie B ou 2 étoiles","Électricité","ecs","Electrique - Ballon électrique à accumulation vertical (catégorie B ou 2 étoiles)",100,,1258.6,,,,,,,,,,,,0,"PAC air/air installée avant 2008","Électricité","Avant 2008","Refroidissement - Electrique - Pompe à chaleur (divisé) - type split",28,118.9,"pompe à chaleur",,,,,0,
"2584E0815566I","2025-03-11","2025-03-09","2025-03-10","2025-03-11","2035-03-09",,,,,,"DPE 3CL 2021 méthode logement",2.4,"dpe maison individuelle","A","A","maison",2018,"2013-2021",,,2.5,,,1,,,,155,,"Légère","inférieur à 400m","H2d","336 Chemin de Font-Blanche 84220 Gordes","336","Chemin de Font-Blanche","Gordes","84220","84050","84","93","84050_0284_00336",878985.82,6314773.87,0.65,"adresse géocodée ban à l'adresse","336 chemin de Font-Blanche","GORDES",84220,,,,,,"insuffisant",0,1,0,0,1,296.3,114.2,31.1,11.9,30.5,4.9,33.2,70.4,"bonne","très bonne",,"très bonne",,"très bonne","bonne",0.47,8878.2,1367.4,2459.4,3214222.2,437945.8,4165126.7,1518160.7,9609.4,61.9,5885.3,1515.6,799.8,703.4,705.2,4178,27,2558.8,659,347.8,305.8,306.6,308.5,1.9,202.1,42.8,22.3,21.1,19.6,"Électricité",4178,2558.8,659,951,582,150,308,202.1,42.8,,,,,,,,,,,,,,,,,,,,,951,582,150,79,70,70,"Électricité","PAC air/air installée à partir de 2015","installation individuelle","Soufflage d'air chaud (air soufflé) avec distribution par fluide frigorigène","Installation de chauffage simple","Chauffage sans solaire",2558.8,155,,,"PAC air/air installée à partir de 2015","Électricité","chauffage","Pompe à chaleur Air/Air",2558.8,,,,,,,,,,,,,,,,,,,,,,,,"Électricité","CET sur air extérieur après 2014",,,"installation individuelle","Un seul système d'ECS sans solaire","Chauffe eau thermodynamique à accumulation Electrique",659,1,155,"Non affecté",,,,"CET sur air extérieur après 2014","Électricité","ecs","Chauffe eau thermodynamique à accumulation",250,2.5,659,"A partir de 2015",,,,,,,,,,,0,"PAC air/air installée à partir de 2015","Électricité","A partir de 2015","Pac air / air",155,347.8,"pompe à chaleur",,,,,0,
"2584E0931625D","2025-03-19","2025-03-17","2025-03-18","2025-03-19","2035-03-17",,,,,,"DPE 3CL 2021 méthode logement",2.4,"dpe maison individuelle","D","D","maison",1900,"avant 1948",,,3,,,3,,,,365,,"Lourde","inférieur à 400m","H2d","383 Chemin des Molliards 84220 Gordes","383","Chemin des Molliards","Gordes","84220","84050","84","93","84050_0560_00383",875595.48,6312881.04,0.6,"adresse géocodée ban à l'adresse","383 chemin des Molliards","GORDES",84220,,,,,,"insuffisant",0,1,0,1,1,1665.7,415.4,591.2,55.2,78.4,13,153.6,359,"insuffisante","insuffisante","insuffisante",,,"moyenne","insuffisante",1.6,62821.4,2269.4,0,6371136.8,0,8283933.7,0,85189.5,233.3,70501.1,11642.9,0,1656.5,1389.1,67842.7,185.9,61456.4,5062.1,0,720.2,603.9,15789.9,43.2,15373.4,329,0,49.7,38.7,"Butane",54498.9,54498.9,0,12769,12769,0,0,14823.7,0,"Électricité",13343.7,6957.5,5062.1,2750,1434,1044,967,549.6,329,,,,,,,,,,,15519,14203,1044,0,148,124,"Butane","Chaudière gpl/propane/butane à condensation après 2015","installation individuelle","Radiateur bitube avec robinet thermostatique sur réseau individuel eau chaude basse ou moyenne température(inf 65°C)","Installation de chauffage simple","Chauffage sans solaire",54498.9,315,,,"Chaudière gpl/propane/butane à condensation après 2015","Butane","chauffage","Chaudière condensation",54498.9,,,,,,"installation individuelle","Convecteur électrique NFC, NF** et NF***","Installation de chauffage simple","Chauffage sans solaire",6957.5,50,,,"Convecteur électrique NFC, NF** et NF***","Électricité","chauffage","Convecteur électrique NFC",6957.5,,,,,,"Électricité","Ballon électrique à accumulation vertical Autres ou inconnue",,,"installation individuelle","Deux systèmes d'ECS dans une maison ou un appartement","Chauffe-eau vertical Electrique",3139.2,1,182.5,"Non affecté",,,,"Ballon électrique à accumulation vertical Autres ou inconnue","Électricité","ecs","Chauffe-eau vertical",500,,3139.2,,,,,,,,,,,,0,,,,,,,,,,,,0,
"2584E0930638E","2025-03-19","2025-03-17","2025-03-18","2025-03-19","2035-03-17",,,,,,"DPE 3CL 2021 méthode logement",2.4,"dpe maison individuelle","F","C","maison",1900,"avant 1948",,,2.2,,,1,,,,69,,"Lourde","inférieur à 400m","H2d","383 Chemin des Molliards 84220 Gordes","383","Chemin des Molliards","Gordes","84220","84050","84","93","84050_0560_00383",875595.48,6312881.04,0.6,"adresse géocodée ban à l'adresse","383 chemin des Molliards","GORDES",84220,,,,,,"bon",1,1,0,1,1,320,59.2,104.3,23.8,38.3,0,29,65.4,"insuffisante","insuffisante","insuffisante",,,"moyenne","insuffisante",1.19,11375.3,991.5,0,1487153,0,1847103.5,0,24390.5,353.4,19622,4455.4,0,313.1,0,10604.6,153.7,8531.3,1937.1,0,136.1,0,809.4,11.7,674,125.9,0,9.4,0,"Électricité",10604.6,8531.3,1937.1,2211,1779,404,809.3,674,125.9,,,,,,,,,,,,,,,,,,,,,2211,1779,404,0,28,0,"Électricité","Panneau rayonnant électrique NFC, NF** et NF***","installation individuelle","Panneau rayonnant NFC, NF** et NF***","Installation de chauffage simple","Chauffage sans solaire",8531.3,69,,,"Panneau rayonnant électrique NFC, NF** et NF***","Électricité","chauffage","Panneau rayonnant électrique NFC",8531.3,,,,,,,,,,,,,,,,,,,,,,,,"Électricité","Ballon électrique à accumulation horizontal",,,"installation individuelle","Un seul système d'ECS sans solaire","Chauffe-eau horizontal Electrique",1937.1,1,69,"Non affecté",,,,"Ballon électrique à accumulation horizontal","Électricité","ecs","Chauffe-eau horizontal",150,,1937.1,,,,,,,,,,,,0,,,,,,,,,,,,0,
"2584E1023635Z","2025-03-25","2025-03-24","2025-03-24","2025-03-25","2035-03-23",,,,,,"DPE 3CL 2021 méthode logement",2.4,"dpe maison individuelle","D","B","maison",1976,"1975-1977",,,2.8,,,1,,,,131,,"Légère","inférieur à 400m","H2d","2215 Route de Goult 84220 Gordes","2215","Route de Goult","Gordes","84220","84050","84","93","84050_0330_02215",879565.24,6312881.13,0.5,"adresse géocodée ban à l'adresse","2215 Route de Goult","GORDES",84220,0,,,"Pcfix25/SICARD_BOUCHET/14625",,"insuffisant",0,1,0,0,1,534.8,90.2,176.3,48.6,46.1,5.3,44.1,124.1,"insuffisante","insuffisante",,"insuffisante",,"insuffisante","moyenne",0.98,20424.6,1264.3,2625.6,2776.9,378.4,3725.7,1505.1,30146.3,230,22315.1,6356.5,880.2,594.5,0,13107.1,100,9702.2,2763.7,382.7,258.5,0,988.4,7,766.5,179.6,24.5,17.8,0,"Électricité",13107.1,9702.2,2763.7,2704.5,2001.9,570.3,988.4,766.5,179.6,,,,,,,,,,,,,,,,,,,,,2704.5,2001.9,570.3,79,53.3,0,"Électricité","PAC air/air installée entre 2008 et 2014","installation individuelle","Soufflage d'air chaud (air soufflé) avec distribution par fluide frigorigène","Installation de chauffage simple","PAC air/air sans réseau de distribution installée entre 2008 et 2014 avec programmateur avec réduit (système individuel)",5799.9,101,,,"PAC air/air installée entre 2008 et 2014","Électricité","chauffage","Electrique - PAC air/air sans réseau de distribution installée entre 2008 et 2014",5799.9,,,,,,"installation individuelle","Panneau rayonnant NFC, NF** et NF***","Installation de chauffage simple","Panneau rayonnant électrique NFC, NF** et NF*** (système individuel)",3902.4,30,,,"Panneau rayonnant électrique NFC, NF** et NF***","Électricité","chauffage","Electrique - Panneau rayonnant électrique NFC, NF** et NF***",3902.4,,,,,,"Électricité","Ballon électrique à accumulation vertical Catégorie B ou 2 étoiles",,,"installation individuelle","Un seul système d'ECS sans solaire","Ballon électrique à accumulation vertical (catégorie B ou 2 étoiles), contenance ballon 200 L",1470.5,1,65.5,"Non affecté",,,,"Ballon électrique à accumulation vertical Catégorie B ou 2 étoiles","Électricité","ecs","Electrique - Ballon électrique à accumulation vertical (catégorie B ou 2 étoiles)",200,,1470.5,,,,,,,,,,,,0,"PAC air/air installée entre 2008 et 2014","Électricité","2008-2014","Refroidissement - Electrique - Pompe à chaleur (divisé) - type split",131,382.7,"pompe à chaleur",,,,,0,
"2584E1024963B","2025-03-25","2025-03-24","2025-03-24","2025-03-25","2035-03-23",,,,,,"DPE 3CL 2021 méthode logement",2.4,"dpe maison individuelle","E","B","maison",,"avant 1948",,,2.5,,,2,,,,56,,"Moyenne","inférieur à 400m","H2d","56 Chemin des Martins 84220 Gordes","56","Chemin des Martins","Gordes","84220","84050","84","93","84050_0545_00056",876462.12,6310581.01,0.47,"adresse géocodée ban à l'adresse","56 CHEMIN DES MARTINS","GORDES",84220,0,,,"25/IMO/0953","MARTIN 2","insuffisant",0,1,0,0,1,205,26.1,91.8,5.6,6.7,0,13.1,61.7,"moyenne","insuffisante","bonne",,,"bonne","très bonne",0.8,6928.3,851.9,0,1360.1,0,1944.8,0,18269.1,326,13320.1,3385.2,0,254.1,1309.6,7943.1,141,5791.4,1471.8,0,110.5,569.4,597.3,10,457.5,95.7,0,7.6,36.4,"Électricité",7943.1,5791.4,1471.8,1685.9,1229.2,312.4,597.3,457.5,95.7,,,,,,,,,,,,,,,,,,,,,1685.9,1229.2,312.4,0,23.5,120.9,"Électricité","Radiateur électrique à accumulation","installation individuelle","radiateur électrique NFC, NF** et NF***","Installation de chauffage simple","Radiateur électrique à fluide caloporteur (modélisé comme un radiateur NFC, NF** et NF***) (système individuel)",5791.4,56,,,"Radiateur électrique à accumulation","Électricité","chauffage","Electrique - Radiateur électrique à accumulation",5791.4,,,,,,,,,,,,,,,,,,,,,,,,"Électricité","Ballon électrique à accumulation vertical Autres ou inconnue",,,"installation individuelle","Un seul système d'ECS sans solaire","Ballon électrique à accumulation vertical (autres catégorie ou inconnue), contenance ballon 150 L",1471.8,1,56,"Non affecté",,,,"Ballon électrique à accumulation vertical Autres ou inconnue","Électricité","ecs","Electrique - Ballon électrique à accumulation vertical (autres catégorie ou inconnue)",150,,1471.8,,,,,,,,,,,,0,,,,,,,,,,,,0,
