building_id,building_id,latitude,longitude,Energy_Consumption,CO2_Usage,Water_Usage,Energy_Intensity,CO2_Intensity,true_energy_label,true_ges_label,adresse_ban,numero_voie_ban,nom_rue_ban,code_postal_ban,nom_commune_ban,identifiant_ban,adresse_brut,nom_commune_brut,code_postal_brut,annee_construction,surface_habitable_immeuble,log1p_Energy_Consumption,log1p_CO2_Usage,log1p_Energy_Intensity,log1p_CO2_Intensity,city,year
2159E0450128X,2159E0450128X,50.632632036407855,3.00574993961914,7173.03275616289,2078.147613710003,2283.760475081821,195.3717083117556,56.609038939770684,E,E,Rue de la Liberte 59000 Lille,,Rue de la Liberte,59000.0,Lille,59355_1250,132 de la Liberté,Lille,59000,1980.0,36.7,8.877856172552827,7.646592585459198,5.279644101282416,4.060443010546419,Lille,2026
2159E0813940R,2159E0813940R,50.61785801841421,3.0598640300247912,6014.575507814046,393.45636289153424,1779.9706517679929,119.7175220369258,7.833874821135574,E,E,101 Boulevard de Strasbourg 59000 Lille,101,Boulevard de Strasbourg,59000.0,Lille,59350_8479_00101,101 Boulevard de Strasbourg,Lille,59000,1945.0,50.2,8.677439540558334,5.998440160844408,4.768988271217486,2.1972245773362196,Lille,2026
2159E0483268N,2159E0483268N,50.622938015466126,3.0367819322757774,13417.376042890399,4040.6226310669904,4053.657537407728,568.7860498686126,171.2858315524924,G,G,110 Rue d'Isly 59000 Lille,110,Rue d'Isly,59000.0,Lille,59350_4706_00110,110 Rue d'Isly,Lille,59000,1945.0,23.6,9.428841162335706,8.290969902575105,6.26985357264817,5.135798437050262,Lille,2026
2159E0796141C,2159E0796141C,50.641464034862175,3.0832959429598223,4059.380669270559,296.61112188108166,1237.9530943417046,119.34945012703572,8.723856525914167,E,E,135b Rue du Faubourg de Roubaix 59800 Lille,135b,Rue du Faubourg de Roubaix,59800.0,Lille,59350_3316_00135_b,135b Rue du Faubourg de Roubaix,Lille,59800,1945.0,34.0,8.309455360251876,5.60947179518496,4.79081953287472,2.1972245773362196,Lille,2026
2159E0153356P,2159E0153356P,50.62050898524167,3.0721799569902677,8080.829134962852,1742.2410530622299,2343.7293639441677,144.28072916557738,31.079325886334377,D,D,5b Rue de Trevise 59000 Lille,5b,Rue de Trevise,59000.0,Lille,59350_8749_00005_b,5b Rue de Trevise App 13,Lille,59000,1961.0,56.0,8.989855782487716,7.464165935968611,4.971201224850849,3.4688560301359703,Lille,2026
2159E0293297Y,2159E0293297Y,50.63210203214198,3.0392950270033343,6276.330025943521,1328.809905133299,2155.8485062275195,204.16362242158377,42.5700938509652,E,D,Rue Delphin Petit 59800 Lille,,,59800.0,Lille,59350_2347,"21, rue Delphin PETIT",Lille,59000,2006.0,,8.80104794903363,7.155240161682505,5.37989735354046,3.7376696182833684,Lille,2026
2159E1000888Z,2159E1000888Z,50.6284590163188,3.046275057997667,8216.182655791143,1843.6053348455796,2646.0571087213934,219.06251727818216,49.148562968934606,D,D,Rue des Stations 59800 Lille,,Rue des Stations,59800.0,Lille,59350_8449,108 rue des Stations,Lille,59800,1976.0,37.5,8.984981869467669,7.453851516830047,5.365040998590945,3.8501476017100584,Lille,2026
2159E0702549K,2159E0702549K,50.64092798132163,3.0537439374154602,11426.823964442832,2567.9411314349613,3210.6304649991403,202.56599920578154,45.53087112473335,D,D,24 Facade de l'Esplanade 59800 Lille,24,Facade de l'Esplanade,59800.0,Lille,59350_3189_00024,24 Facade de l'Esplanade,Lille,59800,1994.0,56.4,9.304204051557857,7.77056084238264,5.27658287440203,3.7612001156935624,Lille,2026
2159E0441285U,2159E0441285U,50.62911295802678,3.045839965483848,17052.238843728548,4840.992523348474,5127.158532400567,422.25069216842775,119.88538517717875,G,G,Lille,5,des Vicaires,59800.0,Lille,59350,5 des Vicaires,Lille,59800,1961.0,40.4,9.699913758268671,8.45214253916191,6.003887067106539,4.762173934797756,Lille,2026
2159E0068373A,2159E0068373A,50.64268502475499,2.9853099497492885,3670.946994887768,245.61139672304336,1126.7605904301276,73.5597542845286,4.006711202659761,C,A,Rue Goethe 59000 Lille,,,59000.0,Lille,59355_0807,48 rue guet,Lille,59000,1989.0,,8.158888348484934,5.506144213750353,4.2626798770413155,1.6094379124341003,Lille,2026
2159E0866089K,2159E0866089K,50.64854498018152,3.056699958509606,2929.6881922615958,158.1844235718432,873.9062358280102,71.23454522864148,3.8487694299718544,C,C,33 Rue du Bastion Saint Andre 59800 Lille,33,Rue du Bastion Saint Andre,59800.0,Lille,59350_0622_00033,33 Rue du Bastion Saint Andre,Lille,59800,2009.0,41.1,7.952579936920523,5.108366782589591,4.249922794040544,1.6094379124341003,Lille,2026
2159E0186150X,2159E0186150X,50.63184489636446,3.0191995589767195,13084.964814847695,1010.0744116223301,3705.1730388328283,125.82383791543934,9.681224392546296,E,B,Allee de la Haye du Temple 59160 Lille,,,59160.0,Lille,59350_9679,41 RUE DU CLOS DU MOULIN,Lille,59160,1984.0,,9.459034704134398,6.8786353804082845,4.822697998516666,2.33214389523559,Lille,2026
2159E0978541M,2159E0978541M,50.62543199238591,3.0577730419890203,5581.2352576087,942.5733347856432,1698.5012748692052,192.49128635620053,32.50252878571183,D,D,26 Rue Gantois 59000 Lille,26,Rue Gantois,59000.0,Lille,59350_3749_00026,26 Rue Gantois,Lille,59000,1945.0,,8.615371980097764,6.86484777797086,5.2533200006173,3.5263605246161616,Lille,2026
2159E0826154L,2159E0826154L,50.62565903335423,3.0333519340140658,4964.741724390402,881.7120447408005,1326.5304201818265,233.25574911815568,41.43383668894739,E,E,Rue Bonte Pollet 59000 Lille,3,rue Bonte Pollet,59000.0,Lille,59350_1013,3 rue Bonte Pollet,Lille,59000,1970.0,21.3,8.448635939319095,6.747821241065812,5.394990253808298,3.713572066704308,Lille,2026
2259E0835057X,2259E0835057X,50.63578853265707,3.0704500164930626,1843.3199258264804,139.44398941515132,563.0141458423407,104.36062138711071,7.841075392645289,D,A,Passage Pieton Interieur Gare Lille Flandres 59000 Lille,,,59000.0,Lille,59350_pk58rb,Residence Les Estudines Pasteur 214 pont de flandres,Lille,59000,2009.0,,7.559663711525485,4.887337077751762,4.696837374513915,2.128231705849268,Lille,2026
2259E0847933D,2259E0847933D,50.63516096401936,3.0147109912945815,17784.811771111697,3939.3672705823037,5115.984269032264,229.97337090953735,50.56556720766304,D,D,2 Rue Winston Churchill 59000 Lille,2,Rue Winston Churchill,59000.0,Lille,59355_1930_00002,"01670003
2 Rue Winston Churchill",Lille,59160,1948.0,,9.76429444834185,8.247586765691686,5.420534999272286,3.912023005428146,Lille,2026
2259E0846029X,2259E0846029X,50.63578853265707,3.0704500164930626,2033.4288718078742,136.5835311674047,562.5087195213457,115.19398468982156,7.715405577395379,D,A,Passage Pieton Interieur Gare Lille Flandres 59000 Lille,,,59000.0,Lille,59350_pk58rb,RESIDENCE LES ESTUDINES PASTEUR 214 Pont de Flandres,Lille,59000,2009.0,,7.557211770917349,4.882801922586371,4.695010889987881,2.128231705849268,Lille,2026
2259E1212595P,2259E1212595P,50.63581100550258,3.0574879421949217,8813.58604894223,605.6619325636369,2756.538048513969,165.98288326553657,11.418606741184043,F,C,10 Avenue Foch 59800 Lille,10,Avenue Foch,59800.0,Lille,59350_3477_00010,10 avenue foch,Lille,59020,,,9.034879228638868,6.457554277032581,5.0689042022202315,2.5649493574615367,Lille,2026
2259E1390910W,2259E1390910W,50.62197644863353,3.097792627688834,1957.3042731401051,131.22160960195487,603.3259067178792,108.7391262855614,7.2311687877638615,D,A,Rue Camille Desmoulins (Hellemmes-Lille) 59000 Lille,,,59000.0,Lille,59350_1252,RESIDENCE LILLE CAMPUS Montbello LES GLENANS,Lille,59000,2008.0,,7.589538129463032,4.920710586568268,4.707726774313183,2.1400661634962708,Lille,2026
2259E0843668C,2259E0843668C,50.63688101013381,3.0217480413564712,12900.616291915883,2720.197640517866,3878.5213758883883,270.6948001877385,56.94342998623466,E,E,61 Rue du Marais 59000 Lille,61,Rue du Marais,59000.0,Lille,59355_1330_00061,"01580006
61 Rue du Marais",Lille,59160,1947.0,,9.409297782421563,7.909819955876018,5.54907608489522,4.060443010546419,Lille,2026
2259E0404238Y,2259E0404238Y,50.63697899115525,3.0223520561303543,2951.6775027091503,208.96066176563465,905.033356681372,105.8700336566015,7.216204402365283,D,B,38 Rue du Marais de Lomme (Lille) 59000 Lille,38,Rue du Marais de Lomme (Lille),59000.0,Lille,59350_hkutkz_00038,38 Rue du Marais de Lomme (Lille),Lille,59000,1948.0,,7.943392268488734,5.31664832323276,4.624972813284271,2.0794415416798357,Lille,2026
2259E2917149J,2259E2917149J,50.637978030006366,3.069396961982844,3117.850755119533,204.3398122337243,956.8432716942493,47.79644489381203,3.1340461999037474,C,A,5 Rue du Lombard 59800 Lille,5,Rue du Lombard,59800.0,Lille,59350_5660_00005,5 Lombard,Lille,59160,1948.0,65.2,8.082247777985565,5.281171207713066,3.92395157629342,1.3862943611198906,Lille,2026
2259E2551152O,2259E2551152O,50.60776795649193,3.070105956834764,10524.930302945972,2381.269673028897,3159.693664739932,129.2088702538442,28.512312352534273,C,C,Chemin des Margueritois 59000 Lille,,,59000.0,Lille,59350_5922,3 Chemin des Margueritois,Lille,59000,2014.0,,9.29800320338996,7.792761720816526,4.90527477843843,3.4011973816621555,Lille,2026
2259E1838591J,2259E1838591J,50.635625972050214,3.0279789698376804,10257.844978981444,755.3762372775492,3081.7843739626596,133.83875734105666,9.264630874213605,E,B,Avenue de Dunkerque (Lille) 59000 Lille,,,59000.0,Lille,59350_2874,"291, Avenue de Dunkerque
Résidence Les Erables",Lille,59160,1974.0,9182.0,9.183452100690472,6.59959835334097,4.852030263919617,2.302585092994046,Lille,2026
2259E2917150K,2259E2917150K,50.637978030006366,3.069396961982844,2948.9908054584007,168.75631885022852,868.2829824555506,65.8741574003204,3.7668821171926012,C,A,5 Rue du Lombard 59800 Lille,5,Rue du Lombard,59800.0,Lille,59350_5660_00005,5 Lombard,Lille,59160,1948.0,44.8,7.946546789331707,5.194067345174237,4.160444363926624,1.6094379124341003,Lille,2026
2259E1704388S,2259E1704388S,50.62914998223329,3.0522979696003762,7609.454219236681,499.57775833856107,2313.2468196352233,75.0345923011223,4.928746629228108,C,A,Impasse Convain 59000 Lille,13,CONVAIN,59000.0,Lille,59350_3knsxs,13 CONVAIN,Lille,59000,1945.0,,8.951375323621896,6.230087669270578,4.345103280569283,1.791759469228055,Lille,2026
2259E2917141B,2259E2917141B,50.637978030006366,3.069396961982844,2115.029834609725,140.92935912696979,694.4536701716222,81.01669848086956,5.399592303715317,C,A,5 Rue du Lombard 59800 Lille,5,Rue du Lombard,59800.0,Lille,59350_5660_00005,5 Lombard,Lille,59160,1948.0,26.1,7.669355185176524,4.879006851617819,4.418840607796598,1.791759469228055,Lille,2026
2259E2511238K,2259E2511238K,50.63951203908803,3.056167042092451,5014.5891569903415,354.80001130622406,1571.1707075165502,84.5385102707264,5.9831367842533565,D,B,15 Rue Sainte Catherine 59800 Lille,15,Rue Sainte Catherine,59800.0,Lille,59350_8119_00015,15 Rue Sainte Catherine,Lille,59800,1992.0,59.3,8.52339392705784,5.8771754007058545,4.4520190064939165,1.9459101490553132,Lille,2026
2259E2917142C,2259E2917142C,50.637978030006366,3.069396961982844,2692.7725542471994,166.77849500052287,808.683122441337,47.86634622013739,2.9623178508085766,B,A,5 Rue du Lombard 59800 Lille,5,Rue du Lombard,59800.0,Lille,59350_5660_00005,5 Lombard,Lille,59160,1948.0,56.3,7.843613316348821,5.135210028677887,3.835141961092188,1.3862943611198906,Lille,2026
2259E2917143D,2259E2917143D,50.637978030006366,3.069396961982844,2175.805367546519,156.8908275295895,595.0873688058708,105.62570948401135,7.616059588815025,D,A,5 Rue du Lombard 59800 Lille,5,Rue du Lombard,59800.0,Lille,59350_5660_00005,5 Lombard,Lille,59160,1948.0,20.6,7.633901937805191,4.978112102390695,4.618086411254637,2.0794415416798357,Lille,2026
2259E1525728E,2259E1525728E,50.622938015466126,3.0367819322757774,5230.9667935023945,1167.59313199457,1472.309097069428,225.64954795500526,50.36976842516198,E,D,110 Rue d'Isly 59000 Lille,110,Rue d'Isly,59000.0,Lille,59350_4706_00110,110 Rue d'Isly,Lille,59000,1945.0,23.2,8.480632936104435,6.972887373919919,5.34185566856252,3.8501476017100584,Lille,2026
2259E1730601X,2259E1730601X,50.64633196226162,3.060150059054612,6061.963502677429,1359.6807224693582,1868.688966265731,111.42942837714601,24.79398764512427,C,C,10 Rue Maracci 59800 Lille,10,Rue Maracci,59800.0,Lille,59350_5852_00010,10 Rue Maracci,Lille,59800,2010.0,,8.697045034309264,7.140690732758816,4.709530201312334,3.1780538303479458,Lille,2026
2259E2917146G,2259E2917146G,50.637978030006366,3.069396961982844,4145.952803971391,272.6243332703839,1185.84927610044,64.78878318899194,4.259755207349748,C,A,5 Rue du Lombard 59800 Lille,5,Rue du Lombard,59800.0,Lille,59350_5660_00005,5 Lombard,Lille,59160,1948.0,64.0,8.273157919959475,5.54907608489522,4.130354999745133,1.6094379124341003,Lille,2026
2259E2171723D,2259E2171723D,43.87548601319343,5.397483060354858,4589.784004528936,336.4858239651457,1413.9539877933603,122.10092879869872,8.135045608102647,E,B,Place Jean Jaurès 84400 Apt,,,84400.0,Apt,84003_0510,198 rue Jean Jaures appt 2ième étage,Lille,59160,,,8.422750635117762,5.804833718725929,4.804021044733257,2.1972245773362196,Lille,2026
2259E1560032O,2259E1560032O,50.65333998467205,3.0846290117234885,10873.924507766618,804.2228955995798,3059.4170615750572,146.4696104289335,10.498993415138118,E,B,566 Avenue de la Republique (Lille) 59800 Lille,566,Avenue de la Republique (Lille),59800.0,Lille,59350_7464_00566,"566 Avenue de la Republique (Lille)
Bat 12, Etage 4, Appt Gauche",Lille,59800,1973.0,7181.0,9.263226896498296,6.642486801367256,4.962844630259907,2.3978952727983707,Lille,2026
2259E1992663F,2259E1992663F,50.61830698090212,3.060298050452466,6381.031640446693,530.3495209147068,2136.733165653718,157.60412665978922,12.2247296407539,F,C,85 Rue de Bapaume 59000 Lille,85,Rue de Bapaume,59000.0,Lille,59350_0531_00085,85 Rue de Bapaume,Lille,59000,,,8.842806684702575,6.256901010612443,5.147494476813453,2.5649493574615367,Lille,2026
2259E2917136W,2259E2917136W,50.637978030006366,3.069396961982844,1861.5632068889995,112.01623494644795,568.7762969543319,68.90346478917414,4.148749442461035,C,A,5 Rue du Lombard 59800 Lille,5,Rue du Lombard,59800.0,Lille,59350_5660_00005,5 Lombard,Lille,59160,1948.0,27.0,7.468342023957602,4.6913478822291435,4.186619838331271,1.6094379124341003,Lille,2026
2259E1816267T,2259E1816267T,50.622938015466126,3.0367819322757774,9280.811729657347,697.9316811760552,2958.8456555490725,129.72510425445202,9.753703618920028,E,B,110 Rue d'Isly 59000 Lille,110,Rue d'Isly,59000.0,Lille,59350_4706_00110,110 Rue d'Isly,Lille,59000,1945.0,71.6,9.150919400481975,6.4692503167957724,4.888090941338162,2.302585092994046,Lille,2026
2259E2917152M,2259E2917152M,50.637978030006366,3.069396961982844,2964.5665483274515,169.51814637455783,883.1497523672067,66.96124137509979,3.828755423479567,C,A,5 Rue du Lombard 59800 Lille,5,Rue du Lombard,59800.0,Lille,59350_5660_00005,5 Lombard,Lille,59160,1948.0,44.3,7.922696061622631,5.182345190295616,4.147885329150131,1.6094379124341003,Lille,2026
2259E2917145F,2259E2917145F,50.637978030006366,3.069396961982844,1760.22099637297,116.76975045705608,489.845026222443,92.681107861854,6.145776339845057,C,A,5 Rue du Lombard 59800 Lille,5,Rue du Lombard,59800.0,Lille,59350_5660_00005,5 Lombard,Lille,59160,1948.0,19.0,7.445534372308385,4.74493212836325,4.511957804265912,1.9459101490553132,Lille,2026
2259E2917147H,2259E2917147H,50.637978030006366,3.069396961982844,3138.193041758226,183.04793553622522,881.3781933754891,68.99859911561119,4.023031550246708,C,A,5 Rue du Lombard 59800 Lille,5,Rue du Lombard,59800.0,Lille,59350_5660_00005,5 Lombard,Lille,59160,1948.0,45.5,8.016350901259148,5.209486152841421,4.213607983048918,1.6094379124341003,Lille,2026
2259E2072779P,2259E2072779P,50.61919398946468,3.0412870667543888,11347.87892867187,3531.134984483969,3489.0147348662995,253.26810232325477,78.81997733223146,F,F,Boulevard de Metz 59000 Lille,90,boulevard de metz,59000.0,Lille,59350_6079,90 boulevard de metz,Lille,59000,1963.0,44.8,9.384789354551572,8.146303407947764,5.586124431187969,4.356708826689592,Lille,2026
2259E1991659P,2259E1991659P,50.61830698090212,3.060298050452466,7548.129898463046,544.2722289941462,2115.4010619028068,186.43010842031097,12.545652608393688,F,C,85 Rue de Bapaume 59000 Lille,85,Rue de Bapaume,59000.0,Lille,59350_0531_00085,85 Rue de Bapaume,Lille,59000,,,8.842806684702575,6.256901010612443,5.147494476813453,2.5649493574615367,Lille,2026
2359E3936072T,2359E3936072T,50.61815796107811,3.0923329617426214,6428.375741128585,1536.9099838293253,1878.9921195856143,88.60681497163,21.093101482777506,C,C,342 Allee des Peupliers 59000 Lille,342,Allee des Peupliers,59000.0,Lille,59350_4p7ft1_00342,342 Rue des Peupliers,Lille,59800,1983.0,1499.0,8.79527937019457,7.233744185588505,4.5217885770490405,2.995732273553991,Lille,2026
2359E2355104H,2359E2355104H,50.621971033903606,3.044676932486129,3848.547318053581,241.82256943088018,1056.892656355732,93.70821557034427,5.886147734625887,D,B,5 Rue de Mexico 59000 Lille,5,Rue de Mexico,59000.0,Lille,59350_6098_00005,5 Rue Mexico,Lille,59000,1945.0,41.1,8.190603956648973,5.511410582008745,4.486386649998124,1.9459101490553132,Lille,2026
2359E3148243Q,2359E3148243Q,50.632316991637744,3.1020130532794306,6495.058088026479,1193.9916568696951,1882.034316487932,90.9687538589802,16.747407728370312,C,C,Rue Desaugiers 59800 Lille,,Rue Desaugiers,59800.0,Lille,59350_2444,278 Rue des Peupliers,Lille,59800,,1720.0,8.675170824820675,7.10085190894405,4.418840607796598,2.8903717578961645,Lille,2026
2359E3148222V,2359E3148222V,50.632316991637744,3.1020130532794306,5539.90248372431,1114.7489256744948,1490.8880810804078,90.56132298335795,17.55022387151918,C,C,Rue Desaugiers 59800 Lille,,Rue Desaugiers,59800.0,Lille,59350_2444,278 Rue des Peupliers,Lille,59800,,1720.0,8.556548510894297,6.985456786645989,4.454347296253507,2.8903717578961645,Lille,2026
2359E3166013C,2359E3166013C,50.63543295939914,3.088173028383546,10673.67259308262,4011.43852596304,3436.5086914718177,203.5819680063801,76.52456779182413,F,F,43 Rue de Bouvines 59800 Lille,43,Rue de Bouvines,59800.0,Lille,59350_1108_00043,43 Rue de Bouvines,Lille,59800,1983.0,52.4,9.252364843231415,8.263616205481073,5.297817241506355,4.31748811353631,Lille,2026
2359E3428237Q,2359E3428237Q,50.632316991637744,3.1020130532794306,9086.460853456636,1933.7721791652052,2794.261598336534,113.16708267691001,23.85017487870258,C,C,Rue Desaugiers 59800 Lille,,Rue Desaugiers,59800.0,Lille,59350_2444,392 Rue des Peupliers,Lille,59800,,1190.0,9.164903578967575,7.614805364711073,4.787491742782046,3.258096538021482,Lille,2026
2359E3428233M,2359E3428233M,50.632316991637744,3.1020130532794306,10475.45227089885,2230.9206889938355,2912.3686287703536,127.25775802004584,26.839758048530264,C,C,Rue Desaugiers 59800 Lille,,Rue Desaugiers,59800.0,Lille,59350_2444,392 Rue des Peupliers,Lille,59800,,1190.0,9.189800873256928,7.639642287858013,4.787491742782046,3.258096538021482,Lille,2026
2359E4136631O,2359E4136631O,50.643830022524845,3.0915240500347334,129123.48294111734,9034.089203705897,38004.05057600876,98.68915093401067,6.8430011039568495,D,B,172 Rue Saint-Druon 59800 Lille,172,Rue Saint-Druon,59800.0,Lille,59350_7739_00172,172 Rue Saint Druon - Bâtiment III,Lille,59800,2010.0,1307.9,11.692896762066285,9.087754571486498,4.52720864451838,2.0412203288596382,Lille,2026
2359E3148217Q,2359E3148217Q,50.632316991637744,3.1020130532794306,8870.560558783418,1668.1231520096119,2644.2586301824895,97.57280530554596,17.640688993697793,C,C,Rue Desaugiers 59800 Lille,,Rue Desaugiers,59800.0,Lille,59350_2444,278 Rue des Peupliers,Lille,59800,,1720.0,9.009826330909757,7.44020539884479,4.51085950651685,2.9444389791664403,Lille,2026
2359E3654930P,2359E3654930P,50.618694993172646,3.0709080592198585,16166.295687367228,4412.966051019085,4708.097162289867,210.75162998341017,57.53541135618103,E,E,Rue de Mulhouse 59000 Lille,,Rue de Mulhouse,59000.0,Lille,59350_6309,Rue de Mulhouse,Lille,59000,1945.0,76.7,9.630858282710639,8.365486190039876,5.295814236329918,4.04305126783455,Lille,2026
2359E3654383O,2359E3654383O,50.61961098080101,3.0316950453264484,13261.293992775536,2965.006240756883,3752.6830966484695,219.93218283687997,49.17091609878744,D,D,Avenue Verhaeren 59000 Lille,,Avenue Verhaeren,59000.0,Lille,59350_9034,Avenue Verhaeren,Lille,59000,1945.0,60.3,9.46533911593425,7.928333951511147,5.3706380281276624,3.8501476017100584,Lille,2026
2359E3909827I,2359E3909827I,50.61815796107811,3.0923329617426214,168035.50230825614,31536.714649080786,49957.253594183545,112.00787222352386,20.114472169581763,C,C,342 Allee des Peupliers 59000 Lille,342,Allee des Peupliers,59000.0,Lille,59350_4p7ft1_00342,342 Rue des Peupliers,Lille,59800,1983.0,1499.0,11.957758711261507,10.402020935316882,4.653960350157523,3.091042453358316,Lille,2026
2359E3150917M,2359E3150917M,50.61919398946468,3.0412870667543888,18748.186697185905,4604.651848861858,5530.720080531789,461.8790146274762,113.44397554752688,G,G,Boulevard de Metz 59000 Lille,,Boulevard de Metz,59000.0,Lille,59350_6079,Boulevard de Metz,Lille,59000,1964.0,40.6,9.76785681497112,8.457315790360823,6.066572019594787,4.762173934797756,Lille,2026
2359E3428255I,2359E3428255I,50.632316991637744,3.1020130532794306,10229.891979093176,2161.2868812808138,3004.883432651103,122.32514090188673,25.46310203266385,C,C,Rue Desaugiers 59800 Lille,,Rue Desaugiers,59800.0,Lille,59350_2444,392 Rue des Peupliers,Lille,59800,,1190.0,9.171422812867071,7.619773280292334,4.7535901911063645,3.2188758248682006,Lille,2026
2359E4136636T,2359E4136636T,50.643830022524845,3.0915240500347334,138816.496279369,10823.444874382167,44566.87088802194,94.28084028346282,7.309173612345167,D,B,172 Rue Saint-Druon 59800 Lille,172,Rue Saint-Druon,59800.0,Lille,59350_7739_00172,172 Rue Saint Druon - Bâtiment IV,Lille,59800,2010.0,1473.1,11.866250604573974,9.260529557059321,4.581901559048737,2.0918640616783932,Lille,2026
2359E3428270X,2359E3428270X,50.632316991637744,3.1020130532794306,7921.59687909845,1802.9858666628406,2489.713599722806,100.81271540897512,22.57195075774341,C,C,Rue Desaugiers 59800 Lille,,Rue Desaugiers,59800.0,Lille,59350_2444,392 Rue des Peupliers,Lille,59800,,1190.0,9.027642744476504,7.472102712150493,4.672828834461906,3.1354942159291497,Lille,2026
2359E3936062J,2359E3936062J,50.61815796107811,3.0923329617426214,3326.437663521914,641.9865634049602,961.8570115682882,91.98872301864385,17.27059952367252,C,C,342 Allee des Peupliers 59000 Lille,342,Allee des Peupliers,59000.0,Lille,59350_4p7ft1_00342,342 Rue des Peupliers,Lille,59800,1983.0,1499.0,8.06564225911272,6.507426954979125,4.48863636973214,2.9444389791664403,Lille,2026
2359E3148245S,2359E3148245S,50.632316991637744,3.1020130532794306,3200.1225115517855,621.8405094462622,925.3822320947833,87.95423414057706,17.247982804024243,C,C,Rue Desaugiers 59800 Lille,,Rue Desaugiers,59800.0,Lille,59350_2444,278 Rue des Peupliers,Lille,59800,,1720.0,7.988916174036491,6.419832048433451,4.406719247264253,2.8903717578961645,Lille,2026
2359E3936089K,2359E3936089K,50.61815796107811,3.0923329617426214,6022.021529287699,1319.5589100482273,1802.4390322387476,98.15675806364553,20.67932966918205,C,C,342 Allee des Peupliers 59000 Lille,342,Allee des Peupliers,59000.0,Lille,59350_4p7ft1_00342,342 Rue des Peupliers,Lille,59800,1983.0,1499.0,8.660080678964786,7.101181615508198,4.553876891600541,2.995732273553991,Lille,2026
2359E2826290V,2359E2826290V,50.61707099440881,3.0930230004274817,7417.916790102461,1444.3721538751108,2269.421311568821,86.77120032460046,16.314083194390328,C,C,190 Allee des Peupliers 59000 Lille,190,Allee des Peupliers,59000.0,Lille,59350_4p7ft1_00190,190 Rue des Peupliers,Lille,59800,,1190.0,8.891167632433032,7.317278807217803,4.454347296253507,2.8903717578961645,Lille,2026
2359E3936093O,2359E3936093O,50.61815796107811,3.0923329617426214,5375.214071565536,1064.1764579143087,1604.7112837654463,87.28557665172059,16.94548499863549,C,C,342 Allee des Peupliers 59000 Lille,342,Allee des Peupliers,59000.0,Lille,59350_4p7ft1_00342,342 Rue des Peupliers,Lille,59800,1983.0,1499.0,8.539404679781457,6.974104659523671,4.430816798843313,2.8903717578961645,Lille,2026
2359E4007027U,2359E4007027U,50.619491992807696,3.065901060607591,3942.883073451718,296.93969994842126,1223.5691240572921,77.22097788579262,5.283624554242371,C,A,Rue Courmont 59000 Lille,,Rue Courmont,59000.0,Lille,59350_1944,Résidence Courmont - 4P rue Courmont - Porte 5,Lille,59000,2004.0,2518.6,8.277056063725457,5.641907070938114,4.356708826689592,1.791759469228055,Lille,2026
2359E2826319Y,2359E2826319Y,50.61707099440881,3.0930230004274817,7758.055423392929,1491.0702638913417,2202.413846708979,118.63441842385626,22.234579920578877,C,C,190 Allee des Peupliers 59000 Lille,190,Allee des Peupliers,59000.0,Lille,59350_4p7ft1_00190,190 Rue des Peupliers,Lille,59800,,1190.0,8.899075737266793,7.341743054023503,4.727387818712341,3.1780538303479458,Lille,2026
2359E3148271S,2359E3148271S,50.632316991637744,3.1020130532794306,5422.837024901904,1196.814678222771,1687.5411064067039,88.77103242778797,19.618220072670734,C,C,Rue Desaugiers 59800 Lille,,Rue Desaugiers,59800.0,Lille,59350_2444,278 Rue des Peupliers,Lille,59800,,1720.0,8.623353387244627,7.056261487281361,4.5217885770490405,2.995732273553991,Lille,2026
2359E2555451Y,2359E2555451Y,50.62092397723523,3.0459329344884023,13692.70317187151,3141.0146770223932,4584.06339029338,206.21966362291272,46.998723319872816,D,D,Cite Sainte-Marie 59000 Lille,,Cite Sainte-Marie,59000.0,Lille,59350_mup656,16 rue du maire André,Lille,59000,,,9.58481692289681,8.052646645170974,5.393627546352362,3.871201010907891,Lille,2026
2359E3148208H,2359E3148208H,50.632316991637744,3.1020130532794306,10852.64994402782,2332.8107612725485,3233.229690509153,152.6571320224286,32.52471803709244,D,D,Rue Desaugiers 59800 Lille,,Rue Desaugiers,59800.0,Lille,59350_2444,278 Rue des Peupliers,Lille,59800,,1720.0,9.31391629619754,7.769758765382466,5.056245805348308,3.5263605246161616,Lille,2026
2359E3096317M,2359E3096317M,50.62383402802735,3.052484018906875,3172.4056103105477,225.76917716057636,861.7604930271258,69.70695151995743,4.2718860389891455,C,A,7 Rue Guillaume Apollinaire 59000 Lille,7,Rue Guillaume Apollinaire,59000.0,Lille,59350_4238_00007,7 rue G. Apollinaire - Porte 12,Lille,59000,1992.0,,8.007933008374952,5.358471289367784,4.204692619390966,1.6094379124341003,Lille,2026
2359E4136628L,2359E4136628L,50.643830022524845,3.0915240500347334,124336.80912544072,9339.7130688302,37971.19184638962,111.68980069357193,8.347644325659893,D,B,172 Rue Saint-Druon 59800 Lille,172,Rue Saint-Druon,59800.0,Lille,59350_7739_00172,172 Rue Saint Druon - Bâtiment II,Lille,59800,2010.0,1113.3,11.668992878118546,9.061387825082706,4.663439094112067,2.163323025660538,Lille,2026
2359E4399974D,2359E4399974D,50.61961098080101,3.0316950453264484,13801.637351432406,3123.6433875263847,4216.08400292398,286.95489148385394,64.9536792415602,E,E,Avenue Verhaeren 59000 Lille,,Avenue Verhaeren,59000.0,Lille,59350_9034,Avenue Verhaeren,Lille,59000,1945.0,48.1,9.518030932886221,8.000550682328681,5.648269764725942,4.143134726391533,Lille,2026
2359E3148238L,2359E3148238L,50.632316991637744,3.1020130532794306,7333.101320432009,1572.2146146349437,2473.8177022015493,82.17064071882524,17.004484316575926,C,C,Rue Desaugiers 59800 Lille,,Rue Desaugiers,59800.0,Lille,59350_2444,278 Rue des Peupliers,Lille,59800,,1720.0,8.934138812187328,7.360612749392902,4.454347296253507,2.8903717578961645,Lille,2026
2359E3936051Y,2359E3936051Y,50.61815796107811,3.0923329617426214,9419.271567824295,1991.5106294681566,2646.7571526988254,105.80167894623938,22.221044706750238,C,C,342 Allee des Peupliers 59000 Lille,342,Allee des Peupliers,59000.0,Lille,59350_4p7ft1_00342,342 Rue des Peupliers,Lille,59800,1983.0,1499.0,9.14301396830295,7.587158441749823,4.663439094112067,3.1354942159291497,Lille,2026
2359E3428258L,2359E3428258L,50.632316991637744,3.1020130532794306,8330.355898665923,1704.8354492984954,2732.769132620207,109.38647643294689,22.2599699598302,C,C,Rue Desaugiers 59800 Lille,,Rue Desaugiers,59800.0,Lille,59350_2444,392 Rue des Peupliers,Lille,59800,,1190.0,9.069087819193127,7.517031600504935,4.74493212836325,3.2188758248682006,Lille,2026
2359E3293937G,2359E3293937G,50.61961098080101,3.0316950453264484,13602.238015866518,2718.0637235319446,4103.350864990327,213.3908145106576,42.6499781874418,D,D,Avenue Verhaeren 59000 Lille,,Avenue Verhaeren,59000.0,Lille,59350_9034,Avenue Verhaeren,Lille,59000,1945.0,63.7,9.481359383531425,7.939194467945214,5.331268466687723,3.8066624897703196,Lille,2026
2359E3148205E,2359E3148205E,50.632316991637744,3.1020130532794306,8666.855676768124,2003.6799627941377,2718.1866617270425,121.3899305550004,27.34824874410603,C,C,Rue Desaugiers 59800 Lille,,Rue Desaugiers,59800.0,Lille,59350_2444,278 Rue des Peupliers,Lille,59800,,1720.0,9.104646467417119,7.552709616940597,4.844187086458591,3.295836866004329,Lille,2026
2359E3772911I,2359E3772911I,50.631213016042196,3.024773991140401,5265.822111169468,1022.2580361683952,1599.8314483308131,79.3778193271352,15.414023464541543,C,C,Allee Lucie et Raymond Aubrac 59000 Lille,,Allee Lucie et Raymond Aubrac,59000.0,Lille,59350_5739,31 Allee Lucie et Raymond Aubrac,Lille,59000,2016.0,66.3,8.504432114113623,6.903546434208082,4.32280727501391,2.772588722239781,Lille,2026
2359E2244341E,2359E2244341E,50.62441103132871,2.9604529549075385,23033.885960919306,4688.181932082138,6325.953520855712,202.8686397148814,41.278484602446696,D,D,6 Rue de la Pommeraie 59320 Englos,6,Rue de la Pommeraie,59320.0,Englos,59195_0103_00006,8 rue du Calvaire,Lille,59000,1950.0,,9.995934546423754,8.47745394384722,5.268888555857225,3.768152635008444,Lille,2026
2359E3654174N,2359E3654174N,50.61961098080101,3.0316950453264484,10066.342782591752,2389.8284188666908,3221.770896623357,209.33031663650746,49.69581269737705,D,D,Avenue Verhaeren 59000 Lille,,Avenue Verhaeren,59000.0,Lille,59350_9034,Avenue Verhaeren,Lille,59000,1945.0,48.1,9.239112457069938,7.702149526558366,5.3706380281276624,3.8501476017100584,Lille,2026
2359E4492466N,2359E4492466N,50.621971033903606,3.044676932486129,4174.148994148144,271.19582686316994,1257.7905451234462,110.47240158905898,7.177205247796557,D,B,5 Rue de Mexico 59000 Lille,5,Rue de Mexico,59000.0,Lille,59350_6098_00005,5 Rue Mexico,Lille,59000,1945.0,37.8,8.271727341097536,5.581614840681993,4.6491870714048655,2.0794415416798357,Lille,2026
2359E3936028B,2359E3936028B,50.61815796107811,3.0923329617426214,7454.647050920805,1525.465911202778,1942.8663047067785,102.53548735704008,20.56022523354374,C,C,342 Allee des Peupliers 59000 Lille,342,Allee des Peupliers,59000.0,Lille,59350_4p7ft1_00342,342 Rue des Peupliers,Lille,59800,1983.0,1499.0,8.861236693533769,7.303102708902016,4.584967478670572,3.044522437723423,Lille,2026
2359E3148268P,2359E3148268P,50.632316991637744,3.1020130532794306,4893.917015372402,1089.6941664761691,1694.6039152710962,81.11359221329346,17.389280794231556,C,C,Rue Desaugiers 59800 Lille,,Rue Desaugiers,59800.0,Lille,59350_2444,278 Rue des Peupliers,Lille,59800,,1720.0,8.542743972260244,6.971949991024133,4.454347296253507,2.8903717578961645,Lille,2026
2359E3072476N,2359E3072476N,50.632316991637744,3.1020130532794306,189181.82142798073,39035.222073569246,54552.12641964707,109.66389346077553,21.9924414143204,C,C,Rue Desaugiers 59800 Lille,,Rue Desaugiers,59800.0,Lille,59350_2444,278 Rue des Peupliers,Lille,59800,,1720.0,12.087778291672917,10.526070091310814,4.6443908991413725,3.091042453358316,Lille,2026
2359E3148200Z,2359E3148200Z,50.632316991637744,3.1020130532794306,10600.226571084071,2265.2981183155407,3427.2749298997596,119.71984250349978,25.369465487682657,C,C,Rue Desaugiers 59800 Lille,,Rue Desaugiers,59800.0,Lille,59350_2444,278 Rue des Peupliers,Lille,59800,,1720.0,9.30384892983388,7.750442526811657,4.8283137373023015,3.295836866004329,Lille,2026
2359E3428231K,2359E3428231K,50.632316991637744,3.1020130532794306,10293.474322893324,2085.066991960401,2907.973915546269,127.9348344497385,25.13876271317896,C,C,Rue Desaugiers 59800 Lille,,Rue Desaugiers,59800.0,Lille,59350_2444,392 Rue des Peupliers,Lille,59800,,1190.0,9.2241249269468,7.676705422957583,4.844187086458591,3.295836866004329,Lille,2026
2359E3936084F,2359E3936084F,50.61815796107811,3.0923329617426214,7433.410144290108,1580.2187457401444,2245.2428017295983,103.06974935086612,20.96442836600103,C,C,342 Allee des Peupliers 59000 Lille,342,Allee des Peupliers,59000.0,Lille,59350_4p7ft1_00342,342 Rue des Peupliers,Lille,59800,1983.0,1499.0,8.922858279527068,7.367645439068375,4.653960350157523,3.091042453358316,Lille,2026
2359E3104510P,2359E3104510P,50.63342102680212,3.024887964398116,2850.6959969141467,613.8791008491071,832.5950795723589,89.29986077049362,19.237158452792354,C,C,3 Rue Kant 59000 Lille,3,Rue Kant,59000.0,Lille,59350_5199_00003,3 Rue Kant,Lille,59000,2014.0,31.9,7.9701184349751255,6.355065451117447,4.517431271680085,2.9444389791664403,Lille,2026
2359E3936039M,2359E3936039M,50.61815796107811,3.0923329617426214,6333.120177354716,1251.4545583329493,1791.5440381970498,103.5375616253417,20.48039535771131,C,C,342 Allee des Peupliers 59000 Lille,342,Allee des Peupliers,59000.0,Lille,59350_4p7ft1_00342,342 Rue des Peupliers,Lille,59800,1983.0,1499.0,8.66766281876101,7.1091438984933175,4.564348191467836,3.044522437723423,Lille,2026
2359E3148278Z,2359E3148278Z,50.632316991637744,3.1020130532794306,7856.3151796830625,1761.7358447206307,2431.658012437664,110.10810410280055,23.918901866115696,C,C,Rue Desaugiers 59800 Lille,,Rue Desaugiers,59800.0,Lille,59350_2444,278 Rue des Peupliers,Lille,59800,,1720.0,8.94987131047648,7.391045252553607,4.6913478822291435,3.1354942159291497,Lille,2026
2359E3936112H,2359E3936112H,50.61815796107811,3.0923329617426214,8295.616869883877,1700.0845959788824,2440.212616755648,114.42082668319775,22.81018546779009,C,C,342 Allee des Peupliers 59000 Lille,342,Allee des Peupliers,59000.0,Lille,59350_4p7ft1_00342,342 Rue des Peupliers,Lille,59800,1983.0,1499.0,8.956557184529862,7.402878259020837,4.68213122712422,3.1354942159291497,Lille,2026
2359E2826312R,2359E2826312R,50.61707099440881,3.0930230004274817,8548.694557044872,1888.9056128631946,2578.8214421712473,108.75536507268183,23.142950916060144,C,C,190 Allee des Peupliers 59000 Lille,190,Allee des Peupliers,59000.0,Lille,59350_4p7ft1_00190,190 Rue des Peupliers,Lille,59800,,1190.0,9.008946081448922,7.44716835960004,4.653960350157523,3.091042453358316,Lille,2026
2359E3549152F,2359E3549152F,50.61961098080101,3.0316950453264484,12827.524695213646,2866.695924155056,3907.8812590596817,212.70937313168733,47.540562589636096,D,D,Avenue Verhaeren 59000 Lille,,Avenue Verhaeren,59000.0,Lille,59350_9034,Avenue Verhaeren,Lille,59000,1945.0,60.3,9.406285373460419,7.883898570003149,5.311727053457954,3.8066624897703196,Lille,2026
2359E3206401M,2359E3206401M,50.63676102404178,3.0195959944960755,10781.60275934952,2253.1403111880018,3058.369247682255,144.18284465609906,30.12636314465953,C,C,Rue Pierre Mendès France 59000 Lille,,Rue Pierre Mendès France,59000.0,Lille,59355_1603,Rue Pierre Mendès France,Lille,59000,1989.0,74.8,9.237507968047094,7.682436362523345,4.93014804318357,3.4011973816621555,Lille,2026
2359E3148255C,2359E3148255C,50.632316991637744,3.1020130532794306,7559.655071366748,1529.8755662727451,2213.987391674898,106.03686194696274,21.39237315629931,C,C,Rue Desaugiers 59800 Lille,,Rue Desaugiers,59800.0,Lille,59350_2444,278 Rue des Peupliers,Lille,59800,,1720.0,8.831288346819635,7.266338401190171,4.574710978503383,3.044522437723423,Lille,2026
2359E2323335K,2359E2323335K,50.631213016042196,3.024773991140401,3857.535763406292,544.2090875857705,1094.1803531828834,85.10518492110053,12.009027309726454,C,C,Allee Lucie et Raymond Aubrac 59000 Lille,,Allee Lucie et Raymond Aubrac,59000.0,Lille,59350_5739,31 Allee Lucie et Raymond Aubrac,Lille,59000,2016.0,45.3,8.198694459285173,6.300418754835302,4.396915247167632,2.5649493574615367,Lille,2026
2359E3936056D,2359E3936056D,50.61815796107811,3.0923329617426214,7264.302310335926,1467.1017625330603,2295.622563937677,101.6469693327726,20.45895279447126,C,C,342 Allee des Peupliers 59000 Lille,342,Allee des Peupliers,59000.0,Lille,59350_4p7ft1_00342,342 Rue des Peupliers,Lille,59800,1983.0,1499.0,8.874531915004507,7.3178098394241085,4.61512051684126,3.091042453358316,Lille,2026
2359E3936021U,2359E3936021U,50.61815796107811,3.0923329617426214,6950.4426973189275,1459.7937057076624,2151.0095970602206,95.80283027204216,20.034730141899438,C,C,342 Allee des Peupliers 59000 Lille,342,Allee des Peupliers,59000.0,Lille,59350_4p7ft1_00342,342 Rue des Peupliers,Lille,59800,1983.0,1499.0,8.79527937019457,7.233744185588505,4.5217885770490405,2.995732273553991,Lille,2026
2359E2826297C,2359E2826297C,50.61707099440881,3.0930230004274817,6276.7639126853965,1242.06412699556,1923.803108114205,78.36410544680533,15.446157338667,C,C,190 Allee des Peupliers 59000 Lille,190,Allee des Peupliers,59000.0,Lille,59350_4p7ft1_00190,190 Rue des Peupliers,Lille,59800,,1190.0,8.7401127176387,7.160535299424653,4.3694478524670215,2.833213344056216,Lille,2026
2359E4131706D,2359E4131706D,50.61337002531492,3.062275976057399,9706.494817403176,1928.242642878024,3055.875925642869,153.40588698090085,30.16984905325733,D,D,18 Rue du Faubourg d'Arras 59000 Lille,18,Rue du Faubourg d'Arras,59000.0,Lille,59350_3303_00018,18 rue du Faubourg d'Arras - Appartement 62,Lille,59000,1994.0,2684.0,9.131178109929952,7.5920130656961655,4.990432586778736,3.4657359027997265,Lille,2026
2359E2361244L,2359E2361244L,50.621971033903606,3.044676932486129,11374.595596114443,2391.803082442964,3625.8168315252547,112.25391023192438,23.61108669736391,C,C,5 Rue de Mexico 59000 Lille,5,Rue de Mexico,59000.0,Lille,59350_6098_00005,5 Rue Mexico,Lille,59000,1945.0,101.3,9.337853692275143,7.796551476546899,4.728272383122075,3.2188758248682006,Lille,2026
2359E3011067Q,2359E3011067Q,50.61961098080101,3.0316950453264484,13084.0962808377,2658.887898809088,3800.564879609668,216.974783135415,44.09432668008438,D,D,Avenue Verhaeren 59000 Lille,,Avenue Verhaeren,59000.0,Lille,59350_9034,Avenue Verhaeren,Lille,59000,1945.0,60.3,9.425871018527172,7.883898570003149,5.331268466687723,3.8066624897703196,Lille,2026
2359E3148273U,2359E3148273U,50.632316991637744,3.1020130532794306,11595.771971652523,2339.289728682809,3446.8421967730123,129.250005721612,25.7257041380681,C,C,Rue Desaugiers 59800 Lille,,Rue Desaugiers,59800.0,Lille,59350_2444,278 Rue des Peupliers,Lille,59800,,1720.0,9.284231892134432,7.729427591730368,4.795790545596741,3.258096538021482,Lille,2026
2359E3738144D,2359E3738144D,50.645801037475536,3.0594390660496273,12379.97400015229,2753.5146087735643,3630.2995517440045,256.69976388143465,57.09153275620864,E,E,Rue du Metz 59800 Lille,,Rue du Metz,59800.0,Lille,59350_6168,Rue du Metz,Lille,59800,1964.0,48.2,9.340271541568214,7.91939255363584,5.46848199307136,4.060443010546419,Lille,2026
2359E3428267U,2359E3428267U,50.632316991637744,3.1020130532794306,8066.560932934119,1828.4218755539757,2335.900846046133,94.77991892216727,21.343861268359024,C,C,Rue Desaugiers 59800 Lille,,Rue Desaugiers,59800.0,Lille,59350_2444,392 Rue des Peupliers,Lille,59800,,1190.0,9.008395531802966,7.446760113013435,4.574710978503383,3.044522437723423,Lille,2026
2359E3428271Y,2359E3428271Y,50.632316991637744,3.1020130532794306,9105.008265162258,1903.9458029855339,2767.572750675718,112.95346434632796,23.236884314701957,C,C,Rue Desaugiers 59800 Lille,,Rue Desaugiers,59800.0,Lille,59350_2444,392 Rue des Peupliers,Lille,59800,,1190.0,9.05316010758856,7.4975399465469295,4.672828834461906,3.1354942159291497,Lille,2026
2359E3148289K,2359E3148289K,50.632316991637744,3.1020130532794306,9163.537687704313,1881.4593564669462,2388.940686662103,128.5208651851937,25.646063812805536,C,C,Rue Desaugiers 59800 Lille,,Rue Desaugiers,59800.0,Lille,59350_2444,278 Rue des Peupliers,Lille,59800,,1720.0,9.02919012892637,7.4740345309330944,4.770684624465665,3.2188758248682006,Lille,2026
2359E3148230D,2359E3148230D,50.632316991637744,3.1020130532794306,8142.804173816966,1708.8193563003526,2668.63409140044,91.30484399268245,19.004663878311106,C,C,Rue Desaugiers 59800 Lille,,Rue Desaugiers,59800.0,Lille,59350_2444,278 Rue des Peupliers,Lille,59800,,1720.0,9.012596500294688,7.4438977107319175,4.532599493153256,2.995732273553991,Lille,2026
2359E3936125U,2359E3936125U,50.61815796107811,3.0923329617426214,8452.17461774352,1651.7869543242116,2292.116048228688,117.20382290077558,22.214419336602074,C,C,342 Allee des Peupliers 59000 Lille,342,Allee des Peupliers,59000.0,Lille,59350_4p7ft1_00342,342 Rue des Peupliers,Lille,59800,1983.0,1499.0,8.996887216744927,7.444950157768196,4.727387818712341,3.1780538303479458,Lille,2026
2359E4136639W,2359E4136639W,50.643830022524845,3.0915240500347334,148755.92321168236,11439.034136657929,43507.216300158725,98.52323366370783,7.529480379211108,D,B,172 Rue Saint-Druon 59800 Lille,172,Rue Saint-Druon,59800.0,Lille,59350_7739_00172,172 Rue Saint Druon - Bâtiment V,Lille,59800,2010.0,1509.4,11.919934047974605,9.31392531223256,4.61015772749913,2.1162555148025524,Lille,2026
2359E2556321K,2359E2556321K,50.62092397723523,3.0459329344884023,3507.787385392517,278.07111062796224,1164.6201701671305,152.62884111277586,11.81909666502158,E,B,Cite Sainte-Marie 59000 Lille,,Cite Sainte-Marie,59000.0,Lille,59350_mup656,16 rue du maire André,Lille,59000,,,8.171966748299813,5.559912104236499,5.043425116919247,2.4849066497880004,Lille,2026
2359E3887813Q,2359E3887813Q,50.61919398946468,3.0412870667543888,11079.538195787338,2850.38178308557,3681.590789996239,229.73121830662032,59.09998240728875,E,E,Boulevard de Metz 59000 Lille,,Boulevard de Metz,59000.0,Lille,59350_6079,Boulevard de Metz,Lille,59000,1964.0,48.2,9.329216143712303,7.91939255363584,5.457455587886334,4.060443010546419,Lille,2026
2359E2826287S,2359E2826287S,50.61707099440881,3.0930230004274817,5969.748365085619,1384.153186689344,1954.873530061825,74.24088161842307,16.522598917985167,C,C,190 Allee des Peupliers 59000 Lille,190,Allee des Peupliers,59000.0,Lille,59350_4p7ft1_00190,190 Rue des Peupliers,Lille,59800,,1190.0,8.718042052824076,7.136960421674942,4.343805421853684,2.772588722239781,Lille,2026
2359E3936019S,2359E3936019S,50.61815796107811,3.0923329617426214,9833.320998622215,2330.5670536729376,2932.2612124822194,137.58682832067637,32.001561520591416,D,D,342 Allee des Peupliers 59000 Lille,342,Allee des Peupliers,59000.0,Lille,59350_4p7ft1_00342,342 Rue des Peupliers,Lille,59800,1983.0,1499.0,9.232219273694625,7.689737173242573,4.969813299576001,3.4339872044851463,Lille,2026
2359E3637516V,2359E3637516V,50.618101011699586,3.0664589700991924,10642.837152107304,2310.6411300696163,3094.9077468620376,303.35877868239345,64.95350642131179,E,E,Cite Lievrauw 59000 Lille,,Cite Lievrauw,59000.0,Lille,59350_ugqgpy,76 rue Thumesnil - Cité Lievrauw,Lille,59000,1979.0,1603.0,9.199734326188958,7.682943169878292,5.645446897643238,4.127134385045092,Lille,2026
2359E3936098T,2359E3936098T,50.61815796107811,3.0923329617426214,10992.087574101015,2226.5592134004146,2985.13769294596,123.13258467841159,24.920078943013998,C,C,342 Allee des Peupliers 59000 Lille,342,Allee des Peupliers,59000.0,Lille,59350_4p7ft1_00342,342 Rue des Peupliers,Lille,59800,1983.0,1499.0,9.262448834024278,7.71186226985034,4.77912349311153,3.258096538021482,Lille,2026
2359E2557998X,2359E2557998X,50.62092397723523,3.0459329344884023,3428.417430458537,271.72346697973654,1047.921555169896,133.2425145308841,10.548271233685425,E,B,Cite Sainte-Marie 59000 Lille,,Cite Sainte-Marie,59000.0,Lille,59350_mup656,16 rue du maire André,Lille,59000,,,8.167947723304382,5.555282466337757,4.927253685157205,2.3978952727983707,Lille,2026
2359E3936033G,2359E3936033G,50.61815796107811,3.0923329617426214,6650.855735336372,1258.6980383247467,1908.9847633960499,108.68679852306433,19.928721316097953,C,C,342 Allee des Peupliers 59000 Lille,342,Allee des Peupliers,59000.0,Lille,59350_4p7ft1_00342,342 Rue des Peupliers,Lille,59800,1983.0,1499.0,8.699164686945897,7.142194790038198,4.59511985013459,3.044522437723423,Lille,2026
2359E4399646N,2359E4399646N,50.61919398946468,3.0412870667543888,12827.390521096342,3526.8013519354663,4301.970002327086,181.33782748460933,49.86346535873413,D,D,Boulevard de Metz 59000 Lille,,Boulevard de Metz,59000.0,Lille,59350_6079,Boulevard de Metz,Lille,59000,1960.0,70.7,9.508702706836067,8.130353547431238,5.2548878086207,3.8918202981106265,Lille,2026
2359E3148249W,2359E3148249W,50.632316991637744,3.1020130532794306,6616.851515336069,1395.1661085275528,1851.4506634198985,93.0625613571043,18.85218073229934,C,C,Rue Desaugiers 59800 Lille,,Rue Desaugiers,59800.0,Lille,59350_2444,278 Rue des Peupliers,Lille,59800,,1720.0,8.764068894225694,7.195262336119631,4.51085950651685,2.9444389791664403,Lille,2026
2359E2826308N,2359E2826308N,50.61707099440881,3.0930230004274817,7310.435585625454,1505.1259985780273,1995.5494826963695,85.00994637011338,16.737570181573837,C,C,190 Allee des Peupliers 59000 Lille,190,Allee des Peupliers,59000.0,Lille,59350_4p7ft1_00190,190 Rue des Peupliers,Lille,59800,,1190.0,8.848882579861016,7.272259494035202,4.406719247264253,2.833213344056216,Lille,2026
2359E2826314T,2359E2826314T,50.61707099440881,3.0930230004274817,6208.696728451528,1309.7279104467439,1960.4629823779533,76.85072930971268,16.243008397437915,C,C,190 Allee des Peupliers 59000 Lille,190,Allee des Peupliers,59000.0,Lille,59350_4p7ft1_00190,190 Rue des Peupliers,Lille,59800,,1190.0,8.682470313600934,7.098788776378113,4.30406509320417,2.772588722239781,Lille,2026
2359E3428278F,2359E3428278F,50.632316991637744,3.1020130532794306,7819.961485986967,1569.9838964596315,2157.5286631920812,103.7797924032171,20.586738573619893,C,C,Rue Desaugiers 59800 Lille,,Rue Desaugiers,59800.0,Lille,59350_2444,392 Rue des Peupliers,Lille,59800,,1190.0,8.937415540499309,7.379320188794825,4.624972813284271,3.091042453358316,Lille,2026
2359E2554630J,2359E2554630J,50.62092397723523,3.0459329344884023,14457.748867976288,2982.2461758323216,3940.894569142423,219.55172546650905,44.8902985654347,D,D,Cite Sainte-Marie 59000 Lille,,Cite Sainte-Marie,59000.0,Lille,59350_mup656,16 rue du maire André,Lille,59000,,,9.510482000777703,7.980742020011274,5.327876168789581,3.8066624897703196,Lille,2026
2359E3738729Q,2359E3738729Q,50.645801037475536,3.0594390660496273,11087.334429115781,2633.964356225658,3766.788095743886,229.91965969144934,54.61277083585991,E,E,Rue du Metz 59800 Lille,,Rue du Metz,59800.0,Lille,59350_6168,Rue du Metz,Lille,59800,1964.0,48.2,9.338900679204263,7.91939255363584,5.46721590300985,4.060443010546419,Lille,2026
2359E3148258F,2359E3148258F,50.632316991637744,3.1020130532794306,8734.408561469512,1761.3727907240793,2565.213696911667,95.12418719155073,18.44369414370764,C,C,Rue Desaugiers 59800 Lille,,Rue Desaugiers,59800.0,Lille,59350_2444,278 Rue des Peupliers,Lille,59800,,1720.0,9.019772910968378,7.450079569807499,4.51085950651685,2.9444389791664403,Lille,2026
2359E3936044R,2359E3936044R,50.61815796107811,3.0923329617426214,8662.357494520345,2024.00242098842,2774.425783623817,96.88562170476018,21.74009045100344,C,C,342 Allee des Peupliers 59000 Lille,342,Allee des Peupliers,59000.0,Lille,59350_4p7ft1_00342,342 Rue des Peupliers,Lille,59800,1983.0,1499.0,9.088443887678256,7.529943370601589,4.605170185988092,3.044522437723423,Lille,2026
2359E3936068P,2359E3936068P,50.61815796107811,3.0923329617426214,7026.057741766457,1457.2161689152563,2054.095481417885,98.23850173963658,19.752167657272196,C,C,342 Allee des Peupliers 59000 Lille,342,Allee des Peupliers,59000.0,Lille,59350_4p7ft1_00342,342 Rue des Peupliers,Lille,59800,1983.0,1499.0,8.855092980028635,7.297429701183978,4.59511985013459,3.044522437723423,Lille,2026
2359E3148275W,2359E3148275W,50.632316991637744,3.1020130532794306,9713.135645900113,2148.725104350593,2960.832614516683,108.67214214963033,23.680247915698917,C,C,Rue Desaugiers 59800 Lille,,Rue Desaugiers,59800.0,Lille,59350_2444,278 Rue des Peupliers,Lille,59800,,1720.0,9.202529949884205,7.643961949002529,4.718498871295094,3.1780538303479458,Lille,2026
2359E2826302H,2359E2826302H,50.61707099440881,3.0930230004274817,6997.179469504477,1415.443496069478,1923.36350750932,87.3568629055792,17.500028678677182,C,C,190 Allee des Peupliers 59000 Lille,190,Allee des Peupliers,59000.0,Lille,59350_4p7ft1_00190,190 Rue des Peupliers,Lille,59800,,1190.0,8.802251825661305,7.226936018493289,4.430816798843313,2.8903717578961645,Lille,2026
2359E3148220T,2359E3148220T,50.632316991637744,3.1020130532794306,7141.427722232731,1451.7361561497053,2040.9070055466664,99.9925958733466,20.133567129083502,C,C,Rue Desaugiers 59800 Lille,,Rue Desaugiers,59800.0,Lille,59350_2444,278 Rue des Peupliers,Lille,59800,,1720.0,8.790512613032181,7.223295679562314,4.532599493153256,2.995732273553991,Lille,2026
2359E4492617I,2359E4492617I,50.621971033903606,3.044676932486129,7945.4071558181495,541.8410720841312,2690.46929328119,104.41516989405609,7.1227934358477345,D,B,5 Rue de Mexico 59000 Lille,5,Rue de Mexico,59000.0,Lille,59350_6098_00005,5 Rue Mexico,Lille,59000,1945.0,76.1,8.98510713879689,6.279459070741808,4.662495252607361,2.0794415416798357,Lille,2026
2359E2826299E,2359E2826299E,50.61707099440881,3.0930230004274817,10229.08460665672,2026.3379737139248,2877.097316351165,133.64422245316135,25.9003268791084,C,C,190 Allee des Peupliers 59000 Lille,190,Allee des Peupliers,59000.0,Lille,59350_4p7ft1_00190,190 Rue des Peupliers,Lille,59800,,1190.0,9.133707676928577,7.57911686747016,4.804021044733257,3.258096538021482,Lille,2026
2359E3738491M,2359E3738491M,50.618694993172646,3.0709080592198585,15498.799265076546,4305.002277757763,5265.541212178382,202.08343033868795,56.127800231522336,E,E,Rue de Mulhouse 59000 Lille,,Rue de Mulhouse,59000.0,Lille,59350_6309,Rue de Mulhouse,Lille,59000,1945.0,76.7,9.687958685783554,8.417660107691027,5.352805551832106,4.0943445622221,Lille,2026
2359E3148226Z,2359E3148226Z,50.632316991637744,3.1020130532794306,5438.4799630190255,1158.4920268208855,1675.3361682239151,88.29506497905713,18.258345576373298,C,C,Rue Desaugiers 59800 Lille,,Rue Desaugiers,59800.0,Lille,59350_2444,278 Rue des Peupliers,Lille,59800,,1720.0,8.609389437046959,7.041499149031733,4.499809670330265,2.9444389791664403,Lille,2026
2359E3148264L,2359E3148264L,50.632316991637744,3.1020130532794306,6308.3716068630465,1410.6786558575675,1911.6819251606364,89.42529858727278,19.80411885716993,C,C,Rue Desaugiers 59800 Lille,,Rue Desaugiers,59800.0,Lille,59350_2444,278 Rue des Peupliers,Lille,59800,,1720.0,8.778171881033469,7.211113830818926,4.532599493153256,2.995732273553991,Lille,2026
2359E3936120P,2359E3936120P,50.61815796107811,3.0923329617426214,3479.054818797509,760.649722903271,998.9216373977416,95.79595185360229,20.22197854322135,C,C,342 Allee des Peupliers 59000 Lille,342,Allee des Peupliers,59000.0,Lille,59350_4p7ft1_00342,342 Rue des Peupliers,Lille,59800,1983.0,1499.0,8.177543913339203,6.624463554831649,4.59511985013459,3.044522437723423,Lille,2026
2359E2826284P,2359E2826284P,50.61707099440881,3.0930230004274817,9446.89689083386,1811.276095419709,2883.7498822643847,114.6648457158013,21.32737855878484,C,C,190 Allee des Peupliers 59000 Lille,190,Allee des Peupliers,59000.0,Lille,59350_4p7ft1_00190,190 Rue des Peupliers,Lille,59800,,1190.0,9.093671715168979,7.533372802748483,4.6913478822291435,3.1354942159291497,Lille,2026
2359E3148207G,2359E3148207G,50.632316991637744,3.1020130532794306,5032.023299029744,986.8297102610284,1471.9117308031068,139.28793160061406,27.333198786466728,C,C,Rue Desaugiers 59800 Lille,,Rue Desaugiers,59800.0,Lille,59350_2444,278 Rue des Peupliers,Lille,59800,,1720.0,8.43143920539733,6.883257647381737,4.852030263919617,3.332204510175204,Lille,2026
2359E2826317W,2359E2826317W,50.61707099440881,3.0930230004274817,8184.813994599002,1675.0971489487192,2559.470746100741,108.37402344741008,22.026950612350095,C,C,190 Allee des Peupliers 59000 Lille,190,Allee des Peupliers,59000.0,Lille,59350_4p7ft1_00190,190 Rue des Peupliers,Lille,59800,,1190.0,8.939698946126486,7.37650812632622,4.624972813284271,3.091042453358316,Lille,2026
2359E3148282D,2359E3148282D,50.632316991637744,3.1020130532794306,3744.4237556003363,837.4582073332637,1179.867295226222,103.76931930827143,22.6228887049752,C,C,Rue Desaugiers 59800 Lille,,Rue Desaugiers,59800.0,Lille,59350_2444,278 Rue des Peupliers,Lille,59800,,1720.0,8.258940462988459,6.703678790385153,4.68213122712422,3.1354942159291497,Lille,2026
2359E2873211M,2359E2873211M,50.60695999448593,3.0441240021006517,6900.934495826706,1542.4414649092398,2257.33880691097,98.79265885609645,22.09198660693905,C,C,5 Rue de Cannes 59000 Lille,5,Rue de Cannes,59000.0,Lille,59350_1259_00005,5 Rue de Cannes,Lille,59000,2015.0,69.8,8.849700434974077,7.2911111015022,4.613138355637268,3.091042453358316,Lille,2026
2359E3428252F,2359E3428252F,50.632316991637744,3.1020130532794306,8941.842262461618,1854.9414132643308,2493.4352910025464,111.73179392824909,23.04014853873943,C,C,Rue Desaugiers 59800 Lille,,Rue Desaugiers,59800.0,Lille,59350_2444,392 Rue des Peupliers,Lille,59800,,1190.0,9.036474960989766,7.479976991613202,4.663439094112067,3.1354942159291497,Lille,2026
2359E3072062P,2359E3072062P,50.632316991637744,3.1020130532794306,168531.0158252621,40313.98062693282,53368.24135060501,97.50383585922867,23.256317456708377,C,C,Rue Desaugiers 59800 Lille,,Rue Desaugiers,59800.0,Lille,59350_2444,278 Rue des Peupliers,Lille,59800,,1720.0,12.108949222794045,10.548945462720633,4.663439094112067,3.1354942159291497,Lille,2026
2359E3428246Z,2359E3428246Z,50.632316991637744,3.1020130532794306,8390.067700922731,1774.6849568844862,2630.1752343349754,106.77462136793564,22.217645849575312,C,C,Rue Desaugiers 59800 Lille,,Rue Desaugiers,59800.0,Lille,59350_2444,392 Rue des Peupliers,Lille,59800,,1190.0,9.027642744476504,7.472102712150493,4.672828834461906,3.1354942159291497,Lille,2026
2359E3099690F,2359E3099690F,50.61833504342089,3.0621729484476305,12610.426589711247,2411.9005066256263,3779.7062631641147,192.1663022705474,36.744992906695956,D,D,39 Rue Louis Bergot 59000 Lille,39,Rue Louis Bergot,59000.0,Lille,59350_5695_00039,39 Rue Louis Bergot,Lille,59000,1987.0,65.6,9.39075177224888,7.768110378525988,5.212214667494625,3.6109179126442243,Lille,2026
2359E3428264R,2359E3428264R,50.632316991637744,3.1020130532794306,10042.129913138959,1982.3114638648453,2761.1660730973326,124.84637125037278,23.847355956268817,C,C,Rue Desaugiers 59800 Lille,,Rue Desaugiers,59800.0,Lille,59350_2444,392 Rue des Peupliers,Lille,59800,,1190.0,9.149740749847252,7.59890045687141,4.770684624465665,3.2188758248682006,Lille,2026
2359E2826315U,2359E2826315U,50.61707099440881,3.0930230004274817,6581.769713173224,1289.5856372117062,1987.358880486447,79.27366831229739,14.863398786476946,C,C,190 Allee des Peupliers 59000 Lille,190,Allee des Peupliers,59000.0,Lille,59350_4p7ft1_00190,190 Rue des Peupliers,Lille,59800,,1190.0,8.81375075986736,7.236483320869919,4.406719247264253,2.833213344056216,Lille,2026
2359E3169193K,2359E3169193K,50.632316991637744,3.1020130532794306,139790.47243956945,27799.06558983975,38280.76059643424,117.26668359319805,22.641844149408414,C,C,Rue Desaugiers 59800 Lille,,Rue Desaugiers,59800.0,Lille,59350_2444,392 Rue des Peupliers,Lille,59800,,1190.0,11.801955628338986,10.248487609429125,4.727387818712341,3.1780538303479458,Lille,2026
2359E3654475C,2359E3654475C,50.62157297991344,3.0743339595058115,6741.51479396485,1542.4897525721333,2073.415971678163,182.73744487390582,41.80189031360794,D,D,Rue de Trévise 59000 Lille,,Rue de Trévise,59000.0,Lille,59350_8749,Rue de Trévise,Lille,59000,1975.0,36.9,8.876502661940208,7.322444381617833,5.273512247629066,3.7376696182833684,Lille,2026
2359E3148293O,2359E3148293O,50.632316991637744,3.1020130532794306,6348.566647361667,1298.168633957381,1889.148283431285,181.3567755070158,37.055241692408586,D,D,Rue Desaugiers 59800 Lille,,Rue Desaugiers,59800.0,Lille,59350_2444,278 Rue des Peupliers,Lille,59800,,1720.0,8.67965211911394,7.140611509150139,5.1298987149230735,3.6109179126442243,Lille,2026
2359E2552240L,2359E2552240L,50.62092397723523,3.0459329344884023,27074.596185899438,5745.816662974377,7327.074739078846,303.36839395761984,64.23672020259828,E,E,Cite Sainte-Marie 59000 Lille,,Cite Sainte-Marie,59000.0,Lille,59350_mup656,16 rue du maire André,Lille,59000,,,10.122655210450745,8.604709440936281,5.634789603169249,4.127134385045092,Lille,2026
2359E3428280H,2359E3428280H,50.632316991637744,3.1020130532794306,8787.280702919203,1748.6098196622074,2408.5680834244968,134.29952239061717,26.467353476219085,C,C,Rue Desaugiers 59800 Lille,,Rue Desaugiers,59800.0,Lille,59350_2444,392 Rue des Peupliers,Lille,59800,,1190.0,9.033137691352076,7.487061643118323,4.859812404361672,3.332204510175204,Lille,2026
2359E3166345W,2359E3166345W,50.632316991637744,3.1020130532794306,111856.84523832708,21655.71667791133,32809.63970534164,94.1356038659986,17.88849831361103,C,C,Rue Desaugiers 59800 Lille,,Rue Desaugiers,59800.0,Lille,59350_2444,392 Rue des Peupliers,Lille,59800,,1186.0,11.557585205912062,9.989284442334656,4.48863636973214,2.9444389791664403,Lille,2026
2359E3428242V,2359E3428242V,50.632316991637744,3.1020130532794306,8338.082027122267,1777.6394993841982,2570.20327450934,97.97021866784218,20.751059351943013,C,C,Rue Desaugiers 59800 Lille,,Rue Desaugiers,59800.0,Lille,59350_2444,392 Rue des Peupliers,Lille,59800,,1190.0,9.008395531802966,7.446760113013435,4.574710978503383,3.044522437723423,Lille,2026
2359E3428276D,2359E3428276D,50.632316991637744,3.1020130532794306,10622.016150679074,2361.4724031562314,3447.6131442050964,127.89597060491106,27.822313975920792,C,C,Rue Desaugiers 59800 Lille,,Rue Desaugiers,59800.0,Lille,59350_2444,392 Rue des Peupliers,Lille,59800,,1190.0,9.247876975504909,7.6997518235842515,4.836281906951478,3.295836866004329,Lille,2026
2359E4400070V,2359E4400070V,50.61961098080101,3.0316950453264484,10021.812703816984,1925.5433907360928,2915.361357125317,263.8196154854258,50.69988559243525,E,E,Avenue Verhaeren 59000 Lille,,Avenue Verhaeren,59000.0,Lille,59350_9034,Avenue Verhaeren,Lille,59000,1945.0,38.0,9.140250470400275,7.607828419612815,5.506956231659364,3.9889840465642745,Lille,2026
2359E3738550T,2359E3738550T,50.61961098080101,3.0316950453264484,13355.583889065847,2732.042916669175,3891.126187568499,202.75212708068503,41.47643179521767,D,D,Avenue Verhaeren 59000 Lille,,Avenue Verhaeren,59000.0,Lille,59350_9034,Avenue Verhaeren,Lille,59000,1945.0,65.9,9.482091213596561,7.949232682945251,5.29931686688112,3.784189633918261,Lille,2026
2359E3936106B,2359E3936106B,50.61815796107811,3.0923329617426214,10519.916144007782,2144.5479771622563,2871.317336288265,117.67949183285108,23.283895144794133,C,C,342 Allee des Peupliers 59000 Lille,342,Allee des Peupliers,59000.0,Lille,59350_4p7ft1_00342,342 Rue des Peupliers,Lille,59800,1983.0,1499.0,9.21165950154208,7.658888308740735,4.727387818712341,3.1780538303479458,Lille,2026
2359E2826272D,2359E2826272D,50.61707099440881,3.0930230004274817,8379.37212599133,1910.1879501348565,2690.66196986832,104.24557636316173,23.41540417475974,C,C,190 Allee des Peupliers 59000 Lille,190,Allee des Peupliers,59000.0,Lille,59350_4p7ft1_00190,190 Rue des Peupliers,Lille,59800,,1190.0,9.09642111231447,7.537589853330316,4.718498871295094,3.1780538303479458,Lille,2026
2359E3936025Y,2359E3936025Y,50.61815796107811,3.0923329617426214,10468.237531236444,2233.798474428959,2971.1500242478664,114.77984236198935,24.459588151328756,C,C,342 Allee des Peupliers 59000 Lille,342,Allee des Peupliers,59000.0,Lille,59350_4p7ft1_00342,342 Rue des Peupliers,Lille,59800,1983.0,1499.0,9.204533544942395,7.650406654445171,4.700480365792417,3.1780538303479458,Lille,2026
2359E3936078Z,2359E3936078Z,50.61815796107811,3.0923329617426214,10135.692809728002,2265.0650335263017,2927.945875198868,111.13362869907274,24.801949902930225,C,C,342 Allee des Peupliers 59000 Lille,342,Allee des Peupliers,59000.0,Lille,59350_4p7ft1_00342,342 Rue des Peupliers,Lille,59800,1983.0,1499.0,9.204533544942395,7.650406654445171,4.700480365792417,3.1780538303479458,Lille,2026
2359E4276103W,2359E4276103W,50.63543295939914,3.088173028383546,5475.857622576962,810.303634123316,1510.4003783089026,122.9188020784887,18.197043302637216,C,C,43 Rue de Bouvines 59800 Lille,43,Rue de Bouvines,59800.0,Lille,59350_1108_00043,43 Rue de Bouvines,Lille,59800,1983.0,44.5,8.57924737915151,6.630683385642372,4.79081953287472,2.8903717578961645,Lille,2026
2359E3148215O,2359E3148215O,50.632316991637744,3.1020130532794306,6887.153636018011,1427.3649602318947,2209.777265940579,96.60389957156222,19.95895910273222,C,C,Rue Desaugiers 59800 Lille,,Rue Desaugiers,59800.0,Lille,59350_2444,278 Rue des Peupliers,Lille,59800,,1720.0,8.831288346819635,7.266338401190171,4.574710978503383,3.044522437723423,Lille,2026
2359E2826298D,2359E2826298D,50.61707099440881,3.0930230004274817,6633.655771883368,1411.6509390243677,2027.4218447696114,79.7513119319771,16.02669057290136,C,C,190 Allee des Peupliers 59000 Lille,190,Allee des Peupliers,59000.0,Lille,59350_4p7ft1_00190,190 Rue des Peupliers,Lille,59800,,1190.0,8.827863986637855,7.251557726698194,4.418840607796598,2.833213344056216,Lille,2026
2359E4326036J,2359E4326036J,50.62743696731962,3.088645040484516,9726.26253638381,2141.3503135848573,2938.601446103344,159.2947293072656,34.91440462846828,D,D,Rue du Long Pot 59800 Lille,,Rue du Long Pot,59800.0,Lille,59350_5665,"68B rue du Long Pot
2éme étage - Porte 9",Lille,59000,1987.0,2612.0,9.205679527093988,7.672106218548414,5.099866427824199,3.58351893845611,Lille,2026
2359E2826295A,2359E2826295A,50.61707099440881,3.0930230004274817,6722.559444208512,1531.0656033628788,2277.721933898702,85.43695633455236,18.7108295610916,C,C,190 Allee des Peupliers 59000 Lille,190,Allee des Peupliers,59000.0,Lille,59350_4p7ft1_00190,190 Rue des Peupliers,Lille,59800,,1190.0,8.86539635091315,7.295667227842713,4.51085950651685,2.9444389791664403,Lille,2026
2359E3206479M,2359E3206479M,50.63676102404178,3.0195959944960755,7995.780436266748,1730.5315478533432,2560.983708480838,116.88612428778923,25.308212374023586,C,C,Rue Pierre Mendès France 59000 Lille,,Rue Pierre Mendès France,59000.0,Lille,59355_1603,Rue Pierre Mendès France,Lille,59000,1989.0,68.4,8.947663058513967,7.361184813606819,4.730921391293652,3.1780538303479458,Lille,2026
2359E4492379E,2359E4492379E,50.621971033903606,3.044676932486129,3755.0781546620433,224.4812687245727,1101.8248868619146,111.91346842566972,6.68952269507028,D,B,5 Rue de Mexico 59000 Lille,5,Rue de Mexico,59000.0,Lille,59350_6098_00005,5 Rue Mexico,Lille,59000,1945.0,33.6,8.201084209224167,5.463407986413629,4.696837374513915,2.0794415416798357,Lille,2026
2359E2056319O,2359E2056319O,50.64787301590285,3.086033935172902,19887.57748054502,5499.355752295034,6150.549080479685,221.7202851262664,61.49296745401774,E,E,148 Rue de La Louvière 59800 Lille,148,Rue de La Louvière,59800.0,Lille,59350_5279_00148,"148 Rue de La Louvière
rés. du Ballon",Lille,59800,1963.0,1001.0,9.853072819468954,8.620778131672614,5.3612921657094255,4.143134726391533,Lille,2026
2359E1453775U,2359E1453775U,50.64961500235384,3.096149940330276,10849.589481253091,2495.064061031731,3104.6808232599096,181.36723440494407,41.660779112234614,D,D,84 Rue Jules Vallès 59800 Lille,84,Rue Jules Vallès,59800.0,Lille,59350_5123_00084,84 Rue Jules Vallès appartement 6,Lille,59800,,,9.284408343329883,7.781806345248416,5.198497031265826,3.713572066704308,Lille,2026
2359E2196230T,2359E2196230T,50.62970503279121,3.0521120204825904,4114.467726765566,259.07772757205737,1208.5622164536644,83.0136486195166,5.2254483173065225,D,A,5 Rue Sainte-Barbe 59800 Lille,5,Rue Sainte-Barbe,59800.0,Lille,59350_8114_00005,5 Rue Sainte-Barbe,Lille,59800,1992.0,49.6,8.2855385230836,5.517051209373546,4.394449154672439,1.791759469228055,Lille,2026
2359E0680111M,2359E0680111M,50.61919398946468,3.0412870667543888,10857.81682710622,2124.4215940622603,3087.4332367936354,181.27502969602796,35.46613679569717,D,D,Boulevard de Metz 59000 Lille,,Boulevard de Metz,59000.0,Lille,59350_6079,Boulevard de Metz,Lille,59000,1948.0,59.9,9.260928918086995,7.676659071941328,5.173887288169859,3.6109179126442243,Lille,2026
2359E2032966J,2359E2032966J,50.62406098172336,3.100875978766677,5337.182039855594,383.82496768812524,1714.2690553531847,104.80118711124796,6.956951770628888,D,B,31 Rue des Écoles (Hellemmes-Lille) 59260 Lille,31,Rue des Écoles (Hellemmes-Lille),59260.0,Lille,59350_2956_00031,31 Rue des Écoles (Hellemmes-Lille),Lille,59260,,,8.545702899861952,5.9589413554024215,4.624972813284271,2.0794415416798357,Lille,2026
2359E1924649I,2359E1924649I,50.628427013331375,3.033943955774917,4693.4787075392505,934.3290249097032,1444.143196837987,86.89519989272817,16.485307133850498,C,C,Rue de Crimée 59000 Lille,,Rue de Crimée,59000.0,Lille,59350_2001,14 rue de crimée,Lille,59000,2014.0,,8.420263701236264,6.871609832345784,4.442651256490317,2.8903717578961645,Lille,2026
2359E0164596Z,2359E0164596Z,50.650381043841435,3.0870000483939513,10383.504842882909,2271.468748504269,2858.5047862821098,242.17591621851153,52.193675287322364,E,E,Carriere de la Funquee 59800 Lille,,Carriere de la Funquee,59800.0,Lille,59350_3699,"2-42 Carrière de la Funquée 
Parc St Maur rés.Breteuil",Lille,59800,1968.0,20569.0,9.187757282775925,7.685703061234547,5.43372200355424,3.9318256327243257,Lille,2026
2359E1470468V,2359E1470468V,50.61961098080101,3.0316950453264484,17684.05967174806,3838.731369515091,5305.184285316325,273.3252347178682,59.32159090751259,E,E,Avenue Verhaeren 59000 Lille,,Avenue Verhaeren,59000.0,Lille,59350_9034,Avenue Verhaeren,Lille,59000,1945.0,64.7,9.743488973696435,8.213246226498422,5.577463107977531,4.060443010546419,Lille,2026
2359E1389491I,2359E1389491I,50.62246497099393,3.051003001384837,3779.365521058887,257.3365382470822,1081.637920207233,111.3659701347491,6.756773322316487,D,B,102 Rue Jules Guesde (Lille) 59000 Lille,102,Rue Jules Guesde (Lille),59000.0,Lille,59350_0dtg17_00102,102 Rue Jules Guesde appartement 39,Lille,59000,,,8.197593804284399,5.589493328254074,4.68213122712422,2.0794415416798357,Lille,2026
2359E0727698T,2359E0727698T,50.61961098080101,3.0316950453264484,21106.61032759287,4590.9459159091875,6328.336422859706,320.73460510732616,69.77121452749525,F,F,Avenue Verhaeren 59000 Lille,,Avenue Verhaeren,59000.0,Lille,59350_9034,Avenue Verhaeren,Lille,59000,1945.0,65.8,9.969059914076496,8.449513742726099,5.785362461648624,4.276666119016055,Lille,2026
2359E1359294X,2359E1359294X,50.631213016042196,3.024773991140401,5884.749386069038,1259.8866572265533,1839.4004207875787,97.63142846002663,20.90751173625213,C,C,Allee Lucie et Raymond Aubrac 59000 Lille,,Allee Lucie et Raymond Aubrac,59000.0,Lille,59350_5739,31 Lucie et Raymond Aubrac,Lille,59000,2016.0,60.3,8.677916509768794,7.095230201016887,4.589040804058207,3.044522437723423,Lille,2026
2259E3218294W,2259E3218294W,50.62106013754309,3.055748345085144,20204.646249093683,4872.599577409729,6157.487903523543,329.46378279503705,79.4412372053758,F,F,61 Rue de la Justice 59000 Lille,61,Rue de la Justice,59000.0,Lille,59350_5195_00061,61 Rue de la Justice,Lille,59000,1960.0,,9.966725227940652,8.473283100296749,5.853351244978348,4.3694478524670215,Lille,2026
2359E0546876B,2359E0546876B,50.64770500477396,3.058063037197564,4598.696813322806,345.6893472852809,1452.4390509981868,89.33511442497979,6.098606538405426,D,B,85 Rue de la Cense au Ble 59800 Lille,85,Rue de la Cense au Ble,59800.0,Lille,59350_1411_00085,85 rue de la Cense aux Bles,Lille,59000,1998.0,,8.452206569896685,5.8321756894246,4.5217885770490405,1.9459101490553132,Lille,2026
2359E0189238T,2359E0189238T,50.61961098080101,3.0316950453264484,22678.341406101714,4607.495487383961,6566.010182151776,351.5997405471143,71.4340385640924,F,F,Avenue Verhaeren 59000 Lille,,Avenue Verhaeren,59000.0,Lille,59350_9034,Avenue Verhaeren,Lille,59000,1945.0,64.5,9.976361549369654,8.457337024262872,5.8126368795682835,4.30406509320417,Lille,2026
2359E1616002H,2359E1616002H,50.62157297991344,3.0743339595058115,16158.738428909224,3691.2508954982636,5084.825105795393,229.78103859909803,52.48516663053737,E,E,Rue de Trévise 59000 Lille,,Rue de Trévise,59000.0,Lille,59350_8749,Rue de Trévise,Lille,59000,1975.0,70.3,9.705475541859522,8.18529448026499,5.45660234551375,3.9512437185814275,Lille,2026
2359E1857879G,2359E1857879G,50.632632036407855,3.00574993961914,13094.785405787285,2931.9221485917315,3993.9042184724867,128.27844079000465,28.185536570525084,C,C,Rue de la Liberté 59000 Lille,,Rue de la Liberté,59000.0,Lille,59355_1250,"112 Boulevard de la Liberté
3-ème étage. Porte 8",Lille,59000,,,9.462125800430202,7.940797403440797,4.844187086458591,3.332204510175204,Lille,2026
2459E1804478K,2459E1804478K,50.61816603646113,3.0545779494082375,366583.52535648196,25961.877398955177,103530.02293698676,111.69859953128501,7.41271727466864,D,B,47 Boulevard de Strasbourg 59000 Lille,47,Boulevard de Strasbourg,59000.0,Lille,59350_8479_00047,47 bd de Strasbourg Lille,Lille,59000,1994.0,3270.0,12.730909452626532,10.107138348538875,4.6443908991413725,2.0794415416798357,Lille,2026
2459E1012630S,2459E1012630S,50.61961100100428,3.0701460424729357,9014.885725708033,1850.3430263534647,2594.2826080202526,231.84331502137158,47.590595030617486,D,D,77 Rue de Fontenoy 59000 Lille,77,Rue de Fontenoy,59000.0,Lille,59350_3499_00077,77 Rue de Fontenoy,Lille,59000,1979.0,38.9,9.033650925033857,7.4896915302060805,5.377590547442544,3.8501476017100584,Lille,2026
2459E0303660Q,2459E0303660Q,50.63599903605836,3.0943049313513606,4923.951164962836,1117.0253773709906,1501.9690588187873,72.36127950127313,16.318466870169985,C,C,2 Rue Saint-Just 59800 Lille,2,Rue Saint-Just,59800.0,Lille,59350_7899_00002,2 Rue Saint-Just,Lille,59800,,2483.1,8.506738733512378,6.967909201801884,4.300002799195291,2.803360380906535,Lille,2026
2459E1813539X,2459E1813539X,50.61707099440881,3.0930230004274817,6007.093336126463,1178.8301105648202,1808.992838412979,79.1105535610756,14.884218567737628,C,C,190 Allee des Peupliers 59000 Lille,190,Allee des Peupliers,59000.0,Lille,59350_4p7ft1_00190,190-216 Rue des Peupliers,Lille,59800,,2234.0,8.660756594726356,7.080867896690782,4.343805421853684,2.772588722239781,Lille,2026
2459E0303649F,2459E0303649F,50.63599903605836,3.0943049313513606,4713.008595307326,1010.3680662294074,1584.6270634311754,69.26131491385539,14.76032518996778,C,C,2 Rue Saint-Just 59800 Lille,2,Rue Saint-Just,59800.0,Lille,59350_7899_00002,2 Rue Saint-Just,Lille,59800,,2483.1,8.506738733512378,6.967909201801884,4.300002799195291,2.803360380906535,Lille,2026
2459E0303637T,2459E0303637T,50.63599903605836,3.0943049313513606,5460.72321790018,1331.747006825274,1861.3521250726362,96.36737601909601,23.433123370515897,C,C,2 Rue Saint-Just 59800 Lille,2,Rue Saint-Just,59800.0,Lille,59350_7899_00002,2 Rue Saint-Just,Lille,59800,,2483.1,8.659369607905765,7.131938289871009,4.631812116934513,3.1354942159291497,Lille,2026
2459E1813543B,2459E1813543B,50.61707099440881,3.0930230004274817,9349.847875586738,2024.9376336051575,2732.205569160716,143.66851501722851,30.228965469822217,D,D,190 Allee des Peupliers 59000 Lille,190,Allee des Peupliers,59000.0,Lille,59350_4p7ft1_00190,190-216 Rue des Peupliers,Lille,59800,,2234.0,9.15244639355728,7.6061884639713195,4.983606621708336,3.4339872044851463,Lille,2026
2459E0303651H,2459E0303651H,50.63599903605836,3.0943049313513606,4774.010389084513,1039.727694690043,1444.4510144945773,83.80115237580495,18.156021946953636,C,C,2 Rue Saint-Just 59800 Lille,2,Rue Saint-Just,59800.0,Lille,59350_7899_00002,2 Rue Saint-Just,Lille,59800,,2483.1,8.41089890659832,6.876058192238882,4.380775852772229,2.884800712846709,Lille,2026
2459E0303640W,2459E0303640W,50.63599903605836,3.0943049313513606,5328.672027062421,1045.387474480173,1584.017412786479,78.6029129283632,15.329712255858736,C,C,2 Rue Saint-Just 59800 Lille,2,Rue Saint-Just,59800.0,Lille,59350_7899_00002,2 Rue Saint-Just,Lille,59800,,2483.1,8.502992842015097,6.964135612418245,4.300002799195291,2.803360380906535,Lille,2026
2459E0303677H,2459E0303677H,50.63599903605836,3.0943049313513606,4689.31577907966,1011.2211175089697,1391.627143590537,82.31445558631869,17.658231954847682,C,C,2 Rue Saint-Just 59800 Lille,2,Rue Saint-Just,59800.0,Lille,59350_7899_00002,2 Rue Saint-Just,Lille,59800,,2483.1,8.41089890659832,6.876058192238882,4.380775852772229,2.884800712846709,Lille,2026
2459E0303669Z,2459E0303669Z,50.63599903605836,3.0943049313513606,5134.463682045018,1106.6371894343758,1485.2578759851954,75.45492413274162,16.166707291454124,C,C,2 Rue Saint-Just 59800 Lille,2,Rue Saint-Just,59800.0,Lille,59350_7899_00002,2 Rue Saint-Just,Lille,59800,,2483.1,8.506738733512378,6.967909201801884,4.300002799195291,2.803360380906535,Lille,2026
2459E0303662S,2459E0303662S,50.63599903605836,3.0943049313513606,4555.0590117961965,1014.4144726666731,1376.9341322917587,79.95776364481621,17.71399523462159,C,C,2 Rue Saint-Just 59800 Lille,2,Rue Saint-Just,59800.0,Lille,59350_7899_00002,2 Rue Saint-Just,Lille,59800,,2483.1,8.41089890659832,6.876058192238882,4.380775852772229,2.884800712846709,Lille,2026
2459E1813547F,2459E1813547F,50.61707099440881,3.0930230004274817,8188.000796782217,1691.6208200415115,2349.3998305518808,98.95514920249116,20.26659662071298,C,C,190 Allee des Peupliers 59000 Lille,190,Allee des Peupliers,59000.0,Lille,59350_4p7ft1_00190,190-216 Rue des Peupliers,Lille,59800,,2234.0,8.937678266280788,7.369537706568797,4.532599493153256,2.995732273553991,Lille,2026
2459E0303679J,2459E0303679J,50.63599903605836,3.0943049313513606,4787.566896877497,1134.7327754364296,1407.369031057974,70.35700695431454,16.577151761795154,C,C,2 Rue Saint-Just 59800 Lille,2,Rue Saint-Just,59800.0,Lille,59350_7899_00002,2 Rue Saint-Just,Lille,59800,,2483.1,8.506738733512378,6.967909201801884,4.300002799195291,2.803360380906535,Lille,2026
2459E1813526K,2459E1813526K,50.61707099440881,3.0930230004274817,6051.269359175973,1249.6120940154146,1706.7139644572549,77.52558349879702,15.938929770604778,C,C,190 Allee des Peupliers 59000 Lille,190,Allee des Peupliers,59000.0,Lille,59350_4p7ft1_00190,190-216 Rue des Peupliers,Lille,59800,,2234.0,8.714288411568809,7.135209525883432,4.3694478524670215,2.833213344056216,Lille,2026
2459E0303676G,2459E0303676G,50.63599903605836,3.0943049313513606,4768.684476455487,926.1514443984049,1250.8011736090293,84.18459746144882,16.33932602197269,C,C,2 Rue Saint-Just 59800 Lille,2,Rue Saint-Just,59800.0,Lille,59350_7899_00002,2 Rue Saint-Just,Lille,59800,,2483.1,8.406485069431817,6.871713507634872,4.382026634673881,2.8903717578961645,Lille,2026
2459E0303643Z,2459E0303643Z,50.63599903605836,3.0943049313513606,4743.864136298095,965.171055258774,1315.7817568014393,83.74642832794403,17.02771683208713,C,C,2 Rue Saint-Just 59800 Lille,2,Rue Saint-Just,59800.0,Lille,59350_7899_00002,2 Rue Saint-Just,Lille,59800,,2483.1,8.406485069431817,6.871713507634872,4.382026634673881,2.8903717578961645,Lille,2026
2459E1812861V,2459E1812861V,50.61707099440881,3.0930230004274817,200223.78404705843,42261.35963974785,66745.51827404335,89.57423731301934,18.116315601794312,C,C,190 Allee des Peupliers 59000 Lille,190,Allee des Peupliers,59000.0,Lille,59350_4p7ft1_00190,190-216 Rue des Peupliers,Lille,59800,,2234.0,12.266004792347012,10.699277057817898,4.564348191467836,2.995732273553991,Lille,2026
2459E1813591X,2459E1813591X,50.61707099440881,3.0930230004274817,6440.751946458365,1230.5012109997863,1858.9418551060153,80.1849667350581,14.701328685780005,C,C,190 Allee des Peupliers 59000 Lille,190,Allee des Peupliers,59000.0,Lille,59350_4p7ft1_00190,190-216 Rue des Peupliers,Lille,59800,,2234.0,8.716961661813913,7.136085356983647,4.343805421853684,2.772588722239781,Lille,2026
2459E1158776S,2459E1158776S,50.63503404211492,3.023127010839927,32279.9980609292,6953.443545046412,10141.139403791702,511.56283467186387,109.62013621949323,G,G,100 Avenue de Bretagne 59000 Lille,100,Avenue de Bretagne,59000.0,Lille,59350_1136_00100,23 Rue Chevreul,Lille,59000,,140.0,10.425158156342281,8.89504041248773,6.282266746896006,4.7535901911063645,Lille,2026
2459E0654215N,2459E0654215N,47.42378296518939,-0.5251510248247261,2946.6965425589706,201.2448426330049,834.9148580100903,86.67058005355703,4.976380876187065,D,A,13 Rue Rouget de l'Isle 49130 Les Ponts-de-Cé,13,Rue Rouget de l'Isle,49130.0,Les Ponts-de-Cé,49246_0840_00013,"13 Rue Degland
Résidence Rouget de l'Isle
Appartement B21Bis",Lille,59000,1994.0,3807.0,7.95749239986811,5.314190715704327,4.442651256490317,1.791759469228055,Lille,2026
2459E1813545D,2459E1813545D,50.61707099440881,3.0930230004274817,5868.768138229929,1206.0810034687493,1857.9603770537208,73.40731648358843,14.674898647007819,C,C,190 Allee des Peupliers 59000 Lille,190,Allee des Peupliers,59000.0,Lille,59350_4p7ft1_00190,190-216 Rue des Peupliers,Lille,59800,,2234.0,8.699031298033653,7.117854116775538,4.330733340286331,2.772588722239781,Lille,2026
2459E1095818G,2459E1095818G,50.63503404211492,3.023127010839927,57398.41940745494,11987.192777770088,17619.57583435442,409.0373599655044,84.74100387556174,G,F,100 Avenue de Bretagne 59000 Lille,100,Avenue de Bretagne,59000.0,Lille,59350_1136_00100,23 Rue Chevreul,Lille,59000,,,10.95033626081096,9.42941164280017,6.008813185442595,4.48863636973214,Lille,2026
2459E0303641X,2459E0303641X,50.63599903605836,3.0943049313513606,5659.951144454981,1121.8107125163074,1698.4295788350953,83.2221664736299,16.42432733390418,C,C,2 Rue Saint-Just 59800 Lille,2,Rue Saint-Just,59800.0,Lille,59350_7899_00002,2 Rue Saint-Just,Lille,59800,,2483.1,8.588024372176829,7.052115329488973,4.380775852772229,2.884800712846709,Lille,2026
2459E0303650G,2459E0303650G,50.63599903605836,3.0943049313513606,4385.017829425434,989.8251064712241,1489.552743459346,77.41148793846017,17.46266792238565,C,C,2 Rue Saint-Just 59800 Lille,2,Rue Saint-Just,59800.0,Lille,59350_7899_00002,2 Rue Saint-Just,Lille,59800,,2483.1,8.406485069431817,6.871713507634872,4.382026634673881,2.8903717578961645,Lille,2026
2459E1813579L,2459E1813579L,50.61707099440881,3.0930230004274817,5871.410640066172,1340.4516547368914,1808.3859697410012,76.94906074419676,17.48367691839102,C,C,190 Allee des Peupliers 59000 Lille,190,Allee des Peupliers,59000.0,Lille,59350_4p7ft1_00190,190-216 Rue des Peupliers,Lille,59800,,2234.0,8.691583377883912,7.1128977791867944,4.3694478524670215,2.833213344056216,Lille,2026
2459E1813563V,2459E1813563V,50.61707099440881,3.0930230004274817,6698.307230980046,1262.1668849989533,1810.8931088529826,82.9327392524395,15.55110900968986,C,C,190 Allee des Peupliers 59000 Lille,190,Allee des Peupliers,59000.0,Lille,59350_4p7ft1_00190,190-216 Rue des Peupliers,Lille,59800,,2234.0,8.74844775931937,7.169811803794945,4.3694478524670215,2.833213344056216,Lille,2026
2459E0303689T,2459E0303689T,50.63599903605836,3.0943049313513606,6116.826505746904,1309.4985450981492,1824.3454718548069,107.92915290518482,23.030661123013502,C,C,2 Rue Saint-Just 59800 Lille,2,Rue Saint-Just,59800.0,Lille,59350_7899_00002,2 Rue Saint-Just,Lille,59800,,2483.1,8.748812719931479,7.223514474005809,4.720282993088596,3.2228678461377385,Lille,2026
2459E0303653J,2459E0303653J,50.63599903605836,3.0943049313513606,5222.387205241673,1074.7950201510423,1557.3132737824733,76.74702846595302,15.70152951210288,C,C,2 Rue Saint-Just 59800 Lille,2,Rue Saint-Just,59800.0,Lille,59350_7899_00002,2 Rue Saint-Just,Lille,59800,,2483.1,8.506738733512378,6.967909201801884,4.300002799195291,2.803360380906535,Lille,2026
2459E0303665V,2459E0303665V,50.63599903605836,3.0943049313513606,4830.664185657246,1029.439981432496,1414.5446503732678,85.27876439484301,18.16156048604445,C,C,2 Rue Saint-Just 59800 Lille,2,Rue Saint-Just,59800.0,Lille,59350_7899_00002,2 Rue Saint-Just,Lille,59800,,2483.1,8.406485069431817,6.871713507634872,4.382026634673881,2.8903717578961645,Lille,2026
2459E1471328Y,2459E1471328Y,50.62948096815416,3.1105629561690082,24084.887175343956,5916.084179406443,7019.533236475542,183.58805265624457,44.21184611772308,D,D,Sentier Fénelon 59260 Lille,,Sentier Fénelon,59260.0,Lille,59350_3363,183 rue fenelon,Lille,59260,,,10.107794809504043,8.61019161024999,5.236441962829949,3.7376696182833684,Lille,2026
2459E0608985X,2459E0608985X,50.62150396404633,3.0801080599123036,6484.323990485929,2455.7417359109218,2112.0797733759373,98.35409038723988,37.26466974068167,D,D,Rue Georges Clémenceau (Lille) 59000 Lille,,Rue Georges Clémenceau (Lille),59000.0,Lille,59350_3878,Rue Georges Clémenceau (Lille),Lille,59000,1969.0,65.9,8.812709495976534,7.743919966377007,4.633757642840004,3.58351893845611,Lille,2026
2459E0907086I,2459E0907086I,50.63188095558976,3.09295194346942,42002.91792545882,9930.288725996057,13761.916131597314,252.26259112943126,59.33464593753646,E,E,Rue Pierre Legrand 59800 Lille,,Rue Pierre Legrand,59800.0,Lille,59350_6879,"Presbytère de Fives-Lille
331 rue Pierre Legrand",Lille,59800,,,10.648437022923464,9.145609832404253,5.537334267018537,4.04305126783455,Lille,2026
2459E0303681L,2459E0303681L,50.63599903605836,3.0943049313513606,4443.825013434395,981.3933170395328,1426.5894588168305,78.4496482818586,17.31391281618105,C,C,2 Rue Saint-Just 59800 Lille,2,Rue Saint-Just,59800.0,Lille,59350_7899_00002,2 Rue Saint-Just,Lille,59800,,2483.1,8.406485069431817,6.871713507634872,4.382026634673881,2.8903717578961645,Lille,2026
2459E0303655L,2459E0303655L,50.63599903605836,3.0943049313513606,4347.189069617635,956.6467519405579,1414.8720431316622,76.74367296084763,16.87732957969021,C,C,2 Rue Saint-Just 59800 Lille,2,Rue Saint-Just,59800.0,Lille,59350_7899_00002,2 Rue Saint-Just,Lille,59800,,2483.1,8.406485069431817,6.871713507634872,4.382026634673881,2.8903717578961645,Lille,2026
2459E0303657N,2459E0303657N,50.63599903605836,3.0943049313513606,4734.612363754676,933.5593211765732,1286.9997542209912,83.109574508375,16.302079487377647,C,C,2 Rue Saint-Just 59800 Lille,2,Rue Saint-Just,59800.0,Lille,59350_7899_00002,2 Rue Saint-Just,Lille,59800,,2483.1,8.41089890659832,6.876058192238882,4.380775852772229,2.884800712846709,Lille,2026
2459E0303671B,2459E0303671B,50.63599903605836,3.0943049313513606,4333.643981961717,953.5191676030367,1376.6489519182994,76.0711288993458,16.650624026132796,C,C,2 Rue Saint-Just 59800 Lille,2,Rue Saint-Just,59800.0,Lille,59350_7899_00002,2 Rue Saint-Just,Lille,59800,,2483.1,8.41089890659832,6.876058192238882,4.380775852772229,2.884800712846709,Lille,2026
2459E1813531P,2459E1813531P,50.61707099440881,3.0930230004274817,7196.0093009735965,1543.249809618295,2013.8867440648025,89.4633304933093,18.512028481167807,C,C,190 Allee des Peupliers 59000 Lille,190,Allee des Peupliers,59000.0,Lille,59350_4p7ft1_00190,190-216 Rue des Peupliers,Lille,59800,,2234.0,8.830250570199247,7.257143740869896,4.454347296253507,2.8903717578961645,Lille,2026
2459E0303636S,2459E0303636S,50.63599903605836,3.0943049313513606,5758.2775605417355,1288.191483264557,1816.7196740164054,84.857648015376,18.94115009151187,C,C,2 Rue Saint-Just 59800 Lille,2,Rue Saint-Just,59800.0,Lille,59350_7899_00002,2 Rue Saint-Just,Lille,59800,,2483.1,8.72734065827524,7.195937226475569,4.520701029361642,3.0252910757955354,Lille,2026
2459E0303666W,2459E0303666W,50.63599903605836,3.0943049313513606,4749.913485164031,1030.520178649541,1414.1039533508344,83.37816454112352,17.99523767222282,C,C,2 Rue Saint-Just 59800 Lille,2,Rue Saint-Just,59800.0,Lille,59350_7899_00002,2 Rue Saint-Just,Lille,59800,,2483.1,8.41089890659832,6.876058192238882,4.380775852772229,2.884800712846709,Lille,2026
2459E1813481R,2459E1813481R,50.61707099440881,3.0930230004274817,8525.246205296762,1892.6680199311288,2567.407344005046,100.22187667150001,21.874534077354816,C,C,190 Allee des Peupliers 59000 Lille,190,Allee des Peupliers,59000.0,Lille,59350_4p7ft1_00190,190-216 Rue des Peupliers,Lille,59800,,2234.0,9.068488747735941,7.505492274737424,4.634728988229636,3.091042453358316,Lille,2026
2459E1813523H,2459E1813523H,50.61707099440881,3.0930230004274817,8807.437882961307,1910.8624717879911,2608.9553009337465,103.07550955328746,21.602650746571605,C,C,190 Allee des Peupliers 59000 Lille,190,Allee des Peupliers,59000.0,Lille,59350_4p7ft1_00190,190-216 Rue des Peupliers,Lille,59800,,2234.0,9.043128092982771,7.478791321147111,4.605170185988092,3.044522437723423,Lille,2026
2459E0303682M,2459E0303682M,50.63599903605836,3.0943049313513606,6297.390364562791,1313.4648904763621,1718.2949428908514,110.52089121758972,23.031458589488338,C,C,2 Rue Saint-Just 59800 Lille,2,Rue Saint-Just,59800.0,Lille,59350_7899_00002,2 Rue Saint-Just,Lille,59800,,2483.1,8.747860369140474,7.222347016740776,4.7140245909001735,3.2188758248682006,Lille,2026
2459E1223123P,2459E1223123P,50.64315695856247,3.0916499835157265,11287.57885275206,709.628983291136,3360.392010555849,104.26550744485782,6.555896638561372,D,B,Rue Saint-Druon 59800 Lille,,Rue Saint-Druon,59800.0,Lille,59350_7739,Rue Saint-Druon,Lille,59800,2006.0,,9.34615540510772,6.6316064423440295,4.6709579265260945,2.0794415416798357,Lille,2026
2459E0994886G,2459E0994886G,50.62991897359925,3.047662945846786,7720.006248354055,1698.6874701900363,2185.9006474597522,182.95085296434672,39.67643229406688,D,D,5 Place Philippe de Girard 59800 Lille,5,Place Philippe de Girard,59800.0,Lille,59350_6804_00005,"5 Place Philippe de Girard
rés.Philippe de Girard",Lille,59800,1970.0,4974.0,8.912971533934858,7.368402775803847,5.176149732573829,3.6375861597263857,Lille,2026
2459E1813445H,2459E1813445H,50.61707099440881,3.0930230004274817,9938.020977438484,2239.2237212837395,3429.740261696751,123.64244382818028,27.084956757755116,C,C,190 Allee des Peupliers 59000 Lille,190,Allee des Peupliers,59000.0,Lille,59350_4p7ft1_00190,190-216 Rue des Peupliers,Lille,59800,,2234.0,9.262021591111198,7.711190813436206,4.882801922586371,3.332204510175204,Lille,2026
2459E1813554M,2459E1813554M,50.61707099440881,3.0930230004274817,6175.024818776195,1410.7834934915213,2045.299808699228,81.86193874889968,18.63377082686189,C,C,190 Allee des Peupliers 59000 Lille,190,Allee des Peupliers,59000.0,Lille,59350_4p7ft1_00190,190-216 Rue des Peupliers,Lille,59800,,2234.0,8.789294511900996,7.218030200086552,4.477336814478207,2.9444389791664403,Lille,2026
2459E0303675F,2459E0303675F,50.63599903605836,3.0943049313513606,4863.417770224168,1099.6002030092404,1490.5294000918109,71.47169433905337,16.063904944998328,C,C,2 Rue Saint-Just 59800 Lille,2,Rue Saint-Just,59800.0,Lille,59350_7899_00002,2 Rue Saint-Just,Lille,59800,,2483.1,8.506738733512378,6.967909201801884,4.300002799195291,2.803360380906535,Lille,2026
2459E0303638U,2459E0303638U,50.63599903605836,3.0943049313513606,4623.69195517533,1008.1714634946262,1445.9918504870911,81.16252008172411,17.604978025479628,C,C,2 Rue Saint-Just 59800 Lille,2,Rue Saint-Just,59800.0,Lille,59350_7899_00002,2 Rue Saint-Just,Lille,59800,,2483.1,8.41089890659832,6.876058192238882,4.380775852772229,2.884800712846709,Lille,2026
2459E0303648E,2459E0303648E,50.63599903605836,3.0943049313513606,5270.993161598764,1021.5725921959532,1512.433664683027,77.7520955358081,14.980487397386257,C,C,2 Rue Saint-Just 59800 Lille,2,Rue Saint-Just,59800.0,Lille,59350_7899_00002,2 Rue Saint-Just,Lille,59800,,2483.1,8.502992842015097,6.964135612418245,4.300002799195291,2.803360380906535,Lille,2026
2459E1813535T,2459E1813535T,50.61707099440881,3.0930230004274817,7749.169673248775,1615.745468159661,2361.3993937908836,93.07049702480029,19.026441831443172,C,C,190 Allee des Peupliers 59000 Lille,190,Allee des Peupliers,59000.0,Lille,59350_4p7ft1_00190,190-216 Rue des Peupliers,Lille,59800,,2234.0,8.954712367875473,7.38678059019833,4.543294782270004,2.995732273553991,Lille,2026
2459E1813570C,2459E1813570C,50.61707099440881,3.0930230004274817,10557.255286894408,1992.6502970095244,2937.4726859942525,138.5953505722131,25.292378306115815,C,C,190 Allee des Peupliers 59000 Lille,190,Allee des Peupliers,59000.0,Lille,59350_4p7ft1_00190,190-216 Rue des Peupliers,Lille,59800,,2234.0,9.177300517897983,7.6253023463656175,4.852030263919617,3.295836866004329,Lille,2026
2459E0303634Q,2459E0303634Q,50.63599903605836,3.0943049313513606,5989.711673621438,1276.05147687205,1637.7059010013043,105.88058567243874,22.53783918688592,C,C,2 Rue Saint-Just 59800 Lille,2,Rue Saint-Just,59800.0,Lille,59350_7899_00002,2 Rue Saint-Just,Lille,59800,,2483.1,8.65571958821052,7.12817512437475,4.629862798578463,3.1354942159291497,Lille,2026
2459E1813551J,2459E1813551J,50.61707099440881,3.0930230004274817,6895.2925026313505,1403.8241247134156,2101.2296137657386,86.53999023228324,17.136060114499852,C,C,190 Allee des Peupliers 59000 Lille,190,Allee des Peupliers,59000.0,Lille,59350_4p7ft1_00190,190-216 Rue des Peupliers,Lille,59800,,2234.0,8.866764967483862,7.296819965722521,4.499809670330265,2.9444389791664403,Lille,2026
2459E0303670A,2459E0303670A,50.63599903605836,3.0943049313513606,4842.872518513111,1005.8593064635078,1289.9686771815313,85.49428580168396,17.745546087463296,C,C,2 Rue Saint-Just 59800 Lille,2,Rue Saint-Just,59800.0,Lille,59350_7899_00002,2 Rue Saint-Just,Lille,59800,,2483.1,8.406485069431817,6.871713507634872,4.382026634673881,2.8903717578961645,Lille,2026
2459E1852551J,2459E1852551J,50.63651198838657,3.021238037668948,9236.376006447812,734.7354845733606,2930.7174790811864,112.08213843752263,8.529798108528349,E,B,58 Rue du Marais de Lomme 59000 Lille,58,Rue du Marais de Lomme,59000.0,Lille,59350_5860_00058,58 Rue du marais de Lomme,Lille,59000,,,9.121312417605916,6.536836514626557,4.718498871295094,2.1972245773362196,Lille,2026
2459E1813474K,2459E1813474K,50.61707099440881,3.0930230004274817,6750.8999178357,1336.7464909518012,1982.436772452248,83.51280022377041,16.232501408036445,C,C,190 Allee des Peupliers 59000 Lille,190,Allee des Peupliers,59000.0,Lille,59350_4p7ft1_00190,190-216 Rue des Peupliers,Lille,59800,,2234.0,8.762035610241904,7.184325846679199,4.382026634673881,2.833213344056216,Lille,2026
2459E0303664U,2459E0303664U,50.63599903605836,3.0943049313513606,4836.289364663106,1036.4825504799658,1599.9217001369561,71.07302138892416,15.141828023034373,C,C,2 Rue Saint-Just 59800 Lille,2,Rue Saint-Just,59800.0,Lille,59350_7899_00002,2 Rue Saint-Just,Lille,59800,,2483.1,8.506738733512378,6.967909201801884,4.300002799195291,2.803360380906535,Lille,2026
2459E1813565X,2459E1813565X,50.61707099440881,3.0930230004274817,5796.134198134031,1249.4472504175556,1862.8484004164313,75.96250881350467,16.296695203946268,C,C,190 Allee des Peupliers 59000 Lille,190,Allee des Peupliers,59000.0,Lille,59350_4p7ft1_00190,190-216 Rue des Peupliers,Lille,59800,,2234.0,8.691583377883912,7.1128977791867944,4.3694478524670215,2.833213344056216,Lille,2026
2459E0303685P,2459E0303685P,50.63599903605836,3.0943049313513606,7376.671448059699,1621.785559493408,2079.8566384742876,108.8029761858423,23.85772539759324,C,C,2 Rue Saint-Just 59800 Lille,2,Rue Saint-Just,59800.0,Lille,59350_7899_00002,2 Rue Saint-Just,Lille,59800,,2483.1,8.84361509218395,7.3154179706337885,4.636668853047462,3.139832617527748,Lille,2026
2459E0303663T,2459E0303663T,50.63599903605836,3.0943049313513606,5550.452907840814,1049.7647708549314,1496.5408183446318,81.874389043325,15.393901559367489,C,C,2 Rue Saint-Just 59800 Lille,2,Rue Saint-Just,59800.0,Lille,59350_7899_00002,2 Rue Saint-Just,Lille,59800,,2483.1,8.502992842015097,6.964135612418245,4.300002799195291,2.803360380906535,Lille,2026
2459E0303645B,2459E0303645B,50.63599903605836,3.0943049313513606,4670.381673520474,946.7616484510992,1452.9697847327031,81.98209353937114,16.532622296779888,C,C,2 Rue Saint-Just 59800 Lille,2,Rue Saint-Just,59800.0,Lille,59350_7899_00002,2 Rue Saint-Just,Lille,59800,,2483.1,8.41089890659832,6.876058192238882,4.380775852772229,2.884800712846709,Lille,2026
2459E1813519D,2459E1813519D,50.61707099440881,3.0930230004274817,9864.96901344952,2179.8916969316538,3225.960174983197,122.5683010027595,26.848500293805305,C,C,190 Allee des Peupliers 59000 Lille,190,Allee des Peupliers,59000.0,Lille,59350_4p7ft1_00190,190-216 Rue des Peupliers,Lille,59800,,2234.0,9.208458602558164,7.655390644826152,4.8283137373023015,3.295836866004329,Lille,2026
2459E0303673D,2459E0303673D,50.63599903605836,3.0943049313513606,4686.68617286472,1057.132578891361,1399.8008401955644,69.13301912696868,15.501944155928186,C,C,2 Rue Saint-Just 59800 Lille,2,Rue Saint-Just,59800.0,Lille,59350_7899_00002,2 Rue Saint-Just,Lille,59800,,2483.1,8.502992842015097,6.964135612418245,4.300002799195291,2.803360380906535,Lille,2026
2459E0303446K,2459E0303446K,50.63599903605836,3.0943049313513606,210724.9476392425,42349.55338598724,62630.461589532795,84.86331054032264,17.051775077663414,C,C,2 Rue Saint-Just 59800 Lille,2,Rue Saint-Just,59800.0,Lille,59350_7899_00002,2 Rue Saint-Just,Lille,59800,,2483.1,12.20924909526782,10.673952192189256,4.404277243608702,2.91235066461494,Lille,2026
2459E1813496G,2459E1813496G,50.61707099440881,3.0930230004274817,7287.538737306552,1509.5036390130715,2180.2057911841994,90.10999704621403,18.232015533372802,C,C,190 Allee des Peupliers 59000 Lille,190,Allee des Peupliers,59000.0,Lille,59350_4p7ft1_00190,190-216 Rue des Peupliers,Lille,59800,,2234.0,8.823854022465799,7.2502805873164275,4.442651256490317,2.8903717578961645,Lille,2026
2459E1813489Z,2459E1813489Z,50.61707099440881,3.0930230004274817,6064.432151647558,1314.7798673765783,1929.1413224646185,77.69421806226853,16.770151369599212,C,C,190 Allee des Peupliers 59000 Lille,190,Allee des Peupliers,59000.0,Lille,59350_4p7ft1_00190,190-216 Rue des Peupliers,Lille,59800,,2234.0,8.714288411568809,7.135209525883432,4.3694478524670215,2.833213344056216,Lille,2026
2459E0303661R,2459E0303661R,50.63599903605836,3.0943049313513606,4470.262597201557,965.2463792395943,1258.4252826787447,78.91636763774815,17.029045710951745,C,C,2 Rue Saint-Just 59800 Lille,2,Rue Saint-Just,59800.0,Lille,59350_7899_00002,2 Rue Saint-Just,Lille,59800,,2483.1,8.406485069431817,6.871713507634872,4.382026634673881,2.8903717578961645,Lille,2026
2459E0303686Q,2459E0303686Q,50.63599903605836,3.0943049313513606,6827.002996039735,1581.8224521612744,2033.8970036310388,100.35238256984911,23.16805367669439,C,C,2 Rue Saint-Just 59800 Lille,2,Rue Saint-Just,59800.0,Lille,59350_7899_00002,2 Rue Saint-Just,Lille,59800,,2483.1,8.848006589828621,7.319798702450424,4.637637376125593,3.139832617527748,Lille,2026
2459E0091204G,2459E0091204G,50.65245797900537,3.089920973248445,17057.733555289316,3651.7468135339063,5301.620352290654,236.67901156728385,50.036518515466966,D,D,139 Rue du Buisson 59800 Lille,139,Rue du Buisson,59800.0,Lille,59350_1194_00139,"139 Rue du Buisson
rés.les Peupliers",Lille,59800,1969.0,3850.0,9.68039399997196,8.182307695256279,5.407171771460119,3.912023005428146,Lille,2026
2459E1813585R,2459E1813585R,50.61707099440881,3.0930230004274817,11868.375360162083,2642.369569211421,3382.8099359053545,140.56099521445103,31.194267253055653,C,C,190 Allee des Peupliers 59000 Lille,190,Allee des Peupliers,59000.0,Lille,59350_4p7ft1_00190,190-216 Rue des Peupliers,Lille,59800,,2234.0,9.356058454324353,7.8068998520213215,4.927253685157205,3.4011973816621555,Lille,2026
2459E0303668Y,2459E0303668Y,50.63599903605836,3.0943049313513606,4847.031193268998,1075.457224822798,1423.1824586950752,71.49825864880921,15.770659399009812,C,C,2 Rue Saint-Just 59800 Lille,2,Rue Saint-Just,59800.0,Lille,59350_7899_00002,2 Rue Saint-Just,Lille,59800,,2483.1,8.502992842015097,6.964135612418245,4.300002799195291,2.803360380906535,Lille,2026
2459E0796953L,2459E0796953L,50.63503404211492,3.023127010839927,43460.11624493949,9693.012098645811,12586.51159351065,429.7914957573384,95.39659507635965,G,F,100 Avenue de Bretagne 59000 Lille,100,Avenue de Bretagne,59000.0,Lille,59350_1136_00100,100 Avenue de Bretagne,Lille,59000,,,10.680106937931193,9.153822929141011,6.066108090103747,4.543294782270004,Lille,2026
2459E1803730Q,2459E1803730Q,50.61816603646113,3.0545779494082375,338319.9038749362,23341.722611383375,96219.7751675175,103.086627855523,6.6646024000132,D,B,47 Boulevard de Strasbourg 59000 Lille,47,Boulevard de Strasbourg,59000.0,Lille,59350_8479_00047,47 bd de Strasbourg Lille,Lille,59000,1994.0,3270.0,12.730909452626532,10.107138348538875,4.6443908991413725,2.0794415416798357,Lille,2026
2459E1186739F,2459E1186739F,50.63133195761162,3.069726980938001,24023.842975195545,3964.0468278510107,7299.048548746996,175.12524427505252,28.80175186958723,D,C,Rue Alexandre Desrousseaux (Lille) 59800 Lille,,Rue Alexandre Desrousseaux (Lille),59800.0,Lille,59350_0152,52 Ter rue Alexandre Desrousseaux,Lille,59160,,,10.074634404236589,8.257048461957545,5.159055299214529,3.367295829986474,Lille,2026
2459E1813466C,2459E1813466C,50.61707099440881,3.0930230004274817,10331.942611842369,2193.5247521857063,3120.6242434618434,125.99102681245208,26.219748675851807,C,C,190 Allee des Peupliers 59000 Lille,190,Allee des Peupliers,59000.0,Lille,59350_4p7ft1_00190,190-216 Rue des Peupliers,Lille,59800,,2234.0,9.274413159676772,7.723031592775146,4.875197323201151,3.332204510175204,Lille,2026
2459E0303652I,2459E0303652I,50.63599903605836,3.0943049313513606,5081.120966201445,1051.5727413314178,1546.9303359249664,74.95130247394644,15.420413898426657,C,C,2 Rue Saint-Just 59800 Lille,2,Rue Saint-Just,59800.0,Lille,59350_7899_00002,2 Rue Saint-Just,Lille,59800,,2483.1,8.502992842015097,6.964135612418245,4.300002799195291,2.803360380906535,Lille,2026
2459E1222535Z,2459E1222535Z,50.62050898524167,3.0721799569902677,11867.948167594692,2280.268206406875,3429.769130624031,190.26440200889493,36.560178375462314,D,D,5b Rue de Trévise 59000 Lille,5b,Rue de Trévise,59000.0,Lille,59350_8749_00005_b,5b Rue de Trévise,Lille,59000,1975.0,62.4,9.287143993315057,7.744439874538278,5.159629846774143,3.6375861597263857,Lille,2026
2459E1813568A,2459E1813568A,50.61707099440881,3.0930230004274817,8393.395657991134,1766.3196607511015,2501.2655652672424,99.28530753215043,20.621325792435954,C,C,190 Allee des Peupliers 59000 Lille,190,Allee des Peupliers,59000.0,Lille,59350_4p7ft1_00190,190-216 Rue des Peupliers,Lille,59800,,2234.0,9.012035764008893,7.446643440513011,4.584967478670572,3.044522437723423,Lille,2026
2459E1222457Z,2459E1222457Z,50.62050898524167,3.0721799569902677,9194.295907974381,2102.592264347793,2955.7152912269776,261.981428314687,59.90291351418214,E,E,5b Rue de Trévise 59000 Lille,5b,Rue de Trévise,59000.0,Lille,59350_8749_00005_b,5b Rue de Trévise,Lille,59000,1975.0,35.1,9.140540031716908,7.619135227803142,5.586124431187969,4.07753744390572,Lille,2026
2459E0114623Z,2459E0114623Z,50.62751097986885,3.0538109886780864,3241.8594412412995,255.7846332810006,1065.602125610527,82.68087542904856,6.413321352636872,D,A,54 Rue de Flandre 59000 Lille,54,Rue de Flandre,59000.0,Lille,59350_3423_00054,54 RUE DE FLANDRE,Lille,59000,,,8.12355783506165,5.481888142742423,4.465908118654584,1.9459101490553132,Lille,2026
2459E1813588U,2459E1813588U,50.61707099440881,3.0930230004274817,7474.635633495999,1517.1218583597924,2031.1007088844965,96.59209057898236,19.66122045483668,C,C,190 Allee des Peupliers 59000 Lille,190,Allee des Peupliers,59000.0,Lille,59350_4p7ft1_00190,190-216 Rue des Peupliers,Lille,59800,,2234.0,8.859775296149651,7.291042942145598,4.5217885770490405,2.995732273553991,Lille,2026
2459E1832698U,2459E1832698U,50.628593003912265,3.041981062028805,340402.3348814729,53390.11226227066,99137.7876133786,201.42383221400107,31.579840499215074,D,D,20 Place du Maréchal Leclerc (Lille) 59800 Lille,20,Place du Maréchal Leclerc (Lille),59800.0,Lille,59350_5905_00020,20 Place du Maréchal Leclerc (Lille),Lille,59800,1948.0,1689.7,12.727286425082086,10.840723396077482,5.299816242671772,3.4404180948154366,Lille,2026
2459E1813573F,2459E1813573F,50.61707099440881,3.0930230004274817,7075.125587514595,1659.0792205298353,2249.097903751827,85.626154460735,19.533899770759444,C,C,190 Allee des Peupliers 59000 Lille,190,Allee des Peupliers,59000.0,Lille,59350_4p7ft1_00190,190-216 Rue des Peupliers,Lille,59800,,2234.0,8.903122036750043,7.332892286887765,4.499809670330265,2.9444389791664403,Lille,2026
2459E1813511V,2459E1813511V,50.61707099440881,3.0930230004274817,5801.46180769288,1279.951491882338,1909.9612787523888,76.05062394519436,16.097319005814597,C,C,190 Allee des Peupliers 59000 Lille,190,Allee des Peupliers,59000.0,Lille,59350_4p7ft1_00190,190-216 Rue des Peupliers,Lille,59800,,2234.0,8.66537178808749,7.084813006100993,4.343805421853684,2.772588722239781,Lille,2026
2459E0303635R,2459E0303635R,50.63599903605836,3.0943049313513606,5777.728764882694,1110.7552061615431,1609.7562946870714,102.36885554598453,19.673964475245903,C,C,2 Rue Saint-Just 59800 Lille,2,Rue Saint-Just,59800.0,Lille,59350_7899_00002,2 Rue Saint-Just,Lille,59800,,2483.1,8.57453714359844,7.044992297287222,4.551769409260976,3.0587070727153796,Lille,2026
2459E1813506Q,2459E1813506Q,50.61707099440881,3.0930230004274817,8005.5918474305845,1565.6359978788435,2179.9529069898376,95.69099495421652,18.55366054992704,C,C,190 Allee des Peupliers 59000 Lille,190,Allee des Peupliers,59000.0,Lille,59350_4p7ft1_00190,190-216 Rue des Peupliers,Lille,59800,,2234.0,8.948689852731958,7.38044280335703,4.532599493153256,2.995732273553991,Lille,2026
2459E0303678I,2459E0303678I,50.63599903605836,3.0943049313513606,4963.194808915163,1087.8530915786152,1590.9585403196925,73.21178098978032,15.952434171682626,C,C,2 Rue Saint-Just 59800 Lille,2,Rue Saint-Just,59800.0,Lille,59350_7899_00002,2 Rue Saint-Just,Lille,59800,,2483.1,8.502992842015097,6.964135612418245,4.300002799195291,2.803360380906535,Lille,2026
2259E1926417H,2259E1926417H,50.6291369727288,3.0747420491380284,16481.16022328298,3207.918740767499,4435.631604878441,293.0484237234014,57.02966650253332,E,E,59 Boulevard Louis XIV 59000 Lille,59,Boulevard Louis XIV,59000.0,Lille,59350_wo6d5x_00059,59 Boulevard Louis XIV,Lille,59000,1945.0,56.3,9.631081538036863,8.124446855715847,5.605066501717044,4.110873864173311,Lille,2026
2259E2243845B,2259E2243845B,50.62723903216653,3.055497965076419,14917.004848011591,3273.1147433781384,4923.622145027059,200.97880177807625,43.59556869200222,D,D,32 Rue Manuel 59000 Lille,32,Rue Manuel,59000.0,Lille,59350_5846_00032,32 Rue Manuel,Lille,59000,1994.0,1104.0,9.615392061305245,8.08005164044752,5.313205979041787,3.784189633918261,Lille,2026
2259E2243810S,2259E2243810S,50.62723903216653,3.055497965076419,10139.884755069945,2276.92028778007,3072.959791256606,142.21704979577558,31.26806455266331,D,D,32 Rue Manuel 59000 Lille,32,Rue Manuel,59000.0,Lille,59350_5846_00032,32 Rue Manuel,Lille,59000,1994.0,1104.0,9.270917933861787,7.7224118769392796,5.0106352940962555,3.4657359027997265,Lille,2026
2259E2433691V,2259E2433691V,50.627665003300564,3.0549860008976375,7486.500154591744,576.8340750026089,2393.025324206267,143.46632441727635,10.482174722925839,E,B,65 Rue de Flandres 59000 Lille,65,Rue de Flandres,59000.0,Lille,59350_3423_00065,65 Rue de Flandre,Lille,59000,1999.0,2538.0,8.903652154951628,6.312279125595638,4.955827057601261,2.3978952727983707,Lille,2026
2259E2073873R,2259E2073873R,50.61205698971226,3.0535570582090577,10797.707081676237,2276.3335902308086,2977.708427174736,131.2487186149978,27.746872372322773,C,C,194 Rue de lâ€ Europe (Lille) 59000 Lille,194,Rue de lâ€ Europe (Lille),59000.0,Lille,59350_3246_00194,194 Rue de l'Europe (Lille),Lille,59000,2015.0,,9.2463733172845,7.73983797356286,4.844187086458591,3.367295829986474,Lille,2026
2259E2243834Q,2259E2243834Q,50.62723903216653,3.055497965076419,19750.721316756983,4269.395709223217,6025.226296799637,175.856817013138,37.313369246838114,D,D,32 Rue Manuel 59000 Lille,32,Rue Manuel,59000.0,Lille,59350_5846_00032,32 Rue Manuel,Lille,59000,1994.0,1104.0,9.839322295060342,8.295473625753045,5.123963979403259,3.58351893845611,Lille,2026
2259E2189722K,2259E2189722K,50.627344991171036,3.0549560220828686,11371.024414768186,2192.4695969384857,3479.9321804280476,210.11503398847384,39.73922107345779,D,D,2 Rue de Bone 59000 Lille,2,Rue de Bone,59000.0,Lille,59350_0988_00002,2 Rue de Bône,Lille,59000,1994.0,1010.0,9.284566194328155,7.7485463014546445,5.298317366548036,3.7612001156935624,Lille,2026
2259E2243816Y,2259E2243816Y,50.62723903216653,3.055497965076419,7813.999052241531,1839.1347541370262,2379.115902019773,162.29359024504834,37.439490719941794,D,D,32 Rue Manuel 59000 Lille,32,Rue Manuel,59000.0,Lille,59350_5846_00032,32 Rue Manuel,Lille,59000,1994.0,1104.0,8.992383347349273,7.450253973202994,5.123963979403259,3.58351893845611,Lille,2026
2259E2189719H,2259E2189719H,50.627344991171036,3.0549560220828686,8785.176115930031,2047.1479959815515,2697.1780966537162,156.7199648385874,36.16681312723968,D,D,2 Rue de Bone 59000 Lille,2,Rue de Bone,59000.0,Lille,59350_0988_00002,2 Rue de Bône,Lille,59000,1994.0,1010.0,9.107875659430382,7.562940953254963,5.087596335232384,3.5553480614894135,Lille,2026
2259E2244202U,2259E2244202U,50.62723903216653,3.055497965076419,175222.75940292867,40508.5453379526,57422.17600850333,158.19682600422408,36.560058969271296,D,D,32 Rue Manuel 59000 Lille,32,Rue Manuel,59000.0,Lille,59350_5846_00032,32 Rue Manuel,Lille,59000,1994.0,1104.0,12.10984529525357,10.565685714952057,5.10594547390058,3.58351893845611,Lille,2026
2259E2243762W,2259E2243762W,50.62723903216653,3.055497965076419,7138.992634837447,1728.5077174531639,2331.5996398337415,154.66136982960836,36.668008920001554,D,D,32 Rue Manuel 59000 Lille,32,Rue Manuel,59000.0,Lille,59350_5846_00032,32 Rue Manuel,Lille,59000,1994.0,1104.0,8.894821081173193,7.3502592345252875,5.0689042022202315,3.5263605246161616,Lille,2026
2259E3095218E,2259E3095218E,50.626200965179294,3.0438409583969808,4003.2905418989644,305.3781529237441,1202.924070415796,126.97207160172151,9.253883421931638,E,B,33 Rue Deschodt 59800 Lille,33,Rue Deschodt,59800.0,Lille,59350_2482_00033,33 Rue Deschodt,Lille,59800,,,8.30318280548325,5.697093486505405,4.859812404361672,2.302585092994046,Lille,2026
2259E2189743F,2259E2189743F,50.627344991171036,3.0549560220828686,13549.870089771995,3199.882366879895,4031.7331191813746,198.31855885156168,46.32514368589169,D,D,2 Rue de Bone 59000 Lille,2,Rue de Bone,59000.0,Lille,59350_0988_00002,2 Rue de Bône,Lille,59000,1994.0,1010.0,9.532597769067655,7.996721190598441,5.313205979041787,3.784189633918261,Lille,2026
2259E2243823F,2259E2243823F,50.62723903216653,3.055497965076419,8854.970586033465,1889.227001676578,2501.178336924153,173.24875195984743,37.03761480169734,D,D,32 Rue Manuel 59000 Lille,32,Rue Manuel,59000.0,Lille,59350_5846_00032,32 Rue Manuel,Lille,59000,1994.0,1104.0,9.058086225924615,7.5160523816256894,5.1298987149230735,3.6109179126442243,Lille,2026
2259E2189704S,2259E2189704S,50.627344991171036,3.0549560220828686,180740.24547546398,40209.257007676046,56630.30551514782,178.52253167519606,38.77479903682194,D,D,2 Rue de Bone 59000 Lille,2,Rue de Bone,59000.0,Lille,59350_0988_00002,2 Rue de Bône,Lille,59000,1994.0,1010.0,12.096256663450916,10.55502597082189,5.181783550292085,3.6375861597263857,Lille,2026
2259E2243807P,2259E2243807P,50.62723903216653,3.055497965076419,7707.931688811162,1717.2210088595687,2493.332680916596,153.45395705239054,33.80980267243352,D,D,32 Rue Manuel 59000 Lille,32,Rue Manuel,59000.0,Lille,59350_5846_00032,32 Rue Manuel,Lille,59000,1994.0,1104.0,8.94061608889818,7.394062774934402,5.030437921392435,3.4965075614664802,Lille,2026
2259E2230450W,2259E2230450W,50.64454601431432,3.0547380227095173,7461.123406269175,1567.6968498455572,2203.391424229143,191.3474710890085,40.19735512424505,D,D,118 Rue Royale 59800 Lille,118,Rue Royale,59800.0,Lille,59350_7649_00118,118 Rue Royale,Lille,59800,1945.0,39.0,8.897819009510757,7.353081920515432,5.239628370199357,3.713572066704308,Lille,2026
2259E2243779N,2259E2243779N,50.62723903216653,3.055497965076419,6374.888874661722,1313.276996519803,1719.9544865803118,158.56354777290125,32.739844101459724,D,D,32 Rue Manuel 59000 Lille,32,Rue Manuel,59000.0,Lille,59350_5846_00032,32 Rue Manuel,Lille,59000,1994.0,1104.0,8.70476759449164,7.158202664823692,5.017279836814924,3.4965075614664802,Lille,2026
2259E2189717F,2259E2189717F,50.627344991171036,3.0549560220828686,5553.834086838652,1310.720565370028,1759.689687856478,149.78680112252462,34.97449318990814,D,D,2 Rue de Bone 59000 Lille,2,Rue de Bone,59000.0,Lille,59350_0988_00002,2 Rue de Bône,Lille,59000,1994.0,1010.0,8.69460270384917,7.150858308035951,5.087596335232384,3.5553480614894135,Lille,2026
2259E2334551T,2259E2334551T,50.64239202431687,3.0905179921603425,27253.12637392696,5389.42400496921,7681.02925940838,194.45875821171603,38.062247995827605,D,D,231 Rue du Faubourg de Roubaix 59800 Lille,231,Rue du Faubourg de Roubaix,59800.0,Lille,59350_3316_00231,231 Rue du Faubourg de Roubaix,Lille,59800,,,10.141239874236273,8.642026868337565,5.204006687076795,3.713572066704308,Lille,2026
2259E2189714C,2259E2189714C,50.627344991171036,3.0549560220828686,9323.416496453578,1936.6054837893541,2612.6775331797085,159.9336903538292,33.00179755489217,D,D,2 Rue de Bone 59000 Lille,2,Rue de Bone,59000.0,Lille,59350_0988_00002,2 Rue de Bône,Lille,59000,1994.0,1010.0,9.115491085944004,7.569153761227502,5.056245805348308,3.5263605246161616,Lille,2026
2259E2189751N,2259E2189751N,50.627344991171036,3.0549560220828686,8232.098409881,1795.796637294095,2806.892221478506,167.7418373518828,36.13469413741653,D,D,2 Rue de Bone 59000 Lille,2,Rue de Bone,59000.0,Lille,59350_0988_00002,2 Rue de Bône,Lille,59000,1994.0,1010.0,9.058272521553029,7.517412149043057,5.170483995038151,3.6375861597263857,Lille,2026
2159E1046087K,2159E1046087K,50.62444198225538,3.065287932218685,4691.333251265941,342.2870014283024,1388.6594946100734,134.0767874928776,9.779628612237213,E,B,162 Rue Barthelemy Delespaul 59000 Lille,162,Rue Barthelemy Delespaul,59000.0,Lille,59350_0594_00162,162 Rue Barthelemy Delespaul,Lille,59000,1945.0,35.0,8.486857687620118,5.860786223465865,4.938781190328272,2.3978952727983707,Lille,2026
2259E2189711Z,2259E2189711Z,50.627344991171036,3.0549560220828686,5487.460173187634,1287.5653920323173,1670.7665337312055,170.5854733772798,39.71979281740515,D,D,2 Rue de Bone 59000 Lille,2,Rue de Bone,59000.0,Lille,59350_0988_00002,2 Rue de Bône,Lille,59000,1994.0,1010.0,8.630218259207536,7.090410113566212,5.1647859739235145,3.6375861597263857,Lille,2026
2259E2243841X,2259E2243841X,50.62723903216653,3.055497965076419,8114.06829404923,1787.6231057769028,2393.2726252547614,161.56007830558158,35.562793881503374,D,D,32 Rue Manuel 59000 Lille,32,Rue Manuel,59000.0,Lille,59350_5846_00032,32 Rue Manuel,Lille,59000,1994.0,1104.0,8.960031152589204,7.414452392164348,5.049856007249537,3.5263605246161616,Lille,2026
2259E2189715D,2259E2189715D,50.627344991171036,3.0549560220828686,7370.037828954401,1602.1114751524651,2361.703892143016,150.0021639706893,32.61027953363521,D,D,2 Rue de Bone 59000 Lille,2,Rue de Bone,59000.0,Lille,59350_0988_00002,2 Rue de Bône,Lille,59000,1994.0,1010.0,8.878274413437786,7.329093736246592,4.990432586778736,3.4657359027997265,Lille,2026
2259E2243756Q,2259E2243756Q,50.62723903216653,3.055497965076419,9544.318421401998,1974.1341695517788,2944.4623554981354,136.22230390419818,27.562414383997684,C,C,32 Rue Manuel 59000 Lille,32,Rue Manuel,59000.0,Lille,59350_5846_00032,32 Rue Manuel,Lille,59000,1994.0,1104.0,9.191157552559408,7.639209293696669,4.948759890378168,3.4011973816621555,Lille,2026
2259E2041300W,2259E2041300W,50.618634978266996,3.078188970167484,16239.756649213525,4473.608626813854,4527.442392824286,251.4008136541162,69.25090753581817,E,E,4 Rue Maxime Gorki 59000 Lille,4,Rue Maxime Gorki,59000.0,Lille,59350_6027_00004,4 Rue Maxime Gorki,Lille,59000,1969.0,64.6,9.61626537431678,8.358103668892134,5.452325179027384,4.204692619390966,Lille,2026
2259E2243770E,2259E2243770E,50.62723903216653,3.055497965076419,8166.901183386126,1971.7691927728872,2640.512104378106,159.23503503492088,38.649149723930925,D,D,32 Rue Manuel 59000 Lille,32,Rue Manuel,59000.0,Lille,59350_5846_00032,32 Rue Manuel,Lille,59000,1994.0,1104.0,9.031333316150057,7.488069651267739,5.099866427824199,3.58351893845611,Lille,2026
2259E2154557X,2259E2154557X,50.619198983709815,3.0613349623298536,10459.525977679514,2407.802975027291,3241.5359258370154,160.80828511662926,37.025717440939076,D,D,167 Rue d’Artois 59000 Lille,167,Rue d’Artois,59000.0,Lille,59350_0391_00167,167 Rue d'Artois,Lille,59000,1945.0,65.0,9.285327243498962,7.758803241794355,5.116195789756748,3.6109179126442243,Lille,2026
2259E2189731T,2259E2189731T,50.627344991171036,3.0549560220828686,15823.637078061087,3305.6671645430147,4676.4237355110645,178.86251638521165,37.049211695217394,D,D,2 Rue de Bone 59000 Lille,2,Rue de Bone,59000.0,Lille,59350_0988_00002,2 Rue de Bône,Lille,59000,1994.0,1010.0,9.670091624757568,8.129027580386134,5.19295685089021,3.6635616461296463,Lille,2026
2259E2189747J,2259E2189747J,50.627344991171036,3.0549560220828686,11248.946123521524,2592.3278324358316,3263.952321535242,207.3053664528392,47.47853172959398,D,D,2 Rue de Bone 59000 Lille,2,Rue de Bone,59000.0,Lille,59350_0988_00002,2 Rue de Bône,Lille,59000,1994.0,1010.0,9.297233408630538,7.761659838420196,5.308267697401205,3.784189633918261,Lille,2026
2259E2189736Y,2259E2189736Y,50.627344991171036,3.0549560220828686,10562.915533642448,2520.2744952494722,3513.142008836935,195.1822185808681,45.81348691427914,D,D,2 Rue de Bone 59000 Lille,2,Rue de Bone,59000.0,Lille,59350_0988_00002,2 Rue de Bône,Lille,59000,1994.0,1010.0,9.30446803470088,7.7691673493463025,5.318119993844216,3.784189633918261,Lille,2026
2259E2346051B,2259E2346051B,50.62416501025491,3.060367016337855,3257.272084182065,176.55148871292334,1044.0947009118502,78.7898789751656,3.2959207600421285,C,A,57 Rue Barthelemy Delespaul 59000 Lille,57,Rue Barthelemy Delespaul,59000.0,Lille,59350_0594_00057,57 Rue Barthelemy Delespaul,Lille,59000,,,8.104189741269773,5.085742766583061,4.394449154672439,1.3862943611198906,Lille,2026
2259E2243791Z,2259E2243791Z,50.62723903216653,3.055497965076419,8964.4462319484,1950.2751702481044,2709.6274361562632,175.1728742944356,37.48726901005486,D,D,32 Rue Manuel 59000 Lille,32,Rue Manuel,59000.0,Lille,59350_5846_00032,32 Rue Manuel,Lille,59000,1994.0,1104.0,9.077026098636704,7.53577709958162,5.147494476813453,3.6109179126442243,Lille,2026
2259E2189726O,2259E2189726O,50.627344991171036,3.0549560220828686,7784.83279047631,1597.2561888185533,2246.156974548663,158.28012741948723,31.789253886347684,D,D,2 Rue de Bone 59000 Lille,2,Rue de Bone,59000.0,Lille,59350_0988_00002,2 Rue de Bône,Lille,59000,1994.0,1010.0,8.89964893614155,7.351543261409461,5.0106352940962555,3.4657359027997265,Lille,2026
2259E2189739B,2259E2189739B,50.627344991171036,3.0549560220828686,7275.181618042731,1515.7313777816978,2157.193496502989,147.917971329126,30.166713348248994,D,D,2 Rue de Bone 59000 Lille,2,Rue de Bone,59000.0,Lille,59350_0988_00002,2 Rue de Bône,Lille,59000,1994.0,1010.0,8.89964893614155,7.351543261409461,5.0106352940962555,3.4657359027997265,Lille,2026
2259E2189733V,2259E2189733V,50.627344991171036,3.0549560220828686,11086.874221005331,2509.120279692198,3463.170348539884,162.3357404219922,36.73966138296384,D,D,2 Rue de Bone 59000 Lille,2,Rue de Bone,59000.0,Lille,59350_0988_00002,2 Rue de Bône,Lille,59000,1994.0,1010.0,9.37722675026973,7.835144197522325,5.159055299214529,3.6375861597263857,Lille,2026
2259E2189742E,2259E2189742E,50.627344991171036,3.0549560220828686,15612.820668964327,3206.902063407855,4837.735482337199,176.89968655130872,36.13575841944532,D,D,2 Rue de Bone 59000 Lille,2,Rue de Bone,59000.0,Lille,59350_0988_00002,2 Rue de Bône,Lille,59000,1994.0,1010.0,9.639385278604802,8.09700015790346,5.1647859739235145,3.6375861597263857,Lille,2026
2259E2189755R,2259E2189755R,50.627344991171036,3.0549560220828686,16890.44538839198,4105.885184121262,5303.752992899558,189.70248592871442,46.11185303938943,D,D,2 Rue de Bone 59000 Lille,2,Rue de Bone,59000.0,Lille,59350_0988_00002,2 Rue de Bône,Lille,59000,1994.0,1010.0,9.787419919734614,8.250567861490067,5.303304908059076,3.784189633918261,Lille,2026
2259E1947261Z,2259E1947261Z,50.61866597663804,3.0568390370605742,14695.235434496903,2701.628540188527,4699.791911379516,227.7899260490067,41.0166276344412,E,D,6 Rue Henri Nogueres 59000 Lille,6,Rue Henri Nogueres,59000.0,Lille,59350_4478_00006,"6 Rue Henri Noguère
APPARTEMENT 1",Lille,59000,1991.0,1172.0,9.600644463825393,7.851583353849381,5.438079308923196,3.6888794541139363,Lille,2026
2259E2189721J,2259E2189721J,50.627344991171036,3.0549560220828686,12724.387208976388,2516.738720492332,3705.0506105806767,186.31246082613202,36.85121400063963,D,D,2 Rue de Bone 59000 Lille,2,Rue de Bone,59000.0,Lille,59350_0988_00002,2 Rue de Bône,Lille,59000,1994.0,1010.0,9.37722675026973,7.835144197522325,5.159055299214529,3.6375861597263857,Lille,2026
2259E2243851H,2259E2243851H,50.62723903216653,3.055497965076419,22891.45333069316,4836.511629710925,6928.255528575671,190.6279654837692,39.69576922374461,D,D,32 Rue Manuel 59000 Lille,32,Rue Manuel,59000.0,Lille,59350_5846_00032,32 Rue Manuel,Lille,59000,1994.0,1104.0,9.981198312562803,8.440506512639315,5.198497031265826,3.6635616461296463,Lille,2026
2259E2243778M,2259E2243778M,50.62723903216653,3.055497965076419,17639.913179176427,4120.996193931062,5226.94196156147,156.7974751079821,36.767573893580376,D,D,32 Rue Manuel 59000 Lille,32,Rue Manuel,59000.0,Lille,59350_5846_00032,32 Rue Manuel,Lille,59000,1994.0,1104.0,9.791924507568423,8.245856797500542,5.075173815233827,3.5553480614894135,Lille,2026
2259E2243783R,2259E2243783R,50.62723903216653,3.055497965076419,7583.638108939223,1616.3194459801068,2171.289600097832,164.0621340536602,34.337265001237085,D,D,32 Rue Manuel 59000 Lille,32,Rue Manuel,59000.0,Lille,59350_5846_00032,32 Rue Manuel,Lille,59000,1994.0,1104.0,8.864082410953417,7.318075249816483,5.0369526024136295,3.4965075614664802,Lille,2026
2259E2243798G,2259E2243798G,50.62723903216653,3.055497965076419,17740.282410582728,4111.745163894176,5347.887472682653,158.0117047747503,36.637240513313685,D,D,32 Rue Manuel 59000 Lille,32,Rue Manuel,59000.0,Lille,59350_5846_00032,32 Rue Manuel,Lille,59000,1994.0,1104.0,9.820844801009484,8.27614021955846,5.10594547390058,3.58351893845611,Lille,2026
2259E2334541J,2259E2334541J,50.64239202431687,3.0905179921603425,22699.690750408517,5701.734379890067,7232.933436256748,161.32154570459002,40.485169942991135,D,D,231 Rue du Faubourg de Roubaix 59800 Lille,231,Rue du Faubourg de Roubaix,59800.0,Lille,59350_3316_00231,231 Rue du Faubourg de Roubaix,Lille,59800,,,10.058737627806687,8.558699751567964,5.117993812416755,3.6375861597263857,Lille,2026
2259E2045462Y,2259E2045462Y,50.637794021131825,3.0815639894870865,30691.736179998275,7266.127092981265,9624.414937621648,361.0915691071591,85.48384815272077,F,F,21 Rue Eugene Jacquet 59800 Lille,21,Rue Eugene Jacquet,59800.0,Lille,59350_3227_00021,21 Rue Eugene Jacquet,Lille,59800,1945.0,85.0,10.380975603491489,8.87360810154911,5.940960414934214,4.442651256490317,Lille,2026
2259E1971474G,2259E1971474G,50.629964038028994,3.098090053924389,5422.555439573513,385.7794880361197,1526.5618601938368,151.63309135026168,10.788017003247194,E,B,288 Rue Pierre Legrand 59800 Lille,288,Rue Pierre Legrand,59800.0,Lille,59350_6879_00288,288 Rue Pierre Legrand,Lille,59800,2001.0,35.8,8.489719214415482,5.8822075611710325,4.919980925828125,2.3978952727983707,Lille,2026
2259E3043443V,2259E3043443V,50.6272210230546,3.0535929797948773,8157.040830584432,1791.8698391232952,2671.6016424756554,129.71962109827842,27.8890247334365,C,C,71 Rue de Flandres 59000 Lille,71,Rue de Flandres,59000.0,Lille,59350_3423_00071,"71 Rue de Flandre
Apt31",Lille,59000,1996.0,2569.0,9.039219848729125,7.495541943884256,4.90527477843843,3.367295829986474,Lille,2026
2359E1470117I,2359E1470117I,50.62241504216484,3.0657609998099815,7475.58625743916,1777.8407788603333,2539.423439375598,145.11665316162305,34.521180172045305,D,D,9a Rue de Wattignies 59000 Lille,9a,Rue de Wattignies,59000.0,Lille,59350_9313_00009_a,9a Rue de Wattignies,Lille,59000,1989.0,51.5,8.953290958632175,7.407924322559599,5.017941869278694,3.4965075614664802,Lille,2026
2359E1386179Y,2359E1386179Y,50.61212796757613,3.0529550116538315,7804.807328311455,1643.4477241213146,2444.103721637361,89.63783833512674,18.957869442234824,C,C,24 Rue Marguerite Duras 59000 Lille,24,Rue Marguerite Duras,59000.0,Lille,59350_5916_00024,"24 Rue Marguerite Duras
Etage 1 Appartement 112",Lille,59000,,,8.944184930068682,7.407378388240134,4.48863636973214,2.995732273553991,Lille,2026
2359E1959306H,2359E1959306H,50.618256007020015,3.0635339624798323,11617.027915609699,2709.641742008652,3348.821903357102,220.14940123717182,51.337995853370394,D,D,228 Rue d'Arras 59000 Lille,228,Rue d'Arras,59000.0,Lille,59350_0376_00228,228 Rue d'Arras,Lille,59000,1987.0,52.8,9.336646978573443,7.795193758949263,5.375278407684165,3.8501476017100584,Lille,2026
2359E0188574F,2359E0188574F,50.63802498790527,3.087919051457827,2419.149304302374,175.94773272843352,772.6752275252924,161.24258132095602,11.729848848562234,E,B,35 Cite Saint Maurice 59800 Lille,35,Cite Saint Maurice,59800.0,Lille,59350_7959_00035,35 Cite Saint Maurice,Lille,59800,1945.0,15.0,7.7706452341291765,5.111987788356544,5.0682750735426705,2.4849066497880004,Lille,2026
2359E1840072J,2359E1840072J,50.61973596457861,3.0793220384255595,15140.278876590524,3918.68245365601,4669.145888337083,233.00620522786807,60.29625698034599,E,E,6 Rue Alfred Naquet 59000 Lille,6,Rue Alfred Naquet,59000.0,Lille,59350_0177_00006,6 Rue Alfred Naquet,Lille,59000,1967.0,65.0,9.58039244186059,8.31761967161446,5.4107527958778245,4.1588830833596715,Lille,2026
2359E0680268N,2359E0680268N,50.61770300622827,3.045301986321467,11752.98229335297,2394.3775893148772,3751.486972948908,220.9172847608177,45.00709754351272,E,D,78 Rue Leon Blum 59000 Lille,78,Rue Leon Blum,59000.0,Lille,59350_5509_00078,78 Rue Leon Blum,Lille,59000,1948.0,53.2,9.356818838354908,7.8246058541148065,5.387243575742438,3.871201010907891,Lille,2026
2359E1616170T,2359E1616170T,50.620438961244986,3.0794189340949205,27016.227928454507,7370.300649144204,7341.2770574301285,411.2045958501921,112.18113621224055,G,G,9 Rue Édouard Herriot 59000 Lille,9,Rue Édouard Herriot,59000.0,Lille,59350_2979_00009,9 Rue Édouard Herriot,Lille,59000,1961.0,65.7,10.132131946435658,8.885717651712119,5.949600343009283,4.709530201312334,Lille,2026
2359E1412758F,2359E1412758F,50.62136296467604,3.064055059137232,7166.617720683424,1498.6220132349517,1893.1325293140883,138.84556543306,29.032642862412068,C,C,13q Rue Lamartine (Lille) 59000 Lille,13q,Rue Lamartine (Lille),59000.0,Lille,59350_5292_00013_q,13q Rue Lamartine (Lille),Lille,59000,2013.0,51.6,8.788166445804755,7.240434617364649,4.852030263919617,3.332204510175204,Lille,2026
2359E1897287Y,2359E1897287Y,50.64405998259858,3.0901159417037074,5276.4708899451625,399.9943190384673,1656.933456948158,85.20946625730765,6.212699752085953,D,B,19 Rue Fermat 59800 Lille,19,Rue Fermat,59800.0,Lille,59350_3381_00019,"19 Rue Fermat
N19",Lille,59800,,,8.568741453296814,5.959199586520707,4.454347296253507,1.9459101490553132,Lille,2026
2359E0329800Z,2359E0329800Z,50.6366659839881,3.085660961104532,16873.481457469956,3562.991834869728,5204.0011784433955,330.8260592920438,69.61074826662741,F,F,24 Rue Rabelais (Lille) 59800 Lille,24,Rue Rabelais (Lille),59800.0,Lille,59350_7329_00024,"24 Rue Rabelais (Lille), Appt RdC",Lille,59800,,,9.6940188231827,8.198391899905587,5.765191102784844,4.276666119016055,Lille,2026
2359E0188702D,2359E0188702D,50.63802498790527,3.087919051457827,2435.8946469138527,176.9280222944555,665.6188513766975,173.97756539868863,12.637715878175392,E,B,35 Cite Saint Maurice 59800 Lille,35,Cite Saint Maurice,59800.0,Lille,59350_7959_00035,35 Cite Saint Maurice,Lille,59800,1945.0,14.0,7.755767170102998,5.1298987149230735,5.122176668829163,2.5649493574615367,Lille,2026
2359E1837804D,2359E1837804D,50.63635798236503,3.0127820411387223,25006.14336070545,3234.8993741291824,7044.435166166731,254.92152280193693,32.59297544318078,E,D,38 Rue Denis Papin (Lomme) 59000 Lille,38,Rue Denis Papin (Lomme),59000.0,Lille,59355_0440_00038,38 Rue Denis Papin,Lille,59000,,,10.091294039560653,8.153292202385765,5.5093883366279774,3.58351893845611,Lille,2026
2359E2012328P,2359E2012328P,50.618285975599555,3.0774499643350586,20622.96043726291,2417.702371197675,6304.268919116959,327.3455600937537,38.3762281142488,F,D,9 Rue Charles Delesalle 59000 Lille,9,Rue Charles Delesalle,59000.0,Lille,59350_1502_00009,9 Rue Charles Delesalle,Lille,59000,1967.0,63.0,9.984703417944793,7.80710329012598,5.844413604395947,3.6888794541139363,Lille,2026
2359E0016250J,2359E0016250J,50.62550603554742,3.050122064360725,14687.769210410466,1056.540622843822,3907.105544200158,182.96346958473077,13.158678000545779,F,C,22 Rue des Sarrazins 59000 Lille,22,Rue des Sarrazins,59000.0,Lille,59350_8224_00022,22 Rue des Sarrazins,Lille,59000,,,9.521355596785508,6.951580758522167,5.14166355650266,2.6390573296152584,Lille,2026
2359E0792072R,2359E0792072R,50.623594979381,3.0491230219852437,3765.876434707408,864.1462064837766,1133.728134901798,60.688587979579296,13.925747718221267,C,C,9b Rue d’Arcole 59000 Lille,9b,Rue d’Arcole,59000.0,Lille,59350_0349_00009_b,9b Rue d’Arcole,Lille,59000,2016.0,62.1,8.26978256195903,6.6941907024482505,4.157319361383489,2.6390573296152584,Lille,2026
2359E1973395E,2359E1973395E,50.624300987889434,3.0595919481796097,14524.236154143095,1040.8593503361787,4302.623487337402,287.7108949672799,20.619242280827628,G,C,66 Rue Barthélemy Delespaul 59000 Lille,66,Rue Barthélemy Delespaul,59000.0,Lille,59350_0594_00066,66 Rue Barthélemy Delespaul,Lille,59000,1945.0,50.5,9.531162206015242,6.918299492857808,5.6131281063880705,3.044522437723423,Lille,2026
2359E1616259E,2359E1616259E,50.622241996597616,3.0742290031828627,12123.257039753773,3007.205714962017,3358.8412953347984,187.10079847716358,46.407495601265694,D,D,27c Rue Jean Jaurès (Lille) 59000 Lille,27c,Rue Jean Jaurès (Lille),59000.0,Lille,59350_4931_00027_c,27c Rue Jean Jaurès (Lille),Lille,59000,1948.0,64.8,9.338390519988344,8.063440792676547,5.172754143572691,3.912023005428146,Lille,2026
2359E0860896T,2359E0860896T,50.63839704415531,3.0798369657733016,3022.8099205611848,214.4798126735466,961.4139988047228,83.5943318439327,5.844136585110261,D,A,35 Rue de Prague 59800 Lille,35,Rue de Prague,59800.0,Lille,59350_7137_00035,"35 Rue de Prague
rés.Art city",Lille,59800,2004.0,,8.042635206820789,5.39906726964818,4.465908118654584,1.9459101490553132,Lille,2026
2359E0188759I,2359E0188759I,50.618020017265614,3.07323603730376,8218.6532509712,1698.8804288941565,2612.259513012474,205.45363013492943,42.472010722353915,D,D,49 Boulevard de Belfort 59000 Lille,49,Boulevard de Belfort,59000.0,Lille,59350_0728_00049,49 Boulevard de Belfort,Lille,59000,1981.0,40.0,8.998322203445392,7.450660796211539,5.314190715704327,3.784189633918261,Lille,2026
2359E1959120D,2359E1959120D,50.62225602405361,3.074032931429403,14904.730697626019,3853.7352650005973,4113.012488340336,188.92594220956494,48.85567019524083,E,E,27b Rue Jean Jaurès (Lille) 59000 Lille,27b,Rue Jean Jaurès (Lille),59000.0,Lille,59350_4931_00027_b,27b Rue Jean Jaurès (Lille),Lille,59000,1973.0,78.9,9.558324661336345,8.280204233279974,5.195730777772936,3.9318256327243257,Lille,2026
2359E1412522D,2359E1412522D,50.620843031911605,3.06291201336576,16436.488080594678,3402.207606334454,5164.860854921843,164.7414031111162,34.104327677154146,D,D,19 Rue Monge 59000 Lille,19,Rue Monge,59000.0,Lille,59350_6180_00019,19 Rue Monge,Lille,59000,1989.0,,9.676241848888179,8.12941081816038,5.0795392727434665,3.5553480614894135,Lille,2026
2359E0680488Z,2359E0680488Z,50.618712990571034,3.0443160151917605,16987.326739882632,4389.795616169959,4859.554466543475,346.6488253658701,89.58766563612163,F,F,80 Boulevard de Metz 59000 Lille,80,Boulevard de Metz,59000.0,Lille,59350_6079_00080,80 Boulevard de Metz,Lille,59000,1960.0,49.0,9.717675912480674,8.39185670010494,5.828651456702071,4.51085950651685,Lille,2026
2359E0330399A,2359E0330399A,50.6366659839881,3.085660961104532,5334.114845405291,1272.625274872704,1693.2962738900378,236.8955764645427,56.51460924599179,E,E,24 Rue Rabelais (Lille) 59800 Lille,24,Rue Rabelais (Lille),59800.0,Lille,59350_7329_00024,"24 Rue Rabelais (Lille), Appt 2e étage",Lille,59800,,,8.615698262117082,7.104144092987527,5.5053315359323625,4.007333185232471,Lille,2026
2359E1412258Z,2359E1412258Z,50.61919295967925,3.0353180380819116,8818.475594584017,1129.180148951585,2729.5215173826473,141.0715290247483,18.06688238322536,D,C,3 Rue du Professeur Lamaze 59000 Lille,3,Rue du Professeur Lamaze,59000.0,Lille,59350_7214_00003,3 Rue du Professeur Lamaze,Lille,59000,1960.0,62.5,9.081369990679223,6.969320634640292,4.953006181259619,2.8903717578961645,Lille,2026
2359E1328528P,2359E1328528P,50.6175139838514,3.077317023734994,15475.262095646556,3952.946567527394,4469.550827154699,238.04242357197,60.814562577344525,E,E,8 Rue Aristide Briand 59000 Lille,8,Rue Aristide Briand,59000.0,Lille,59350_0353_00008,8 Rue Aristide Briand,Lille,59000,1948.0,65.0,9.561863065840166,8.301769763117166,5.391807709635375,4.143134726391533,Lille,2026
2359E0188493C,2359E0188493C,50.63802498790527,3.087919051457827,3014.4673629170056,203.08090077707016,895.4801350666686,188.43732979173913,12.692556298566885,E,C,35 Cite Saint Maurice 59800 Lille,35,Cite Saint Maurice,59800.0,Lille,59350_7959_00035,35 Cite Saint Maurice,Lille,59800,1945.0,16.0,7.953423789155822,5.342334251964811,5.186267862739414,2.6390573296152584,Lille,2026
2359E1917972N,2359E1917972N,50.62206402213196,3.0625199484118557,4037.9144374832226,314.428469362507,1266.0804465311503,113.33278612335332,8.635179385170119,D,B,10 Rue de Seclin 59000 Lille,10,Rue de Seclin,59000.0,Lille,59350_8259_00010,10 Rue de Seclin,Lille,59000,,,8.282938135347308,5.6777806721172,4.718498871295094,2.1972245773362196,Lille,2026
2359E1959156N,2359E1959156N,50.62218803402712,3.0742729383849903,5888.432048766969,1535.064916071575,1540.965463286207,178.63161612178376,46.55880354804529,D,D,27h Rue Jean Jaurès (Lille) 59000 Lille,27h,Rue Jean Jaurès (Lille),59000.0,Lille,59350_4931_00027_h,27h Rue Jean Jaurès (Lille),Lille,59000,1948.0,33.0,8.580731212220226,7.280490562467382,5.0912931971137105,3.8066624897703196,Lille,2026
2359E1557306T,2359E1557306T,50.62263103096302,3.0341640658090054,8821.638106812674,2220.9179302569187,2957.765939474997,187.08718650226513,46.5714771291561,D,D,55 Rue Violette 59000 Lille,55,Rue Violette,59000.0,Lille,59350_9224_00055,55 Rue Violette,Lille,59000,,,9.131610968208092,7.626375255515113,5.2832037287379885,3.784189633918261,Lille,2026
2359E1328543E,2359E1328543E,50.6175139838514,3.077317023734994,14011.973618005864,3932.6303237902675,4474.683405723094,215.53393657836244,60.50200498138874,E,E,8 Rue Aristide Briand 59000 Lille,8,Rue Aristide Briand,59000.0,Lille,59350_0353_00008,8 Rue Aristide Briand,Lille,59000,1948.0,65.0,9.561863065840166,8.301769763117166,5.391807709635375,4.143134726391533,Lille,2026
2359E0509470J,2359E0509470J,50.6366659839881,3.085660961104532,5815.180575385209,1207.7725138404162,1842.4908704283282,209.98770260011688,43.6287050576432,D,D,24 Rue Rabelais (Lille) 59800 Lille,24,Rue Rabelais (Lille),59800.0,Lille,59350_7329_00024,"24 Rue Rabelais (Lille), Appt 2e étage",Lille,59800,,,8.682639830985348,7.171733624734682,5.365976015021851,3.871201010907891,Lille,2026
2359E0330138Z,2359E0330138Z,50.6366659839881,3.085660961104532,9025.997894904749,1920.8940492486163,2727.4092087743315,313.64432511149585,66.51361940992348,E,E,24 Rue Rabelais (Lille) 59800 Lille,24,Rue Rabelais (Lille),59800.0,Lille,59350_7329_00024,"24 Rue Rabelais (Lille), Appt 1er étage",Lille,59800,,,9.099509364872436,7.597747487848781,5.7430031878094825,4.248495242049359,Lille,2026
2359E3495132N,2359E3495132N,50.630209965144886,3.0867149430015086,10993.780745806383,879.7764992816567,3421.299078462917,145.742562460296,11.507183700473512,F,C,2 Rue Schubert 59800 Lille,2,Rue Schubert,59800.0,Lille,59350_8244_00002,2 Rue Schubert,Lille,59800,,,9.306940628364659,6.7357800142423265,4.990432586778736,2.4849066497880004,Lille,2026
2359E4136622F,2359E4136622F,50.64397002893709,3.091753931520482,61645.57882052066,4373.553429945531,20014.237959588416,95.58683928419161,6.74784418110593,D,B,6 Rue Saint-Luc 59800 Lille,6,Rue Saint-Luc,59800.0,Lille,59350_7924_00006,6 Rue Saint-Luc - Bâtiment B1,Lille,59800,2010.0,645.0,11.037643932062444,8.434420092949303,4.578826210648489,2.0918640616783932,Lille,2026
2359E3738409I,2359E3738409I,50.61799703748431,3.062939059681431,8073.338359159998,1595.5947024021236,2282.0481100344687,158.330747545819,31.286170635335758,D,D,7 Boulevard d'Alsace 59000 Lille,7,Boulevard d'Alsace,59000.0,Lille,59350_0224_00007,7 Boulevard d'Alsace,Lille,59000,1987.0,51.0,8.907815352654627,7.333676395657684,4.98292145552874,3.4339872044851463,Lille,2026
2359E3542546D,2359E3542546D,50.62733702657398,3.050903966902222,12331.747621326338,924.1055056277805,3537.9186418084373,118.82893776572608,7.978463247379931,E,B,12 Rue du Marché 59000 Lille,12,Rue du Marché,59000.0,Lille,59350_5893_00012,12 RUE DU GUESCLIN,Lille,59000,,2487.0,9.421451827066553,6.832600605381376,4.787491742782046,2.1972245773362196,Lille,2026
2359E3154241I,2359E3154241I,50.62046596455757,3.066454057983138,10022.503665866734,2278.3234403772317,3119.234829209527,167.41852127339422,38.06161407862906,D,D,10 Rue de la Plaine 59000 Lille,10,Rue de la Plaine,59000.0,Lille,59350_6924_00010,10 Rue de la Plaine,Lille,59000,2001.0,,9.194495502414345,7.618840604673095,5.108366782589591,3.5553480614894135,Lille,2026
2359E3150761M,2359E3150761M,50.61853998319411,3.076679021831963,9680.124160203814,1839.9395976951294,2780.0149446336372,143.5434922859374,27.277873489677805,C,C,33 Rue Jean Zay 59000 Lille,33,Rue Jean Zay,59000.0,Lille,59350_4988_00033,33 Rue Jean Zay,Lille,59000,2001.0,67.5,9.148645802970343,7.579219064710923,4.944495491591711,3.4011973816621555,Lille,2026
2359E3751863U,2359E3751863U,50.6211700080917,3.0484209402154057,5373.592672713634,354.87238821068485,1608.4531127273092,87.54266416362736,5.576831663866184,D,B,44 Rue Paul Lafargue 59000 Lille,44,Rue Paul Lafargue,59000.0,Lille,59350_6673_00044,44 RUE PAUL LAFARGUE,Lille,59000,,,8.571662437127015,5.947512659578799,4.465908118654584,1.9459101490553132,Lille,2026
2359E4150166D,2359E4150166D,50.622565987215474,3.066944954273807,5181.647976345342,1113.2543384263788,1691.476877010682,108.15673242212802,23.245629693793028,D,C,1 Rue de Wazemmes 59000 Lille,1,Rue de Wazemmes,59000.0,Lille,59350_9329_00001,1 Rue de Wazemmes,Lille,59000,1989.0,47.9,8.614410642131597,6.960916827096369,4.7535901911063645,3.1354942159291497,Lille,2026
2359E4315800R,2359E4315800R,50.6300739987597,3.090000968524003,7365.689332818452,568.5894017162915,2087.7874657703956,196.0326068111311,14.937608602041811,G,C,3b Rue des Noirs 59800 Lille,3b,Rue des Noirs,59800.0,Lille,59350_6398_00003_b,3 bis Rue des noirs Appt2,Lille,59800,,,8.857557842752794,6.280208555506141,5.236441962829949,2.70805020110221,Lille,2026
2359E4136618B,2359E4136618B,50.64397002893709,3.091753931520482,39892.773656918194,3045.391117716312,13215.03352722744,100.88822747882705,7.645250262915885,D,B,6 Rue Saint-Luc 59800 Lille,6,Rue Saint-Luc,59800.0,Lille,59350_7924_00006,6 Rue Saint-Luc - Bâtiment A2,Lille,59800,2010.0,395.4,10.626273629217396,8.028846349410673,4.65586330030361,2.163323025660538,Lille,2026
2359E3695756V,2359E3695756V,50.62774299159451,3.0553870615330037,6725.67341598337,507.49804004592477,1935.4305970201085,134.3239570004884,9.489886474991321,E,B,11 Rue d'Alger 59000 Lille,11,Rue d'Alger,59000.0,Lille,59350_0182_00011,11 RUE D'ALGER,Lille,59000,,,8.773400076532997,6.178566327074926,4.867534450455582,2.302585092994046,Lille,2026
2359E4150820H,2359E4150820H,50.62046596455757,3.066454057983138,8398.209313932299,1989.3787664045765,2670.0715409160175,140.31442803308192,33.2331420803696,D,D,10 Rue de la Plaine 59000 Lille,10,Rue de la Plaine,59000.0,Lille,59350_6924_00010,10 Rue de la Plaine,Lille,59000,2001.0,,9.107953209297754,7.526555997413426,5.02256386496153,3.4657359027997265,Lille,2026
2359E4136624H,2359E4136624H,50.64397002893709,3.091753931520482,64637.491222378994,4822.086319750647,20679.146422248046,99.64491389022744,7.4197041228826235,D,B,6 Rue Saint-Luc 59800 Lille,6,Rue Saint-Luc,59800.0,Lille,59350_7924_00006,6 Rue Saint-Luc - Bâtiment B2,Lille,59800,2010.0,648.9,11.055830163625206,8.451117489421314,4.591071261608589,2.1041341542702074,Lille,2026
2359E4335674B,2359E4335674B,50.6300739987597,3.090000968524003,6431.5495335807245,535.0314837168072,1997.504379497141,171.57623888369753,13.537192075357131,F,C,3b Rue des Noirs 59800 Lille,3b,Rue des Noirs,59800.0,Lille,59350_6398_00003_b,3 bis Rue des noirs Appt2,Lille,59800,,,8.822587472466589,6.243778475721972,5.204006687076795,2.6390573296152584,Lille,2026
2359E3761340H,2359E3761340H,50.62172996541809,3.0665450288884055,13951.992571606059,2425.5950491724275,4139.078571782703,186.04619940427946,32.34126732229903,D,D,110 Rue d'Arras 59000 Lille,110,Rue d'Arras,59000.0,Lille,59350_0376_00110,110 Rue d'Arras,Lille,59000,1999.0,75.0,9.493042565387567,7.814399633804487,5.18122159467179,3.5263605246161616,Lille,2026
2359E4303433A,2359E4303433A,50.6300739987597,3.090000968524003,3561.0606105283014,295.535410054078,1122.8776218083722,108.90380712907199,8.483255401624055,E,B,3b Rue des Noirs 59800 Lille,3b,Rue des Noirs,59800.0,Lille,59350_6398_00003_b,3 bis Rue des noirs Appt 1,Lille,59800,,,8.241202507554041,5.633717600207914,4.762173934797756,2.1972245773362196,Lille,2026
2359E4453458F,2359E4453458F,50.63531095907417,3.024673002212791,14474.575163700933,3707.8033809315993,4577.250023934081,240.39981835894332,61.616124031297,E,E,63 Avenue de Bretagne 59000 Lille,63,Avenue de Bretagne,59000.0,Lille,59350_1136_00063,"63 Avenue de Bretagne
1er étage",Lille,59000,,,9.654737690086135,8.15800079563875,5.560681631015528,4.07753744390572,Lille,2026
2359E3638568H,2359E3638568H,50.61944097699394,3.0659780156144505,3732.296434709269,280.0117648155878,1194.194637879602,86.37817282770688,5.961925439650557,D,B,4j Rue Courmont 59000 Lille,4j,Rue Courmont,59000.0,Lille,59350_1944_00004_j,4 J rue Courmont - Résidence Courmont - Porte 12,Lille,59000,1996.0,1281.0,8.27715777243181,5.644739934022418,4.5217885770490405,1.9459101490553132,Lille,2026
2359E2784713S,2359E2784713S,50.644030010917746,3.014419041455823,4896.542674172326,1054.2121835494993,1361.3583767422708,118.54320010684127,25.525718730012088,C,C,435 Avenue de Dunkerque (Lomme) 59000 Lille,435,Avenue de Dunkerque (Lomme),59000.0,Lille,59355_0510_00435,435 Avenue de Dunkerque (Lomme),Lille,59000,2015.0,41.3,8.440614477183862,6.899924699866949,4.728272383122075,3.2188758248682006,Lille,2026
2359E3557746T,2359E3557746T,50.620999039894365,3.0479720312299796,4805.445327635253,342.0851796165198,1567.9363766479123,77.42340482597129,4.861926941678791,D,A,2 Rue Grimaretz 59000 Lille,2,Rue Grimaretz,59000.0,Lille,59350_4184_00002,2 RUE DES GRIMARETZ,Lille,59000,,3513.0,8.497867650296348,5.865901324132636,4.382026634673881,1.791759469228055,Lille,2026
2359E3344099O,2359E3344099O,50.60543495606757,3.053638988054663,8259.904344561415,1657.9590960869502,2558.887632433487,127.9682532214523,25.032095059188983,C,C,280 Rue Richard Wagner 59000 Lille,280,Rue Richard Wagner,59000.0,Lille,59350_7499_00280,280 rue richard wagner,Lille,59000,,,9.027318570067834,7.489579760897816,4.867534450455582,3.332204510175204,Lille,2026
2359E4454705E,2359E4454705E,50.63531095907417,3.024673002212791,5176.703618235217,396.45550991397727,1650.2852921892147,123.11789021281876,8.401706170362433,E,B,63 Avenue de Bretagne 59000 Lille,63,Avenue de Bretagne,59000.0,Lille,59350_1136_00063,"63 Avenue de Bretagne
2eme étage",Lille,59000,,,8.54299738109777,5.936216072877503,4.812184355372417,2.1972245773362196,Lille,2026
2359E3294144F,2359E3294144F,50.62247000587109,3.0747290253943707,11138.714373016133,3113.900949419061,3306.2651598682673,162.4414635561717,45.418625283241845,D,D,27g Rue Jean Jaurès (Lille) 59000 Lille,27g,Rue Jean Jaurès (Lille),59000.0,Lille,59350_4931_00027_g,27g Rue Jean Jaurès (Lille),Lille,59000,1948.0,68.6,9.316167778623447,8.034695839637104,5.094363509626968,3.828641396489095,Lille,2026
2359E3595921A,2359E3595921A,50.61943697832886,3.0653939979583638,6175.088282189024,448.8568926820169,2015.5386265539992,116.49461457697541,7.66130817464505,E,B,4d Rue Courmont 59000 Lille,4d,Rue Courmont,59000.0,Lille,59350_1944_00004_d,"4 D RUE DE COURMONT
RESIDENCE COURMONT
4éme ETAGE / PORTE 41",Lille,59000,1996.0,1289.0,8.758082353857985,6.15209419303295,4.795790545596741,2.1972245773362196,Lille,2026
2359E3596114L,2359E3596114L,50.62774299159451,3.0553870615330037,3758.001386989985,273.72712059524684,1143.7746893002675,59.71449928429601,3.8675679349381396,C,A,11 Rue d'Alger 59000 Lille,11,Rue d'Alger,59000.0,Lille,59350_0182_00011,11 RUE D'ALGER,Lille,59000,,2538.0,8.30119902225524,5.649326288860142,4.174387269895637,1.6094379124341003,Lille,2026
2359E4006979Y,2359E4006979Y,50.621055965126494,3.0613589545345072,2761.1543603776354,187.26241059501555,756.3394460457666,82.8025448252093,5.009695307517806,C,A,107 Rue d'Artois 59000 Lille,107,Rue d'Artois,59000.0,Lille,59350_0391_00107,107 rue d'Artois - Appartement 12,Lille,59000,1993.0,1424.0,7.889346741438428,5.23590990641942,4.394449154672439,1.791759469228055,Lille,2026
2359E3737827Y,2359E3737827Y,50.62107704377687,3.070028038739954,8185.315433686034,1664.9115834990412,2612.4483093502017,94.40519153833486,19.209779433472264,C,C,55 Rue Philippe de Comines 59000 Lille,55,Rue Philippe de Comines,59000.0,Lille,59350_6799_00055,55 Rue Philippe de Comines,Lille,59000,1989.0,86.7,9.047586120674756,7.4584168112453275,4.59511985013459,3.044522437723423,Lille,2026
2359E4136602L,2359E4136602L,50.64397002893709,3.091753931520482,24413.564148952526,1795.716051648501,6969.185526510598,138.0876941108131,10.108783994539179,E,B,6 Rue Saint-Luc 59800 Lille,6,Rue Saint-Luc,59800.0,Lille,59350_7924_00006,6 Rue Saint-Luc - Batiment A1,Lille,59800,2010.0,176.8,10.041813682016414,7.452460454181805,4.874433672915854,2.3702437414678603,Lille,2026
2359E2226726R,2359E2226726R,50.6330359779407,3.0128249378496856,3279.2859947543493,687.0968950420015,1077.3014487197695,80.5932850058931,16.881987593169573,C,C,6 Rue Victor Schoelcher 59160 Lille,6,Rue Victor Schoelcher,59160.0,Lille,59350_9670_00006,6 Rue Victor Schoelcher,Lille,59160,2015.0,40.7,8.117849310313009,6.5408856886333355,4.423648309364701,2.8903717578961645,Lille,2026
2359E4399833S,2359E4399833S,50.62137796421611,3.0624460196399768,7737.027272413413,1334.1504323251625,2091.097564411596,111.64337988968605,19.2601477165463,C,C,20 Rue de Seclin 59000 Lille,20,Rue de Seclin,59000.0,Lille,59350_8259_00020,20 Rue de Seclin,Lille,59000,1994.0,69.3,8.872361000197127,7.234465738401396,4.6434288981051814,3.044522437723423,Lille,2026
2359E2541712N,2359E2541712N,50.61798904371081,3.062596974975877,10906.696937078721,2583.6454153486707,3660.1319761212517,237.02852601750243,56.15468813347532,E,E,5 Boulevard d'Alsace 59000 Lille,5,Boulevard d'Alsace,59000.0,Lille,59350_0224_00005,5 Boulevard d'Alsace,Lille,59000,1987.0,46.0,9.330706734634838,7.799548379255892,5.50573795739701,3.9889840465642745,Lille,2026
2359E4399548T,2359E4399548T,50.61798904371081,3.062596974975877,12166.31490053987,2724.9104348217716,3298.0123378684207,242.52351980933793,54.3243707101629,E,E,5 Boulevard d'Alsace 59000 Lille,5,Boulevard d'Alsace,59000.0,Lille,59350_0224_00005,5 Boulevard d'Alsace,Lille,59000,1987.0,50.2,9.351753124926507,7.827639546366422,5.440684607834958,3.9318256327243257,Lille,2026
2359E3575465G,2359E3575465G,50.62733702657398,3.050903966902222,15489.448065286653,2902.6708902049386,4313.4699204516155,149.40111652227816,28.042118947879395,D,C,12 Rue du Marché 59000 Lille,12,Rue du Marché,59000.0,Lille,59350_5893_00012,12 RUE DU GUESCLIN,Lille,59000,,2487.0,9.604191633021674,7.935873570037028,4.969813299576001,3.332204510175204,Lille,2026
2359E2541634N,2359E2541634N,50.620157009999126,3.070930013485714,12494.45861812772,2877.4703941192925,3467.1013947926567,186.7066044183395,43.00508734298748,D,D,3b Rue de Trévise 59000 Lille,3b,Rue de Trévise,59000.0,Lille,59350_8749_00003_b,3b Rue de Trévise,Lille,59000,1975.0,66.9,9.420690434491418,7.892601453351797,5.2225156531317545,3.713572066704308,Lille,2026
2359E4314242T,2359E4314242T,50.6300739987597,3.090000968524003,4098.067311203459,318.2630089899078,1206.1864300455566,125.7349185907857,9.357618689673865,E,B,3b Rue des Noirs 59800 Lille,3b,Rue des Noirs,59800.0,Lille,59350_6398_00003_b,3 bis Rue des noirs Appt 1,Lille,59800,,,8.328523527962105,5.727173427446777,4.852030263919617,2.302585092994046,Lille,2026
2359E4276429K,2359E4276429K,50.61980201586183,3.070078032853891,13559.451255535421,2780.946115705011,3902.333571259277,206.32236498883665,42.32181203696299,D,D,75 Rue de Fontenoy 59000 Lille,75,Rue de Fontenoy,59000.0,Lille,59350_3499_00075,75 Rue de Fontenoy,Lille,59000,1979.0,65.7,9.466647869668824,7.923275771783794,5.286244785313768,3.7612001156935624,Lille,2026
2359E4150465Q,2359E4150465Q,50.62380697270314,3.081769964713358,4867.978186009533,664.7178613099866,1384.7555328274468,106.44313350609794,14.529352159781126,C,C,100 Avenue Denis Cordonnier 59000 Lille,100,Avenue Denis Cordonnier,59000.0,Lille,59350_2398_00100,100 Avenue Denis Cordonnier,Lille,59000,2013.0,45.8,8.436178344701961,6.463809184055691,4.623010104116422,2.70805020110221,Lille,2026
2359E3751800J,2359E3751800J,50.6211700080917,3.0484209402154057,5222.886685856445,396.6698315238385,1742.030220377307,85.12646040802623,5.935209449234492,D,B,44 Rue Paul Lafargue 59000 Lille,44,Rue Paul Lafargue,59000.0,Lille,59350_6673_00044,44 RUE PAUL LAFARGUE,Lille,59000,,,8.616658363635514,5.996452088619021,4.51085950651685,1.9459101490553132,Lille,2026
2359E4452451M,2359E4452451M,50.63531095907417,3.024673002212791,13715.023230171335,3028.9444620711733,4393.964204027849,263.23106031251524,57.97947606453036,E,E,63 Avenue de Bretagne 59000 Lille,63,Avenue de Bretagne,59000.0,Lille,59350_1136_00063,"63 Avenue de Bretagne
RDC",Lille,59000,,,9.547997620479105,8.050543929983075,5.598421958998375,4.110873864173311,Lille,2026
2359E3957680V,2359E3957680V,50.61798904371081,3.062596974975877,11593.959499326449,2712.7842173398485,3410.4817254963914,252.08303324944993,58.97356994217062,E,E,5 Boulevard d'Alsace 59000 Lille,5,Boulevard d'Alsace,59000.0,Lille,59350_0224_00005,5 Boulevard d'Alsace,Lille,59000,1987.0,46.0,9.379585132279388,7.854381210652365,5.554895693948484,4.04305126783455,Lille,2026
2359E2541988D,2359E2541988D,50.61792901790487,3.0434490647176036,17184.04334709469,4166.586867204728,4851.245513587289,393.23586852128966,95.34523723580614,G,F,62 Rue Léon Blum 59000 Lille,62,Rue Léon Blum,59000.0,Lille,59350_5509_00062,62 Rue Léon Blum,Lille,59000,1948.0,43.7,9.740450841954036,8.310193621925333,5.96563378707346,4.543294782270004,Lille,2026
2359E3543487I,2359E3543487I,50.627361959678865,3.0535019873040365,2964.5278156267486,231.17975903667931,958.9568079779099,98.02951345196406,7.4163992358238096,D,B,56 Rue de Flandre 59000 Lille,56,Rue de Flandre,59000.0,Lille,59350_3423_00056,56 RUE DE FLANDRE,Lille,59000,,,8.034501406894018,5.389984555073861,4.634728988229636,2.0794415416798357,Lille,2026
2359E3100237G,2359E3100237G,50.62060000142994,3.0625619987991297,6341.331412955222,1248.3452871875447,1783.9870154875705,127.24713514288125,25.056692224221017,C,C,39 Rue de Seclin 59000 Lille,39,Rue de Seclin,59000.0,Lille,59350_8259_00039,39 Rue de Seclin,Lille,59000,1986.0,49.8,8.664198403082624,7.087323047579471,4.763881877142913,3.2188758248682006,Lille,2026
2359E3756113G,2359E3756113G,50.620999039894365,3.0479720312299796,6238.055735095002,449.1739849508311,1858.0388312009748,112.99498840887915,8.1612352478007,D,B,2 Rue Grimaretz 59000 Lille,2,Rue Grimaretz,59000.0,Lille,59350_4184_00002,2 RUE DES GRIMARETZ,Lille,59000,,3513.0,8.693379298104109,6.089724916275501,4.6913478822291435,2.1972245773362196,Lille,2026
2459E0394377T,2459E0394377T,50.614119993111224,3.074548049560359,4377.055800929809,723.6678750018388,1416.5189735791203,208.11446383057495,33.786653049400115,D,C,50 Rue Armand Carrel 59000 Lille,50,Rue Armand Carrel,59000.0,Lille,59350_0363_00050,50 Rue Armand Carrel / 60 rue du jardin des plantes,Lille,59000,,3658.0,8.435332164935916,6.531460548173753,5.393627546352362,3.4965075614664802,Lille,2026
2459E0393947F,2459E0393947F,50.614119993111224,3.074548049560359,4833.917179648238,628.4931980616154,1425.9382475827517,241.6196725991599,31.372372615388457,D,C,50 Rue Armand Carrel 59000 Lille,50,Rue Armand Carrel,59000.0,Lille,59350_0363_00050,50 Rue Armand Carrel / 60 rue du jardin des plantes,Lille,59000,,3658.0,8.398950049927397,6.495416601930801,5.407171771460119,3.5263605246161616,Lille,2026
2459E0394944O,2459E0394944O,50.614119993111224,3.074548049560359,6963.0272205447845,1033.6332288082872,2071.863867235267,187.52196721397559,27.915220371987644,D,C,50 Rue Armand Carrel 59000 Lille,50,Rue Armand Carrel,59000.0,Lille,59350_0363_00050,50 Rue Armand Carrel / 60 rue du jardin des plantes,Lille,59000,,3658.0,8.887611264446834,6.979889876741336,5.278114659230517,3.4011973816621555,Lille,2026
2459E0394990I,2459E0394990I,50.614119993111224,3.074548049560359,7711.583783039414,1019.1393615659736,2315.4742820136844,207.6814172238438,27.523786073210314,D,C,50 Rue Armand Carrel 59000 Lille,50,Rue Armand Carrel,59000.0,Lille,59350_0363_00050,50 Rue Armand Carrel / 60 rue du jardin des plantes,Lille,59000,,3658.0,8.887611264446834,6.979889876741336,5.278114659230517,3.4011973816621555,Lille,2026
2459E0394811L,2459E0394811L,50.614119993111224,3.074548049560359,7650.057494137143,1098.3440406143477,2158.9210188260304,206.02444671879002,29.66285823972442,D,C,50 Rue Armand Carrel 59000 Lille,50,Rue Armand Carrel,59000.0,Lille,59350_0363_00050,50 Rue Armand Carrel / 60 rue du jardin des plantes,Lille,59000,,3658.0,8.887611264446834,6.979889876741336,5.278114659230517,3.4011973816621555,Lille,2026
2459E0394652I,2459E0394652I,50.614119993111224,3.074548049560359,6997.541006862637,1144.6922831375605,2202.3050494353374,188.45146136951044,30.914580192763324,D,C,50 Rue Armand Carrel 59000 Lille,50,Rue Armand Carrel,59000.0,Lille,59350_0363_00050,50 Rue Armand Carrel / 60 rue du jardin des plantes,Lille,59000,,3658.0,8.887611264446834,6.979889876741336,5.278114659230517,3.4011973816621555,Lille,2026
2459E0395093H,2459E0395093H,50.614119993111224,3.074548049560359,7717.043794379478,1068.1944979085122,2070.298010534535,207.82846132335246,28.848612813696082,D,C,50 Rue Armand Carrel 59000 Lille,50,Rue Armand Carrel,59000.0,Lille,59350_0363_00050,50 Rue Armand Carrel / 60 rue du jardin des plantes,Lille,59000,,3658.0,8.887611264446834,6.979889876741336,5.278114659230517,3.4011973816621555,Lille,2026
2459E1966737D,2459E1966737D,50.637222988071706,3.0531070679989663,13585.711389369695,2922.5053307884323,3842.665231826058,157.2125231146177,33.855906521822334,D,D,12 Rue Macquart 59800 Lille,12,Rue Macquart,59800.0,Lille,59350_5766_00012,12 Rue Macquart,Lille,59800,,2000.0,9.456465805122297,7.9241808966623,5.003946305945459,3.4965075614664802,Lille,2026
2459E0394243P,2459E0394243P,50.614119993111224,3.074548049560359,4777.015818331892,650.0821426425538,1403.7638151533524,238.7755013440987,32.450023759195695,D,C,50 Rue Armand Carrel 59000 Lille,50,Rue Armand Carrel,59000.0,Lille,59350_0363_00050,50 Rue Armand Carrel / 60 rue du jardin des plantes,Lille,59000,,3658.0,8.398950049927397,6.495416601930801,5.407171771460119,3.5263605246161616,Lille,2026
2459E0409693V,2459E0409693V,50.62057098693034,3.07668903441504,6401.206723199472,804.9001253634545,2143.247686148757,128.18700285326491,16.117343319252193,D,C,11 Rue Desaix 59000 Lille,11,Rue Desaix,59000.0,Lille,59350_2441_00011,11 Rue Desaix,Lille,59000,1945.0,49.9,8.807247448013074,6.620206530975591,4.9037921984782065,2.772588722239781,Lille,2026
2459E0394145V,2459E0394145V,50.614119993111224,3.074548049560359,5607.888093178465,801.7252664456781,1747.6047801783964,207.5139140664895,28.943150413201376,D,C,50 Rue Armand Carrel 59000 Lille,50,Rue Armand Carrel,59000.0,Lille,59350_0363_00050,50 Rue Armand Carrel / 60 rue du jardin des plantes,Lille,59000,,3658.0,8.629628620746026,6.723832440821209,5.337538079701318,3.4339872044851463,Lille,2026
2459E0393990W,2459E0393990W,50.614119993111224,3.074548049560359,6219.261594814555,842.7460866304043,1706.7250687694916,221.39521540225812,29.559666314640626,D,C,50 Rue Armand Carrel 59000 Lille,50,Rue Armand Carrel,59000.0,Lille,59350_0363_00050,50 Rue Armand Carrel / 60 rue du jardin des plantes,Lille,59000,,3658.0,8.658640669000219,6.752620782032146,5.327876168789581,3.4339872044851463,Lille,2026
2459E0394447L,2459E0394447L,50.614119993111224,3.074548049560359,4849.075293571107,767.8151345562175,1535.2782774415257,210.25694225882745,32.43257824123551,D,C,50 Rue Armand Carrel 59000 Lille,50,Rue Armand Carrel,59000.0,Lille,59350_0363_00050,50 Rue Armand Carrel / 60 rue du jardin des plantes,Lille,59000,,3658.0,8.504391599579028,6.599734435534826,5.3706380281276624,3.4657359027997265,Lille,2026
2459E0394574I,2459E0394574I,50.614119993111224,3.074548049560359,5081.821763416472,808.091980853794,1626.0921009265812,202.7052957086746,32.01386761209919,D,C,50 Rue Armand Carrel 59000 Lille,50,Rue Armand Carrel,59000.0,Lille,59350_0363_00050,50 Rue Armand Carrel / 60 rue du jardin des plantes,Lille,59000,,3658.0,8.568969369196834,6.6637710617960755,5.351858133476067,3.4657359027997265,Lille,2026
2459E0394687R,2459E0394687R,50.614119993111224,3.074548049560359,7545.5814707385825,1014.1150362757107,2292.850377786566,209.00706165414954,28.01956559831899,D,C,50 Rue Armand Carrel 59000 Lille,50,Rue Armand Carrel,59000.0,Lille,59350_0363_00050,50 Rue Armand Carrel / 60 rue du jardin des plantes,Lille,59000,,3658.0,8.864605368075784,6.957116708519861,5.2832037287379885,3.4011973816621555,Lille,2026
2459E0393803R,2459E0393803R,50.614119993111224,3.074548049560359,4629.085233603662,656.1628993975019,1423.6200314644238,231.3813036114768,32.75355571035782,D,C,50 Rue Armand Carrel 59000 Lille,50,Rue Armand Carrel,59000.0,Lille,59350_0363_00050,50 Rue Armand Carrel / 60 rue du jardin des plantes,Lille,59000,,3658.0,8.398950049927397,6.495416601930801,5.407171771460119,3.5263605246161616,Lille,2026
2459E0393780U,2459E0393780U,50.614119993111224,3.074548049560359,10334.986506650032,1490.8912190524627,3017.5000846512357,201.62020182256757,28.508543140521592,D,C,50 Rue Armand Carrel 59000 Lille,50,Rue Armand Carrel,59000.0,Lille,59350_0363_00050,50 Rue Armand Carrel / 60 rue du jardin des plantes,Lille,59000,,3658.0,9.162755980570507,7.253470382684528,5.231108616854587,3.332204510175204,Lille,2026
2459E0394055J,2459E0394055J,50.614119993111224,3.074548049560359,7926.776866085948,1147.8788820625257,2144.375305205909,207.66136578135576,29.26929122825856,D,C,50 Rue Armand Carrel 59000 Lille,50,Rue Armand Carrel,59000.0,Lille,59350_0363_00050,50 Rue Armand Carrel / 60 rue du jardin des plantes,Lille,59000,,3658.0,8.910086268349605,7.002246942074855,5.272999558563747,3.367295829986474,Lille,2026
2459E0394310E,2459E0394310E,50.614119993111224,3.074548049560359,9590.453776220485,1536.8565403477112,2859.563381592479,184.1405141140473,28.926543457224263,D,C,50 Rue Armand Carrel 59000 Lille,50,Rue Armand Carrel,59000.0,Lille,59350_0363_00050,50 Rue Armand Carrel / 60 rue du jardin des plantes,Lille,59000,,3658.0,9.17867425089717,7.269268499561119,5.231108616854587,3.332204510175204,Lille,2026
2459E0394046A,2459E0394046A,50.614119993111224,3.074548049560359,7660.808707194264,1146.2613840819818,2215.033438857037,206.31398868933687,30.9569567315864,D,C,50 Rue Armand Carrel 59000 Lille,50,Rue Armand Carrel,59000.0,Lille,59350_0363_00050,50 Rue Armand Carrel / 60 rue du jardin des plantes,Lille,59000,,3658.0,8.887611264446834,6.979889876741336,5.278114659230517,3.4011973816621555,Lille,2026
2459E0394030K,2459E0394030K,50.614119993111224,3.074548049560359,10458.115041919404,1476.8855628132483,3218.948690171192,185.8200528837846,26.15671380515428,D,C,50 Rue Armand Carrel 59000 Lille,50,Rue Armand Carrel,59000.0,Lille,59350_0363_00050,50 Rue Armand Carrel / 60 rue du jardin des plantes,Lille,59000,,3658.0,9.239938008415127,7.3300775041567245,5.214935757608986,3.332204510175204,Lille,2026
2459E0394599H,2459E0394599H,50.614119993111224,3.074548049560359,7467.9581090472,1113.2362157175148,2162.7480961101937,201.12031036560057,30.065049595649036,D,C,50 Rue Armand Carrel 59000 Lille,50,Rue Armand Carrel,59000.0,Lille,59350_0363_00050,50 Rue Armand Carrel / 60 rue du jardin des plantes,Lille,59000,,3658.0,8.887611264446834,6.979889876741336,5.278114659230517,3.4011973816621555,Lille,2026
2459E0394780G,2459E0394780G,50.614119993111224,3.074548049560359,6233.7016871333735,938.725870837046,1908.037057083622,206.83438580830182,31.15585366203273,D,C,50 Rue Armand Carrel 59000 Lille,50,Rue Armand Carrel,59000.0,Lille,59350_0363_00050,50 Rue Armand Carrel / 60 rue du jardin des plantes,Lille,59000,,3658.0,8.714239143608575,6.807824440357088,5.313205979041787,3.4339872044851463,Lille,2026
2459E0393838A,2459E0393838A,50.614119993111224,3.074548049560359,11559.218860261966,1613.8866381186328,3117.9006942637975,189.09462905421137,25.632897123448046,D,C,50 Rue Armand Carrel 59000 Lille,50,Rue Armand Carrel,59000.0,Lille,59350_0363_00050,50 Rue Armand Carrel / 60 rue du jardin des plantes,Lille,59000,,3658.0,9.311578401854348,7.401231264413015,5.204006687076795,3.295836866004329,Lille,2026
2459E1306988E,2459E1306988E,50.632484960945916,3.0576870401752076,5882.616986720173,414.01818719241044,1877.6061047295545,131.3084148821467,8.559990086679747,E,B,33 Rue Jacquemars Giélée 59800 Lille,33,Rue Jacquemars Giélée,59800.0,Lille,59350_4722_00033,"33 Rue Jacquemars Gielée
2EM ETAGE",Lille,59800,,,8.677575840691437,6.078330080129564,4.882801922586371,2.302585092994046,Lille,2026
2459E0394674E,2459E0394674E,50.614119993111224,3.074548049560359,10424.146844677485,1521.8847526055595,3061.544900220961,195.9744691542351,28.202394180061845,D,C,50 Rue Armand Carrel 59000 Lille,50,Rue Armand Carrel,59000.0,Lille,59350_0363_00050,50 Rue Armand Carrel / 60 rue du jardin des plantes,Lille,59000,,3658.0,9.194353256348734,7.284820912568604,5.225746673713202,3.332204510175204,Lille,2026
2459E0394465D,2459E0394465D,50.614119993111224,3.074548049560359,9671.145911815129,1520.6838551110666,3090.3510246430305,179.0343620475313,27.75158099898533,D,C,50 Rue Armand Carrel 59000 Lille,50,Rue Armand Carrel,59000.0,Lille,59350_0363_00050,50 Rue Armand Carrel / 60 rue du jardin des plantes,Lille,59000,,3658.0,9.20978021511762,7.300135147541646,5.225746673713202,3.332204510175204,Lille,2026
2459E0393825N,2459E0393825N,50.614119993111224,3.074548049560359,4364.2564496304885,671.9693098924952,1375.150485508426,218.14403832529578,33.5425612259149,D,C,50 Rue Armand Carrel 59000 Lille,50,Rue Armand Carrel,59000.0,Lille,59350_0363_00050,50 Rue Armand Carrel / 60 rue du jardin des plantes,Lille,59000,,3658.0,8.398950049927397,6.495416601930801,5.407171771460119,3.5263605246161616,Lille,2026
2459E1489640G,2459E1489640G,50.63130102611267,3.10340504964049,8291.562670788999,1721.8348941911545,2490.8078060100283,142.93833288389672,29.685102480164726,D,D,65 Rue du Bois d'Annappes 59800 Lille,65,Rue du Bois d'Annappes,59800.0,Lille,59350_0938_00065,65 rue du bois d'Annapes,Lille,59800,,395.0,8.987959030106538,7.462272376372553,4.9344739331306915,3.4339872044851463,Lille,2026
2459E0394489B,2459E0394489B,50.614119993111224,3.074548049560359,7206.63163694335,1080.3964902845341,1957.951359029054,205.41517384000926,30.558371421292787,D,C,50 Rue Armand Carrel 59000 Lille,50,Rue Armand Carrel,59000.0,Lille,59350_0363_00050,50 Rue Armand Carrel / 60 rue du jardin des plantes,Lille,59000,,3658.0,8.841072179179836,6.933715380651669,5.288267030694535,3.4011973816621555,Lille,2026
2459E0394795V,2459E0394795V,50.614119993111224,3.074548049560359,5586.021223944091,831.7294241390608,1774.6420459558421,214.00015003137932,31.957873262656033,D,C,50 Rue Armand Carrel 59000 Lille,50,Rue Armand Carrel,59000.0,Lille,59350_0363_00050,50 Rue Armand Carrel / 60 rue du jardin des plantes,Lille,59000,,3658.0,8.599768075039908,6.694314503129313,5.342334251964811,3.4657359027997265,Lille,2026
2459E0393954M,2459E0393954M,50.614119993111224,3.074548049560359,4572.318331266777,683.7422576599023,1408.8958859629631,228.54385318620805,34.13022916771559,D,C,50 Rue Armand Carrel 59000 Lille,50,Rue Armand Carrel,59000.0,Lille,59350_0363_00050,50 Rue Armand Carrel / 60 rue du jardin des plantes,Lille,59000,,3658.0,8.398950049927397,6.495416601930801,5.407171771460119,3.5263605246161616,Lille,2026
2459E0394822W,2459E0394822W,50.614119993111224,3.074548049560359,11038.322219394448,1514.4404068079668,3208.037973148546,200.1745730868661,27.223629150342948,D,C,50 Rue Armand Carrel 59000 Lille,50,Rue Armand Carrel,59000.0,Lille,59350_0363_00050,50 Rue Armand Carrel / 60 rue du jardin des plantes,Lille,59000,,3658.0,9.224972794020495,7.315218389752975,5.220355825078324,3.332204510175204,Lille,2026
2459E0393765F,2459E0393765F,50.614119993111224,3.074548049560359,10988.01456976594,1674.6104383143975,3581.7535089479106,179.7504281413936,26.59735577041804,D,C,50 Rue Armand Carrel 59000 Lille,50,Rue Armand Carrel,59000.0,Lille,59350_0363_00050,50 Rue Armand Carrel / 60 rue du jardin des plantes,Lille,59000,,3658.0,9.311578401854348,7.401231264413015,5.204006687076795,3.295836866004329,Lille,2026
2459E1489638E,2459E1489638E,50.63130102611267,3.10340504964049,7659.15650373383,1562.7966126098138,2306.1798364018373,131.679013939921,26.312988613410436,C,C,65 Rue du Bois d'Annappes 59800 Lille,65,Rue du Bois d'Annappes,59800.0,Lille,59350_0938_00065,65 rue du bois d'Annapes,Lille,59800,,395.0,8.90761234131913,7.380629783319556,4.852030263919617,3.332204510175204,Lille,2026
2459E0394396M,2459E0394396M,50.614119993111224,3.074548049560359,6770.696733843865,1022.9522166187846,2060.9703675110513,204.7050516613384,30.373312462316733,D,C,50 Rue Armand Carrel 59000 Lille,50,Rue Armand Carrel,59000.0,Lille,59350_0363_00050,50 Rue Armand Carrel / 60 rue du jardin des plantes,Lille,59000,,3658.0,8.792245847467877,6.885202874511625,5.298317366548036,3.4011973816621555,Lille,2026
2459E1652441V,2459E1652441V,50.64243200425717,3.056280954681346,5406.66542770464,356.7244674254314,1522.634122879416,89.89428659407594,5.710637151954611,D,B,92 Rue Royale 59800 Lille,92,Rue Royale,59800.0,Lille,59350_7649_00092,"92 Rue Royale
rés.les Hesperides, Hotel Flandre",Lille,59800,,,8.539600267327065,5.929057086979365,4.454347296253507,1.9459101490553132,Lille,2026
2459E1271753Z,2459E1271753Z,50.63130102611267,3.10340504964049,54407.54052367812,11471.555861131239,16962.171677614813,137.59524799439424,28.098357516286253,C,C,65 Rue du Bois d'Annappes 59800 Lille,65,Rue du Bois d'Annappes,59800.0,Lille,59350_0938_00065,65 rue du bois d'Annapes,Lille,59800,,395.0,10.87030978870943,9.344206708500733,4.897839799950911,3.367295829986474,Lille,2026
2459E0393735B,2459E0393735B,50.614119993111224,3.074548049560359,4294.205268860112,684.9369054748545,1234.3477226418515,214.64258334915678,34.18986217012585,D,C,50 Rue Armand Carrel 59000 Lille,50,Rue Armand Carrel,59000.0,Lille,59350_0363_00050,50 Rue Armand Carrel / 60 rue du jardin des plantes,Lille,59000,,3658.0,8.398950049927397,6.495416601930801,5.407171771460119,3.5263605246161616,Lille,2026
2459E0394717V,2459E0394717V,50.614119993111224,3.074548049560359,5755.72545730934,712.1806537878311,1637.3220098181873,229.5861769967826,28.21418564526871,D,C,50 Rue Armand Carrel 59000 Lille,50,Rue Armand Carrel,59000.0,Lille,59350_0363_00050,50 Rue Armand Carrel / 60 rue du jardin des plantes,Lille,59000,,3658.0,8.568969369196834,6.6637710617960755,5.351858133476067,3.4657359027997265,Lille,2026
2459E0394834I,2459E0394834I,50.614119993111224,3.074548049560359,4696.480968627118,718.7529320403266,1524.8416218412021,203.64041967949981,30.360186528478167,D,C,50 Rue Armand Carrel 59000 Lille,50,Rue Armand Carrel,59000.0,Lille,59350_0363_00050,50 Rue Armand Carrel / 60 rue du jardin des plantes,Lille,59000,,3658.0,8.504391599579028,6.599734435534826,5.3706380281276624,3.4657359027997265,Lille,2026
2459E0394408Y,2459E0394408Y,50.614119993111224,3.074548049560359,5740.032915189578,757.771889298486,1505.8721607259754,228.96022796926917,30.0203559977675,D,C,50 Rue Armand Carrel 59000 Lille,50,Rue Armand Carrel,59000.0,Lille,59350_0363_00050,50 Rue Armand Carrel / 60 rue du jardin des plantes,Lille,59000,,3658.0,8.568969369196834,6.6637710617960755,5.351858133476067,3.4657359027997265,Lille,2026
2459E1675895X,2459E1675895X,50.6275730210431,3.0697969628145603,60462.38222724798,4012.327241287262,17591.52179864307,238.0191811959824,15.729814763485908,G,C,13 Boulevard Jean-Baptiste Lebas 59000 Lille,13,Boulevard Jean-Baptiste Lebas,59000.0,Lille,59350_4828_00013,13 Boulevard Jean-Baptiste Lebas,Lille,59000,1945.0,254.0,10.932433528721079,8.357212215059668,5.399519247057004,2.8735646395797834,Lille,2026
2459E0394698C,2459E0394698C,50.614119993111224,3.074548049560359,7137.339130100241,1111.3179130856015,2043.2694062937746,197.69904882697105,30.70523959554349,D,C,50 Rue Armand Carrel 59000 Lille,50,Rue Armand Carrel,59000.0,Lille,59350_0363_00050,50 Rue Armand Carrel / 60 rue du jardin des plantes,Lille,59000,,3658.0,8.864605368075784,6.957116708519861,5.2832037287379885,3.4011973816621555,Lille,2026
2459E0394178C,2459E0394178C,50.614119993111224,3.074548049560359,14531.724034358038,1967.5114083395354,4074.367654151447,190.35530566358446,24.9127761388211,D,C,50 Rue Armand Carrel 59000 Lille,50,Rue Armand Carrel,59000.0,Lille,59350_0363_00050,50 Rue Armand Carrel / 60 rue du jardin des plantes,Lille,59000,,3658.0,9.500057871540033,7.588526188474027,5.170483995038151,3.258096538021482,Lille,2026
2459E0650499P,2459E0650499P,50.645852963622325,3.094054991765791,19499.923952421566,4195.905999928477,5480.744187576091,206.77142604716775,44.003109190490655,D,D,5 Rue Saint-Luc 59800 Lille,5,Rue Saint-Luc,59800.0,Lille,59350_7924_00005,"5 Rue Saint-Luc , garage rue Gassendi",Lille,59800,,,9.819605818555395,8.295523553358027,5.278114659230517,3.7612001156935624,Lille,2026
2459E0395032Y,2459E0395032Y,50.614119993111224,3.074548049560359,5153.119122562564,820.8571194348747,1546.1720309076811,205.54922706671576,32.51957917249983,D,C,50 Rue Armand Carrel 59000 Lille,50,Rue Armand Carrel,59000.0,Lille,59350_0363_00050,50 Rue Armand Carrel / 60 rue du jardin des plantes,Lille,59000,,3658.0,8.568969369196834,6.6637710617960755,5.351858133476067,3.4657359027997265,Lille,2026
2459E0394437B,2459E0394437B,50.614119993111224,3.074548049560359,7729.974326742677,1210.1978309185893,2239.883492563924,198.09973836038034,30.190252375018265,D,C,50 Rue Armand Carrel 59000 Lille,50,Rue Armand Carrel,59000.0,Lille,59350_0363_00050,50 Rue Armand Carrel / 60 rue du jardin des plantes,Lille,59000,,3658.0,8.932080438103307,7.0241150800983325,5.272999558563747,3.367295829986474,Lille,2026
2459E0394868Q,2459E0394868Q,50.614119993111224,3.074548049560359,5022.310233212008,771.1576362594582,1514.9756063484015,227.39199915605548,34.775992615984585,D,C,50 Rue Armand Carrel 59000 Lille,50,Rue Armand Carrel,59000.0,Lille,59350_0363_00050,50 Rue Armand Carrel / 60 rue du jardin des plantes,Lille,59000,,3658.0,8.470457914519063,6.566109683586927,5.37989735354046,3.4965075614664802,Lille,2026
2459E0393904O,2459E0393904O,50.614119993111224,3.074548049560359,4734.52499801086,697.2823743041548,1321.7325430852381,236.65163001720427,34.80610853431721,D,C,50 Rue Armand Carrel 59000 Lille,50,Rue Armand Carrel,59000.0,Lille,59350_0363_00050,50 Rue Armand Carrel / 60 rue du jardin des plantes,Lille,59000,,3658.0,8.398950049927397,6.495416601930801,5.407171771460119,3.5263605246161616,Lille,2026
2459E0394020A,2459E0394020A,50.614119993111224,3.074548049560359,5817.710827298893,767.1402986486595,1591.9280534040547,222.87616533653252,29.476139387838924,D,C,50 Rue Armand Carrel 59000 Lille,50,Rue Armand Carrel,59000.0,Lille,59350_0363_00050,50 Rue Armand Carrel / 60 rue du jardin des plantes,Lille,59000,,3658.0,8.599768075039908,6.694314503129313,5.342334251964811,3.4657359027997265,Lille,2026
2459E0394204C,2459E0394204C,50.614119993111224,3.074548049560359,11708.084989668669,1621.441686460662,3198.9637903582366,191.52989616518104,25.752891782515093,D,C,50 Rue Armand Carrel 59000 Lille,50,Rue Armand Carrel,59000.0,Lille,59350_0363_00050,50 Rue Armand Carrel / 60 rue du jardin des plantes,Lille,59000,,3658.0,9.311578401854348,7.401231264413015,5.204006687076795,3.295836866004329,Lille,2026
2459E0394922S,2459E0394922S,50.614119993111224,3.074548049560359,9789.48695146923,1504.4595675844994,3004.5956076966454,177.5275564801642,27.04421326550032,D,C,50 Rue Armand Carrel 59000 Lille,50,Rue Armand Carrel,59000.0,Lille,59350_0363_00050,50 Rue Armand Carrel / 60 rue du jardin des plantes,Lille,59000,,3658.0,9.224972794020495,7.315218389752975,5.220355825078324,3.332204510175204,Lille,2026
2459E0394626I,2459E0394626I,50.614119993111224,3.074548049560359,10373.741304865425,1615.958396927509,2941.4369108284327,192.04096117438547,29.49028504024518,D,C,50 Rue Armand Carrel 59000 Lille,50,Rue Armand Carrel,59000.0,Lille,59350_0363_00050,50 Rue Armand Carrel / 60 rue du jardin des plantes,Lille,59000,,3658.0,9.20978021511762,7.300135147541646,5.225746673713202,3.332204510175204,Lille,2026
2459E0394753F,2459E0394753F,50.614119993111224,3.074548049560359,6798.933496697065,1012.5861057615615,2243.33768116876,188.32546146871462,27.977321900805343,D,C,50 Rue Armand Carrel 59000 Lille,50,Rue Armand Carrel,59000.0,Lille,59350_0363_00050,50 Rue Armand Carrel / 60 rue du jardin des plantes,Lille,59000,,3658.0,8.864605368075784,6.957116708519861,5.2832037287379885,3.4011973816621555,Lille,2026
2459E1159537Z,2459E1159537Z,50.6234920393135,3.0553180430038833,36164.39747430012,8275.415465343654,11468.40116065823,469.2141080020251,107.32935768184966,G,G,23 Rue Chevreul 59000 Lille,23,Rue Chevreul,59000.0,Lille,59350_1664_00023,23 Rue Chevreul,Lille,59000,,,10.478197420947499,8.950442064535896,6.135564891081739,4.61512051684126,Lille,2026
2459E0394847V,2459E0394847V,50.614119993111224,3.074548049560359,10274.798064404482,1653.383359782265,3168.132830900918,186.32843608081927,29.721272113263087,D,C,50 Rue Armand Carrel 59000 Lille,50,Rue Armand Carrel,59000.0,Lille,59350_0363_00050,50 Rue Armand Carrel / 60 rue du jardin des plantes,Lille,59000,,3658.0,9.224972794020495,7.315218389752975,5.220355825078324,3.332204510175204,Lille,2026
2459E0394160K,2459E0394160K,50.614119993111224,3.074548049560359,7009.621384673006,990.4940387380924,1999.8495676874866,205.7161329487387,28.695631491912767,D,C,50 Rue Armand Carrel 59000 Lille,50,Rue Armand Carrel,59000.0,Lille,59350_0363_00050,50 Rue Armand Carrel / 60 rue du jardin des plantes,Lille,59000,,3658.0,8.816956985060518,6.90975328164481,5.293304824724492,3.4011973816621555,Lille,2026
2459E1489634A,2459E1489634A,50.63130102611267,3.10340504964049,7736.821452574609,1745.101418923805,2111.161029781168,130.79645799738935,28.51114546438289,C,C,65 Rue du Bois d'Annappes 59800 Lille,65,Rue du Bois d'Annappes,59800.0,Lille,59350_0938_00065,65 rue du bois d'Annapes,Lille,59800,,395.0,8.90052175075114,7.372997591126162,4.8283137373023015,3.295836866004329,Lille,2026
2459E1489633Z,2459E1489633Z,50.63130102611267,3.10340504964049,4497.7873433981085,1062.0256753224496,1408.6870881883658,165.68755616567785,38.718051026633795,D,D,65 Rue du Bois d'Annappes 59800 Lille,65,Rue du Bois d'Annappes,59800.0,Lille,59350_0938_00065,65 rue du bois d'Annapes,Lille,59800,,395.0,8.443115988019922,6.923530198097499,5.147494476813453,3.6375861597263857,Lille,2026
2459E0394294O,2459E0394294O,50.614119993111224,3.074548049560359,4356.883388778173,682.7310210083706,1390.1259537244912,217.77550148798903,34.07975146464412,D,C,50 Rue Armand Carrel 59000 Lille,50,Rue Armand Carrel,59000.0,Lille,59350_0363_00050,50 Rue Armand Carrel / 60 rue du jardin des plantes,Lille,59000,,3658.0,8.398950049927397,6.495416601930801,5.407171771460119,3.5263605246161616,Lille,2026
2459E1489639F,2459E1489639F,50.63130102611267,3.10340504964049,6537.215090299037,1292.3383130775642,2019.4686259099306,144.27683727281,28.705871014606046,D,D,65 Rue du Bois d'Annappes 59800 Lille,65,Rue du Bois d'Annappes,59800.0,Lille,59350_0938_00065,65 rue du bois d'Annapes,Lille,59800,,395.0,8.733674599856897,7.209044354840135,4.927253685157205,3.4339872044851463,Lille,2026
2459E0394616Y,2459E0394616Y,50.614119993111224,3.074548049560359,5013.089611756425,809.9878176456284,1640.3623289060965,199.96368614903972,32.08897424538592,D,C,50 Rue Armand Carrel 59000 Lille,50,Rue Armand Carrel,59000.0,Lille,59350_0363_00050,50 Rue Armand Carrel / 60 rue du jardin des plantes,Lille,59000,,3658.0,8.568969369196834,6.6637710617960755,5.351858133476067,3.4657359027997265,Lille,2026
2459E0393691J,2459E0393691J,50.614119993111224,3.074548049560359,9362.381476936904,1501.8102151335515,2666.4170629141777,182.64612553729842,28.71733414207216,D,C,50 Rue Armand Carrel 59000 Lille,50,Rue Armand Carrel,59000.0,Lille,59350_0363_00050,50 Rue Armand Carrel / 60 rue du jardin des plantes,Lille,59000,,3658.0,9.162755980570507,7.253470382684528,5.231108616854587,3.332204510175204,Lille,2026
2459E0393941Z,2459E0393941Z,50.614119993111224,3.074548049560359,6416.504200004378,961.1620138351298,1985.886828335028,199.97208215178665,29.266797985319997,D,C,50 Rue Armand Carrel 59000 Lille,50,Rue Armand Carrel,59000.0,Lille,59350_0363_00050,50 Rue Armand Carrel / 60 rue du jardin des plantes,Lille,59000,,3658.0,8.766924144439447,6.860034542770725,5.303304908059076,3.4011973816621555,Lille,2026
2459E0556083F,2459E0556083F,50.64409701282777,3.085855985694035,3567.8154904315807,262.5201925790174,1081.5718494353735,76.30761126894303,4.94947572735704,D,A,45b Rue de La Louvière 59800 Lille,45b,Rue de La Louvière,59800.0,Lille,59350_5279_00045_b,45B Rue de La Louvière,Lille,59800,,,8.214654639287774,5.5842479059610115,4.382026634673881,1.791759469228055,Lille,2026
2459E0394009P,2459E0394009P,50.614119993111224,3.074548049560359,6932.9853099580705,1101.0501880220909,2024.7934202012145,203.46704186812784,31.898556895744893,D,C,50 Rue Armand Carrel 59000 Lille,50,Rue Armand Carrel,59000.0,Lille,59350_0363_00050,50 Rue Armand Carrel / 60 rue du jardin des plantes,Lille,59000,,3658.0,8.816956985060518,6.90975328164481,5.293304824724492,3.4011973816621555,Lille,2026
2459E0394430U,2459E0394430U,50.614119993111224,3.074548049560359,7531.435848419557,1155.4301915288472,2414.7020010198175,187.92805393162948,28.21317289858526,D,C,50 Rue Armand Carrel 59000 Lille,50,Rue Armand Carrel,59000.0,Lille,59350_0363_00050,50 Rue Armand Carrel / 60 rue du jardin des plantes,Lille,59000,,3658.0,8.95360125665005,7.045515218686623,5.267858159063328,3.367295829986474,Lille,2026
2459E0394253Z,2459E0394253Z,50.614119993111224,3.074548049560359,9577.987956501065,1395.4067832784517,3084.32369773152,186.85228699633933,26.682707612265013,D,C,50 Rue Armand Carrel 59000 Lille,50,Rue Armand Carrel,59000.0,Lille,59350_0363_00050,50 Rue Armand Carrel / 60 rue du jardin des plantes,Lille,59000,,3658.0,9.162755980570507,7.253470382684528,5.231108616854587,3.332204510175204,Lille,2026
2459E0531283J,2459E0531283J,50.62127700685724,3.0624360191701534,8668.528323736538,2000.220922060027,2594.441293979493,155.30272195260537,35.846253083513034,D,D,22 Rue de Seclin 59000 Lille,22,Rue de Seclin,59000.0,Lille,59350_8259_00022,22 Rue de Seclin,Lille,59000,1994.0,55.8,9.038151307660781,7.548661347696392,5.02256386496153,3.5553480614894135,Lille,2026
2459E0394558S,2459E0394558S,50.614119993111224,3.074548049560359,5467.575139443679,896.9722016666443,1807.5959147902608,194.63644634829984,31.461669648075915,D,C,50 Rue Armand Carrel 59000 Lille,50,Rue Armand Carrel,59000.0,Lille,59350_0363_00050,50 Rue Armand Carrel / 60 rue du jardin des plantes,Lille,59000,,3658.0,8.658640669000219,6.752620782032146,5.327876168789581,3.4339872044851463,Lille,2026
2459E0394517D,2459E0394517D,50.614119993111224,3.074548049560359,6426.88464593234,1013.6723635439243,2107.8333345482656,183.18955280387058,28.671119226347223,D,C,50 Rue Armand Carrel 59000 Lille,50,Rue Armand Carrel,59000.0,Lille,59350_0363_00050,50 Rue Armand Carrel / 60 rue du jardin des plantes,Lille,59000,,3658.0,8.841072179179836,6.933715380651669,5.288267030694535,3.4011973816621555,Lille,2026
2459E0394643Z,2459E0394643Z,50.614119993111224,3.074548049560359,7237.113765439858,1142.7124464629567,2206.668197126638,194.90341876624808,30.861110958675493,D,C,50 Rue Armand Carrel 59000 Lille,50,Rue Armand Carrel,59000.0,Lille,59350_0363_00050,50 Rue Armand Carrel / 60 rue du jardin des plantes,Lille,59000,,3658.0,8.887611264446834,6.979889876741336,5.278114659230517,3.4011973816621555,Lille,2026
2459E0394099B,2459E0394099B,50.614119993111224,3.074548049560359,6892.002544173985,1002.7806028610108,1965.1092986198385,221.55109174899982,31.330141653705358,D,C,50 Rue Armand Carrel 59000 Lille,50,Rue Armand Carrel,59000.0,Lille,59350_0363_00050,50 Rue Armand Carrel / 60 rue du jardin des plantes,Lille,59000,,3658.0,8.740928567567575,6.834324000896254,5.308267697401205,3.4011973816621555,Lille,2026
2459E0394122Y,2459E0394122Y,50.614119993111224,3.074548049560359,6470.590794775544,924.7438764235139,1999.463023379303,201.65770545004347,28.157887879338414,D,C,50 Rue Armand Carrel 59000 Lille,50,Rue Armand Carrel,59000.0,Lille,59350_0363_00050,50 Rue Armand Carrel / 60 rue du jardin des plantes,Lille,59000,,3658.0,8.766924144439447,6.860034542770725,5.303304908059076,3.4011973816621555,Lille,2026
2459E0394929Z,2459E0394929Z,50.614119993111224,3.074548049560359,5137.207678583931,766.4965980962933,1384.0276340141681,232.59413892597087,34.565799237713335,D,C,50 Rue Armand Carrel 59000 Lille,50,Rue Armand Carrel,59000.0,Lille,59350_0363_00050,50 Rue Armand Carrel / 60 rue du jardin des plantes,Lille,59000,,3658.0,8.470457914519063,6.566109683586927,5.37989735354046,3.4965075614664802,Lille,2026
2459E1489635B,2459E1489635B,50.63130102611267,3.10340504964049,6113.3743884737105,1193.811276921118,1712.1522797524126,135.43094950742417,25.873257727460416,C,C,65 Rue du Bois d'Annappes 59800 Lille,65,Rue du Bois d'Annappes,59800.0,Lille,59350_0938_00065,65 rue du bois d'Annapes,Lille,59800,,395.0,8.654133766169851,7.128335547893182,4.852030263919617,3.332204510175204,Lille,2026
2459E0394499L,2459E0394499L,50.614119993111224,3.074548049560359,4918.576491463281,783.4035497861357,1556.1950373748034,213.27052907021562,33.09103425994033,D,C,50 Rue Armand Carrel 59000 Lille,50,Rue Armand Carrel,59000.0,Lille,59350_0363_00050,50 Rue Armand Carrel / 60 rue du jardin des plantes,Lille,59000,,3658.0,8.504391599579028,6.599734435534826,5.3706380281276624,3.4657359027997265,Lille,2026
2459E0394540A,2459E0394540A,50.614119993111224,3.074548049560359,6232.570748245233,890.0623066996758,1727.5781226777356,214.64774160820264,30.356831742826593,D,C,50 Rue Armand Carrel 59000 Lille,50,Rue Armand Carrel,59000.0,Lille,59350_0363_00050,50 Rue Armand Carrel / 60 rue du jardin des plantes,Lille,59000,,3658.0,8.686834695052818,6.780603493321654,5.3230099791384085,3.4339872044851463,Lille,2026
2459E0393919D,2459E0393919D,50.614119993111224,3.074548049560359,11543.95938423277,1778.5000057672348,3358.3541066913776,188.84500276075806,28.247403879015337,D,C,50 Rue Armand Carrel 59000 Lille,50,Rue Armand Carrel,59000.0,Lille,59350_0363_00050,50 Rue Armand Carrel / 60 rue du jardin des plantes,Lille,59000,,3658.0,9.311578401854348,7.401231264413015,5.204006687076795,3.295836866004329,Lille,2026
2459E0394762O,2459E0394762O,50.614119993111224,3.074548049560359,6796.580074812975,875.0485013520906,1897.0342381447915,218.48363027770532,27.339373560881953,D,C,50 Rue Armand Carrel 59000 Lille,50,Rue Armand Carrel,59000.0,Lille,59350_0363_00050,50 Rue Armand Carrel / 60 rue du jardin des plantes,Lille,59000,,3658.0,8.740928567567575,6.834324000896254,5.308267697401205,3.4011973816621555,Lille,2026
2459E0394350S,2459E0394350S,50.614119993111224,3.074548049560359,4261.738052037601,707.5807565759152,1357.5864759329297,213.019734217217,35.32017087733353,D,C,50 Rue Armand Carrel 59000 Lille,50,Rue Armand Carrel,59000.0,Lille,59350_0363_00050,50 Rue Armand Carrel / 60 rue du jardin des plantes,Lille,59000,,3658.0,8.398950049927397,6.495416601930801,5.407171771460119,3.5263605246161616,Lille,2026
2459E0394358A,2459E0394358A,50.614119993111224,3.074548049560359,6595.605683910624,1099.4569483773143,2174.5320447898303,187.99871512723803,31.097485129174014,D,C,50 Rue Armand Carrel 59000 Lille,50,Rue Armand Carrel,59000.0,Lille,59350_0363_00050,50 Rue Armand Carrel / 60 rue du jardin des plantes,Lille,59000,,3658.0,8.841072179179836,6.933715380651669,5.288267030694535,3.4011973816621555,Lille,2026
2459E0394337F,2459E0394337F,50.614119993111224,3.074548049560359,4793.4122330383025,717.1949394705434,1329.0125707957816,239.59506365886955,35.800080173238435,D,C,50 Rue Armand Carrel 59000 Lille,50,Rue Armand Carrel,59000.0,Lille,59350_0363_00050,50 Rue Armand Carrel / 60 rue du jardin des plantes,Lille,59000,,3658.0,8.398950049927397,6.495416601930801,5.407171771460119,3.5263605246161616,Lille,2026
2459E0394610S,2459E0394610S,50.614119993111224,3.074548049560359,7028.524834497772,1117.5331254893752,2274.4275412274815,189.2858898624533,30.18109577127201,D,C,50 Rue Armand Carrel 59000 Lille,50,Rue Armand Carrel,59000.0,Lille,59350_0363_00050,50 Rue Armand Carrel / 60 rue du jardin des plantes,Lille,59000,,3658.0,8.887611264446834,6.979889876741336,5.278114659230517,3.4011973816621555,Lille,2026
2459E0394040U,2459E0394040U,50.614119993111224,3.074548049560359,7219.15797553189,1110.090132779319,2225.104141711734,194.4198496317647,29.980083675358777,D,C,50 Rue Armand Carrel 59000 Lille,50,Rue Armand Carrel,59000.0,Lille,59350_0363_00050,50 Rue Armand Carrel / 60 rue du jardin des plantes,Lille,59000,,3658.0,8.887611264446834,6.979889876741336,5.278114659230517,3.4011973816621555,Lille,2026
2459E0394527N,2459E0394527N,50.614119993111224,3.074548049560359,6429.29745939761,913.3375105704862,1906.1814120623576,213.32425867252252,30.313226371406778,D,C,50 Rue Armand Carrel 59000 Lille,50,Rue Armand Carrel,59000.0,Lille,59350_0363_00050,50 Rue Armand Carrel / 60 rue du jardin des plantes,Lille,59000,,3658.0,8.714239143608575,6.807824440357088,5.313205979041787,3.4339872044851463,Lille,2026
2459E0394281B,2459E0394281B,50.614119993111224,3.074548049560359,4470.973401264588,648.1606236814927,1459.0445060604509,212.57993375530714,30.26136556435332,D,C,50 Rue Armand Carrel 59000 Lille,50,Rue Armand Carrel,59000.0,Lille,59350_0363_00050,50 Rue Armand Carrel / 60 rue du jardin des plantes,Lille,59000,,3658.0,8.435332164935916,6.531460548173753,5.393627546352362,3.4965075614664802,Lille,2026
2459E1647023L,2459E1647023L,50.621055965126494,3.0613589545345072,1853.5634048112279,137.7448917757017,520.0205805427361,97.31364832756249,6.632980342329136,C,A,107 Rue d'Artois 59000 Lille,107,Rue d'Artois,59000.0,Lille,59350_0391_00107,107 rue d'Artois - Appartement 6,Lille,59000,,,7.480089839325334,4.833102254034098,4.543294782270004,1.9459101490553132,Lille,2026
2459E0394233F,2459E0394233F,50.614119993111224,3.074548049560359,4318.173860130464,641.6067428730947,1396.6562928770495,215.8406351485935,32.02695887885664,D,C,50 Rue Armand Carrel 59000 Lille,50,Rue Armand Carrel,59000.0,Lille,59350_0363_00050,50 Rue Armand Carrel / 60 rue du jardin des plantes,Lille,59000,,3658.0,8.398950049927397,6.495416601930801,5.407171771460119,3.5263605246161616,Lille,2026
2459E0395124M,2459E0395124M,50.614119993111224,3.074548049560359,10388.603191483515,1560.376903278447,2924.4827414319884,192.3160876603008,28.475955652935497,D,C,50 Rue Armand Carrel 59000 Lille,50,Rue Armand Carrel,59000.0,Lille,59350_0363_00050,50 Rue Armand Carrel / 60 rue du jardin des plantes,Lille,59000,,3658.0,9.20978021511762,7.300135147541646,5.225746673713202,3.332204510175204,Lille,2026
2459E0531434E,2459E0531434E,50.61794098609062,3.0725670079422582,6445.651042607803,1396.49045969863,1892.142203619065,185.8545432260503,40.25658062550563,D,D,53 Boulevard de Belfort 59000 Lille,53,Boulevard de Belfort,59000.0,Lille,59350_0728_00053,53 Boulevard de Belfort,Lille,59000,1981.0,34.7,8.773709621349818,7.210744595501065,5.2327116094500425,3.6888794541139363,Lille,2026
2459E0394887J,2459E0394887J,50.614119993111224,3.074548049560359,9973.23271440682,1566.9119820650312,3132.2431979085736,184.62665881134168,28.59521697584038,D,C,50 Rue Armand Carrel 59000 Lille,50,Rue Armand Carrel,59000.0,Lille,59350_0363_00050,50 Rue Armand Carrel / 60 rue du jardin des plantes,Lille,59000,,3658.0,9.20978021511762,7.300135147541646,5.225746673713202,3.332204510175204,Lille,2026
2459E0394078G,2459E0394078G,50.614119993111224,3.074548049560359,6925.182763352228,1046.9391428587182,2281.8814980898396,191.82247337719568,28.926481652918092,D,C,50 Rue Armand Carrel 59000 Lille,50,Rue Armand Carrel,59000.0,Lille,59350_0363_00050,50 Rue Armand Carrel / 60 rue du jardin des plantes,Lille,59000,,3658.0,8.864605368075784,6.957116708519861,5.2832037287379885,3.4011973816621555,Lille,2026
2459E0394590Y,2459E0394590Y,50.614119993111224,3.074548049560359,9695.809059856074,1532.619326451731,3083.93110501095,179.49093162220802,27.969396292123513,D,C,50 Rue Armand Carrel 59000 Lille,50,Rue Armand Carrel,59000.0,Lille,59350_0363_00050,50 Rue Armand Carrel / 60 rue du jardin des plantes,Lille,59000,,3658.0,9.20978021511762,7.300135147541646,5.225746673713202,3.332204510175204,Lille,2026
2459E0394369L,2459E0394369L,50.614119993111224,3.074548049560359,6507.297822356238,1026.0668287852436,1874.0986546523588,202.80168985434096,31.243110074309186,D,C,50 Rue Armand Carrel 59000 Lille,50,Rue Armand Carrel,59000.0,Lille,59350_0363_00050,50 Rue Armand Carrel / 60 rue du jardin des plantes,Lille,59000,,3658.0,8.766924144439447,6.860034542770725,5.303304908059076,3.4011973816621555,Lille,2026
2459E0394506S,2459E0394506S,50.614119993111224,3.074548049560359,6932.588343685133,1082.3019839333447,2236.3622299170515,186.70221484367545,29.229612156888617,D,C,50 Rue Armand Carrel 59000 Lille,50,Rue Armand Carrel,59000.0,Lille,59350_0363_00050,50 Rue Armand Carrel / 60 rue du jardin des plantes,Lille,59000,,3658.0,8.887611264446834,6.979889876741336,5.278114659230517,3.4011973816621555,Lille,2026
2459E0394383Z,2459E0394383Z,50.614119993111224,3.074548049560359,10457.432637416943,1334.0361552253055,2923.230115619389,208.45084404048146,25.92225706447157,D,C,50 Rue Armand Carrel 59000 Lille,50,Rue Armand Carrel,59000.0,Lille,59350_0363_00050,50 Rue Armand Carrel / 60 rue du jardin des plantes,Lille,59000,,3658.0,9.146580214501672,7.23741867367402,5.236441962829949,3.332204510175204,Lille,2026
2459E0394972Q,2459E0394972Q,50.614119993111224,3.074548049560359,6835.545920139907,1080.9207444456183,1992.4092565234,206.66570010754202,32.09450352096133,D,C,50 Rue Armand Carrel 59000 Lille,50,Rue Armand Carrel,59000.0,Lille,59350_0363_00050,50 Rue Armand Carrel / 60 rue du jardin des plantes,Lille,59000,,3658.0,8.792245847467877,6.885202874511625,5.298317366548036,3.4011973816621555,Lille,2026
2459E0394659P,2459E0394659P,50.614119993111224,3.074548049560359,5580.3692742728235,849.3632084434049,1646.1758854045738,222.59151472966985,33.648893880824986,D,C,50 Rue Armand Carrel 59000 Lille,50,Rue Armand Carrel,59000.0,Lille,59350_0363_00050,50 Rue Armand Carrel / 60 rue du jardin des plantes,Lille,59000,,3658.0,8.568969369196834,6.6637710617960755,5.351858133476067,3.4657359027997265,Lille,2026
2459E1307124K,2459E1307124K,50.632484960945916,3.0576870401752076,6038.879136931248,451.38246979668486,1728.8072670563604,141.4233056020267,10.470481786051609,E,B,33 Rue Jacquemars Giélée 59800 Lille,33,Rue Jacquemars Giélée,59800.0,Lille,59350_4722_00033,"33 Rue Jacquemars Gielée
2EM ETAGE",Lille,59800,,,8.667043208063228,6.068657042937888,4.919980925828125,2.3978952727983707,Lille,2026
2459E1294965T,2459E1294965T,50.632484960945916,3.0576870401752076,5553.599824956071,429.5264372805544,1692.1400730831838,130.0790729844631,9.113007863095214,E,B,33 Rue Jacquemars Giélée 59800 Lille,33,Rue Jacquemars Giélée,59800.0,Lille,59350_4722_00033,"33 Rue Jacquemars Gielée
2EM ETAGE",Lille,59800,,,8.652073673610056,6.052559646467793,4.90527477843843,2.302585092994046,Lille,2026
2459E0394736O,2459E0394736O,50.614119993111224,3.074548049560359,6947.151782071166,1053.6102325337795,2266.9134181924314,192.43099905115156,29.11080101322371,D,C,50 Rue Armand Carrel 59000 Lille,50,Rue Armand Carrel,59000.0,Lille,59350_0363_00050,50 Rue Armand Carrel / 60 rue du jardin des plantes,Lille,59000,,3658.0,8.864605368075784,6.957116708519861,5.2832037287379885,3.4011973816621555,Lille,2026
2459E0394818S,2459E0394818S,50.614119993111224,3.074548049560359,7563.745455804093,1114.1902616353282,2259.616313458078,203.6999687712235,30.090815410155074,D,C,50 Rue Armand Carrel 59000 Lille,50,Rue Armand Carrel,59000.0,Lille,59350_0363_00050,50 Rue Armand Carrel / 60 rue du jardin des plantes,Lille,59000,,3658.0,8.887611264446834,6.979889876741336,5.278114659230517,3.4011973816621555,Lille,2026
2459E0394420K,2459E0394420K,50.614119993111224,3.074548049560359,10766.114343905043,1726.6587035938737,3404.4600694560604,178.5899789437481,27.8062101538809,D,C,50 Rue Armand Carrel 59000 Lille,50,Rue Armand Carrel,59000.0,Lille,59350_0363_00050,50 Rue Armand Carrel / 60 rue du jardin des plantes,Lille,59000,,3658.0,9.297655036302892,7.387399785264553,5.204006687076795,3.295836866004329,Lille,2026
2459E2076688A,2459E2076688A,50.63362796811449,3.014048051376834,6055.1878002039675,1367.2146356325045,1884.0107823597177,65.13607608401301,14.728381731959882,C,C,14 Rue Victor Schoelcher 59160 Lille,14,Rue Victor Schoelcher,59160.0,Lille,59350_9670_00014,14 Rue Victor Schoelcher,Lille,59160,,2000.0,8.722009826037564,7.170580975435051,4.204692619390966,2.70805020110221,Lille,2026
2459E0394316K,2459E0394316K,50.614119993111224,3.074548049560359,7347.0502239305415,1195.1032413281748,2448.368806451064,183.3271740621607,29.18190525611659,D,C,50 Rue Armand Carrel 59000 Lille,50,Rue Armand Carrel,59000.0,Lille,59350_0363_00050,50 Rue Armand Carrel / 60 rue du jardin des plantes,Lille,59000,,3658.0,8.95360125665005,7.045515218686623,5.267858159063328,3.367295829986474,Lille,2026
2459E0393930O,2459E0393930O,50.614119993111224,3.074548049560359,7489.953274154086,983.7785129285206,1936.0026204958392,219.8127600578815,28.50107579912797,D,C,50 Rue Armand Carrel 59000 Lille,50,Rue Armand Carrel,59000.0,Lille,59350_0363_00050,50 Rue Armand Carrel / 60 rue du jardin des plantes,Lille,59000,,3658.0,8.816956985060518,6.90975328164481,5.293304824724492,3.4011973816621555,Lille,2026
2459E0395106U,2459E0395106U,50.614119993111224,3.074548049560359,4819.688932959881,744.5662546770676,1476.3781968881794,200.3478536838225,30.442566466617112,D,C,50 Rue Armand Carrel 59000 Lille,50,Rue Armand Carrel,59000.0,Lille,59350_0363_00050,50 Rue Armand Carrel / 60 rue du jardin des plantes,Lille,59000,,3658.0,8.537191877922927,6.632265247295718,5.3612921657094255,3.4657359027997265,Lille,2026
2459E0393854Q,2459E0393854Q,50.614119993111224,3.074548049560359,9606.301471069648,1432.4878553239598,2815.347688808461,187.40464151735887,27.391764938914246,D,C,50 Rue Armand Carrel 59000 Lille,50,Rue Armand Carrel,59000.0,Lille,59350_0363_00050,50 Rue Armand Carrel / 60 rue du jardin des plantes,Lille,59000,,3658.0,9.162755980570507,7.253470382684528,5.231108616854587,3.332204510175204,Lille,2026
2459E0394327V,2459E0394327V,50.614119993111224,3.074548049560359,5491.606930940962,893.394414045688,1700.7967942734124,195.49193756280016,31.336177272735462,D,C,50 Rue Armand Carrel 59000 Lille,50,Rue Armand Carrel,59000.0,Lille,59350_0363_00050,50 Rue Armand Carrel / 60 rue du jardin des plantes,Lille,59000,,3658.0,8.658640669000219,6.752620782032146,5.327876168789581,3.4339872044851463,Lille,2026
2459E0393879P,2459E0393879P,50.614119993111224,3.074548049560359,4266.780839879565,660.8623353351342,1357.243197914579,213.27179413096403,32.98813653919139,D,C,50 Rue Armand Carrel 59000 Lille,50,Rue Armand Carrel,59000.0,Lille,59350_0363_00050,50 Rue Armand Carrel / 60 rue du jardin des plantes,Lille,59000,,3658.0,8.398950049927397,6.495416601930801,5.407171771460119,3.5263605246161616,Lille,2026
2459E1645379F,2459E1645379F,50.64494596068031,3.0585429599927374,14078.182105470698,1129.648731746315,4225.083488679699,100.05960418439619,7.631288479274469,D,B,38 Rue de Jemmapes 59800 Lille,38,Rue de Jemmapes,59800.0,Lille,59350_5031_00038,38 Rue de Jemmapes,Lille,59800,,5000.0,9.531655460051066,6.944280053664509,4.59511985013459,2.0794415416798357,Lille,2026
2459E0393749P,2459E0393749P,50.614119993111224,3.074548049560359,4486.6076827901,640.0943660486713,1390.2532738973257,224.25967163043234,31.95146585933467,D,C,50 Rue Armand Carrel 59000 Lille,50,Rue Armand Carrel,59000.0,Lille,59350_0363_00050,50 Rue Armand Carrel / 60 rue du jardin des plantes,Lille,59000,,3658.0,8.398950049927397,6.495416601930801,5.407171771460119,3.5263605246161616,Lille,2026
2459E0394266M,2459E0394266M,50.614119993111224,3.074548049560359,11412.067046183765,1661.499278826713,3499.606880923374,186.68740603731442,26.38911499663686,D,C,50 Rue Armand Carrel 59000 Lille,50,Rue Armand Carrel,59000.0,Lille,59350_0363_00050,50 Rue Armand Carrel / 60 rue du jardin des plantes,Lille,59000,,3658.0,9.311578401854348,7.401231264413015,5.204006687076795,3.295836866004329,Lille,2026
2459E0395012E,2459E0395012E,50.614119993111224,3.074548049560359,6760.28014703752,1009.8543969166191,1983.0750423969773,204.39011687336165,29.984414365293283,D,C,50 Rue Armand Carrel 59000 Lille,50,Rue Armand Carrel,59000.0,Lille,59350_0363_00050,50 Rue Armand Carrel / 60 rue du jardin des plantes,Lille,59000,,3658.0,8.792245847467877,6.885202874511625,5.298317366548036,3.4011973816621555,Lille,2026
2459E0394475N,2459E0394475N,50.614119993111224,3.074548049560359,6977.668204647097,1108.5721264316564,2109.715212955925,193.27628153064316,30.6293746822771,D,C,50 Rue Armand Carrel 59000 Lille,50,Rue Armand Carrel,59000.0,Lille,59350_0363_00050,50 Rue Armand Carrel / 60 rue du jardin des plantes,Lille,59000,,3658.0,8.864605368075784,6.957116708519861,5.2832037287379885,3.4011973816621555,Lille,2026
2459E0394856E,2459E0394856E,50.614119993111224,3.074548049560359,10902.145963600788,1612.3857938969404,3040.2548205416088,190.8741256877793,28.141187094516738,D,C,50 Rue Armand Carrel 59000 Lille,50,Rue Armand Carrel,59000.0,Lille,59350_0363_00050,50 Rue Armand Carrel / 60 rue du jardin des plantes,Lille,59000,,3658.0,9.254682563326918,7.344719054149673,5.214935757608986,3.332204510175204,Lille,2026
2459E0395065F,2459E0395065F,50.614119993111224,3.074548049560359,5281.068999440866,786.7488904103136,1541.0534436783726,228.98828177662304,33.23234173963718,D,C,50 Rue Armand Carrel 59000 Lille,50,Rue Armand Carrel,59000.0,Lille,59350_0363_00050,50 Rue Armand Carrel / 60 rue du jardin des plantes,Lille,59000,,3658.0,8.504391599579028,6.599734435534826,5.3706380281276624,3.4657359027997265,Lille,2026
2459E0395051R,2459E0395051R,50.614119993111224,3.074548049560359,7519.570577221935,1024.1956836072272,2057.7788444583766,214.33507013234964,28.96876506837959,D,C,50 Rue Armand Carrel 59000 Lille,50,Rue Armand Carrel,59000.0,Lille,59350_0363_00050,50 Rue Armand Carrel / 60 rue du jardin des plantes,Lille,59000,,3658.0,8.841072179179836,6.933715380651669,5.288267030694535,3.4011973816621555,Lille,2026
2459E0374993F,2459E0374993F,50.614119993111224,3.074548049560359,745434.3748990578,111448.25367589004,216751.23621641425,202.8666034991159,30.413378846143384,D,C,50 Rue Armand Carrel 59000 Lille,50,Rue Armand Carrel,59000.0,Lille,59350_0363_00050,50 Rue Armand Carrel,Lille,59000,,3658.0,13.482174697768471,11.57373830436674,5.278114659230517,3.4011973816621555,Lille,2026
2459E0394902Y,2459E0394902Y,50.614119993111224,3.074548049560359,6939.382852174272,1079.140960225009,2236.034776444914,192.21580540222686,29.816204122070566,D,C,50 Rue Armand Carrel 59000 Lille,50,Rue Armand Carrel,59000.0,Lille,59350_0363_00050,50 Rue Armand Carrel / 60 rue du jardin des plantes,Lille,59000,,3658.0,8.864605368075784,6.957116708519861,5.2832037287379885,3.4011973816621555,Lille,2026
2459E0393970C,2459E0393970C,50.614119993111224,3.074548049560359,8250.12438812328,1160.103634149942,2244.712799541879,205.8611202642369,28.327288528994835,D,C,50 Rue Armand Carrel 59000 Lille,50,Rue Armand Carrel,59000.0,Lille,59350_0363_00050,50 Rue Armand Carrel / 60 rue du jardin des plantes,Lille,59000,,3658.0,8.95360125665005,7.045515218686623,5.267858159063328,3.367295829986474,Lille,2026
2459E1489637D,2459E1489637D,50.63130102611267,3.10340504964049,5605.560786678897,1221.3515232128861,1689.7517456503083,124.18124126224879,26.47013254675544,C,C,65 Rue du Bois d'Annappes 59800 Lille,65,Rue du Bois d'Annappes,59800.0,Lille,59350_0938_00065,65 rue du bois d'Annapes,Lille,59800,,395.0,8.654133766169851,7.128335547893182,4.852030263919617,3.332204510175204,Lille,2026
2459E0395081V,2459E0395081V,50.614119993111224,3.074548049560359,10406.216158421437,1595.8246096492624,3161.3185247143033,192.64214274500833,29.122855329861494,D,C,50 Rue Armand Carrel 59000 Lille,50,Rue Armand Carrel,59000.0,Lille,59350_0363_00050,50 Rue Armand Carrel / 60 rue du jardin des plantes,Lille,59000,,3658.0,9.20978021511762,7.300135147541646,5.225746673713202,3.332204510175204,Lille,2026
2459E1489636C,2459E1489636C,50.63130102611267,3.10340504964049,7981.831344150704,1580.4945058069977,2220.0897783803453,137.46281708148527,26.997221914712014,C,C,65 Rue du Bois d'Annappes 59800 Lille,65,Rue du Bois d'Annappes,59800.0,Lille,59350_0938_00065,65 rue du bois d'Annapes,Lille,59800,,395.0,8.929236614884525,7.402573464602311,4.875197323201151,3.367295829986474,Lille,2026
2159E0236463A,2159E0236463A,50.627665003300564,3.0549860008976375,7419.37413043655,530.104966098353,2172.3487727757806,113.13905956484416,7.641152664480763,E,B,65 Rue de Flandres 59000 Lille,65,Rue de Flandres,59000.0,Lille,59350_3423_00065,"02000007
65 Rue de Flandre",Lille,59000,1978.0,,8.892899877360126,6.320768294250582,4.718498871295094,2.1972245773362196,Lille,2026
2159E0318844N,2159E0318844N,50.627344991171036,3.0549560220828686,7881.895506731855,1581.5410202176686,2274.1707060683593,149.99452705190748,29.81414515931259,D,D,2 Rue de Bone 59000 Lille,2,Rue de Bone,59000.0,Lille,59350_0988_00002,"01720007
2 Rue de Bône",Lille,59000,1989.0,,8.917685957897843,7.372997591126162,4.962844630259907,3.4339872044851463,Lille,2026
2159E0813839U,2159E0813839U,50.6467519904033,3.0570210088482956,3347.2559752965067,217.0639596767191,979.5299752927543,82.26758533799874,5.3306473398015495,D,D,55 Rue Saint Sebastien 59800 Lille,55,Rue Saint Sebastien,59800.0,Lille,59350_8069_00055,55 Rue Saint Sebastien,Lille,59800,2010.0,40.7,8.091994653617684,5.321056853517526,4.398146016553765,1.791759469228055,Lille,2026
2159E0385698V,2159E0385698V,50.62723903216653,3.055497965076419,10006.011399357385,2180.6112636319076,2714.354309738341,199.94082162828124,43.56648046814661,D,D,32 Rue Manuel 59000 Lille,32,Rue Manuel,59000.0,Lille,59350_5846_00032,"01720024
32 Rue Manuel",Lille,59000,1989.0,,9.133383730830374,7.602451259531933,5.225746673713202,3.713572066704308,Lille,2026
2159E0670244X,2159E0670244X,50.631631339392634,3.0878312412795403,3317.3607874630716,282.0320418277037,1051.700617479706,133.19543326857166,11.230426909743274,E,B,24 Rue du Long Pot 59800 Lille,24,Rue du Long Pot,59800.0,Lille,59350_5665_00024,24 RUE DU LONG POT,Lille,59800,1930.0,,8.174731051086807,5.58799744166249,4.966335035199676,2.451005098112319,Lille,2026
2159E0847038R,2159E0847038R,50.63948002091878,3.0681399463277232,18087.437181453195,4111.915477927176,5630.444959491687,377.7268132780927,85.87872986348846,F,F,52 Boulevard Carnot 59800 Lille,52,Boulevard Carnot,59800.0,Lille,59350_1302_00052,52 Boulevard Carnot,Lille,59800,1964.0,47.9,9.778570379329084,8.275681982743842,5.912421339767529,4.418840607796598,Lille,2026
2159E0154362H,2159E0154362H,50.621626008977564,3.044309979703784,29271.946789987935,2505.1590715155444,8806.259625159173,324.9271411384104,27.760361360185886,G,C,8 Rue dâ€™Hondschoote 59000 Lille,8,Rue dâ€™Hondschoote,59000.0,Lille,59350_4523_00008,8 Rue d’Hondschoote,Lille,59000,1947.0,,10.311958139664121,7.761021010434842,5.814130531825066,3.295836866004329,Lille,2026
2159E0668674N,2159E0668674N,50.630347972898136,3.059830944569788,5969.560189029491,443.86590878188747,1751.4605185890146,76.74750126148247,5.116020156545499,C,A,19 Rue dâ€™Inkermann 59000 Lille,19,Rue dâ€™Inkermann,59000.0,Lille,59350_4686_00019,19 Rue d’Inkermann,Lille,59000,1948.0,,8.697880079533732,6.0748861552470546,4.356708826689592,1.791759469228055,Lille,2026
2159E0348187C,2159E0348187C,50.61677482678943,3.029682188031738,25877.788690992566,4950.7820973670605,8035.632009457874,171.4058649747291,32.708860704452235,D,D,35 Rue d’Emmerin 59000 Lille,35,Rue d’Emmerin,59000.0,Lille,59350_3101_00035,35 RUE D'EMMERIN,Lille,59000,1930.0,,10.116402974414717,8.537348697619802,5.105339229565553,3.5467396869528134,Lille,2026
2159E0153113G,2159E0153113G,50.61747598207983,3.0739959824265353,7120.191605065992,1507.809986950554,1928.41228849525,109.5430328900458,23.12945145526983,C,C,5 Rue Armand Carrel 59000 Lille,5,Rue Armand Carrel,59000.0,Lille,59350_0363_00005,5 Rue Armand Carrel,Lille,59000,1995.0,65.0,8.816986624350363,7.273578251817858,4.6520537718869415,3.139832617527748,Lille,2026
2159E0423423U,2159E0423423U,50.631631339392634,3.0878312412795403,8229.631014297478,583.6469411178397,2410.6907057422804,183.86769078045475,13.021929312024312,F,C,24 Rue du Long Pot 59800 Lille,24,Rue du Long Pot,59800.0,Lille,59350_5665_00024,24 RUE DU LONG POT,Lille,59800,1930.0,200.0,8.947741079891864,6.353848165513696,5.152134856369956,2.624668592163159,Lille,2026
2159E0517089I,2159E0517089I,50.65331402867986,3.090020048967506,27772.629333598397,5737.905440243084,8914.238285992253,213.16009926777497,44.02876663961798,E,D,183 Rue du Buisson 59800 Lille,183,Rue du Buisson,59800.0,Lille,59350_1194_00183,183 Rue du Buisson,Lille,59800,1948.0,,10.263425168168308,8.698814503095798,5.3981627015177525,3.8501476017100584,Lille,2026
2159E0868300L,2159E0868300L,50.61814300170248,3.0603300158026054,7161.407685518532,546.4975494569665,2194.2160436604363,149.15571219886633,11.383389330816867,F,F,90 Rue de Bapaume 59000 Lille,90,Rue de Bapaume,59000.0,Lille,59350_0531_00090,90 Rue de Bapaume,Lille,59000,1945.0,48.0,8.959195929246913,6.358015561716921,5.093750200806762,2.5649493574615367,Lille,2026
2159E0508543Q,2159E0508543Q,50.61863198276085,3.078385043851048,10431.5668004455,2572.9373229577586,2908.7303198489567,165.60461538569433,40.84027496758347,D,D,6 Rue Maxime Gorki 59000 Lille,6,Rue Maxime Gorki,59000.0,Lille,59350_6027_00006,6 Rue Maxime Gorki,Lille,59000,1980.0,63.0,9.236836235780148,7.80710329012598,5.099866427824199,3.6888794541139363,Lille,2026
2159E0423107Q,2159E0423107Q,50.631631339392634,3.0878312412795403,5671.096619507001,429.3873570645827,1715.0511624351107,227.75195671560704,17.17971016237776,G,C,24 Rue du Long Pot 59800 Lille,24,Rue du Long Pot,59800.0,Lille,59350_5665_00024,24 RUE DU LONG POT,Lille,59800,1930.0,,8.602765199678197,6.01224708629051,5.392262979390565,2.8507065015037334,Lille,2026
2159E0152866T,2159E0152866T,50.62127700685724,3.0624360191701534,6223.915196924683,1238.10005368676,1943.954649129579,119.68138136706104,23.733547355017766,D,D,22 Rue de Seclin 59000 Lille,22,Rue de Seclin,59000.0,Lille,59350_8259_00022,22 22 rue de seclin 42,Lille,59000,1994.0,52.0,8.770144057779445,7.133295954896068,4.826712455935327,3.2188758248682006,Lille,2026
2159E0958045E,2159E0958045E,50.639797993190236,3.0916809680221364,31254.84310073218,6568.676903314968,9488.530588369633,217.0283809771553,45.61581182857616,D,D,24 Rue Chappe 59800 Lille,24,Rue Chappe,59800.0,Lille,59350_1477_00024,24 rue Chateaubriand,Lille,59800,1945.0,144.0,10.329346616339341,8.820108644508608,5.36410510708604,3.871201010907891,Lille,2026
2159E0151399I,2159E0151399I,50.62082800754649,3.076991033861568,5864.76286263775,1093.8541214755326,1733.9804200990268,133.29006505994886,24.81937988343386,D,D,21 Rue Desaix 59000 Lille,21,Rue Desaix,59000.0,Lille,59350_2441_00021,13 /21 rue Desaix,Lille,59000,1992.0,44.0,8.651898894268529,6.9975959829819265,4.875197323201151,3.250374491927572,Lille,2026
2159E0669951Q,2159E0669951Q,50.631631339392634,3.0878312412795403,5112.33473353776,396.8234050090667,1391.0525614223952,114.23558665848579,8.7914351705138,D,B,24 Rue du Long Pot 59800 Lille,24,Rue du Long Pot,59800.0,Lille,59350_5665_00024,24 RUE DU LONG POT,Lille,59800,1930.0,,8.478847295498749,5.891920416771596,4.686750172980514,2.1972245773362196,Lille,2026
2159E0871584T,2159E0871584T,50.62192500190949,3.0530910354475087,4200.965058485073,318.0153999421925,1188.8239676274484,143.6622353556929,10.285103491015281,E,B,173 Rue des Postes 59000 Lille,173,Rue des Postes,59000.0,Lille,59350_7099_00173,173 Rue des Postes,Lille,59000,1947.0,,8.338688341720408,5.737217250742439,4.969813299576001,2.3978952727983707,Lille,2026
2159E0518044B,2159E0518044B,50.62603198294703,3.102681020548716,16306.750664483408,3253.0938363949417,4996.257468791373,222.546184163176,44.19030477790696,D,D,12 Rue des Forgerons 59260 Lille,12,Rue des Forgerons,59260.0,Lille,59350_3508_00012,12 Rue des Forgerons,Lille,59260,1948.0,,9.63180349338575,8.105820668843606,5.342334251964811,3.828641396489095,Lille,2026
2159E1000712F,2159E1000712F,50.63487402414321,3.048159978505118,20422.742809092808,4559.585668615679,5978.35331051297,226.436756912057,50.415819053593,D,D,21b Rue de Solferino 59000 Lille,21b,Rue de Solferino,59000.0,Lille,59350_8364_00021_b,21b Rue de Solferino,Lille,59000,1948.0,3846.0,9.895616658155559,8.376113381034385,5.3981627015177525,3.8918202981106265,Lille,2026
2159E0319204J,2159E0319204J,50.6272210230546,3.0535929797948773,23097.620842920845,5399.413068377129,6591.684245473382,335.93728669524745,78.4570338328557,F,F,71 Rue de Flandres 59000 Lille,71,Rue de Flandres,59000.0,Lille,59350_3423_00071,"01910002
71 Rue de Flandre",Lille,59000,1989.0,,10.056603411406536,8.549176237269288,5.8289456176102075,4.330733340286331,Lille,2026
2159E0030597C,2159E0030597C,50.61866597663804,3.0568390370605742,9811.388843016268,1517.9164433869987,2928.3857696577343,177.64247455311582,27.020794830411248,D,C,6 Rue Henri Nogueres 59000 Lille,6,Rue Henri Nogueres,59000.0,Lille,59350_4478_00006,"01150003
6 Rue Henri NoguÃ¨res",Lille,59000,1947.0,,9.111502978862362,7.396396641612244,5.10594547390058,3.4011973816621555,Lille,2026
2159E0156588X,2159E0156588X,50.61470232603601,3.027010671172532,26331.376560519737,5795.236144307931,8403.685170581542,346.5068704579572,76.19480386535642,F,F,81 Rue de l’Epinette 59000 Lille,81,Rue de l’Epinette,59000.0,Lille,59350_3141_00081,81 RUE DE L'EPINETTE,Lille,59000,1930.0,,10.195701838972504,8.70237731382367,5.867883485336628,4.383275854074314,Lille,2026
2159E0154330B,2159E0154330B,50.621626008977564,3.044309979703784,8578.478130244357,623.1043482979237,2550.9350649202374,94.41308856276272,6.077090523061674,D,B,8 Rue dâ€™Hondschoote 59000 Lille,8,Rue dâ€™Hondschoote,59000.0,Lille,59350_4523_00008,8 Rue d’Hondschoote,Lille,59000,1947.0,,9.00926403869858,6.423571586162567,4.51085950651685,1.9459101490553132,Lille,2026
2159E0627141C,2159E0627141C,50.635324985152394,3.060089038598184,5376.369145612317,373.14889361431983,1702.8493018271897,111.91621585846586,7.769888466721913,E,E,70 Rue de l'Hopital Militaire 59800 Lille,70,Rue de l'Hopital Militaire,59800.0,Lille,59350_4534_00070,70 Rue de l'Hopital Militaire,Lille,59800,1945.0,48.0,8.614519519245734,5.953762679923971,4.751000634199631,2.1972245773362196,Lille,2026
2159E0512042F,2159E0512042F,50.64454601431432,3.0547380227095173,57044.15440929117,16368.249927910347,16027.05157252407,953.4046898085764,273.57914525827744,G,G,118 Rue Royale 59800 Lille,118,Rue Royale,59800.0,Lille,59350_7649_00118,118 Rue Royale,Lille,59800,1945.0,59.8,10.872845005346976,9.73701375401984,6.7824187876708395,5.648974238161206,Lille,2026
2259E1241552I,2259E1241552I,50.640448022150196,3.060424977981772,5235.558457050465,386.8228611048925,1461.1445463111866,145.5282936201486,10.118306594425647,E,B,17 Rue des Trois Mollettes 59800 Lille,17,Rue des Trois Mollettes,59800.0,Lille,59350_8774_00017,"17 rue des illets 
Appt 1, RDC",Lille,59800,,,8.545897259544592,5.948817972386509,4.969813299576001,2.3978952727983707,Lille,2026
2259E0106312G,2259E0106312G,50.64411598697335,3.090107997516989,6906.205332876241,472.6003689213621,1929.9173536499643,112.4457752410497,6.8920887134365305,D,B,21 Rue Fermat 59800 Lille,21,Rue Fermat,59800.0,Lille,59350_3381_00021,21 Rue Fermat,Lille,59800,1948.0,,8.771819905793663,6.175867270105761,4.663439094112067,2.0794415416798357,Lille,2026
2259E0433648C,2259E0433648C,50.647286967386854,3.003400017821421,9864.326036034985,763.8128484895636,2927.4365656248433,99.72082618112255,6.973640197504819,D,B,662 Avenue de Dunkerque (Lomme) 59000 Lille,662,Avenue de Dunkerque (Lomme),59000.0,Lille,59355_0510_00662,662 Avenue de Dunkerque (Lomme),Lille,59000,1947.0,,9.22913268515532,6.6433990318338525,4.6443908991413725,2.0794415416798357,Lille,2026
2259E1047648M,2259E1047648M,50.64581501505375,2.9845200621005534,19508.745287848356,4453.182105288429,6079.950447742463,205.1135539369811,45.946772806352655,E,D,11 Place du Marechal Leclerc (Lomme) 59000 Lille,11,Place du Marechal Leclerc (Lomme),59000.0,Lille,59355_1380_00011,7-9-11 Place Maréchal Leclerc,Lille,59000,,1809.0,9.939597663548186,8.35831468634875,5.389071729816501,3.8066624897703196,Lille,2026
2259E0742384O,2259E0742384O,50.605390959246606,3.0541009434159734,6804.783134401938,1518.465196765597,1917.869854357037,146.01435620911724,32.06670132547368,D,D,205 Rue Marie Pape Carpantier 59000 Lille,205,Rue Marie Pape Carpantier,59000.0,Lille,59350_5924_00205,205 Rue Marie Pape Carpantier,Lille,59000,2006.0,,8.797654255024677,7.259538276840441,4.962844630259907,3.4339872044851463,Lille,2026
2259E0773300Q,2259E0773300Q,50.61561099298726,3.0301400702768184,19208.63325027003,4318.950132408505,6225.840909098209,362.45024258571505,81.4896251397831,F,F,3 Rue de Norvege 59000 Lille,3,Rue de Norvege,59000.0,Lille,59350_6418_00003,3 rue de Norvège,Lille,59000,1961.0,,9.918834188200067,8.424858580213442,5.9511632503344565,4.465908118654584,Lille,2026
2259E0725095P,2259E0725095P,50.62180095686326,3.092700944586992,6003.386584856509,439.2761673732754,1813.8574207672764,148.46480752502362,10.519065310662725,E,B,18 Rue de Saint Amand 59800 Lille,18,Rue de Saint Amand,59800.0,Lille,59350_7694_00018,18 rue de Saint-Amand,Lille,59800,1948.0,,8.641550127119555,6.0369158100119,4.948759890378168,2.3978952727983707,Lille,2026
2259E0374325L,2259E0374325L,50.61453995745096,3.0286970298979687,14265.36317707601,3107.732930975313,3945.50628720397,153.06183666390567,32.86975831803339,D,D,117 Rue Destailleurs 59000 Lille,117,Rue Destailleurs,59000.0,Lille,59350_2541_00117,117 Rue Destailleurs,Lille,59000,1947.0,,9.518427831204614,8.015162115331742,4.990432586778736,3.4965075614664802,Lille,2026
2259E0949027J,2259E0949027J,50.6272210230546,3.0535929797948773,16114.193715172629,3510.460392707003,4900.782497352128,236.33109800035805,51.49305769874065,D,D,71 Rue de Flandres 59000 Lille,71,Rue de Flandres,59000.0,Lille,59350_3423_00071,71 Rue de Flandre,Lille,59000,,,9.633933503399255,8.114175086951125,5.41610040220442,3.912023005428146,Lille,2026
2259E0361173P,2259E0361173P,50.62227402302085,3.0363940576063415,2339.2185494822556,174.5201373445265,765.96095229065,99.08617408895647,7.258710406486544,D,B,75 Rue dâ€ Isly 59000 Lille,75,Rue dâ€ Isly,59000.0,Lille,59350_4706_00075,"Résidence Haussman
75 Rue d'Isly",Lille,59000,1947.0,,7.777122104144569,5.13167228913909,4.624972813284271,2.0794415416798357,Lille,2026
2259E0257468Y,2259E0257468Y,50.6261189899762,3.1113720125751216,2364.6449397320666,156.88477944098187,690.6701508716092,146.84112168809568,9.31619830409631,E,B,212 Rue Roger Salengro (Hellemmes-Lille) 59260 Lille,212,Rue Roger Salengro (Hellemmes-Lille),59260.0,Lille,59350_7554_00212,212 Rue Roger Salengro (Hellemmes-Lille),Lille,59260,1947.0,,7.763063825121498,5.132262782217954,4.990432586778736,2.3978952727983707,Lille,2026
2259E0206572K,2259E0206572K,50.62733702657398,3.050903966902222,2588.1172656885906,173.21470626932398,834.279237978812,92.36604244377438,5.802837730965628,D,A,12 Rue du Marche 59000 Lille,12,Rue du Marche,59000.0,Lille,59350_5893_00012,12 Rue du Marche,Lille,59000,1947.0,,7.821963844651967,5.19351225218191,4.499809670330265,1.9459101490553132,Lille,2026
2259E0455195V,2259E0455195V,50.62906496334702,3.0508629670797873,3482.3209865585395,283.85077756788473,1024.1756320379955,150.50083818914052,11.64190362880959,E,B,97 Rue de Ratisbonne 59800 Lille,97,Rue de Ratisbonne,59800.0,Lille,59350_7399_00097,97 Rue de Ratisbonne,Lille,59800,1947.0,,8.198006691888496,5.595454597770573,5.062595033026967,2.4849066497880004,Lille,2026
2259E0853444C,2259E0853444C,50.627665003300564,3.0549860008976375,5741.679635551238,423.66334667294365,1707.5841467802722,124.16293906340995,8.589221422664847,E,B,65 Rue de Flandres 59000 Lille,65,Rue de Flandres,59000.0,Lille,59350_3423_00065,65 Rue de Flandre,Lille,59000,1989.0,,8.587688933027936,5.980403599748557,4.762173934797756,2.1972245773362196,Lille,2026
2259E0131575X,2259E0131575X,50.62994402453914,3.0624119430143875,3716.09150064102,238.07642099540934,1015.9918671649634,116.12117038752109,7.436568259562094,D,B,18 Rue Gauthier de Chatillon 59000 Lille,18,Rue Gauthier de Chatillon,59000.0,Lille,59350_3806_00018,18 Rue Gauthier de Chatillon,Lille,59000,1945.0,,8.15283163818649,5.4165447479126865,4.695924549256556,2.0794415416798357,Lille,2026
2259E0301165P,2259E0301165P,50.6247500360745,3.0464230205850553,6666.808211353452,544.5031958810356,2052.2582688612674,127.5454161367718,10.092737643763403,E,B,53 Rue des Sarrazins 59000 Lille,53,Rue des Sarrazins,59000.0,Lille,59350_8224_00053,53 Rue des Sarrazins,Lille,59000,1948.0,,8.876544550558378,6.292494637079263,4.927253685157205,2.3978952727983707,Lille,2026
2259E0241772G,2259E0241772G,50.63508496586541,3.0697890591260655,19067.102145009332,4233.707136703024,5543.997486361448,219.0570285399332,48.6409367727829,D,D,23 Rue du Molinel (Lille) 59800 Lille,21/23,Rue du Molinel (Lille),59800.0,Lille,59350_6170_00023,21/23 Rue du Molinel (Lille),Lille,59800,1900.0,87.0,9.794804857880996,8.2732855507493,5.333201768401539,3.828641396489095,Lille,2026
2259E0418846U,2259E0418846U,50.62854200503776,3.0614320143716016,10224.937147438815,2191.7435031855384,3051.6810977876903,345.11374210659415,74.02752483618224,G,E,57 Rue Nicolas Leblanc 59000 Lille,57,Rue Nicolas Leblanc,59000.0,Lille,59350_6394_00057,57 Rue Nicolas Leblanc,Lille,59000,1947.0,361.0,9.266541105164148,7.636993279686436,5.8805329864007,4.2626798770413155,Lille,2026
2259E0358696I,2259E0358696I,50.63892796875239,3.0648810058422993,2429.57480771289,177.83635146704802,764.5462268708351,120.68673369576602,8.632832595487768,D,B,29 Rue de la Clef 59800 Lille,29,Rue de la Clef,59800.0,Lille,59350_1726_00029,29 Rue de la Clef,Lille,59800,1947.0,,7.854691600970679,5.2278949022514904,4.859812404361672,2.302585092994046,Lille,2026
2259E1100064M,2259E1100064M,50.625615999283774,3.1004029459139364,10298.042323517475,2167.9767797912373,2977.5009133705908,171.0936503440605,35.06756044583293,D,D,21 Rue Dordin 59260 Lille,21,Rue Dordin,59260.0,Lille,59350_2769_00021,"21 Rue Dordin
Maison n°9",Lille,59260,,,9.185196907767493,7.680083257416523,5.093750200806762,3.58351893845611,Lille,2026
2259E1460229Z,2259E1460229Z,50.62443400395347,3.0652709922688515,7160.3623527263335,520.426255639316,2208.656185251592,128.56263756113478,9.347108961791744,E,B,162 Rue Barthelemy Delespaul 59000 Lille,162,Rue Barthelemy Delespaul,59000.0,Lille,59350_0594_00162,162 Rue Barthelemy Delespaul,Lille,59000,1945.0,55.7,8.865015062294232,6.21879930304066,4.852811208902689,2.302585092994046,Lille,2026
2259E0176566I,2259E0176566I,50.64032497701883,3.0578049952502995,4207.685505541871,283.5971935946078,1112.344141904608,104.27699835609873,6.151782941314703,D,B,40 Rue Royale 59800 Lille,40,Rue Royale,59800.0,Lille,59350_7649_00040,40 Rue Royale,Lille,59800,1948.0,,8.262223519435576,5.62618122863265,4.574710978503383,1.9459101490553132,Lille,2026
2259E1241613R,2259E1241613R,50.640448022150196,3.060424977981772,5093.710724050886,384.30745501088336,1641.1126472999524,141.58547477729593,10.052509940122505,E,B,17 Rue des Trois Mollettes 59800 Lille,17,Rue des Trois Mollettes,59800.0,Lille,59350_8774_00017,"17 rue des illets 
Appt 1, RDC",Lille,59800,,,8.545897259544592,5.948817972386509,4.969813299576001,2.3978952727983707,Lille,2026
2259E0257217H,2259E0257217H,50.6261189899762,3.1113720125751216,2042.3713782743137,145.60339549393112,666.8113114382173,127.63603213144506,8.661140511866359,D,B,212 Rue Roger Salengro (Hellemmes-Lille) 59260 Lille,212,Rue Roger Salengro (Hellemmes-Lille),59260.0,Lille,59350_7554_00212,212 Rue Roger Salengro (Hellemmes-Lille),Lille,59260,1947.0,,7.648358400698378,5.025852259901116,4.882801922586371,2.302585092994046,Lille,2026
2259E0329619Z,2259E0329619Z,50.63796800829512,3.056407049914365,11832.702377982749,2529.994355324139,3457.7717478733466,185.5496094585961,39.237871965038835,D,D,3 Square des Madelonnettes 59800 Lille,3,Square des Madelonnettes,59800.0,Lille,59350_5775_00003,29/3 Square des Madelonnettes,Lille,59800,1978.0,,9.308682314974863,7.7776669376694985,5.159055299214529,3.6375861597263857,Lille,2026
2159E1038379Y,2159E1038379Y,50.632154988451155,3.057660980676163,3550.2162970232066,267.05035857598256,1069.537129879831,125.32350126252886,9.429004422062938,E,B,74 Rue Jean Sans Peur 59800 Lille,74,Rue Jean Sans Peur,59800.0,Lille,59350_4954_00074,74 Rue Jean Sans Peur,Lille,59800,1961.0,28.3,8.202400251417785,5.544786743165743,4.86599480426999,2.302585092994046,Lille,2026
2459E2932643J,2459E2932643J,50.61362996938978,3.073821058552619,9558.57494282717,847.5374934284981,3167.7634434358984,176.95042372195914,14.652414062730271,D,C,60 Rue du Jardin des Plantes 59000 Lille,60,Rue du Jardin des Plantes,59000.0,Lille,59350_4797_00060,50 Rue Armand Carrel / 60 rue du jardin des plantes,Lille,59000,1991.0,3658.0,9.20978021511762,6.698021414577845,5.225746673713202,2.70805020110221,Lille,2026
2459E3241492E,2459E3241492E,50.617724004193235,3.092508067262955,7245.803648500191,1427.0367648894612,2157.8088256278866,102.5150166138446,19.851662584537262,C,C,290 Allee des Peupliers 59000 Lille,290,Allee des Peupliers,59000.0,Lille,59350_4p7ft1_00290,278-290 Rue des Peupliers,Lille,59800,,3466.0,8.833025307284364,7.271495207042987,4.584967478670572,3.044522437723423,Lille,2026
2559E0892408V,2559E0892408V,50.629739015168475,3.0532409545662875,10212.353416307209,690.280877237705,2964.1733310124782,184.59467145421507,12.053798787619993,F,C,50 Rue Ratisbonne 59800 Lille,50,Rue Ratisbonne,59800.0,Lille,59350_7399_00050,30 bis Rue Ratisbonne,Lille,59800,,226.0,9.166587001836207,6.53407949336338,5.159055299214529,2.5649493574615367,Lille,2026
2459E3239404W,2459E3239404W,50.632316991637744,3.1020130532794306,7737.937962387489,1827.0972574316509,2530.41211817672,93.50126428370089,21.28367706251559,C,C,Rue Desaugiers 59800 Lille,,Rue Desaugiers,59800.0,Lille,59350_2444,190 -216 Rue des Peupliers,Lille,59800,,2346.0,9.011157458106817,7.4488578936323995,4.605170185988092,3.044522437723423,Lille,2026
2459E3617565N,2459E3617565N,50.627361959678865,3.0535019873040365,7359.561909011936,1692.3647243265068,2388.2493556508575,91.45034666957633,20.978861092432215,C,C,56 Rue de Flandre 59000 Lille,56,Rue de Flandre,59000.0,Lille,59350_3423_00056,54-56 rue de Flandre et 17 rue de la vielle aventure,Lille,59000,1997.0,3387.3,8.952437142280175,7.386718649599344,4.574710978503383,3.044522437723423,Lille,2026
2559E1375554J,2559E1375554J,50.62928201175829,3.055362938647215,58716.43309718571,9025.011944550706,16117.765974673472,231.21461209623808,35.450780671522146,E,D,9 Rue Henri Kolb 59000 Lille,9,Rue Henri Kolb,59000.0,Lille,59350_4469_00009,9 Henri Kolb,Lille,59000,1948.0,254.0,10.90499037699146,9.112065802707843,5.372496764722288,3.6000482404073204,Lille,2026
2559E0156383E,2559E0156383E,50.637000965027894,3.0224240346094837,119917.9568443629,8746.064548067232,35080.57856937659,118.28167331461279,8.535591976297269,E,B,38 Rue du Marais de Lomme 59000 Lille,38,Rue du Marais de Lomme,59000.0,Lille,59350_5860_00038,38 Rue du Marais de Lomme,Lille,59000,1978.0,1014.0,11.62289225543633,8.999100687664797,4.7104306966455844,2.186051276738094,Lille,2026
2459E3241450O,2459E3241450O,50.617724004193235,3.092508067262955,10020.774042987996,2157.366759878772,2797.1306732681046,111.88640158825389,23.293123634340887,C,C,290 Allee des Peupliers 59000 Lille,290,Allee des Peupliers,59000.0,Lille,59350_4p7ft1_00290,278-290 Rue des Peupliers,Lille,59800,,3466.0,9.177166141944873,7.620018576734313,4.6913478822291435,3.1354942159291497,Lille,2026
2459E3207264S,2459E3207264S,50.632316991637744,3.1020130532794306,9558.378877689758,1985.0173317598876,2786.224407432883,107.27140573301195,21.484985387541833,C,C,Rue Desaugiers 59800 Lille,,Rue Desaugiers,59800.0,Lille,59350_2444,342-356 Rue des Peupliers,Lille,59800,,2624.0,9.1720464292385,7.61756290043519,4.6913478822291435,3.1354942159291497,Lille,2026
2459E3628624W,2459E3628624W,50.649787960212905,3.0976100566550615,8261.393284385958,1877.799358349193,2558.7901442434877,117.38993571200332,25.80133085268256,C,C,74c Rue Emile Vandenberghe 59800 Lille,74c,Rue Emile Vandenberghe,59800.0,Lille,59350_3092_00074_c,74C Rue Émile Vandenberghe,Lille,59800,1976.0,2264.1,8.99890303479201,7.466055916772316,4.7535901911063645,3.2188758248682006,Lille,2026
2459E2932485H,2459E2932485H,50.61362996938978,3.073821058552619,5276.176946804857,397.1433665285574,1468.3482838756117,228.7761613276005,16.853313107801988,D,C,60 Rue du Jardin des Plantes 59000 Lille,60,Rue du Jardin des Plantes,59000.0,Lille,59350_4797_00060,50 Rue Armand Carrel / 60 rue du jardin des plantes,Lille,59000,1991.0,3658.0,8.504391599579028,5.995456568377519,5.3706380281276624,2.8903717578961645,Lille,2026
2459E1949412U,2459E1949412U,50.63391700057749,3.0271899382914853,7846.280888350918,1665.4250713661845,2401.0134626666536,112.91328444927122,23.959952862589756,C,C,24 Quai de l'Ouest 59000 Lille,24,Quai de l'Ouest,59000.0,Lille,59350_6530_00024,24 Quai de l'Ouest,Lille,59000,2012.0,69.5,8.931736963457606,7.37757139064755,4.699570861409576,3.1780538303479458,Lille,2026
2459E4617254C,2459E4617254C,50.63442795576693,3.0507580524534044,1847.537365507897,130.5177876404079,571.1537703030867,34.13097329545763,2.3678843911539897,B,A,13 Square Rameau 59800 Lille,13,Square Rameau,59800.0,Lille,59350_7364_00013,13 Square Rameau,Lille,59800,,485.1,7.529997046026308,4.933034048072704,3.5667118201397288,1.252762968495368,Lille,2026
2459E3617641L,2459E3617641L,50.627361959678865,3.0535019873040365,7874.868770950597,1624.7394867210535,2388.096644589101,83.59952430498012,16.516825584558646,C,C,56 Rue de Flandre 59000 Lille,56,Rue de Flandre,59000.0,Lille,59350_3423_00056,54-56 rue de Flandre et 17 rue de la vielle aventure,Lille,59000,1997.0,3387.3,8.939974177289633,7.361947057180535,4.406719247264253,2.833213344056216,Lille,2026
2559E0908873C,2559E0908873C,50.62214203504134,3.069396950299966,3830.7164252086936,763.87295228232,1104.465099483667,96.01284134794169,19.139355708632742,C,C,15 Rue Victor Duruy 59000 Lille,15,Rue Victor Duruy,59000.0,Lille,59350_9114_00015,15 Rue Victor Duruy,Lille,59000,2014.0,39.9,8.166216268592143,6.578417531261524,4.490881039585964,2.9444389791664403,Lille,2026
2459E2932329H,2459E2932329H,50.61362996938978,3.073821058552619,6722.469073548626,572.3021275343017,2046.8156768275885,191.61478245928166,16.336902837732072,D,C,60 Rue du Jardin des Plantes 59000 Lille,60,Rue du Jardin des Plantes,59000.0,Lille,59350_4797_00060,50 Rue Armand Carrel / 60 rue du jardin des plantes,Lille,59000,1991.0,3658.0,8.841072179179836,6.3306117741784975,5.288267030694535,2.833213344056216,Lille,2026
2459E3628551B,2459E3628551B,50.649787960212905,3.0976100566550615,8602.136804635367,1718.7039905549998,2500.1731739759784,125.54321662925368,24.384314036589863,C,C,74c Rue Emile Vandenberghe 59800 Lille,74c,Rue Emile Vandenberghe,59800.0,Lille,59350_3092_00074_c,74C Rue Émile Vandenberghe,Lille,59800,1976.0,2264.1,9.006361989922985,7.474828902286714,4.787491742782046,3.258096538021482,Lille,2026
2459E3341603P,2459E3341603P,50.63687203613646,3.0610459545515423,55334.30558604701,4396.899690708283,15807.46448960605,87.85451712841189,6.900589313350552,D,B,19 Rue Saint-Étienne 59800 Lille,19,Rue Saint-Étienne,59800.0,Lille,59350_7759_00019,19 Rue Saint-Étienne,Lille,59800,1945.0,630.0,10.889311809717615,8.28185053264503,4.455509411433685,1.9740810260220096,Lille,2026
2459E3657647D,2459E3657647D,50.62496798536364,3.0552800246311302,48025.88230509144,3992.4108443957466,15765.53726971147,141.29686631936033,11.70485733942389,F,C,110 Rue des Postes 59000 Lille,110,Rue des Postes,59000.0,Lille,59350_7099_00110,110 des Postes,Lille,59000,1945.0,340.0,10.808828554324027,8.239355833679381,4.987025428457122,2.4932054526026954,Lille,2026
2459E3617596S,2459E3617596S,50.627361959678865,3.0535019873040365,10290.861734119333,2120.5487768731523,3171.9986194245644,86.55144898794683,17.906481823387438,C,C,56 Rue de Flandre 59000 Lille,56,Rue de Flandre,59000.0,Lille,59350_3423_00056,54-56 rue de Flandre et 17 rue de la vielle aventure,Lille,59000,1997.0,3387.3,9.185094356286559,7.6079773732140445,4.418840607796598,2.8903717578961645,Lille,2026
2459E2932405F,2459E2932405F,50.61362996938978,3.073821058552619,10309.670817307686,798.3334121586939,2989.643197762858,190.85487433725478,13.801763114623013,D,C,60 Rue du Jardin des Plantes 59000 Lille,60,Rue du Jardin des Plantes,59000.0,Lille,59350_4797_00060,50 Rue Armand Carrel / 60 rue du jardin des plantes,Lille,59000,1991.0,3658.0,9.20978021511762,6.698021414577845,5.225746673713202,2.70805020110221,Lille,2026
2459E3007649F,2459E3007649F,50.62701600107826,3.1095309798385733,6087.6013012313315,1349.1524091165727,1778.9357153016704,137.3505370114998,30.28283271236889,C,C,Rue Roger Salengro 59260 Lille,,Rue Roger Salengro,59260.0,Lille,59350_7554,"336 Rue Roger Salengro
SQUARE FLANDRE",Lille,59260,,1824.0,8.689481247231818,7.164720378771857,4.90527477843843,3.4011973816621555,Lille,2026
2459E4279224Y,2459E4279224Y,50.62144400753086,3.074499950820299,20882.64811194314,4509.164906659216,5726.688443980291,297.9484295270699,64.16419224274802,E,E,Rue de Trévise 59000 Lille,,Rue de Trévise,59000.0,Lille,59350_8749,72 Rue de Trévise,Lille,59000,,1805.0,9.87742587820827,8.363529059871832,5.631211781821365,4.127134385045092,Lille,2026
2459E3008863X,2459E3008863X,50.62701600107826,3.1095309798385733,7917.741934303918,1655.5441401647704,2211.787499975006,151.6458540236695,31.022063838190576,D,D,Rue Roger Salengro 59260 Lille,,Rue Roger Salengro,59260.0,Lille,59350_7554,"336 Rue Roger Salengro
SQUARE FLANDRE",Lille,59260,,1000.0,8.904209155855872,7.379008127628304,4.955827057601261,3.4339872044851463,Lille,2026
2459E3207258M,2459E3207258M,50.632316991637744,3.1020130532794306,5644.577979336935,1191.8638575803502,1766.6079445718851,92.17617671456962,19.50677344648691,C,C,Rue Desaugiers 59800 Lille,,Rue Desaugiers,59800.0,Lille,59350_2444,342-356 Rue des Peupliers,Lille,59800,,2624.0,8.668797775548132,7.109062135687172,4.564348191467836,3.044522437723423,Lille,2026
2459E3617590M,2459E3617590M,50.627361959678865,3.0535019873040365,14945.09430615911,3365.346752674347,4731.352622796204,127.57899622427944,28.139222174044587,C,C,56 Rue de Flandre 59000 Lille,56,Rue de Flandre,59000.0,Lille,59350_3423_00056,54-56 rue de Flandre et 17 rue de la vielle aventure,Lille,59000,1997.0,3387.3,9.631002747730657,8.080268375489782,4.875197323201151,3.332204510175204,Lille,2026
2559E0379933G,2559E0379933G,50.63340295794164,3.064403988131798,6018.346532844845,493.6217616871595,1880.6316597002576,162.50810402850405,12.757831445715947,F,C,28 Rue d'Amiens 59800 Lille,28,Rue d'Amiens,59800.0,Lille,59350_0247_00028,28 Rue d'Amiens,Lille,59800,,,8.72999545546378,6.142682358850603,5.123963979403259,2.5649493574615367,Lille,2026
2559E0249798B,2559E0249798B,50.64386498410415,3.062140062801252,963195.4685562081,64010.450924886536,262387.2046594239,118.66077387394851,7.868076796921481,E,B,Rue du Pont Neuf 59800 Lille,,Rue du Pont Neuf,59800.0,Lille,59350_7034,Rue du Pont Neuf,Lille,59800,1948.0,8120.0,13.715768562154883,11.10813712780094,4.722953221644475,2.2192034840549946,Lille,2026
2459E3241537X,2459E3241537X,50.617724004193235,3.092508067262955,10860.087672533156,2344.086300975642,3062.5139136399875,119.77237256653773,25.635483297246815,C,C,290 Allee des Peupliers 59000 Lille,290,Allee des Peupliers,59000.0,Lille,59350_4p7ft1_00290,278-290 Rue des Peupliers,Lille,59800,,3466.0,9.207837241758064,7.651643101245266,4.709530201312334,3.1780538303479458,Lille,2026
2459E3628594S,2459E3628594S,50.649787960212905,3.0976100566550615,6992.839927313728,1473.4419686373494,2187.139670014583,98.94081422971729,20.384927426961156,C,C,74c Rue Emile Vandenberghe 59800 Lille,74c,Rue Emile Vandenberghe,59800.0,Lille,59350_3092_00074_c,74C Rue Émile Vandenberghe,Lille,59800,1976.0,2264.1,8.86343186645303,7.325741667643973,4.61512051684126,3.091042453358316,Lille,2026
2459E3628532I,2459E3628532I,50.649787960212905,3.0976100566550615,7703.106957296714,1731.2832063250275,2608.629541508463,112.47161204808683,24.90917124921184,C,C,74c Rue Emile Vandenberghe 59800 Lille,74c,Rue Emile Vandenberghe,59800.0,Lille,59350_3092_00074_c,74C Rue Émile Vandenberghe,Lille,59800,1976.0,2264.1,9.030818891307547,7.500031849157108,4.812184355372417,3.295836866004329,Lille,2026
2459E3628572W,2459E3628572W,50.649787960212905,3.0976100566550615,7513.0094505107,1599.8797974955698,2237.5987930764622,106.74921072052715,22.23084480077216,C,C,74c Rue Emile Vandenberghe 59800 Lille,74c,Rue Emile Vandenberghe,59800.0,Lille,59350_3092_00074_c,74C Rue Émile Vandenberghe,Lille,59800,1976.0,2264.1,8.85922139360813,7.321386949756695,4.61512051684126,3.091042453358316,Lille,2026
2559E0213579A,2559E0213579A,50.62284803329294,3.0607000644005216,3464.422717908685,192.95554740080567,995.240603688119,54.033133971497996,3.0117931436129917,C,A,Rue de Wazemmes 59000 Lille,,Rue de Wazemmes,59000.0,Lille,59350_9329,143 Rue de Wazemmes,Lille,59000,2017.0,64.1,8.117998383821432,5.263725921778417,3.975936331171799,1.3862943611198906,Lille,2026
2559E1106513Q,2559E1106513Q,50.63204003856591,3.0649110512409976,1071893.5389628997,95356.215511437,317535.7097744755,287.0789142314961,25.501630046536018,E,C,46 Rue du Plat 59800 Lille,46,Rue du Plat,59800.0,Lille,59350_6934_00046,46 Rue du Plat,Lille,59800,,3733.7,13.805288288139055,11.425316454888058,5.583872177983643,3.2386784521643803,Lille,2026
2459E3007620C,2459E3007620C,50.62701600107826,3.1095309798385733,8092.915610355621,1607.2767152012584,2354.5813957823966,183.28612665001407,36.005727275628026,D,D,Rue Roger Salengro 59260 Lille,,Rue Roger Salengro,59260.0,Lille,59350_7554,"336 Rue Roger Salengro
SQUARE FLANDRE",Lille,59260,,1824.0,8.958308543568188,7.4367940321674855,5.176149732573829,3.6635616461296463,Lille,2026
2459E2077597Z,2459E2077597Z,50.63031003124145,3.038762961724594,25458.211728797236,5362.539837210184,8502.357810983172,120.24770357103532,25.32127602800162,C,C,19 Rue Lestiboudois 59800 Lille,19,Rue Lestiboudois,59800.0,Lille,59350_5578_00019,19 Rue Lestiboudois,Lille,59800,1930.0,,10.181990121970616,8.574612682283725,4.8346933442663405,3.258096538021482,Lille,2026
2459E2932386M,2459E2932386M,50.61362996938978,3.073821058552619,7367.261024634196,611.1426092345497,2106.6223880568086,209.9936947438922,17.445640941575014,D,C,60 Rue du Jardin des Plantes 59000 Lille,60,Rue du Jardin des Plantes,59000.0,Lille,59350_4797_00060,50 Rue Armand Carrel / 60 rue du jardin des plantes,Lille,59000,1991.0,3658.0,8.841072179179836,6.3306117741784975,5.288267030694535,2.833213344056216,Lille,2026
2459E3991544I,2459E3991544I,50.63270800306212,3.043003971376429,110980.61825371836,7887.816967315648,31682.65729220712,165.15797688646998,11.703277187416498,F,C,10 Rue Philippe-Laurent Roland 59800 Lille,10,Rue Philippe-Laurent Roland,59800.0,Lille,59350_6808_00010,10 Rue Philippe-Laurent Roland,Lille,59800,1971.0,672.0,11.609473968644059,9.014763348379779,5.105339229565553,2.580216829592325,Lille,2026
2459E2932205N,2459E2932205N,50.61362996938978,3.073821058552619,4721.898035733407,364.38065980692187,1399.7244819061725,236.02048091430999,18.188718459580127,D,C,60 Rue du Jardin des Plantes 59000 Lille,60,Rue du Jardin des Plantes,59000.0,Lille,59350_4797_00060,50 Rue Armand Carrel / 60 rue du jardin des plantes,Lille,59000,1991.0,3658.0,8.398950049927397,5.890538628518022,5.407171771460119,2.9444389791664403,Lille,2026
2459E3617557F,2459E3617557F,50.627361959678865,3.0535019873040365,7510.9567520630035,1646.3772891505957,2392.5355104933205,71.42855096279399,15.719706771011417,C,C,56 Rue de Flandre 59000 Lille,56,Rue de Flandre,59000.0,Lille,59350_3423_00056,54-56 rue de Flandre et 17 rue de la vielle aventure,Lille,59000,1997.0,3387.3,8.946010176331724,7.360103972989152,4.30406509320417,2.772588722239781,Lille,2026
2459E2609215V,2459E2609215V,50.636197959759556,3.013734935377351,11368.845599102588,1959.2722482446582,3491.995990072951,129.8910436562061,21.602812775983317,C,C,24 Rue James Watt 59160 Lille,24,Rue James Watt,59160.0,Lille,59350_9485_00024,24 Rue James Watt,Lille,59160,,,9.284213316513078,7.5525521986010355,4.820281565605037,3.091042453358316,Lille,2026
2459E3241385B,2459E3241385B,50.617724004193235,3.092508067262955,9897.876066420793,1978.743647516757,2864.014330031949,138.59015420392956,27.844417594968938,C,C,290 Allee des Peupliers 59000 Lille,290,Allee des Peupliers,59000.0,Lille,59350_4p7ft1_00290,278-290 Rue des Peupliers,Lille,59800,,3466.0,9.14385863067535,7.596291846984399,4.882801922586371,3.367295829986474,Lille,2026
2459E3239377V,2459E3239377V,50.632316991637744,3.1020130532794306,8181.949154588081,1630.3267700598217,2409.753495315132,99.3249932885565,19.15303816925531,C,C,Rue Desaugiers 59800 Lille,,Rue Desaugiers,59800.0,Lille,59350_2444,190 -216 Rue des Peupliers,Lille,59800,,2346.0,8.954712367875473,7.3891314945228395,4.553876891600541,2.995732273553991,Lille,2026
2459E1831481Z,2459E1831481Z,50.62854401266411,3.035637977491847,178589.05505610205,13911.113341361739,53493.66473871196,79.41913101469784,6.15116192744072,D,A,2 Rue Michel Servet 59000 Lille,2,Rue Michel Servet,59000.0,Lille,59350_6109_00002,2 Rue Michel Servet,Lille,59000,1989.0,2250.0,12.126046812714256,9.498829618575245,4.420044701861403,1.9315214116032138,Lille,2026
2459E3628552C,2459E3628552C,50.649787960212905,3.0976100566550615,8796.312900621051,1959.961489433354,2499.621957888145,128.29003124424534,28.651185609618356,C,C,74c Rue Emile Vandenberghe 59800 Lille,74c,Rue Emile Vandenberghe,59800.0,Lille,59350_3092_00074_c,74C Rue Émile Vandenberghe,Lille,59800,1976.0,2264.1,9.015407627387022,7.484143898931887,4.795790545596741,3.295836866004329,Lille,2026
2559E0201545E,2559E0201545E,50.62103596603701,3.0432179986255443,10791.148543406991,2639.614641942089,3519.689400246113,283.3701683678075,69.3181802487767,E,E,195 Rue d'Iéna 59000 Lille,195,Rue d'Iéna,59000.0,Lille,59350_4658_00195,"195 B D'IENA - CITE D'IENA, Porte 005",Lille,59000,1948.0,,9.304513541993433,7.798974326427269,5.66815529701305,4.174387269895637,Lille,2026
2459E3207304G,2459E3207304G,50.632316991637744,3.1020130532794306,9560.262429224818,1963.321078561268,2525.788503489248,123.399087851233,25.409677461966368,C,C,Rue Desaugiers 59800 Lille,,Rue Desaugiers,59800.0,Lille,59350_2444,342-356 Rue des Peupliers,Lille,59800,,2624.0,9.077448774638999,7.525855585219171,4.736198448394496,3.2188758248682006,Lille,2026
2459E2932662C,2459E2932662C,50.61362996938978,3.073821058552619,5227.801574106201,451.21180818412535,1611.8671642402437,217.31253602166953,18.53249755769541,D,C,60 Rue du Jardin des Plantes 59000 Lille,60,Rue du Jardin des Plantes,59000.0,Lille,59350_4797_00060,50 Rue Armand Carrel / 60 rue du jardin des plantes,Lille,59000,1991.0,3658.0,8.537191877922927,6.028037527338822,5.3612921657094255,2.8903717578961645,Lille,2026
2459E3241474M,2459E3241474M,50.617724004193235,3.092508067262955,6123.04138541592,1283.926202239215,2015.036846589189,99.54419300177297,20.42609867198751,C,C,290 Allee des Peupliers 59000 Lille,290,Allee des Peupliers,59000.0,Lille,59350_4p7ft1_00290,278-290 Rue des Peupliers,Lille,59800,,3466.0,8.744344700127984,7.186144304522325,4.634728988229636,3.091042453358316,Lille,2026
2459E3241527N,2459E3241527N,50.617724004193235,3.092508067262955,9769.355706494507,2056.607890586743,2776.6452935873244,108.41531550498048,22.739796749715204,C,C,290 Allee des Peupliers 59000 Lille,290,Allee des Peupliers,59000.0,Lille,59350_4p7ft1_00290,278-290 Rue des Peupliers,Lille,59800,,3466.0,9.155102465721567,7.5962416146598875,4.663439094112067,3.1354942159291497,Lille,2026
2459E4279046C,2459E4279046C,50.62144400753086,3.074499950820299,25685.672714333414,5505.181370927352,7919.963797064134,346.2827210778156,73.68405511190352,F,F,Rue de Trévise 59000 Lille,,Rue de Trévise,59000.0,Lille,59350_8749,72 Rue de Trévise,Lille,59000,,1805.0,10.141283235182652,8.63132512546115,5.8377304471659395,4.330733340286331,Lille,2026
2459E2932432G,2459E2932432G,50.61362996938978,3.073821058552619,10122.595485101609,765.9381888549246,3136.779693658101,190.30528888498412,14.406360918901404,D,C,60 Rue du Jardin des Plantes 59000 Lille,60,Rue du Jardin des Plantes,59000.0,Lille,59350_4797_00060,50 Rue Armand Carrel / 60 rue du jardin des plantes,Lille,59000,1991.0,3658.0,9.194353256348734,6.682734967655067,5.225746673713202,2.772588722239781,Lille,2026
2259E3241840M,2259E3241840M,50.64259102378946,3.056088065944645,11361.65916412923,812.9470120921153,3087.6203665194234,167.1037408589329,11.923359894131416,F,C,Rue Royale 59800 Lille,,Rue Royale,59800.0,Lille,59350_7649,3/ 5/ 7 ROYALE,Lille,59800,1945.0,193.0,9.26741044858118,6.674435121216367,5.054333149361975,2.533696813957432,Lille,2026
2559E1034918Z,2559E1034918Z,50.64787301590285,3.086033935172902,16034.350392037064,5142.030791237004,5290.903752433335,178.57307485268674,56.87621112797998,E,E,148 Rue de La Louvière 59800 Lille,148,Rue de La Louvière,59800.0,Lille,59350_5279_00148,"148 Rue de La Louvière
rés. du Ballon",Lille,59800,1963.0,1001.0,9.739296637814455,8.49351506406166,5.247024072160486,4.007333185232471,Lille,2026
2459E3240046O,2459E3240046O,50.632316991637744,3.1020130532794306,4164.184288039515,810.2700277018005,1152.7186337074381,115.50541994767507,21.71247333671085,C,C,Rue Desaugiers 59800 Lille,,Rue Desaugiers,59800.0,Lille,59350_2444,392-406 Rue des Peupliers,Lille,59800,,2918.0,8.267346257267478,6.71174039505618,4.6913478822291435,3.1354942159291497,Lille,2026
2559E0164240J,2559E0164240J,50.633236997760264,3.0678230210417263,7109987.179394696,698362.0209043609,2054471.7580409816,329.267200976298,32.27726196579987,E,D,Rue Pierre Mauroy 59800 Lille,,Rue Pierre Mauroy,59800.0,Lille,59350_6895,Rue Pierre Mauroy,Lille,59800,1970.0,21592.8,15.750023837290493,13.403131402824416,5.772997543677674,3.4531571205928664,Lille,2026
2459E3207256K,2459E3207256K,50.632316991637744,3.1020130532794306,8447.562879219546,1560.5993875280133,2415.8143998519963,116.85952899557957,21.33613856811764,C,C,Rue Desaugiers 59800 Lille,,Rue Desaugiers,59800.0,Lille,59350_2444,342-356 Rue des Peupliers,Lille,59800,,2624.0,8.981266772631171,7.428511431425036,4.709530201312334,3.1780538303479458,Lille,2026
2559E0075120R,2559E0075120R,50.643672010340985,3.0529050110905978,580542.8968039845,133106.01614926066,175004.41213808325,195.29724510070542,44.69416671717748,D,D,Façade de l'Esplanade 59800 Lille,,Façade de l'Esplanade,59800.0,Lille,59350_3189,70-72 Façade de l'Esplanade,Lille,59800,1960.0,2973.0,13.251563478513672,11.755604156828834,5.259576538231606,3.7796338173824005,Lille,2026
2459E2932445T,2459E2932445T,50.61362996938978,3.073821058552619,5254.4317991623475,453.0121294920228,1614.8259169337557,209.59041879387107,18.02716807435484,D,C,60 Rue du Jardin des Plantes 59000 Lille,60,Rue du Jardin des Plantes,59000.0,Lille,59350_4797_00060,50 Rue Armand Carrel / 60 rue du jardin des plantes,Lille,59000,1991.0,3658.0,8.568969369196834,6.059590376155582,5.351858133476067,2.8903717578961645,Lille,2026
2459E3617573V,2459E3617573V,50.627361959678865,3.0535019873040365,7218.37048728059,1539.4476289715126,2234.4340813602907,69.01210567349678,14.441347363710248,C,C,56 Rue de Flandre 59000 Lille,56,Rue de Flandre,59000.0,Lille,59350_3423_00056,54-56 rue de Flandre et 17 rue de la vielle aventure,Lille,59000,1997.0,3387.3,8.898734391405029,7.308810678601601,4.2626798770413155,2.70805020110221,Lille,2026
2459E3817009L,2459E3817009L,50.630217043452106,3.003616996671071,18375.038464106954,3828.796847851614,5381.883914078584,305.9078133465953,63.2928727328347,F,E,2 Rue Auguste Lamy 59160 Lille,2,Rue Auguste Lamy,59160.0,Lille,59350_9380_00002,"2 Rue Auguste Lamy
BATIMENT B - MYOSOTIS",Lille,59160,,957.4,9.765402952635224,8.197153202856331,5.673323267171493,4.110873864173311,Lille,2026
2459E4279304A,2459E4279304A,50.62144400753086,3.074499950820299,29580.472458085915,6491.96357822132,8626.178373355371,301.6192739169243,65.7778805088525,E,E,Rue de Trévise 59000 Lille,,Rue de Trévise,59000.0,Lille,59350_8749,72 Rue de Trévise,Lille,59000,,1805.0,10.248700052955353,8.735332241075586,5.666426688112432,4.1588830833596715,Lille,2026
2459E2932451Z,2459E2932451Z,50.61362996938978,3.073821058552619,6951.466203198306,620.6860650339938,2166.7027605001754,192.55050534579817,16.22567266558018,D,C,60 Rue du Jardin des Plantes 59000 Lille,60,Rue du Jardin des Plantes,59000.0,Lille,59350_4797_00060,50 Rue Armand Carrel / 60 rue du jardin des plantes,Lille,59000,1991.0,3658.0,8.864605368075784,6.35402215420487,5.2832037287379885,2.772588722239781,Lille,2026
2459E3240004Y,2459E3240004Y,50.632316991637744,3.1020130532794306,8505.425372035115,1713.8338438690457,2510.455702624272,108.7069964039282,21.301201894679192,C,C,Rue Desaugiers 59800 Lille,,Rue Desaugiers,59800.0,Lille,59350_2444,392-406 Rue des Peupliers,Lille,59800,,2918.0,8.994656428475816,7.432838774494828,4.6443908991413725,3.091042453358316,Lille,2026
2459E3007631N,2459E3007631N,50.62701600107826,3.1095309798385733,7687.5825312719035,1496.641703419615,2039.1207867634898,174.08330711632937,33.16185086077901,D,D,Rue Roger Salengro 59260 Lille,,Rue Roger Salengro,59260.0,Lille,59350_7554,"336 Rue Roger Salengro
SQUARE FLANDRE",Lille,59260,,1824.0,8.887832182638965,7.365559800770875,5.10594547390058,3.58351893845611,Lille,2026
2459E3241445J,2459E3241445J,50.617724004193235,3.092508067262955,7134.540386977991,1577.5526370674868,2204.461436941916,116.1500363973926,25.457536745860555,C,C,290 Allee des Peupliers 59000 Lille,290,Allee des Peupliers,59000.0,Lille,59350_4p7ft1_00290,278-290 Rue des Peupliers,Lille,59800,,3466.0,8.897080628718864,7.346139233847411,4.787491742782046,3.258096538021482,Lille,2026
2559E0486766F,2559E0486766F,50.62677797177577,3.032622978259562,6241.333178133478,958.5208302406554,1845.4895296694715,119.91582501445843,18.422464544313964,C,C,17 Rue de la Grande Brasserie 59000 Lille,17,Rue de la Grande Brasserie,59000.0,Lille,59350_4164_00017,17 Rue de la Grande Brasserie,Lille,59000,1989.0,52.0,8.683249855744156,6.9485132714543045,4.739701078945697,3.044522437723423,Lille,2026
2459E4617257F,2459E4617257F,50.63442795576693,3.0507580524534044,1864.8528741668247,137.3288490951443,621.6863275860799,31.65660159955035,2.298390779835051,B,A,13 Square Rameau 59800 Lille,13,Square Rameau,59800.0,Lille,59350_7364_00013,13 Square Rameau,Lille,59800,,485.1,7.569979226888572,4.972587226458726,3.5234150143864045,1.2237754316221157,Lille,2026
2559E1231840X,2559E1231840X,50.63809102708646,3.066253992381669,243427.08147018432,43912.206038720724,78551.7765825222,270.45270841438514,48.69758781126317,G,E,16 Rue Léon Trulin 59800 Lille,16,Rue Léon Trulin,59800.0,Lille,59350_5523_00016,16 Rue de Trulin,Lille,59800,,900.0,12.47408286463449,10.726313400998844,5.675040005790547,3.9415818076696905,Lille,2026
2459E3628581F,2459E3628581F,50.649787960212905,3.0976100566550615,7112.804577743562,1547.9078771103575,2074.51129598085,100.63817900793133,21.415156083613876,C,C,74c Rue Emile Vandenberghe 59800 Lille,74c,Rue Emile Vandenberghe,59800.0,Lille,59350_3092_00074_c,74C Rue Émile Vandenberghe,Lille,59800,1976.0,2264.1,8.86343186645303,7.325741667643973,4.61512051684126,3.091042453358316,Lille,2026
2459E3239873X,2459E3239873X,50.632316991637744,3.1020130532794306,7317.175735636218,1377.315355496743,1997.852938650561,117.76514479595684,21.401333047172738,C,C,Rue Desaugiers 59800 Lille,,Rue Desaugiers,59800.0,Lille,59350_2444,392-406 Rue des Peupliers,Lille,59800,,2918.0,8.856817597583968,7.300607849039458,4.736198448394496,3.1780538303479458,Lille,2026
2459E4297201J,2459E4297201J,50.62564997293738,3.0447510285787454,11222.26656880735,2578.7764176218575,3398.047105381992,283.62677317449277,64.60444432006788,E,E,2a Rue Deschodt 59800 Lille,2a,Rue Deschodt,59800.0,Lille,59350_2482_00002_a,"2a Rue Deschodt
rés. clos Gambetta",Lille,59800,1973.0,6729.0,9.31999266476908,7.798071577084056,5.645446897643238,4.127134385045092,Lille,2026
2459E3404964O,2459E3404964O,50.64851298280356,3.0091779716155895,16273.114163010256,3515.692368949748,4894.129111511252,213.9271073178813,46.20246236187358,D,D,41 Rue Wulverick 59160 Lille,41,Rue Wulverick,59160.0,Lille,59350_9621_00041,41 rue Wulverick,Lille,59160,,,9.63001734475252,8.116446932008014,5.303304908059076,3.8066624897703196,Lille,2026
2459E3207312O,2459E3207312O,50.632316991637744,3.1020130532794306,13309.17120480945,2508.595312250872,3774.567198655278,145.4683770786531,26.64972065979604,C,C,Rue Desaugiers 59800 Lille,,Rue Desaugiers,59800.0,Lille,59350_2444,342-356 Rue des Peupliers,Lille,59800,,2624.0,9.421605655159915,7.877283414238709,4.912654885736052,3.367295829986474,Lille,2026
2459E3239919R,2459E3239919R,50.632316991637744,3.1020130532794306,10921.894816476764,2209.4971282306983,2937.342448037757,120.76085751002786,24.060619264857756,C,C,Rue Desaugiers 59800 Lille,,Rue Desaugiers,59800.0,Lille,59350_2444,392-406 Rue des Peupliers,Lille,59800,,2918.0,9.21434235335548,7.655911342572882,4.718498871295094,3.1780538303479458,Lille,2026
2459E1997638Q,2459E1997638Q,50.63550704172146,3.0517919339744317,77500.86460773443,7439.105504772173,21973.82690499706,159.51320769227283,15.255739715025511,F,C,133 Rue Jacquemars Giélée 59800 Lille,133,Rue Jacquemars Giélée,59800.0,Lille,59350_4722_00133,133 Rue Jacquemars Giélée,Lille,59800,1975.0,486.0,11.23770805154684,8.897736994119155,5.058154810064233,2.772588722239781,Lille,2026
2459E3240030Y,2459E3240030Y,50.632316991637744,3.1020130532794306,7144.633528446037,1460.3104093988702,2311.7516274107197,85.59009917275876,17.22628440211001,C,C,Rue Desaugiers 59800 Lille,,Rue Desaugiers,59800.0,Lille,59350_2444,392-406 Rue des Peupliers,Lille,59800,,2918.0,8.90202012325438,7.330994815189466,4.48863636973214,2.9444389791664403,Lille,2026
2559E1090424V,2559E1090424V,50.62857897245958,3.0341850426519406,7481.602697135887,1417.2357673562801,2146.5786521308078,136.15088440491917,25.73070920721119,C,C,14 Rue de Crimée 59000 Lille,14,Rue de Crimée,59000.0,Lille,59350_2001_00014,14 Rue de Crimée,Lille,59000,,,8.81060879571578,7.282829905766233,4.812184355372417,3.3105430133940246,Lille,2026
2459E4256602W,2459E4256602W,50.625093017699236,3.0608050615983697,118348.89053525716,26711.816939613032,35369.35046421538,389.317073200283,87.80209662082663,F,F,22 Rue de Lens 59000 Lille,22,Rue de Lens,59000.0,Lille,59350_5499_00022,22 Rue de Lens,Lille,59000,1945.0,304.0,11.622641382082154,10.115962395025493,5.908354640384975,4.410371107683024,Lille,2026
2559E0626961I,2559E0626961I,50.639442008282295,3.0562379481169084,71052.16679644553,14723.65935082214,22860.9856712774,291.17407712788827,60.32384858515216,F,E,13 Rue Sainte Catherine 59800 Lille,13,Rue Sainte Catherine,59800.0,Lille,59350_8119_00013,13 Sainte Catherine,Lille,59800,1945.0,244.0,11.189983677577132,9.588557605591209,5.69608626802173,4.107589788972121,Lille,2026
2459E3628590O,2459E3628590O,50.649787960212905,3.0976100566550615,6832.39620832451,1624.988040677241,2236.8923902475467,97.07866166985664,22.57973192233313,C,C,74c Rue Emile Vandenberghe 59800 Lille,74c,Rue Emile Vandenberghe,59800.0,Lille,59350_3092_00074_c,74C Rue Émile Vandenberghe,Lille,59800,1976.0,2264.1,8.85922139360813,7.321386949756695,4.61512051684126,3.091042453358316,Lille,2026
2559E0602374R,2559E0602374R,50.63094796177725,3.0903109753034235,7231.338275671443,534.6445453127473,2188.654871645526,88.97675094817552,5.98147915695783,D,B,Rue Porret 59800 Lille,,Rue Porret,59800.0,Lille,59350_7064,"149 Rue Saint-André
2e etage porte 5",Lille,59800,2001.0,,8.897750663818217,6.2865565977347755,4.51085950651685,1.9459101490553132,Lille,2026
2459E3716714Y,2459E3716714Y,50.63075600821403,3.024954934960072,63260.690583216165,9041.985485976877,20159.378540731566,164.96425009530975,23.65334913765819,E,C,Rue des Bois Blancs 59000 Lille,,Rue des Bois Blancs,59000.0,Lille,59350_0936,12 BIS RUE DES BOUCHERS,Lille,59000,,381.6,11.055251907005355,9.12429216735073,5.111987788356544,3.2188758248682006,Lille,2026
2559E0948909Y,2559E0948909Y,50.637791957017384,3.0815640566930735,22765.780661502442,5463.0710455836015,7292.242148876322,242.2895134249541,58.08548880819363,E,E,21 Rue Eugène Jacquet 59800 Lille,21,Rue Eugène Jacquet,59800.0,Lille,59350_3227_00021,21 RUE EUGENE JACQUET,Lille,59800,1930.0,,10.071160676324263,8.560425079808239,5.532203014394148,4.034240638152395,Lille,2026
2459E3617393X,2459E3617393X,50.627361959678865,3.0535019873040365,4359.2461024766735,867.7567568308904,1306.1912918257424,86.17162677564157,16.950321574313612,C,C,56 Rue de Flandre 59000 Lille,56,Rue de Flandre,59000.0,Lille,59350_3423_00056,54-56 rue de Flandre et 17 rue de la vielle aventure,Lille,59000,1997.0,3387.3,8.342792184090017,6.769986349237241,4.430816798843313,2.8903717578961645,Lille,2026
2459E1768219V,2459E1768219V,50.622390007661984,3.0597159424152633,26388.565128263774,1876.20252659674,8142.7087536031195,130.6412766601478,9.26424455062684,E,B,101 Rue Gantois 59000 Lille,101,Rue Gantois,59000.0,Lille,59350_3749_00101,101 Rue Gantois,Lille,59000,1945.0,202.0,10.208343800930397,7.573120078529631,4.907494535176743,2.3608540011180215,Lille,2026
2459E3683290K,2459E3683290K,50.632344007362036,3.053402032670976,40445.50403866524,3063.049632599394,11137.39969319567,186.81404991548717,14.064067083903076,F,C,5 Rue des Primeurs 59800 Lille,5,Rue des Primeurs,59800.0,Lille,59350_7194_00005,5 Rue des Primeurs,Lille,59800,,216.5,10.559968155360123,7.986572940322067,5.187944309066666,2.6741486494265287,Lille,2026
2459E4279092W,2459E4279092W,50.62144400753086,3.074499950820299,26247.521698406254,5884.832076942666,7754.133462424193,294.292531393817,65.56162281338096,E,E,Rue de Trévise 59000 Lille,,Rue de Trévise,59000.0,Lille,59350_8749,72 Rue de Trévise,Lille,59000,,1805.0,10.153751985320202,8.640454527080648,5.666426688112432,4.1588830833596715,Lille,2026
2459E3239387F,2459E3239387F,50.632316991637744,3.1020130532794306,7912.488207099165,1614.5053501552125,2298.6342800401812,93.92982060357163,18.550799257951763,C,C,Rue Desaugiers 59800 Lille,,Rue Desaugiers,59800.0,Lille,59350_2444,190 -216 Rue des Peupliers,Lille,59800,,2346.0,8.977070724362964,7.411314566756082,4.553876891600541,2.995732273553991,Lille,2026
2459E3240034C,2459E3240034C,50.632316991637744,3.1020130532794306,7473.28999730526,1704.079809787082,2417.61140193809,92.66384088961976,20.243539068372236,C,C,Rue Desaugiers 59800 Lille,,Rue Desaugiers,59800.0,Lille,59350_2444,392-406 Rue des Peupliers,Lille,59800,,2918.0,8.944119681045763,7.37800887698308,4.564348191467836,2.995732273553991,Lille,2026
2459E3241522I,2459E3241522I,50.617724004193235,3.092508067262955,10353.030069907529,2163.8617058408913,3016.966937083112,142.98763494903264,29.47071313078751,C,C,290 Allee des Peupliers 59000 Lille,290,Allee des Peupliers,59000.0,Lille,59350_4p7ft1_00290,278-290 Rue des Peupliers,Lille,59800,,3466.0,9.209630119806816,7.664018093856158,4.9344739331306915,3.4011973816621555,Lille,2026
2459E3239968O,2459E3239968O,50.632316991637744,3.1020130532794306,8006.562517737419,1618.1294334393071,2534.988619291575,96.36645873294243,19.223396892655863,C,C,Rue Desaugiers 59800 Lille,,Rue Desaugiers,59800.0,Lille,59350_2444,392-406 Rue des Peupliers,Lille,59800,,2918.0,8.994693649088596,7.4292240628466075,4.584967478670572,3.044522437723423,Lille,2026
2459E3207295X,2459E3207295X,50.632316991637744,3.1020130532794306,10361.827045769585,2172.770907480925,3155.9543781050047,132.39853423571964,27.14136811497264,C,C,Rue Desaugiers 59800 Lille,,Rue Desaugiers,59800.0,Lille,59350_2444,342-356 Rue des Peupliers,Lille,59800,,2624.0,9.188483235620874,7.641276353680356,4.836281906951478,3.295836866004329,Lille,2026
2559E1429445C,2559E1429445C,50.644874993129484,3.057350973102827,99893.0852200724,23820.56265772766,30899.368448616402,346.8460653476817,82.6995419938222,F,F,76 Rue Saint André 59800 Lille,76,Rue Saint André,59800.0,Lille,59350_7709_00076,76 Saint-André,Lille,59800,1945.0,288.0,11.567800885874966,10.013413132414328,5.907539312170221,4.363098624788363,Lille,2026
2459E3241455T,2459E3241455T,50.617724004193235,3.092508067262955,4749.548613881818,898.9602949529555,1345.2430676063161,131.40072415201954,24.714991719125347,C,C,290 Allee des Peupliers 59000 Lille,290,Allee des Peupliers,59000.0,Lille,59350_4p7ft1_00290,278-290 Rue des Peupliers,Lille,59800,,3466.0,8.399962503187924,6.852982253134845,4.820281565605037,3.295836866004329,Lille,2026
2559E0574069A,2559E0574069A,50.64670499612317,3.052047944231918,11165.779245818558,2693.786422663049,3218.4579685253752,195.20930983152002,46.46462134821991,D,D,Rue de la Porte d'Ypres 59800 Lille,,Rue de la Porte d'Ypres,59800.0,Lille,59350_7079,116 rue d'Arras 4ème étage porte 043,Lille,59800,,,9.35489083108314,7.844593458743952,5.313205979041787,3.8066624897703196,Lille,2026
2459E2932592K,2459E2932592K,50.61362996938978,3.073821058552619,6632.619627716063,547.9658795697776,2042.4325823032975,200.53043237853183,16.424604857842716,D,C,60 Rue du Jardin des Plantes 59000 Lille,60,Rue du Jardin des Plantes,59000.0,Lille,59350_4797_00060,50 Rue Armand Carrel / 60 rue du jardin des plantes,Lille,59000,1991.0,3658.0,8.792245847467877,6.281892845227788,5.298317366548036,2.833213344056216,Lille,2026
2559E1090455A,2559E1090455A,50.62857897245958,3.0341850426519406,6697.701494969693,1382.2661837112335,1983.418578687345,121.88537923423367,25.095816828262546,C,C,14 Rue de Crimée Appartement B 11 ; 1 er étage bâtiment B 59000 Lille,14,Rue de Crimée,59000.0,Lille,59350_2001_00014,14 Rue de Crimée,Lille,59000,,,8.81060879571578,7.282829905766233,4.812184355372417,3.3105430133940246,Lille,2026
2459E3617472Y,2459E3617472Y,50.627361959678865,3.0535019873040365,7136.088036502399,1415.960180391779,1976.8660160913803,103.48155505368908,19.676181838253346,C,C,56 Rue de Flandre 59000 Lille,56,Rue de Flandre,59000.0,Lille,59350_3423_00056,54-56 rue de Flandre et 17 rue de la vielle aventure,Lille,59000,1997.0,3387.3,8.78755615009755,7.221324372385764,4.564348191467836,2.995732273553991,Lille,2026
2459E3008897F,2459E3008897F,50.62701600107826,3.1095309798385733,5901.725039514435,1286.2218253863462,1724.1918748622463,109.2142425798161,23.329295502775324,C,C,Rue Roger Salengro 59260 Lille,,Rue Roger Salengro,59260.0,Lille,59350_7554,"336 Rue Roger Salengro
SQUARE FLANDRE",Lille,59260,,1000.0,8.71724005597271,7.188563782490745,4.736198448394496,3.2188758248682006,Lille,2026
2559E0493144N,2559E0493144N,50.62715000721475,3.113604046452364,18579.303024709836,1518.0994349499636,5799.390007315448,80.65474059063877,6.49898698378467,D,B,49 Rue Kléber 59000 Lille,49,Rue Kléber,59000.0,Lille,59350_27mgqm_00049,49 Faidherbe,Lille,59000,,230.2,9.832893399682202,7.262558472288074,4.405498990859024,1.9600947840472698,Lille,2026
2459E3617534I,2459E3617534I,50.627361959678865,3.0535019873040365,3388.0336690913846,667.4793915750017,1010.9389300956514,86.88857183967647,16.69189417001328,C,C,56 Rue de Flandre 59000 Lille,56,Rue de Flandre,59000.0,Lille,59350_3423_00056,54-56 rue de Flandre et 17 rue de la vielle aventure,Lille,59000,1997.0,3387.3,8.094500537641448,6.523268577259164,4.442651256490317,2.8903717578961645,Lille,2026
2459E2932278I,2459E2932278I,50.61362996938978,3.073821058552619,6646.452642892946,556.435107359213,2044.8451679155235,207.1384873279816,17.10463346349166,D,C,60 Rue du Jardin des Plantes 59000 Lille,60,Rue du Jardin des Plantes,59000.0,Lille,59350_4797_00060,50 Rue Armand Carrel / 60 rue du jardin des plantes,Lille,59000,1991.0,3658.0,8.766924144439447,6.256709274440827,5.303304908059076,2.833213344056216,Lille,2026
2459E2932235R,2459E2932235R,50.61362996938978,3.073821058552619,6463.043947077288,561.305481028633,2120.9723866331133,189.67535261999245,16.412440965749504,D,C,60 Rue du Jardin des Plantes 59000 Lille,60,Rue du Jardin des Plantes,59000.0,Lille,59350_4797_00060,50 Rue Armand Carrel / 60 rue du jardin des plantes,Lille,59000,1991.0,3658.0,8.816956985060518,6.306640183868685,5.293304824724492,2.833213344056216,Lille,2026
2559E0494371S,2559E0494371S,50.628912964125284,3.1119850469713404,30452.494439872196,2098.5658463167915,9541.913483653261,132.27973445060223,9.028746678143888,E,B,49 Rue Faidherbe 59800 Lille,49,Rue Faidherbe,59800.0,Lille,59350_3276_00049,49 Faidherbe,Lille,59000,,230.2,10.3003995199329,7.700340471748139,4.869071729774468,2.3513752571634776,Lille,2026
2559E1090416N,2559E1090416N,50.62857897245958,3.0341850426519406,7725.7983467080985,1497.6168391261328,2282.018595843212,140.58506810823656,27.178579614748017,C,C,14 Rue de Crimée 59000 Lille,14,Rue de Crimée,59000.0,Lille,59350_2001_00014,14 Rue de Crimée,Lille,59000,,,8.874182086067288,7.3491665138637705,4.875197323201151,3.374168709274236,Lille,2026
2459E2932331J,2459E2932331J,50.61362996938978,3.073821058552619,6633.1322676653945,558.7134796005448,1989.3373230931593,206.72335424518948,17.17466988205325,D,C,60 Rue du Jardin des Plantes 59000 Lille,60,Rue du Jardin des Plantes,59000.0,Lille,59350_4797_00060,50 Rue Armand Carrel / 60 rue du jardin des plantes,Lille,59000,1991.0,3658.0,8.766924144439447,6.256709274440827,5.303304908059076,2.833213344056216,Lille,2026
2459E4499576A,2459E4499576A,50.62069360232844,3.09715796311802,13100.701721734646,2837.0434196181,3911.0779898749997,140.7423934252848,30.438127698455382,C,C,97bis Rue Victor Hugo (Hellemmes-Lille) 59260 Lille,97bis,Rue Victor Hugo (Hellemmes-Lille),59260.0,Lille,59350_9124_00097_bis,97bis Rue Victor Hugo (Hellemmes-Lille),Lille,59260,,,9.440324473288445,7.902487437162855,4.9141243937154115,3.4011973816621555,Lille,2026
2459E3628586K,2459E3628586K,50.649787960212905,3.0976100566550615,7667.975040194933,1600.7073812410501,2069.0185551367267,108.65530112663868,22.763776591663287,C,C,74c Rue Emile Vandenberghe 59800 Lille,74c,Rue Emile Vandenberghe,59800.0,Lille,59350_3092_00074_c,74C Rue Émile Vandenberghe,Lille,59800,1976.0,2264.1,8.881739078055539,7.344719054149673,4.634728988229636,3.1354942159291497,Lille,2026
2559E0645055G,2559E0645055G,50.647279972317065,3.0601780122141,3473.129186407725,257.14981536143716,969.5771575605066,111.26916536414836,7.338152089400978,D,B,60 Rue Saint-Sébastien 59800 Lille,60,Rue Saint-Sébastien,59800.0,Lille,59350_8069_00060,60 Rue Saint-Sébastien,Lille,59800,2010.0,,8.132500828123343,5.506550305126492,4.700480365792417,2.0794415416798357,Lille,2026
2459E3241478Q,2459E3241478Q,50.617724004193235,3.092508067262955,8249.686489634185,1642.1986663961902,2290.8497297393665,134.76238782989793,26.838184124869645,C,C,290 Allee des Peupliers 59000 Lille,290,Allee des Peupliers,59000.0,Lille,59350_4p7ft1_00290,278-290 Rue des Peupliers,Lille,59800,,3466.0,8.958733043661391,7.4104075920589665,4.852030263919617,3.332204510175204,Lille,2026
2459E3207302E,2459E3207302E,50.632316991637744,3.1020130532794306,10960.309460136572,2405.8912005229686,3058.7716900915843,128.79695729351835,27.880714571936704,C,C,Rue Desaugiers 59800 Lille,,Rue Desaugiers,59800.0,Lille,59350_2444,342-356 Rue des Peupliers,Lille,59800,,2624.0,9.264174934604588,7.716282610582155,4.8283137373023015,3.295836866004329,Lille,2026
2459E3617377H,2459E3617377H,50.627361959678865,3.0535019873040365,6601.496474202678,1513.6070111016995,2015.4609348183662,93.30307031887398,21.20835782517131,C,C,56 Rue de Flandre 59000 Lille,56,Rue de Flandre,59000.0,Lille,59350_3423_00056,54-56 rue de Flandre et 17 rue de la vielle aventure,Lille,59000,1997.0,3387.3,8.781140817090137,7.213031659834869,4.532599493153256,2.995732273553991,Lille,2026
2459E3628565P,2459E3628565P,50.649787960212905,3.0976100566550615,6785.687674740385,1616.3569240203835,2178.293904292445,96.00984301456464,22.36214204125967,C,C,74c Rue Emile Vandenberghe 59800 Lille,74c,Rue Emile Vandenberghe,59800.0,Lille,59350_3092_00074_c,74C Rue Émile Vandenberghe,Lille,59800,1976.0,2264.1,8.86343186645303,7.325741667643973,4.61512051684126,3.091042453358316,Lille,2026
2459E2640398E,2459E2640398E,50.62436297465695,3.032934042161792,2836.2154094053653,189.19470150373274,784.6154683080596,90.79432503269177,5.214848442771024,C,A,153 Rue de La Bassée 59000 Lille,153,Rue de La Bassée,59000.0,Lille,59350_5230_00153,153 rue la bassée,Lille,59000,,,7.848738623446663,5.206202077640231,4.418840607796598,1.791759469228055,Lille,2026
2459E3239398Q,2459E3239398Q,50.632316991637744,3.1020130532794306,8309.63722628765,1501.665932817605,2205.0961951650024,107.49996015685052,18.931743984084783,C,C,Rue Desaugiers 59800 Lille,,Rue Desaugiers,59800.0,Lille,59350_2444,190 -216 Rue des Peupliers,Lille,59800,,2346.0,8.932780232814746,7.369852736656775,4.59511985013459,3.044522437723423,Lille,2026
2459E3241406W,2459E3241406W,50.617724004193235,3.092508067262955,10589.825154102326,2319.9970373571987,3061.4128068070077,118.39098797837123,25.746848641155047,C,C,290 Allee des Peupliers 59000 Lille,290,Allee des Peupliers,59000.0,Lille,59350_4p7ft1_00290,278-290 Rue des Peupliers,Lille,59800,,3466.0,9.272873759175653,7.72032858902462,4.787491742782046,3.258096538021482,Lille,2026
2459E3207216W,2459E3207216W,50.632316991637744,3.1020130532794306,8802.769841876303,1933.3633210980659,2507.9413225291855,123.05732038163768,26.970639488561826,C,C,Rue Desaugiers 59800 Lille,,Rue Desaugiers,59800.0,Lille,59350_2444,342-356 Rue des Peupliers,Lille,59800,,2624.0,9.040974526342444,7.491701244498318,4.77912349311153,3.258096538021482,Lille,2026
2459E3628604C,2459E3628604C,50.649787960212905,3.0976100566550615,7117.978723040527,1616.4627494505226,2213.547189811037,100.87025435210327,22.98932089204958,C,C,74c Rue Emile Vandenberghe 59800 Lille,74c,Rue Emile Vandenberghe,59800.0,Lille,59350_3092_00074_c,74C Rue Émile Vandenberghe,Lille,59800,1976.0,2264.1,8.881655733146474,7.344654452579832,4.634728988229636,3.1354942159291497,Lille,2026
2459E3617604A,2459E3617604A,50.627361959678865,3.0535019873040365,10418.104453712836,2394.992202993315,3401.8440432153693,83.51993950286732,19.16078921457828,C,C,56 Rue de Flandre 59000 Lille,56,Rue de Flandre,59000.0,Lille,59350_3423_00056,54-56 rue de Flandre et 17 rue de la vielle aventure,Lille,59000,1997.0,3387.3,9.292215246360621,7.7190854152197925,4.477336814478207,2.9444389791664403,Lille,2026
2459E3207292U,2459E3207292U,50.632316991637744,3.1020130532794306,10023.238855935235,2165.9112719168043,3059.9535891102196,120.45177284837614,25.664794945691785,C,C,Rue Desaugiers 59800 Lille,,Rue Desaugiers,59800.0,Lille,59350_2444,342-356 Rue des Peupliers,Lille,59800,,2624.0,9.24179058824943,7.694028437531566,4.8283137373023015,3.295836866004329,Lille,2026
2459E2932336O,2459E2932336O,50.61362996938978,3.073821058552619,4192.621977734015,358.70288442905274,1431.550060807932,199.34524818144797,16.30903727010938,D,C,60 Rue du Jardin des Plantes 59000 Lille,60,Rue du Jardin des Plantes,59000.0,Lille,59350_4797_00060,50 Rue Armand Carrel / 60 rue du jardin des plantes,Lille,59000,1991.0,3658.0,8.435332164935916,5.926659323741866,5.393627546352362,2.8903717578961645,Lille,2026
2459E2600325X,2459E2600325X,50.64346596296153,3.0637939335507385,366683.1202901492,27401.538418333395,119745.01336145871,97.03183602443585,7.213478859546439,D,B,9 Rue des Pénitentes 59800 Lille,9,Rue des Pénitentes,59800.0,Lille,59350_6719_00009,9 Rue des Pénitentes,Lille,59800,,3778.5,12.873885607714769,10.270585982699101,4.646312129319266,2.151762203259462,Lille,2026
2559E1147030Z,2559E1147030Z,50.62991201229771,3.0592450211861553,134178.03242308277,29407.73153661595,44831.8206302569,570.6250612080652,125.05835913917247,G,G,33 Rue d'Inkermann 59000 Lille,33,Rue d'Inkermann,59000.0,Lille,59350_4686_00033,33 Rue d'Inkermann,Lille,59000,,235.1,11.835563158371434,10.256058084889768,6.377067026119895,4.804021044733257,Lille,2026
2459E3207233N,2459E3207233N,50.632316991637744,3.1020130532794306,8718.186768410922,1690.7651328851157,2481.559320968935,142.69405002935125,27.623768368263864,C,C,Rue Desaugiers 59800 Lille,,Rue Desaugiers,59800.0,Lille,59350_2444,342-356 Rue des Peupliers,Lille,59800,,2624.0,9.025238954948568,7.4821189235521155,4.919980925828125,3.4011973816621555,Lille,2026
2459E3207249D,2459E3207249D,50.632316991637744,3.1020130532794306,8821.685786096534,1853.9307112043566,2853.550288259905,123.44566118695568,25.566032932700363,C,C,Rue Desaugiers 59800 Lille,,Rue Desaugiers,59800.0,Lille,59350_2444,342-356 Rue des Peupliers,Lille,59800,,2624.0,9.089561603589976,7.542425529783107,4.8283137373023015,3.295836866004329,Lille,2026
2459E3239930C,2459E3239930C,50.632316991637744,3.1020130532794306,6684.637856630143,1398.7214386597607,1968.302222708529,107.18454740010289,22.012252856605944,C,C,Rue Desaugiers 59800 Lille,,Rue Desaugiers,59800.0,Lille,59350_2444,392-406 Rue des Peupliers,Lille,59800,,2918.0,8.758145226180037,7.1969861514237685,4.634728988229636,3.091042453358316,Lille,2026
2559E0995456F,2559E0995456F,50.63798106086856,3.0561208069589796,134414.27278217187,32760.678667276832,39506.33932044638,174.41548170138054,42.13675488751682,D,D,Rue de la Halloterie 59800 Lille,,Rue de la Halloterie,59800.0,Lille,59350_4332,Rue de la Halloterie,Lille,59800,1983.0,770.8,11.846850173681709,10.319658481620474,5.205104984825858,3.6888794541139363,Lille,2026
2459E3628627Z,2459E3628627Z,50.649787960212905,3.0976100566550615,6742.648671887841,1525.0061638100674,1971.0507693275183,120.68696106652024,26.520001457465003,C,C,74c Rue Emile Vandenberghe 59800 Lille,74c,Rue Emile Vandenberghe,59800.0,Lille,59350_3092_00074_c,74C Rue Émile Vandenberghe,Lille,59800,1976.0,2264.1,8.80228190401542,7.271425697433256,4.787491742782046,3.258096538021482,Lille,2026
2459E1511221H,2459E1511221H,50.618712990571034,3.0443160151917605,7792.345327098412,1691.0598180583856,2488.2951354603692,147.91345889119904,32.106883376058185,D,D,80 Boulevard de Metz 59000 Lille,80,Boulevard de Metz,59000.0,Lille,59350_6079_00080,80 Boulevard de Metz,Lille,59000,1960.0,52.7,8.944576334825333,7.461123017013797,4.987025428457122,3.5263605246161616,Lille,2026
2459E2932138Y,2459E2932138Y,50.61362996938978,3.073821058552619,728430.1521997033,61749.80401675999,227034.96474101744,198.2389809741582,15.941357308718592,D,C,60 Rue du Jardin des Plantes 59000 Lille,60,Rue du Jardin des Plantes,59000.0,Lille,59350_4797_00060,50 Rue Armand Carrel / 60 rue du jardin des plantes,Lille,59000,1991.0,3658.0,13.482174697768471,10.969996671469936,5.278114659230517,2.772588722239781,Lille,2026
2459E3207235P,2459E3207235P,50.632316991637744,3.1020130532794306,8530.245612124145,1731.6995162734786,2358.1892457921545,138.89480692756538,28.025886628320563,C,C,Rue Desaugiers 59800 Lille,,Rue Desaugiers,59800.0,Lille,59350_2444,342-356 Rue des Peupliers,Lille,59800,,2624.0,9.000581840272096,7.456512323582683,4.890349128221754,3.367295829986474,Lille,2026
2459E2932298C,2459E2932298C,50.61362996938978,3.073821058552619,11089.611425573115,860.309511509287,3547.9409137940115,181.41242796977096,13.436337752264635,D,C,60 Rue du Jardin des Plantes 59000 Lille,60,Rue du Jardin des Plantes,59000.0,Lille,59350_4797_00060,50 Rue Armand Carrel / 60 rue du jardin des plantes,Lille,59000,1991.0,3658.0,9.311578401854348,6.799501693541883,5.204006687076795,2.70805020110221,Lille,2026
2459E2932353F,2459E2932353F,50.61362996938978,3.073821058552619,5568.252062398535,416.6647571323851,1490.926045636319,222.10817959308076,16.580760466410457,D,C,60 Rue du Jardin des Plantes 59000 Lille,60,Rue du Jardin des Plantes,59000.0,Lille,59350_4797_00060,50 Rue Armand Carrel / 60 rue du jardin des plantes,Lille,59000,1991.0,3658.0,8.568969369196834,6.059590376155582,5.351858133476067,2.8903717578961645,Lille,2026
2459E3008885T,2459E3008885T,50.62701600107826,3.1095309798385733,6527.897238785804,1367.1676942240074,1743.9108879076184,124.74462448764578,25.59839652159165,C,C,Rue Roger Salengro 59260 Lille,,Rue Roger Salengro,59260.0,Lille,59350_7554,"336 Rue Roger Salengro
SQUARE FLANDRE",Lille,59260,,1000.0,8.685128426214112,7.156800467819,4.736198448394496,3.2188758248682006,Lille,2026
2559E1377144N,2559E1377144N,50.62925198377834,3.0812340680481416,299338.753999236,20678.672676965845,93647.54385379743,94.2383685931356,6.244157606745566,D,B,19 Rue Berthe Morisot 59800 Lille,19,Rue Berthe Morisot,59800.0,Lille,59350_0804_00019,19 Rue Berthe Morisot,Lille,59000,2005.0,3142.6,12.574366725112261,9.897021693852516,4.5217885770490405,1.9459101490553132,Lille,2026
2559E0132990L,2559E0132990L,50.622569024740514,3.066636992480005,210964.86087331543,31314.970553072748,59586.264346852106,101.71822872870848,15.010124291074916,C,C,5 Rue de Wazemmes 59000 Lille,5,Rue de Wazemmes,59000.0,Lille,59350_9329_00005,5 Rue de Wazemmes,Lille,59000,1989.0,2073.0,12.215044279794254,10.364453590505166,4.5880240271531205,2.785011242238338,Lille,2026
2459E2932483F,2459E2932483F,50.61362996938978,3.073821058552619,10464.333549460747,851.7832040117437,2963.9452187848224,189.765569374436,14.503727628514245,D,C,60 Rue du Jardin des Plantes 59000 Lille,60,Rue du Jardin des Plantes,59000.0,Lille,59350_4797_00060,50 Rue Armand Carrel / 60 rue du jardin des plantes,Lille,59000,1991.0,3658.0,9.224972794020495,6.71319918451984,5.220355825078324,2.70805020110221,Lille,2026
2459E2932219B,2459E2932219B,50.61362996938978,3.073821058552619,4356.163135949037,354.7016240118992,1405.77101256471,217.73950019829022,17.705571914071506,D,C,60 Rue du Jardin des Plantes 59000 Lille,60,Rue du Jardin des Plantes,59000.0,Lille,59350_4797_00060,50 Rue Armand Carrel / 60 rue du jardin des plantes,Lille,59000,1991.0,3658.0,8.398950049927397,5.890538628518022,5.407171771460119,2.9444389791664403,Lille,2026
2459E3207263R,2459E3207263R,50.632316991637744,3.1020130532794306,10016.617697927793,1878.6138420511622,2642.200400065801,112.35149962423816,20.931630552102085,C,C,Rue Desaugiers 59800 Lille,,Rue Desaugiers,59800.0,Lille,59350_2444,342-356 Rue des Peupliers,Lille,59800,,2624.0,9.144435584588464,7.588576809851445,4.663439094112067,3.1354942159291497,Lille,2026
2559E1172415I,2559E1172415I,50.63488696966783,3.0842910014068505,3036.3189995171288,202.71022050408794,919.9813784844299,92.01916197367011,6.142733954669332,D,A,16 Rue des Girondins 59800 Lille,16,Rue des Girondins,59800.0,Lille,59350_4024_00016,16 des Girondins,Lille,59800,1945.0,,7.97522083865341,5.293304824724492,4.489759334476764,1.9459101490553132,Lille,2026
2559E1169607I,2559E1169607I,50.63229766741757,3.090965752089597,13441.625281352279,2896.123195428953,3962.22223877878,134.91105553870773,28.79592203151601,C,C,8 Rue Brasseur 59800 Lille,8,Rue Brasseur,59800.0,Lille,59350_1126_00008,8 Rue Brasseur,Lille,59800,,,9.540348906668903,7.907099565991578,4.9459189793765646,3.332204510175204,Lille,2026
2459E2932412M,2459E2932412M,50.61362996938978,3.073821058552619,7487.321972601643,613.3345989054989,2064.658592010617,201.6418004691978,15.67027590458607,D,C,60 Rue du Jardin des Plantes 59000 Lille,60,Rue du Jardin des Plantes,59000.0,Lille,59350_4797_00060,50 Rue Armand Carrel / 60 rue du jardin des plantes,Lille,59000,1991.0,3658.0,8.887611264446834,6.3768970014659105,5.278114659230517,2.772588722239781,Lille,2026
2459E3628571V,2459E3628571V,50.649787960212905,3.0976100566550615,5806.4100266203695,1268.873880498909,1747.8900801007787,103.70336357569657,21.834356958135313,C,C,74c Rue Emile Vandenberghe 59800 Lille,74c,Rue Emile Vandenberghe,59800.0,Lille,59350_3092_00074_c,74C Rue Émile Vandenberghe,Lille,59800,1976.0,2264.1,8.688790784847216,7.154224655599844,4.672828834461906,3.1354942159291497,Lille,2026
2459E3241529P,2459E3241529P,50.617724004193235,3.092508067262955,6327.497068932761,1470.170011208263,2073.6691027179727,88.96683198233667,20.66831684273548,C,C,290 Allee des Peupliers 59000 Lille,290,Allee des Peupliers,59000.0,Lille,59350_4p7ft1_00290,278-290 Rue des Peupliers,Lille,59800,,3466.0,8.77541040721345,7.209710010720636,4.5217885770490405,2.995732273553991,Lille,2026
2459E2932524U,2459E2932524U,50.61362996938978,3.073821058552619,10708.518760716117,782.7516859659808,3174.266203281369,198.23843443997856,13.53238281492187,D,C,60 Rue du Jardin des Plantes 59000 Lille,60,Rue du Jardin des Plantes,59000.0,Lille,59350_4797_00060,50 Rue Armand Carrel / 60 rue du jardin des plantes,Lille,59000,1991.0,3658.0,9.20978021511762,6.698021414577845,5.225746673713202,2.70805020110221,Lille,2026
2559E0538258R,2559E0538258R,50.63047203687078,3.0021999804336903,11198.94388718241,2621.3524964422586,3450.39786311429,1068.6332263725192,249.54928567124153,G,G,Rue de la Fraternité 59160 Lille,,Rue de la Fraternité,59160.0,Lille,59350_9456,150 Rue Anatole France,Lille,59160,,150.0,9.285874469586549,7.790282380703483,6.937314081223682,5.442417710521793,Lille,2026
2459E3628577B,2459E3628577B,50.649787960212905,3.0976100566550615,5437.147807217759,1241.285974158916,1662.4862151252619,103.17722615247004,22.68884299725503,C,C,74c Rue Emile Vandenberghe 59800 Lille,74c,Rue Emile Vandenberghe,59800.0,Lille,59350_3092_00074_c,74C Rue Émile Vandenberghe,Lille,59800,1976.0,2264.1,8.62817985060557,7.093902840609621,4.672828834461906,3.1354942159291497,Lille,2026
2259E3241838K,2259E3241838K,50.639131978305564,3.058506969541084,26344.32639609131,1986.3689401166503,7474.764989968311,136.47806428968278,10.25735884347306,E,B,3 Rue Royale 59800 Lille,3,Rue Royale,59800.0,Lille,59350_7649_00003,3 Rue Royale,Lille,59800,1945.0,193.0,10.138844219209224,7.548977386677163,4.883559211528279,2.379546134130174,Lille,2026
2459E3008868C,2459E3008868C,50.62701600107826,3.1095309798385733,6201.208713681435,1239.209581663124,1765.1716777470276,118.57597547143668,23.217041342634644,C,C,Rue Roger Salengro 59260 Lille,,Rue Roger Salengro,59260.0,Lille,59350_7554,"336 Rue Roger Salengro
SQUARE FLANDRE",Lille,59260,,1000.0,8.684502628089689,7.156176637480615,4.736198448394496,3.2188758248682006,Lille,2026
2459E2932383J,2459E2932383J,50.61362996938978,3.073821058552619,7879.25395204372,612.0117353888421,2250.2525544831733,212.19695894713573,15.63647765428825,D,C,60 Rue du Jardin des Plantes 59000 Lille,60,Rue du Jardin des Plantes,59000.0,Lille,59350_4797_00060,50 Rue Armand Carrel / 60 rue du jardin des plantes,Lille,59000,1991.0,3658.0,8.887611264446834,6.3768970014659105,5.278114659230517,2.772588722239781,Lille,2026
2459E3008904M,2459E3008904M,50.62701600107826,3.1095309798385733,5383.770014349073,1220.090813952618,1701.3041817098824,102.68662484314554,22.96543284305065,C,C,Rue Roger Salengro 59260 Lille,,Rue Roger Salengro,59260.0,Lille,59350_7554,"336 Rue Roger Salengro
SQUARE FLANDRE",Lille,59260,,1000.0,8.594376430086887,7.064588073008926,4.6443908991413725,3.1354942159291497,Lille,2026
2459E3331094K,2459E3331094K,50.63651198838657,3.021238037668948,7373.359518401645,557.6656978233628,2342.093580436983,89.24521591406976,6.063780693983649,D,B,58 Rue du Marais de Lomme 59000 Lille,58,Rue du Marais de Lomme,59000.0,Lille,59350_5860_00058,58 Rue du marais de Lomme,Lille,59000,,,8.903013259810647,6.31499627245346,4.499809670330265,1.9459101490553132,Lille,2026
2459E2932666G,2459E2932666G,50.61362996938978,3.073821058552619,10775.56897446157,837.784224450055,2988.157460782088,199.47968261806696,14.483797409608261,D,C,60 Rue du Jardin des Plantes 59000 Lille,60,Rue du Jardin des Plantes,59000.0,Lille,59350_4797_00060,50 Rue Armand Carrel / 60 rue du jardin des plantes,Lille,59000,1991.0,3658.0,9.20978021511762,6.698021414577845,5.225746673713202,2.70805020110221,Lille,2026
2459E2998904W,2459E2998904W,50.62701600107826,3.1095309798385733,259810.85973794016,60596.332489313994,79928.77318895265,141.94169688331377,32.281056151897076,D,D,Rue Roger Salengro 59260 Lille,,Rue Roger Salengro,59260.0,Lille,59350_7554,"336 Rue Roger Salengro
SQUARE FLANDRE",Lille,59260,,1824.0,12.495903158430092,10.971513477869244,4.990432586778736,3.4657359027997265,Lille,2026
2459E4281089R,2459E4281089R,50.62500002423457,3.06826406477871,17248.19100278137,1338.9626668327392,5074.421940058691,170.79639246300553,13.234177598127168,F,C,66 Boulevard Jean-Baptiste Lebas 59000 Lille,66,Boulevard Jean-Baptiste Lebas,59000.0,Lille,59350_4828_00066,66 Jean-Baptiste Lebas,Lille,59000,1945.0,101.0,9.735435697538382,7.151328711807855,5.126342101808226,2.6100697927420065,Lille,2026
2459E2932442Q,2459E2932442Q,50.61362996938978,3.073821058552619,7080.294277763216,578.5914644142472,2184.9028423229406,196.11894833826884,15.125256127943027,D,C,60 Rue du Jardin des Plantes 59000 Lille,60,Rue du Jardin des Plantes,59000.0,Lille,59350_4797_00060,50 Rue Armand Carrel / 60 rue du jardin des plantes,Lille,59000,1991.0,3658.0,8.864605368075784,6.35402215420487,5.2832037287379885,2.772588722239781,Lille,2026
2459E3617342Y,2459E3617342Y,50.627361959678865,3.0535019873040365,8713.4167616825,1974.3159949378883,2847.8535363457236,111.10695511692059,25.135846309749788,C,C,56 Rue de Flandre 59000 Lille,56,Rue de Flandre,59000.0,Lille,59350_3423_00056,54-56 rue de Flandre et 17 rue de la vielle aventure,Lille,59000,1997.0,3387.3,9.098436271466234,7.542266484057125,4.74493212836325,3.2188758248682006,Lille,2026
2559E1118517I,2559E1118517I,50.63893796782098,3.0588619439678815,71070.75377919858,5004.433340287268,20124.403494829498,244.23441584448923,17.111681018958027,G,C,122 Rue Esquermoise 59800 Lille,122,Rue Esquermoise,59800.0,Lille,59350_3197_00122,122 Rue Esquermoise,Lille,59800,,291.0,11.128638508279263,8.540714386457584,5.459585514144159,2.917770732084279,Lille,2026
2459E3207309L,2459E3207309L,50.632316991637744,3.1020130532794306,10197.876543163622,2214.0251456028245,2951.9780483569753,123.74061490653158,26.354932216013054,C,C,Rue Desaugiers 59800 Lille,,Rue Desaugiers,59800.0,Lille,59350_2444,342-356 Rue des Peupliers,Lille,59800,,2624.0,9.199340090117317,7.650263889079806,4.795790545596741,3.258096538021482,Lille,2026
2459E3617523X,2459E3617523X,50.627361959678865,3.0535019873040365,6324.470421726472,1313.8878954120048,1730.6720827302693,106.8179786947113,22.004662097178482,C,C,56 Rue de Flandre 59000 Lille,56,Rue de Flandre,59000.0,Lille,59350_3423_00056,54-56 rue de Flandre et 17 rue de la vielle aventure,Lille,59000,1997.0,3387.3,8.696343057044556,7.134811167116262,4.624972813284271,3.091042453358316,Lille,2026
2559E0201751C,2559E0201751C,50.62103596603701,3.0432179986255443,11609.61699585199,2475.983966591006,3377.5828655014425,304.8627409369043,65.02112094777578,E,E,195 Rue d'Iéna 59000 Lille,195,Rue d'Iéna,59000.0,Lille,59350_4658_00195,"195 B D'IENA - CITE D'IENA, Porte 003",Lille,59000,1948.0,,9.304513541993433,7.798974326427269,5.66815529701305,4.174387269895637,Lille,2026
2459E4230313T,2459E4230313T,50.624294010694534,3.0523779845690027,269767.0395870445,21278.889588637026,90480.85290090645,94.81250481839521,7.3815001455643054,D,B,4 Rue Guillaume Apollinaire 59000 Lille,4,Rue Guillaume Apollinaire,59000.0,Lille,59350_4238_00004,4 Rue Guillaume Apollinaire,Lille,59000,1998.0,2844.8,12.541440343802003,9.926637512434828,4.598145571051127,2.0918640616783932,Lille,2026
2459E3239334E,2459E3239334E,50.632316991637744,3.1020130532794306,9233.973605572051,2075.4895043072697,2647.434172123159,114.8028214534445,25.73585538794858,C,C,Rue Desaugiers 59800 Lille,,Rue Desaugiers,59800.0,Lille,59350_2444,190 -216 Rue des Peupliers,Lille,59800,,2346.0,9.1237361848008,7.568637498954807,4.74493212836325,3.2188758248682006,Lille,2026
2459E3007608Q,2459E3007608Q,50.62701600107826,3.1095309798385733,6144.302750545266,1355.998912353102,1832.9864192923783,139.63384137829286,30.429442434604937,C,C,Rue Roger Salengro 59260 Lille,,Rue Roger Salengro,59260.0,Lille,59350_7554,"336 Rue Roger Salengro
SQUARE FLANDRE",Lille,59260,,1824.0,8.6897000748218,7.164952370421198,4.912654885736052,3.4011973816621555,Lille,2026
2459E3239974U,2459E3239974U,50.632316991637744,3.1020130532794306,9289.801877391425,1986.948184510733,3002.25564923043,116.05804677474016,24.136638370328285,C,C,Rue Desaugiers 59800 Lille,,Rue Desaugiers,59800.0,Lille,59350_2444,392-406 Rue des Peupliers,Lille,59800,,2918.0,9.14486274334851,7.589184066587884,4.770684624465665,3.2188758248682006,Lille,2026
2459E3007611T,2459E3007611T,50.62701600107826,3.1095309798385733,6158.390540939901,1292.055526501223,1887.2455869713638,139.3324377862687,28.864964385282697,C,C,Rue Roger Salengro 59260 Lille,,Rue Roger Salengro,59260.0,Lille,59350_7554,"336 Rue Roger Salengro
SQUARE FLANDRE",Lille,59260,,1824.0,8.69415038571104,7.169426996001687,4.912654885736052,3.4011973816621555,Lille,2026
2459E2932377D,2459E2932377D,50.61362996938978,3.073821058552619,5367.876241480903,395.8047727089733,1502.54652773539,232.7522623651403,16.796508078014345,D,C,60 Rue du Jardin des Plantes 59000 Lille,60,Rue du Jardin des Plantes,59000.0,Lille,59350_4797_00060,50 Rue Armand Carrel / 60 rue du jardin des plantes,Lille,59000,1991.0,3658.0,8.504391599579028,5.995456568377519,5.3706380281276624,2.8903717578961645,Lille,2026
2459E4617252A,2459E4617252A,50.63442795576693,3.0507580524534044,1505.1763801948791,128.9317595041893,506.9065713462418,43.74032945515274,3.6806715559550267,B,A,13 Square Rameau 59800 Lille,13,Square Rameau,59800.0,Lille,59350_7364_00013,13 Square Rameau,Lille,59800,,485.1,7.376320374033526,4.788324729085938,3.858622228701031,1.4816045409242156,Lille,2026
2459E3008876K,2459E3008876K,50.62701600107826,3.1095309798385733,5379.618759373598,1310.0996603254625,1769.2265521805034,99.36531314387071,23.889094510700517,C,C,Rue Roger Salengro 59260 Lille,,Rue Roger Salengro,59260.0,Lille,59350_7554,"336 Rue Roger Salengro
SQUARE FLANDRE",Lille,59260,,1000.0,8.626477996966218,7.096307385526727,4.6443908991413725,3.1354942159291497,Lille,2026
2459E2985766O,2459E2985766O,50.61362996938978,3.073821058552619,5645.565416710118,464.4093301031355,1781.3378450134087,200.9725997925876,15.904429113121079,D,C,60 Rue du Jardin des Plantes 59000 Lille,60,Rue du Jardin des Plantes,59000.0,Lille,59350_4797_00060,50 Rue Armand Carrel / 60 rue du jardin des plantes,Lille,59000,1991.0,3658.0,8.658640669000219,6.148895555056811,5.327876168789581,2.833213344056216,Lille,2026
2459E4279234I,2459E4279234I,50.62144400753086,3.074499950820299,37346.00674153563,8794.625859598344,11959.857612351092,329.85772678350077,77.59233712943202,F,F,Rue de Trévise 59000 Lille,,Rue de Trévise,59000.0,Lille,59350_8749,72 Rue de Trévise,Lille,59000,,1805.0,10.558291434901681,9.048033184765309,5.831882477283517,4.330733340286331,Lille,2026
2459E3007602K,2459E3007602K,50.62701600107826,3.1095309798385733,5824.733007078681,1250.8401401941633,1721.7057737845169,131.8964236246755,27.7052369033982,C,C,Rue Roger Salengro 59260 Lille,,Rue Roger Salengro,59260.0,Lille,59350_7554,"336 Rue Roger Salengro
SQUARE FLANDRE",Lille,59260,,1824.0,8.632216867985019,7.106606137727303,4.852030263919617,3.332204510175204,Lille,2026
2459E3816154O,2459E3816154O,50.655841968730684,3.0869190244935703,193221.69508735687,41963.702325790975,58694.1576780337,292.80898765031606,63.54399579115381,F,E,671 Avenue de la République (Lille) 59800 Lille,671,Avenue de la République (Lille),59800.0,Lille,59350_7464_00671,669-671 Avenue de la République,Lille,59800,1945.0,660.0,12.179731236922391,10.600442474438902,5.6910349018336985,4.123903364463645,Lille,2026
2559E0666756X,2559E0666756X,50.619879989744625,3.031520009835178,14770.926958351001,3231.2118462790313,4178.09070697644,227.59203143200557,49.01345235159698,D,D,Avenue Verhaeren 59000 Lille,,Avenue Verhaeren,59000.0,Lille,59350_9034,7 L avenue Verhaeren 4ème étage porte 139,Lille,59000,,,9.580102306462038,8.060034708899183,5.4116460518550396,3.8918202981106265,Lille,2026
2459E3239954A,2459E3239954A,50.632316991637744,3.1020130532794306,3926.272047458707,746.6973433554358,1179.1319566337395,108.33314486909697,20.377705276756533,C,C,Rue Desaugiers 59800 Lille,,Rue Desaugiers,59800.0,Lille,59350_2444,392-406 Rue des Peupliers,Lille,59800,,2918.0,8.205628178501124,6.64703965476017,4.624972813284271,3.091042453358316,Lille,2026
2459E4279216Q,2459E4279216Q,50.62144400753086,3.074499950820299,19137.463227613276,3787.5317901826156,5633.633078346749,303.11222987687296,59.604622878370456,E,E,Rue de Trévise 59000 Lille,,Rue de Trévise,59000.0,Lille,59350_8749,72 Rue de Trévise,Lille,59000,,1805.0,9.776568535603934,8.262868522618453,5.634789603169249,4.127134385045092,Lille,2026
2459E3204835H,2459E3204835H,50.630469986908885,3.050853948837596,28404.202060247524,2157.6939364751993,8674.395424519525,153.56518370411058,11.648395338227497,F,C,56 Rue des Stations 59800 Lille,56,Rue des Stations,59800.0,Lille,59350_8449_00056,56 Rue des Stations,Lille,59800,1945.0,185.0,10.316401515578741,7.698618833048152,5.10230248262208,2.5572273113676265,Lille,2026
2559E0280821G,2559E0280821G,50.61991702512246,3.0613450084012204,42242.713077649256,4376.984152476967,12441.912467532218,78.9145520000453,8.10777836894872,C,B,147 Rue d'Artois 59000 Lille,147,Rue d'Artois,59000.0,Lille,59350_0391_00147,147 d'Artois,Lille,59000,2005.0,535.0,10.624050463900552,8.370964383870152,4.354141431184346,2.1972245773362196,Lille,2026
2459E3239364I,2459E3239364I,50.632316991637744,3.1020130532794306,7571.653557617961,1698.6110519701158,2333.3648626773206,89.8837434855638,19.517180689061565,C,C,Rue Desaugiers 59800 Lille,,Rue Desaugiers,59800.0,Lille,59350_2444,190 -216 Rue des Peupliers,Lille,59800,,2346.0,8.977070724362964,7.411314566756082,4.553876891600541,2.995732273553991,Lille,2026
2559E1379095O,2559E1379095O,50.637993020372626,3.054454993940828,58577.348618912365,4503.81831366926,17528.27775806338,266.26200308913843,20.3748359920659,G,C,13 Quai du Wault 59800 Lille,13,Quai du Wault,59800.0,Lille,59350_9325_00013,13 Quai du Wault,Lille,59800,1787.0,220.0,11.00494080185123,8.433550678879586,5.614951260949585,3.0819099697950434,Lille,2026
2459E3007648E,2459E3007648E,50.62701600107826,3.1095309798385733,5582.014252371397,1275.1988832965153,1835.5873997588815,126.40025141324193,28.244766077937584,C,C,Rue Roger Salengro 59260 Lille,,Rue Roger Salengro,59260.0,Lille,59350_7554,"336 Rue Roger Salengro
SQUARE FLANDRE",Lille,59260,,1824.0,8.632216867985019,7.106606137727303,4.852030263919617,3.332204510175204,Lille,2026
2459E3239305B,2459E3239305B,50.632316991637744,3.1020130532794306,8256.760605557116,1755.2871653056377,2583.1363583967027,96.94422894358841,19.95002461016158,C,C,Rue Desaugiers 59800 Lille,,Rue Desaugiers,59800.0,Lille,59350_2444,190 -216 Rue des Peupliers,Lille,59800,,2346.0,8.988071438072634,7.422194366317963,4.553876891600541,2.995732273553991,Lille,2026
2459E3628608G,2459E3628608G,50.649787960212905,3.0976100566550615,7364.725152001105,1549.0390024445355,2218.8023409855437,104.20257158624595,21.430805093441755,C,C,74c Rue Emile Vandenberghe 59800 Lille,74c,Rue Emile Vandenberghe,59800.0,Lille,59350_3092_00074_c,74C Rue Émile Vandenberghe,Lille,59800,1976.0,2264.1,8.86343186645303,7.325741667643973,4.61512051684126,3.091042453358316,Lille,2026
2459E3007643Z,2459E3007643Z,50.62701600107826,3.1095309798385733,5663.8584854816845,1263.5961500810085,1810.7152042501555,128.6486764043894,27.852964366223553,C,C,Rue Roger Salengro 59260 Lille,,Rue Roger Salengro,59260.0,Lille,59350_7554,"336 Rue Roger Salengro
SQUARE FLANDRE",Lille,59260,,1824.0,8.63698310084254,7.111430547100949,4.859812404361672,3.332204510175204,Lille,2026
2459E3241488A,2459E3241488A,50.617724004193235,3.092508067262955,11426.997689849593,2399.1350541047304,3323.5016437418767,126.8390729651742,26.07047056891856,C,C,290 Allee des Peupliers 59000 Lille,290,Allee des Peupliers,59000.0,Lille,59350_4p7ft1_00290,278-290 Rue des Peupliers,Lille,59800,,3466.0,9.254500787761838,7.700566782655027,4.762173934797756,3.2188758248682006,Lille,2026
2559E0146015K,2559E0146015K,50.63435003900971,3.033988033807344,285330.6045537422,21515.464255114246,80521.25127206286,101.706767651823,7.587694524486846,D,B,77 Avenue Marx Dormoy 59000 Lille,77,Avenue Marx Dormoy,59000.0,Lille,59350_5967_00077,77 à 85 Marx Dormoy,Lille,59000,1989.0,2805.6,12.570151363765875,9.964949470780878,4.640537329825382,2.1400661634962708,Lille,2026
2459E3173167H,2459E3173167H,50.632316991637744,3.1020130532794306,235165.593625515,51931.42148980273,74867.93155658217,89.3193416224336,19.51224207170631,C,C,Rue Desaugiers 59800 Lille,,Rue Desaugiers,59800.0,Lille,59350_2444,342-356 Rue des Peupliers,Lille,59800,,2624.0,12.397619848214323,10.831095996802745,4.532599493153256,2.995732273553991,Lille,2026
2459E2932307L,2459E2932307L,50.61362996938978,3.073821058552619,10087.777164010042,773.6274647389929,3112.5989282810633,196.79751554973808,15.018004362734429,D,C,60 Rue du Jardin des Plantes 59000 Lille,60,Rue du Jardin des Plantes,59000.0,Lille,59350_4797_00060,50 Rue Armand Carrel / 60 rue du jardin des plantes,Lille,59000,1991.0,3658.0,9.162755980570507,6.651184201555409,5.231108616854587,2.772588722239781,Lille,2026
2459E3007596E,2459E3007596E,50.62701600107826,3.1095309798385733,5416.339215850429,1259.6725195581143,1738.9718582230794,122.64867262423188,27.900867947554623,C,C,Rue Roger Salengro 59260 Lille,,Rue Roger Salengro,59260.0,Lille,59350_7554,"336 Rue Roger Salengro
SQUARE FLANDRE",Lille,59260,,1824.0,8.632216867985019,7.106606137727303,4.852030263919617,3.332204510175204,Lille,2026
2459E3239983D,2459E3239983D,50.632316991637744,3.1020130532794306,7493.129391895857,1736.7975835510824,2194.45388896496,88.3073817024499,19.90979270406285,C,C,Rue Desaugiers 59800 Lille,,Rue Desaugiers,59800.0,Lille,59350_2444,392-406 Rue des Peupliers,Lille,59800,,2918.0,8.929686874453525,7.3595949376002014,4.499809670330265,2.9444389791664403,Lille,2026
2459E3239330A,2459E3239330A,50.632316991637744,3.1020130532794306,7061.093311099271,1541.5805031509742,2230.2340731247077,89.89167614853321,19.291190945993836,C,C,Rue Desaugiers 59800 Lille,,Rue Desaugiers,59800.0,Lille,59350_2444,190 -216 Rue des Peupliers,Lille,59800,,2346.0,8.841231300828673,7.2719816390737035,4.48863636973214,2.9444389791664403,Lille,2026
2459E4375411L,2459E4375411L,50.647577020807965,3.061810002826322,574353.1889884741,40904.80824161923,172368.873384402,87.6975721634571,6.230821840279215,D,A,110 Avenue du Peuple Belge 59800 Lille,110,Avenue du Peuple Belge,59800.0,Lille,59350_6774_00110,110 du Peuple Belge,Lille,59800,1996.0,6549.0,13.180321293779157,10.54737883548966,4.405498990859024,1.916922612182061,Lille,2026
2459E3628612K,2459E3628612K,50.649787960212905,3.0976100566550615,7414.779869015039,1573.3562992744783,2258.5483511113207,132.6246667563683,28.067803158513982,C,C,74c Rue Emile Vandenberghe 59800 Lille,74c,Rue Emile Vandenberghe,59800.0,Lille,59350_3092_00074_c,74C Rue Émile Vandenberghe,Lille,59800,1976.0,2264.1,8.852164301911182,7.322840630467292,4.836281906951478,3.332204510175204,Lille,2026
2559E0609943U,2559E0609943U,50.638661972395695,3.057604948667827,71094.64532323339,11663.779275735702,22155.445506935823,222.1626938627983,36.367999668309956,E,D,19 Rue de la Barre 59800 Lille,19,Rue de la Barre,59800.0,Lille,59350_0583_00019,19 de la Barre,Lille,59800,1945.0,320.0,11.139009894720518,9.378850319433555,5.375278407684165,3.634951112088381,Lille,2026
2459E3239372Q,2459E3239372Q,50.632316991637744,3.1020130532794306,7170.276075508071,1335.5007541848263,2141.6026935049513,94.8477096322241,16.95156447029608,C,C,Rue Desaugiers 59800 Lille,,Rue Desaugiers,59800.0,Lille,59350_2444,190 -216 Rue des Peupliers,Lille,59800,,2346.0,8.825383524499369,7.257778146840492,4.51085950651685,2.9444389791664403,Lille,2026
2459E4279180G,2459E4279180G,50.62144400753086,3.074499950820299,40641.78738028927,8659.338536859303,13100.494705630565,319.7777278272255,67.25000941972506,F,F,Rue de Trévise 59000 Lille,,Rue de Trévise,59000.0,Lille,59350_8749,72 Rue de Trévise,Lille,59000,,1805.0,10.631847424851816,9.120765712583388,5.7899601708972535,4.276666119016055,Lille,2026
2459E3617652W,2459E3617652W,50.627361959678865,3.0535019873040365,8063.105517324476,1748.64723466163,2546.477337543191,81.15022104523294,17.437237792848258,C,C,56 Rue de Flandre 59000 Lille,56,Rue de Flandre,59000.0,Lille,59350_3423_00056,54-56 rue de Flandre et 17 rue de la vielle aventure,Lille,59000,1997.0,3387.3,9.01771390147199,7.441789487885009,4.430816798843313,2.8903717578961645,Lille,2026
2459E2932390Q,2459E2932390Q,50.61362996938978,3.073821058552619,6243.752419270583,492.8385483748175,1934.0609254699,207.1678693647598,15.965614039273294,D,C,60 Rue du Jardin des Plantes 59000 Lille,60,Rue du Jardin des Plantes,59000.0,Lille,59350_4797_00060,50 Rue Armand Carrel / 60 rue du jardin des plantes,Lille,59000,1991.0,3658.0,8.714239143608575,6.204355721957841,5.313205979041787,2.833213344056216,Lille,2026
2459E3207254I,2459E3207254I,50.632316991637744,3.1020130532794306,9160.780978178558,1861.6495258864213,2941.583484480904,100.16458856619266,19.69404062445965,C,C,Rue Desaugiers 59800 Lille,,Rue Desaugiers,59800.0,Lille,59350_2444,342-356 Rue des Peupliers,Lille,59800,,2624.0,9.150707133576773,7.593928195804746,4.6443908991413725,3.091042453358316,Lille,2026
2459E2932282M,2459E2932282M,50.61362996938978,3.073821058552619,5828.708473640158,465.1732879003893,1712.7361392324744,215.68513658268014,16.397384019401255,D,C,60 Rue du Jardin des Plantes 59000 Lille,60,Rue du Jardin des Plantes,59000.0,Lille,59350_4797_00060,50 Rue Armand Carrel / 60 rue du jardin des plantes,Lille,59000,1991.0,3658.0,8.629628620746026,6.120077614575958,5.337538079701318,2.833213344056216,Lille,2026
2459E3239318O,2459E3239318O,50.632316991637744,3.1020130532794306,7428.583891773015,1374.6164520914165,2124.3386939542306,97.08452047623196,17.240172894123116,C,C,Rue Desaugiers 59800 Lille,,Rue Desaugiers,59800.0,Lille,59350_2444,190 -216 Rue des Peupliers,Lille,59800,,2346.0,8.83746345346117,7.269756015676217,4.51085950651685,2.9444389791664403,Lille,2026
2559E0496765U,2559E0496765U,50.629310040874785,3.005236966687592,6012.122050289723,447.80132798404003,2001.9207551911074,64.98387071435111,4.7995855089393356,C,A,Rue Alexandre Desrousseaux (Lomme) 59000 Lille,,Rue Alexandre Desrousseaux (Lomme),59000.0,Lille,59350_x5e4tl,50 Rue Alexandre Desrousseaux,Lille,59160,,,8.776043597199315,6.147399348728742,4.2626798770413155,1.791759469228055,Lille,2026
2559E0183001Y,2559E0183001Y,50.61855602171532,3.0722339994601415,32535.82521455415,2251.024181974785,9175.117140212924,207.19398088128906,14.312695734581983,G,C,15 Place Fernig 59000 Lille,15,Place Fernig,59000.0,Lille,59350_3384_00015,15 Fernig,Lille,59000,1950.0,157.0,10.313449202696184,7.711683258885441,5.262171919911683,2.7212954278522306,Lille,2026
2459E2932323B,2459E2932323B,50.61362996938978,3.073821058552619,5661.262307589046,505.81863894624775,1857.7402695454996,201.5313826133944,17.322556128296156,D,C,60 Rue du Jardin des Plantes 59000 Lille,60,Rue du Jardin des Plantes,59000.0,Lille,59350_4797_00060,50 Rue Armand Carrel / 60 rue du jardin des plantes,Lille,59000,1991.0,3658.0,8.658640669000219,6.148895555056811,5.327876168789581,2.833213344056216,Lille,2026
2459E3628598W,2459E3628598W,50.649787960212905,3.0976100566550615,7736.027151342453,1673.351522053348,2199.004055654811,109.6196003829974,23.79685422441736,C,C,74c Rue Emile Vandenberghe 59800 Lille,74c,Rue Emile Vandenberghe,59800.0,Lille,59350_3092_00074_c,74C Rue Émile Vandenberghe,Lille,59800,1976.0,2264.1,8.881739078055539,7.344719054149673,4.634728988229636,3.1354942159291497,Lille,2026
2459E3241495H,2459E3241495H,50.617724004193235,3.092508067262955,9258.37019539542,1838.6942539936588,2637.750047581525,132.15005886375792,25.50880454822855,C,C,290 Allee des Peupliers 59000 Lille,290,Allee des Peupliers,59000.0,Lille,59350_4p7ft1_00290,278-290 Rue des Peupliers,Lille,59800,,3466.0,9.085740403742854,7.536417270315673,4.844187086458591,3.295836866004329,Lille,2026
2459E2942670A,2459E2942670A,50.638932962806486,3.0800089971223117,275916.7188812029,19748.99708429302,82344.48778077308,108.8266103082263,7.744665801453263,D,B,99 Rue de Prague 59800 Lille,99,Rue de Prague,59800.0,Lille,59350_7137_00099,99 Rue de Prague,Lille,59800,,2536.2,12.523930198970108,9.89802767449175,4.695010889987881,2.174751721484161,Lille,2026
2459E3007572G,2459E3007572G,50.62701600107826,3.1095309798385733,7175.563692923475,1725.1811950137858,2350.812035804631,162.17141913905454,38.66244955512421,D,D,Rue Roger Salengro 59260 Lille,,Rue Roger Salengro,59260.0,Lille,59350_7554,"336 Rue Roger Salengro
SQUARE FLANDRE",Lille,59260,,1824.0,8.93157839689896,7.409741954080923,5.147494476813453,3.6375861597263857,Lille,2026
2459E3793869L,2459E3793869L,50.62218302446143,3.076608967484338,10088.986505115847,2025.3732874477228,2808.324953358279,151.95510746749542,30.45960390935573,D,D,80 Rue de Trévise 59000 Lille,80,Rue de Trévise,59000.0,Lille,59350_8749_00080,80 Rue de Trévise,Lille,59000,1987.0,,9.179324308444993,7.6633137196634795,4.990432586778736,3.4965075614664802,Lille,2026
2559E0948084F,2559E0948084F,50.637791957017384,3.0815640566930735,24437.498068769208,5103.341571204284,6691.038920857521,286.78425659285415,59.803208278478785,E,E,21 Rue Eugène Jacquet 59800 Lille,21,Rue Eugène Jacquet,59800.0,Lille,59350_3227_00021,21 RUE EUGENE JACQUET,Lille,59800,1930.0,,10.038783013277143,8.5293984038546,5.597310230145684,4.09933210373314,Lille,2026
2459E1511242C,2459E1511242C,50.61861104248403,3.07857403626679,11299.565729772763,1468.1111242712773,3067.530286347163,213.18526807686123,27.700209891910895,D,C,8 Rue Maxime Gorki 59000 Lille,8,Rue Maxime Gorki,59000.0,Lille,59350_6027_00008,8 Rue Maxime Gorki,Lille,59000,1948.0,53.0,9.268269599773818,7.338238150065589,5.302807271820889,3.4011973816621555,Lille,2026
2459E2932314S,2459E2932314S,50.61362996938978,3.073821058552619,4729.2886487413925,389.17163068642475,1417.3614190684104,224.86196571306232,17.694350686464887,D,C,60 Rue du Jardin des Plantes 59000 Lille,60,Rue du Jardin des Plantes,59000.0,Lille,59350_4797_00060,50 Rue Armand Carrel / 60 rue du jardin des plantes,Lille,59000,1991.0,3658.0,8.435332164935916,5.926659323741866,5.393627546352362,2.8903717578961645,Lille,2026
2559E0201829C,2559E0201829C,50.62103596603701,3.0432179986255443,12811.701506712363,2860.6964532061647,4075.7104253122543,336.4134070606154,75.12441221816317,F,F,195 Rue d'Iéna 59000 Lille,195,Rue d'Iéna,59000.0,Lille,59350_4658_00195,"195 B D'IENA - CITE D'IENA, Porte 001",Lille,59000,1948.0,,9.440459537026818,7.930493935071073,5.803627809625917,4.30406509320417,Lille,2026
2459E3008862W,2459E3008862W,50.62701600107826,3.1095309798385733,8050.950541223117,1731.931532876355,2467.5397119891327,154.70266390224313,33.19225308375615,D,D,Rue Roger Salengro 59260 Lille,,Rue Roger Salengro,59260.0,Lille,59350_7554,"336 Rue Roger Salengro
SQUARE FLANDRE",Lille,59260,,1000.0,8.976047396183306,7.4517641965383605,5.030437921392435,3.5263605246161616,Lille,2026
2459E3007598G,2459E3007598G,50.62701600107826,3.1095309798385733,5809.085634142276,1178.3530354154727,1722.9277357539793,131.94736059663396,25.973983146557075,C,C,Rue Roger Salengro 59260 Lille,,Rue Roger Salengro,59260.0,Lille,59350_7554,"336 Rue Roger Salengro
SQUARE FLANDRE",Lille,59260,,1824.0,8.63698310084254,7.111430547100949,4.859812404361672,3.332204510175204,Lille,2026
2459E3239887L,2459E3239887L,50.632316991637744,3.1020130532794306,7834.653110689561,1678.198673310228,2415.138354725665,110.02548906248715,23.520654145903688,C,C,Rue Desaugiers 59800 Lille,,Rue Desaugiers,59800.0,Lille,59350_2444,392-406 Rue des Peupliers,Lille,59800,,2918.0,8.919693910060387,7.359276658848986,4.663439094112067,3.1354942159291497,Lille,2026
2459E2932397X,2459E2932397X,50.61362996938978,3.073821058552619,6237.267603239204,465.57872024018087,1718.8703663897295,222.0361989101771,15.94447672055414,D,C,60 Rue du Jardin des Plantes 59000 Lille,60,Rue du Jardin des Plantes,59000.0,Lille,59350_4797_00060,50 Rue Armand Carrel / 60 rue du jardin des plantes,Lille,59000,1991.0,3658.0,8.658640669000219,6.148895555056811,5.327876168789581,2.833213344056216,Lille,2026
2459E3239393L,2459E3239393L,50.632316991637744,3.1020130532794306,8195.441443369356,1837.8784126081875,2405.2701623931257,107.66030626347299,23.363761168022727,C,C,Rue Desaugiers 59800 Lille,,Rue Desaugiers,59800.0,Lille,59350_2444,190 -216 Rue des Peupliers,Lille,59800,,2346.0,9.014605254264806,7.456801115567825,4.6913478822291435,3.1354942159291497,Lille,2026
2459E3617539N,2459E3617539N,50.627361959678865,3.0535019873040365,4499.01517739803,908.634384484498,1238.9776242805065,93.14066258176962,18.721862317675097,C,C,56 Rue de Flandre 59000 Lille,56,Rue de Flandre,59000.0,Lille,59350_3423_00056,54-56 rue de Flandre et 17 rue de la vielle aventure,Lille,59000,1997.0,3387.3,8.343649000593311,6.77376663897882,4.477336814478207,2.9444389791664403,Lille,2026
2459E3628610I,2459E3628610I,50.649787960212905,3.0976100566550615,6982.591354678006,1476.5409628990428,2310.9711412938213,98.94340582875908,20.997996886734935,C,C,74c Rue Emile Vandenberghe 59800 Lille,74c,Rue Emile Vandenberghe,59800.0,Lille,59350_3092_00074_c,74C Rue Émile Vandenberghe,Lille,59800,1976.0,2264.1,8.881739078055539,7.344719054149673,4.634728988229636,3.1354942159291497,Lille,2026
2459E4455899D,2459E4455899D,50.61789696768191,3.0688629519756967,104824.16121162756,7176.766771696431,29483.579243489094,156.4964986145447,10.655633920033194,F,B,123 Boulevard d'Alsace 59000 Lille,123,Boulevard d'Alsace,59000.0,Lille,59350_0224_00123,123 d'Alsace,Lille,59000,1998.0,670.0,11.491307470892428,8.892199092039693,4.991112627607392,2.468099531471619,Lille,2026
2459E4617258G,2459E4617258G,50.63442795576693,3.0507580524534044,2481.8423021592052,178.98583427142654,671.145649132519,38.38996790982402,2.6729647852137224,B,A,13 Square Rameau 59800 Lille,13,Square Rameau,59800.0,Lille,59350_7364_00013,13 Square Rameau,Lille,59800,,485.1,7.755681513329636,5.165357239291806,3.6136169696133895,1.2809338454620642,Lille,2026
2459E3007590Y,2459E3007590Y,50.62701600107826,3.1095309798385733,7238.881271127217,1560.5340606185102,2256.835972575354,163.9225837737823,34.577546291243266,D,D,Rue Roger Salengro 59260 Lille,,Rue Roger Salengro,59260.0,Lille,59350_7554,"336 Rue Roger Salengro
SQUARE FLANDRE",Lille,59260,,1824.0,8.887832182638965,7.365559800770875,5.10594547390058,3.58351893845611,Lille,2026
2559E0221161Q,2559E0221161Q,50.637923043507165,3.06151800096783,172940.6709475186,14333.453895257484,52829.6530934006,244.0466901675676,20.138621247013894,G,C,35 Rue Esquermoise 59800 Lille,35,Rue Esquermoise,59800.0,Lille,59350_3197_00035,35 Esquermoise,Lille,59800,1945.0,708.7,12.108917815404105,9.522695544632848,5.549465114271844,3.005682604407159,Lille,2026
2459E3207230K,2459E3207230K,50.632316991637744,3.1020130532794306,11678.171169969477,2322.951218629933,3571.2316234351356,127.8495312861583,25.291763686925567,C,C,Rue Desaugiers 59800 Lille,,Rue Desaugiers,59800.0,Lille,59350_2444,342-356 Rue des Peupliers,Lille,59800,,2624.0,9.326895987994519,7.77863014732581,4.820281565605037,3.295836866004329,Lille,2026
2459E3239912K,2459E3239912K,50.632316991637744,3.1020130532794306,8669.420566482395,1699.926660595816,2737.85016854651,94.7956676718787,18.22617603482902,C,C,Rue Desaugiers 59800 Lille,,Rue Desaugiers,59800.0,Lille,59350_2444,392-406 Rue des Peupliers,Lille,59800,,2918.0,9.048550588351642,7.480484706062943,4.543294782270004,2.995732273553991,Lille,2026
2459E3241053H,2459E3241053H,50.617724004193235,3.092508067262955,373909.97369981196,91087.04881989595,132414.42755654902,107.8396626503076,25.4675264034528,C,C,290 Allee des Peupliers 59000 Lille,290,Allee des Peupliers,59000.0,Lille,59350_4p7ft1_00290,278-290 Rue des Peupliers,Lille,59800,,3466.0,12.913301216315899,11.3602322225649,4.770684624465665,3.2188758248682006,Lille,2026
2459E4482184C,2459E4482184C,50.63291502178782,2.988254958961982,2985.790722921517,228.0214236416262,893.137934692279,113.67481166877758,8.371598848705872,D,B,Chemin de Sequedin 59160 Lille,,Chemin de Sequedin,59160.0,Lille,59350_9595,12 Chemin des Wattinettes,Lille,59160,,,7.98711678805811,5.388615004528817,4.727387818712341,2.1972245773362196,Lille,2026
2459E2932608A,2459E2932608A,50.61362996938978,3.073821058552619,5508.704502606396,448.724095589772,1665.6893527795044,219.7329279061187,17.856530021128567,D,C,60 Rue du Jardin des Plantes 59000 Lille,60,Rue du Jardin des Plantes,59000.0,Lille,59350_4797_00060,50 Rue Armand Carrel / 60 rue du jardin des plantes,Lille,59000,1991.0,3658.0,8.568969369196834,6.059590376155582,5.351858133476067,2.8903717578961645,Lille,2026
2459E2932295Z,2459E2932295Z,50.61362996938978,3.073821058552619,14658.801103733336,1133.6194887391127,4187.281884466405,192.01992538293604,14.667904660210333,D,C,60 Rue du Jardin des Plantes 59000 Lille,60,Rue du Jardin des Plantes,59000.0,Lille,59350_4797_00060,50 Rue Armand Carrel / 60 rue du jardin des plantes,Lille,59000,1991.0,3658.0,9.500057871540033,6.9874902470009905,5.170483995038151,2.70805020110221,Lille,2026
2559E0281007K,2559E0281007K,50.61964798579046,3.0598440156733764,40262.50649761438,3267.2637007422027,12820.482337496978,209.72719684947143,16.93958635319245,G,C,64 Rue de Condé 59000 Lille,64,Rue de Condé,59000.0,Lille,59350_1844_00064,64 de Condé,Lille,59000,1948.0,192.0,10.600205849064334,8.003229315149744,5.347583607850955,2.803360380906535,Lille,2026
2459E2932471T,2459E2932471T,50.61362996938978,3.073821058552619,5181.126128146116,417.36085275455736,1652.540401270241,198.48864232776958,15.1560908853221,D,C,60 Rue du Jardin des Plantes 59000 Lille,60,Rue du Jardin des Plantes,59000.0,Lille,59350_4797_00060,50 Rue Armand Carrel / 60 rue du jardin des plantes,Lille,59000,1991.0,3658.0,8.599768075039908,6.090404494962885,5.342334251964811,2.833213344056216,Lille,2026
2459E3937729N,2459E3937729N,50.64239800477049,3.066427056078653,55095.03473207902,3710.442352307963,15916.233170837077,181.2628595088293,12.168924110296157,F,C,50 Rue de Gand 59800 Lille,50,Rue de Gand,59800.0,Lille,59350_3739_00050,50 de Gand,Lille,59800,1990.0,304.0,10.813087953976707,8.237981807832345,5.10230248262208,2.5952547069568657,Lille,2026
2459E2932259P,2459E2932259P,50.61362996938978,3.073821058552619,5673.565475769816,486.4464632791185,1698.6674604107138,217.35396525585182,17.66487383673603,D,C,60 Rue du Jardin des Plantes 59000 Lille,60,Rue du Jardin des Plantes,59000.0,Lille,59350_4797_00060,50 Rue Armand Carrel / 60 rue du jardin des plantes,Lille,59000,1991.0,3658.0,8.599768075039908,6.090404494962885,5.342334251964811,2.833213344056216,Lille,2026
2459E3007607P,2459E3007607P,50.62701600107826,3.1095309798385733,5401.941390684737,1210.3850543927679,1638.857302372199,122.69950100396541,26.6800526317289,C,C,Rue Roger Salengro 59260 Lille,,Rue Roger Salengro,59260.0,Lille,59350_7554,"336 Rue Roger Salengro
SQUARE FLANDRE",Lille,59260,,1824.0,8.63698310084254,7.111430547100949,4.859812404361672,3.332204510175204,Lille,2026
2459E3008912U,2459E3008912U,50.62701600107826,3.1095309798385733,8258.218181125203,1911.617242495883,2456.9935687140005,158.56204467828687,35.88972464149976,D,D,Rue Roger Salengro 59260 Lille,,Rue Roger Salengro,59260.0,Lille,59350_7554,"336 Rue Roger Salengro
SQUARE FLANDRE",Lille,59260,,1000.0,8.996367144418388,7.472330178742318,5.049856007249537,3.5263605246161616,Lille,2026
2459E2938800E,2459E2938800E,50.63931696309545,3.079458952222209,318412.8394475701,25007.861478726758,98558.48113299889,116.40334783762937,9.106106387499285,E,B,81 Rue d'Athènes 59777 Lille,81,Rue d'Athènes,59777.0,Lille,59350_0416_00081,81 Rue d'Athènes,Lille,59777,,2735.6,12.651121221500993,10.046275347182078,4.745801315727837,2.2407096892759584,Lille,2026
2559E0146311U,2559E0146311U,50.63435003900971,3.033988033807344,74722.75820079101,15923.615157801712,21656.95216431778,192.48029187360743,40.91734616401036,D,D,77 Avenue Marx Dormoy 59000 Lille,77,Avenue Marx Dormoy,59000.0,Lille,59350_5967_00077,77 à 85 Marx Dormoy,Lille,59000,1989.0,388.2,11.162816063467947,9.635294332668193,5.206750173022546,3.696351468952637,Lille,2026
2459E3617568Q,2459E3617568Q,50.627361959678865,3.0535019873040365,7740.022145929049,1496.172598419715,2237.697574427471,101.11693168998866,19.7124189515114,C,C,56 Rue de Flandre 59000 Lille,56,Rue de Flandre,59000.0,Lille,59350_3423_00056,54-56 rue de Flandre et 17 rue de la vielle aventure,Lille,59000,1997.0,3387.3,8.891896640807648,7.325807502595773,4.564348191467836,3.044522437723423,Lille,2026
2459E3240001V,2459E3240001V,50.632316991637744,3.1020130532794306,7654.41162111384,1807.7797271500924,2481.507384401396,95.27641147031754,22.57574587901519,C,C,Rue Desaugiers 59800 Lille,,Rue Desaugiers,59800.0,Lille,59350_2444,392-406 Rue des Peupliers,Lille,59800,,2918.0,8.99154983254345,7.428095495116713,4.61512051684126,3.091042453358316,Lille,2026
2459E4279165R,2459E4279165R,50.62144400753086,3.074499950820299,20108.672947494528,4017.331831117201,5569.845062517174,287.1413349463738,57.21358836807743,E,E,Rue de Trévise 59000 Lille,,Rue de Trévise,59000.0,Lille,59350_8749,72 Rue de Trévise,Lille,59000,,1805.0,9.876604417502339,8.362689115818716,5.631211781821365,4.127134385045092,Lille,2026
2459E3241539Z,2459E3241539Z,50.617724004193235,3.092508067262955,5187.790849081875,1011.8597488962768,1542.0789830276494,143.18126189128006,27.55502136655879,C,C,290 Allee des Peupliers 59000 Lille,290,Allee des Peupliers,59000.0,Lille,59350_4p7ft1_00290,278-290 Rue des Peupliers,Lille,59800,,3466.0,8.48050845994146,6.936537080407589,4.897839799950911,3.367295829986474,Lille,2026
2459E3238773P,2459E3238773P,50.632316991637744,3.1020130532794306,229042.70314842058,54311.266238737044,75450.86593873627,96.78211020388508,22.982086255389746,C,C,Rue Desaugiers 59800 Lille,,Rue Desaugiers,59800.0,Lille,59350_2444,190 -216 Rue des Peupliers,Lille,59800,,2346.0,12.374375988007293,10.812314499537715,4.61512051684126,3.091042453358316,Lille,2026
2559E0865095I,2559E0865095I,50.62698197348198,3.090132000204317,4640.811987663404,341.5229759368049,1421.7989215489647,110.57653196412069,7.599049051359295,D,B,33 Rue Ernest Mayer 59800 Lille,33,Rue Ernest Mayer,59800.0,Lille,59350_3163_00033,33 Rue Ernest Mayer,Lille,59800,1930.0,,8.381556727540262,5.75447558897172,4.653960350157523,2.0794415416798357,Lille,2026
2459E2932424Y,2459E2932424Y,50.61362996938978,3.073821058552619,6746.408456663323,615.8202227887928,2359.524647510553,181.6881860937959,15.733781880142889,D,C,60 Rue du Jardin des Plantes 59000 Lille,60,Rue du Jardin des Plantes,59000.0,Lille,59350_4797_00060,50 Rue Armand Carrel / 60 rue du jardin des plantes,Lille,59000,1991.0,3658.0,8.887611264446834,6.3768970014659105,5.278114659230517,2.772588722239781,Lille,2026
2459E2429889R,2459E2429889R,50.63379596871053,3.027048061140703,6535.170704190272,1357.5216854368166,1804.5143753943266,97.38976347056047,19.48399457871243,C,C,24b Quai de l'Ouest 59000 Lille,24b,Quai de l'Ouest,59000.0,Lille,59350_6530_00024_b,24b Quai de l'Ouest,Lille,59160,2014.0,,8.728183186557876,7.189016783630995,4.532599493153256,2.995732273553991,Lille,2026
2459E3207236Q,2459E3207236Q,50.632316991637744,3.1020130532794306,9001.489040247894,2133.7766597898085,2644.5727760029085,100.8831048952305,22.903961283779378,C,C,Rue Desaugiers 59800 Lille,,Rue Desaugiers,59800.0,Lille,59350_2444,342-356 Rue des Peupliers,Lille,59800,,2624.0,9.135681478862605,7.5793723409917195,4.653960350157523,3.091042453358316,Lille,2026
2459E2600669D,2459E2600669D,50.64338995875985,3.0629010290514773,143602.1614255071,10675.295002439552,43645.637766684005,111.07793839538462,8.23437584401887,D,B,58 Avenue du Peuple Belge 59800 Lille,58,Avenue du Peuple Belge,59800.0,Lille,59350_6774_00058,58 Avenue du Peuple Belge,Lille,59800,,1293.3,11.836470938412228,9.234330298716278,4.681204872264089,2.186051276738094,Lille,2026
2459E3239310G,2459E3239310G,50.632316991637744,3.1020130532794306,8278.79781585295,1800.6544891427666,2729.1646342509343,102.6281687207683,22.361132363416463,C,C,Rue Desaugiers 59800 Lille,,Rue Desaugiers,59800.0,Lille,59350_2444,190 -216 Rue des Peupliers,Lille,59800,,2346.0,9.081802206702967,7.524615191369963,4.700480365792417,3.1780538303479458,Lille,2026
2459E3007593B,2459E3007593B,50.62701600107826,3.1095309798385733,6316.242544863501,1321.501279204063,1930.0537860609272,143.54130084785078,29.65529451127279,C,C,Rue Roger Salengro 59260 Lille,,Rue Roger Salengro,59260.0,Lille,59350_7554,"336 Rue Roger Salengro
SQUARE FLANDRE",Lille,59260,,1824.0,8.6897000748218,7.164952370421198,4.912654885736052,3.4011973816621555,Lille,2026
2459E3241465D,2459E3241465D,50.617724004193235,3.092508067262955,4263.016828624159,917.4518765769991,1334.212456456548,117.52628049568963,25.23244985085256,C,C,290 Allee des Peupliers 59000 Lille,290,Allee des Peupliers,59000.0,Lille,59350_4p7ft1_00290,278-290 Rue des Peupliers,Lille,59800,,3466.0,8.36198862311022,6.813444599510896,4.77912349311153,3.258096538021482,Lille,2026
2459E2996582O,2459E2996582O,50.62701600107826,3.1095309798385733,123748.1391551607,27054.570102959784,39352.22719261764,123.16283148369433,26.71783002383791,C,C,Rue Roger Salengro 59260 Lille,,Rue Roger Salengro,59260.0,Lille,59350_7554,"336 Rue Roger Salengro
SQUARE FLANDRE",Lille,59260,,1000.0,11.780038436459924,10.252519865832111,4.875197323201151,3.367295829986474,Lille,2026
2459E3008850K,2459E3008850K,50.62701600107826,3.1095309798385733,7691.055621276612,1677.0490360660083,2248.9675162527724,147.8618891812915,32.157244735722415,D,D,Rue Roger Salengro 59260 Lille,,Rue Roger Salengro,59260.0,Lille,59350_7554,"336 Rue Roger Salengro
SQUARE FLANDRE",Lille,59260,,1000.0,8.975541662416063,7.451241684987676,5.030437921392435,3.5263605246161616,Lille,2026
2559E0142378N,2559E0142378N,50.63428397212951,3.045036986358517,362851.3935145372,76710.35501155832,103512.14964216304,318.1009060928783,67.1565075677201,E,E,31 Rue de Calais 59800 Lille,31,Rue de Calais,59800.0,Lille,59350_1232_00031,31 de Calais,Lille,59800,1960.0,1140.7,12.72262255427045,11.205893382775487,5.6866363158212305,4.180522258463153,Lille,2026
2459E3007609R,2459E3007609R,50.62701600107826,3.1095309798385733,5746.226468004197,1175.5231109551416,1595.096128158332,130.1187057923746,26.037017223780822,C,C,Rue Roger Salengro 59260 Lille,,Rue Roger Salengro,59260.0,Lille,59350_7554,"336 Rue Roger Salengro
SQUARE FLANDRE",Lille,59260,,1824.0,8.632216867985019,7.106606137727303,4.852030263919617,3.332204510175204,Lille,2026
2559E0136459W,2559E0136459W,50.63385502658894,3.0925950705768663,363740.93236921926,88637.63168548627,117774.23543203699,159.30298757095446,38.758909635478815,D,D,43 Rue de Lannoy 59800 Lille,43,Rue de Lannoy,59800.0,Lille,59350_5337_00043,43 Rue de Lannoy,Lille,59800,1978.0,2283.0,12.852582517862434,11.315700603574594,5.125153747538848,3.6082115510464816,Lille,2026
2459E3241434Y,2459E3241434Y,50.617724004193235,3.092508067262955,10354.386956224922,2129.7589353796493,3101.242417648812,146.91390316014724,30.36439885057955,D,D,290 Allee des Peupliers 59000 Lille,290,Allee des Peupliers,59000.0,Lille,59350_4p7ft1_00290,278-290 Rue des Peupliers,Lille,59800,,3466.0,9.197062611363608,7.652165753479624,4.948759890378168,3.4339872044851463,Lille,2026
2459E4599727Z,2459E4599727Z,50.63516103788466,3.0825630050715795,4155.7548648304955,371.2283985827816,1294.63425193842,92.40414561940248,8.251812138544743,B,B,119 Rue Dumont d'Urville 59800 Lille,119,Rue Dumont d'Urville,59800.0,Lille,59350_2867_00119,119 Rue Dumont d'Urville,Lille,59800,2018.0,45.0,8.276827181306441,5.8886009116487426,4.481871969643598,2.1972245773362196,Lille,2026
2559E0645310B,2559E0645310B,50.6209880356811,3.061887038194279,297372.66588910954,69282.64757822242,92452.28584217519,137.7092455471609,32.01380858065194,D,D,18 Rue Monge 59000 Lille,18,Rue Monge,59000.0,Lille,59350_6180_00018,18 Monge,Lille,59000,1993.0,2159.0,12.649494527330924,11.110553567948218,4.9788005705762375,3.462606009790799,Lille,2026
2459E2932266W,2459E2932266W,50.61362996938978,3.073821058552619,7433.947606470429,559.4953996254093,2278.606312653345,200.204370193729,14.294721502948628,D,C,60 Rue du Jardin des Plantes 59000 Lille,60,Rue du Jardin des Plantes,59000.0,Lille,59350_4797_00060,50 Rue Armand Carrel / 60 rue du jardin des plantes,Lille,59000,1991.0,3658.0,8.887611264446834,6.3768970014659105,5.278114659230517,2.772588722239781,Lille,2026
2459E3206000C,2459E3206000C,50.632316991637744,3.1020130532794306,304700.56019022665,69483.77272867547,94962.19759597315,115.82177981050293,25.948275335791386,C,C,Rue Desaugiers 59800 Lille,,Rue Desaugiers,59800.0,Lille,59350_2444,342-356 Rue des Peupliers,Lille,59800,,2624.0,12.662527085167193,11.111634134521275,4.795790545596741,3.258096538021482,Lille,2026
2459E3207311N,2459E3207311N,50.632316991637744,3.1020130532794306,8913.956277714551,2147.148266609462,2652.050132030769,112.43205429701746,27.038083244465096,C,C,Rue Desaugiers 59800 Lille,,Rue Desaugiers,59800.0,Lille,59350_2444,342-356 Rue des Peupliers,Lille,59800,,2624.0,9.143815880103555,7.59402889059891,4.77912349311153,3.258096538021482,Lille,2026
2459E3239959F,2459E3239959F,50.632316991637744,3.1020130532794306,7573.2570612482905,1471.073340790144,2266.9607237490445,105.72849111778952,19.819108666758424,C,C,Rue Desaugiers 59800 Lille,,Rue Desaugiers,59800.0,Lille,59350_2444,392-406 Rue des Peupliers,Lille,59800,,2918.0,8.866764967483862,7.303506694902662,4.605170185988092,3.044522437723423,Lille,2026
2459E3628576A,2459E3628576A,50.649787960212905,3.0976100566550615,7565.401132372296,1458.4266933936358,2266.4720172855855,107.21076392486131,20.741733308332783,C,C,74c Rue Emile Vandenberghe 59800 Lille,74c,Rue Emile Vandenberghe,59800.0,Lille,59350_3092_00074_c,74C Rue Émile Vandenberghe,Lille,59800,1976.0,2264.1,8.881655733146474,7.344654452579832,4.634728988229636,3.1354942159291497,Lille,2026
2459E2985735J,2459E2985735J,50.61362996938978,3.073821058552619,6004.3279593267325,470.58683868317127,1949.9432087490814,206.78713301527054,15.66990513825336,D,C,60 Rue du Jardin des Plantes 59000 Lille,60,Rue du Jardin des Plantes,59000.0,Lille,59350_4797_00060,50 Rue Armand Carrel / 60 rue du jardin des plantes,Lille,59000,1991.0,3658.0,8.686834695052818,6.17690623123818,5.3230099791384085,2.833213344056216,Lille,2026
2559E1252019A,2559E1252019A,50.62110796164057,3.0611070661623807,4888.6431603667015,775.495608943693,1393.311512477473,139.12310016907827,22.06275728715106,D,C,134 Rue d'Artois Appt 2 59000 Lille,134,Rue d'Artois,59000.0,Lille,59350_0391_00134,134 Rue d'Artois,Lille,59000,,360.0,8.41779265750786,6.624330796782997,4.86599480426999,3.109060958860994,Lille,2026
2459E2932370W,2459E2932370W,50.61362996938978,3.073821058552619,9662.159716946398,837.2231992321558,2862.884742747611,178.86800764855641,14.474098282600867,D,C,60 Rue du Jardin des Plantes 59000 Lille,60,Rue du Jardin des Plantes,59000.0,Lille,59350_4797_00060,50 Rue Armand Carrel / 60 rue du jardin des plantes,Lille,59000,1991.0,3658.0,9.20978021511762,6.698021414577845,5.225746673713202,2.70805020110221,Lille,2026
2459E2932561F,2459E2932561F,50.61362996938978,3.073821058552619,4561.386006415792,375.7837471296125,1416.040669274023,206.52302123080705,16.494509943721695,D,C,60 Rue du Jardin des Plantes 59000 Lille,60,Rue du Jardin des Plantes,59000.0,Lille,59350_4797_00060,50 Rue Armand Carrel / 60 rue du jardin des plantes,Lille,59000,1991.0,3658.0,8.470457914519063,5.961778236737621,5.37989735354046,2.8903717578961645,Lille,2026
2459E3241507T,2459E3241507T,50.617724004193235,3.092508067262955,8320.294994219572,1820.3126378504276,2588.8069875555066,115.37388599315403,24.321593279051836,C,C,290 Allee des Peupliers 59000 Lille,290,Allee des Peupliers,59000.0,Lille,59350_4p7ft1_00290,278-290 Rue des Peupliers,Lille,59800,,3466.0,9.005785476098284,7.451473946050153,4.736198448394496,3.1780538303479458,Lille,2026
2459E3617624U,2459E3617624U,50.627361959678865,3.0535019873040365,5179.776196489684,1044.2590042800118,1384.8205043631401,100.55695507006772,20.0778395884641,C,C,56 Rue de Flandre 59000 Lille,56,Rue de Flandre,59000.0,Lille,59350_3423_00056,54-56 rue de Flandre et 17 rue de la vielle aventure,Lille,59000,1997.0,3387.3,8.463792414689122,6.896896535647262,4.532599493153256,2.995732273553991,Lille,2026
2459E4279144W,2459E4279144W,50.62144400753086,3.074499950820299,30754.90801935893,7311.88887965107,9923.641895396679,433.11091005617067,102.93360849793862,G,G,Rue de Trévise 59000 Lille,,Rue de Trévise,59000.0,Lille,59350_8749,72 Rue de Trévise,Lille,59000,,1805.0,10.37430959678892,8.86848366507813,6.113682179832232,4.61512051684126,Lille,2026
2459E3240049R,2459E3240049R,50.632316991637744,3.1020130532794306,8319.956108660268,1694.5652831734178,2231.391115354992,114.9714330987135,22.90938132478043,C,C,Rue Desaugiers 59800 Lille,,Rue Desaugiers,59800.0,Lille,59350_2444,392-406 Rue des Peupliers,Lille,59800,,2918.0,8.954686542096178,7.395291804770174,4.68213122712422,3.1354942159291497,Lille,2026
2459E3207226G,2459E3207226G,50.632316991637744,3.1020130532794306,7015.578649433513,1543.1848041729008,2109.193803240248,96.52113882018678,21.051562706130564,C,C,Rue Desaugiers 59800 Lille,,Rue Desaugiers,59800.0,Lille,59350_2444,342-356 Rue des Peupliers,Lille,59800,,2624.0,8.850617931992062,7.291042942145598,4.574710978503383,3.044522437723423,Lille,2026
2459E2932263T,2459E2932263T,50.61362996938978,3.073821058552619,7798.13223535136,631.2032551489215,2389.9762555132074,210.01226205940242,16.126807745245824,D,C,60 Rue du Jardin des Plantes 59000 Lille,60,Rue du Jardin des Plantes,59000.0,Lille,59350_4797_00060,50 Rue Armand Carrel / 60 rue du jardin des plantes,Lille,59000,1991.0,3658.0,8.887611264446834,6.3768970014659105,5.278114659230517,2.772588722239781,Lille,2026
2459E3008888W,2459E3008888W,50.62701600107826,3.1095309798385733,5708.003235024199,1214.1868801123312,1779.9068704262104,105.43080360223308,22.14016689802842,C,C,Rue Roger Salengro 59260 Lille,,Rue Roger Salengro,59260.0,Lille,59350_7554,"336 Rue Roger Salengro
SQUARE FLANDRE",Lille,59260,,1000.0,8.626477996966218,7.096307385526727,4.6443908991413725,3.1354942159291497,Lille,2026
2559E0967450B,2559E0967450B,50.64005296453858,3.0580080413676334,3542.9626111930124,249.01389915954476,1076.8894909118474,90.40315231503651,6.191808516192575,D,A,38 Rue Royale 59800 Lille,38,Rue Royale,59800.0,Lille,59350_7649_00038,38 Rue Royale,Lille,59800,,,8.123083367346208,5.49017662782248,4.465908118654584,1.9459101490553132,Lille,2026
2459E3007663T,2459E3007663T,50.62701600107826,3.1095309798385733,8854.690379299544,2027.8884652860065,2695.4543378211483,169.491196682764,38.06019743105521,D,D,Rue Roger Salengro 59260 Lille,,Rue Roger Salengro,59260.0,Lille,59350_7554,"336 Rue Roger Salengro
SQUARE FLANDRE",Lille,59260,,1824.0,9.109303827798412,7.587006354349971,5.159055299214529,3.6375861597263857,Lille,2026
2559E0493168L,2559E0493168L,50.62715000721475,3.113604046452364,45583.98456750214,3401.8156255347885,12963.403201882255,173.37343838210086,12.86090815975346,F,C,49 Rue Kléber 59000 Lille,49,Rue Kléber,59000.0,Lille,59350_27mgqm_00049,49 Faidherbe,Lille,59000,,262.9,10.66256525370269,8.07961802938984,5.096812990337308,2.580216829592325,Lille,2026
2459E2932568M,2459E2932568M,50.61362996938978,3.073821058552619,7615.2034646893135,575.5818973839174,2016.8156991425774,205.08578944223848,14.70572042370765,D,C,60 Rue du Jardin des Plantes 59000 Lille,60,Rue du Jardin des Plantes,59000.0,Lille,59350_4797_00060,50 Rue Armand Carrel / 60 rue du jardin des plantes,Lille,59000,1991.0,3658.0,8.887611264446834,6.3768970014659105,5.278114659230517,2.772588722239781,Lille,2026
2459E3007597F,2459E3007597F,50.62701600107826,3.1095309798385733,6295.240333515031,1434.41247217057,1934.7220689530134,142.42863882829093,32.04526746240393,C,C,Rue Roger Salengro 59260 Lille,,Rue Roger Salengro,59260.0,Lille,59350_7554,"336 Rue Roger Salengro
SQUARE FLANDRE",Lille,59260,,1824.0,8.69415038571104,7.169426996001687,4.912654885736052,3.4011973816621555,Lille,2026
2559E0148473Y,2559E0148473Y,50.64832698640195,3.0632329818709945,710365.9825882891,57541.37106452021,212399.3055358196,113.6573964577369,9.149915429309226,E,B,Rue Paul Ramadier 59800 Lille,,Rue Paul Ramadier,59800.0,Lille,59350_6689,15-17-19-21 Paul Ramadier,Lille,59800,1995.0,6251.0,13.506786650715762,10.898295521452606,4.774912960575186,2.2617630984737906,Lille,2026
2459E4522693D,2459E4522693D,50.62143996537615,3.0801250274966443,9285.804998363059,3234.7780866114385,2678.8312131693183,140.07460553545633,48.81148951818581,D,D,Rue Georges Clemenceau (Lille) 59000 Lille,,Rue Georges Clemenceau (Lille),59000.0,Lille,59350_3878,Rue Georges Clemenceau (Lille),Lille,59000,1969.0,66.3,9.099453503007641,8.065265208897733,4.912654885736052,3.8918202981106265,Lille,2026
2459E3241509V,2459E3241509V,50.617724004193235,3.092508067262955,6684.104759665007,1355.3148976032867,1791.8231268320749,108.6655752196858,21.561827916415925,C,C,290 Allee des Peupliers 59000 Lille,290,Allee des Peupliers,59000.0,Lille,59350_4p7ft1_00290,278-290 Rue des Peupliers,Lille,59800,,3466.0,8.744344700127984,7.186144304522325,4.634728988229636,3.091042453358316,Lille,2026
2459E2932305J,2459E2932305J,50.61362996938978,3.073821058552619,4389.538188190441,381.09043386083334,1417.2310611949833,219.40772679296575,19.022816998044924,D,C,60 Rue du Jardin des Plantes 59000 Lille,60,Rue du Jardin des Plantes,59000.0,Lille,59350_4797_00060,50 Rue Armand Carrel / 60 rue du jardin des plantes,Lille,59000,1991.0,3658.0,8.398950049927397,5.890538628518022,5.407171771460119,2.9444389791664403,Lille,2026
2459E3008920C,2459E3008920C,50.62701600107826,3.1095309798385733,7376.8036241933005,1752.1162269416413,2415.406607339828,141.06472808305583,33.157684534027766,D,D,Rue Roger Salengro 59260 Lille,,Rue Roger Salengro,59260.0,Lille,59350_7554,"336 Rue Roger Salengro
SQUARE FLANDRE",Lille,59260,,1000.0,8.926822948655177,7.401902589695315,4.976733742420574,3.4657359027997265,Lille,2026
2459E3960082G,2459E3960082G,50.63360799295036,3.0056620014950783,4023.739399472057,302.5088259587021,1280.437030541128,80.77062255881317,6.054212660948008,D,B,6 Rue Anatole France (Lomme) 59000 Lille,6,Rue Anatole France (Lomme),59000.0,Lille,59350_czvne7_00006,"06 Rue Anatole France
BATIMENT A",Lille,59160,,,8.32743605911966,5.706445592075685,4.430816798843313,1.9459101490553132,Lille,2026
2559E0929174X,2559E0929174X,50.63026800630418,3.0559950077728946,48545.513016378696,3586.46365790473,14027.58316409631,211.0713346328725,15.55199851657074,G,C,6 Rue Ratisbonne 59800 Lille,6,Rue Ratisbonne,59800.0,Lille,59350_7399_00006,6 Ratisbonne,Lille,59800,1945.0,230.0,10.79702334332138,8.226011669694744,5.363636832668679,2.8449093838194073,Lille,2026
2459E2932318W,2459E2932318W,50.61362996938978,3.073821058552619,9816.289131152356,770.1531701119856,2980.114929018964,188.47664244880806,14.714428164157155,D,C,60 Rue du Jardin des Plantes 59000 Lille,60,Rue du Jardin des Plantes,59000.0,Lille,59350_4797_00060,50 Rue Armand Carrel / 60 rue du jardin des plantes,Lille,59000,1991.0,3658.0,9.17867425089717,6.6670840107997105,5.231108616854587,2.772588722239781,Lille,2026
2459E3617691J,2459E3617691J,50.627361959678865,3.0535019873040365,10169.575392832387,2042.5092168219498,3302.600736010525,86.09143410721305,17.255780485682482,C,C,56 Rue de Flandre 59000 Lille,56,Rue de Flandre,59000.0,Lille,59350_3423_00056,54-56 rue de Flandre et 17 rue de la vielle aventure,Lille,59000,1997.0,3387.3,9.237751237985481,7.664628150422627,4.477336814478207,2.9444389791664403,Lille,2026
2459E3617668M,2459E3617668M,50.627361959678865,3.0535019873040365,2286.435449649382,441.9271168560633,631.2990966631345,74.07791584158551,13.547141747284622,C,C,56 Rue de Flandre 59000 Lille,56,Rue de Flandre,59000.0,Lille,59350_3423_00056,54-56 rue de Flandre et 17 rue de la vielle aventure,Lille,59000,1997.0,3387.3,7.706747857625423,6.126213947659596,4.290459441148391,2.70805020110221,Lille,2026
2559E0947979E,2559E0947979E,50.637791957017384,3.0815640566930735,23196.546923163743,5072.628855678973,6925.604959477573,273.31013588365226,59.70532250669707,E,E,21 Rue Eugène Jacquet 59800 Lille,21,Rue Eugène Jacquet,59800.0,Lille,59350_3227_00021,21 RUE EUGENE JACQUET,Lille,59800,1930.0,,10.03106249065498,8.521623363695552,5.593595515621446,4.096009841541162,Lille,2026
2459E3628603B,2459E3628603B,50.649787960212905,3.0976100566550615,7313.877476154107,1455.2072060473536,2032.134922561211,103.91982773734168,20.220572571292546,C,C,74c Rue Emile Vandenberghe 59800 Lille,74c,Rue Emile Vandenberghe,59800.0,Lille,59350_3092_00074_c,74C Rue Émile Vandenberghe,Lille,59800,1976.0,2264.1,8.85922139360813,7.321386949756695,4.61512051684126,3.091042453358316,Lille,2026
2459E2932344W,2459E2932344W,50.61362996938978,3.073821058552619,10190.867330053507,847.8925240128891,3124.7109329998298,203.13732539413576,16.72591775406804,D,C,60 Rue du Jardin des Plantes 59000 Lille,60,Rue du Jardin des Plantes,59000.0,Lille,59350_4797_00060,50 Rue Armand Carrel / 60 rue du jardin des plantes,Lille,59000,1991.0,3658.0,9.146580214501672,6.635158843948397,5.236441962829949,2.772588722239781,Lille,2026
2459E3241392I,2459E3241392I,50.617724004193235,3.092508067262955,10367.699538270834,2230.7464233999826,3462.9256987737444,114.70199567927006,24.717959660047676,C,C,290 Allee des Peupliers 59000 Lille,290,Allee des Peupliers,59000.0,Lille,59350_4p7ft1_00290,278-290 Rue des Peupliers,Lille,59800,,3466.0,9.27489139303563,7.721880386094985,4.77912349311153,3.258096538021482,Lille,2026
2459E3628566Q,2459E3628566Q,50.649787960212905,3.0976100566550615,7678.466659343309,1496.7943260006498,2257.266066930909,108.80396749968986,21.286021442801744,C,C,74c Rue Emile Vandenberghe 59800 Lille,74c,Rue Emile Vandenberghe,59800.0,Lille,59350_3092_00074_c,74C Rue Émile Vandenberghe,Lille,59800,1976.0,2264.1,8.881739078055539,7.344719054149673,4.634728988229636,3.1354942159291497,Lille,2026
2459E3628483L,2459E3628483L,50.649787960212905,3.0976100566550615,246427.83605953024,52321.436707072615,77729.97434973886,108.28004456815566,22.727742288928994,C,C,74c Rue Emile Vandenberghe 59800 Lille,74c,Rue Emile Vandenberghe,59800.0,Lille,59350_3092_00074_c,74C Rue Émile Vandenberghe,Lille,59800,1976.0,2264.1,12.412238894556006,10.877088242322404,4.6913478822291435,3.1780538303479458,Lille,2026
2559E0948395E,2559E0948395E,50.637791957017384,3.0815640566930735,18459.641628745117,3968.556574791888,6073.083291336519,218.61834327239472,46.94074222517617,D,D,21 Rue Eugène Jacquet 59800 Lille,21,Rue Eugène Jacquet,59800.0,Lille,59350_3227_00021,21 RUE EUGENE JACQUET,Lille,59800,1930.0,,9.840994937105478,8.32729097388183,5.409411414053624,3.910021002757473,Lille,2026
2459E2932417R,2459E2932417R,50.61362996938978,3.073821058552619,10108.499211637747,810.456002062956,2934.754183485448,187.13074170482352,14.011341107534435,D,C,60 Rue du Jardin des Plantes 59000 Lille,60,Rue du Jardin des Plantes,59000.0,Lille,59350_4797_00060,50 Rue Armand Carrel / 60 rue du jardin des plantes,Lille,59000,1991.0,3658.0,9.20978021511762,6.698021414577845,5.225746673713202,2.70805020110221,Lille,2026
2459E2932495R,2459E2932495R,50.61362996938978,3.073821058552619,10476.494536557924,855.7909153387817,3237.2735907713836,189.98610292583163,14.571968881954444,D,C,60 Rue du Jardin des Plantes 59000 Lille,60,Rue du Jardin des Plantes,59000.0,Lille,59350_4797_00060,50 Rue Armand Carrel / 60 rue du jardin des plantes,Lille,59000,1991.0,3658.0,9.224972794020495,6.71319918451984,5.220355825078324,2.70805020110221,Lille,2026
2559E0281201W,2559E0281201W,50.626182040377195,3.0615699305383646,34555.95528093136,2305.13268186048,10077.823684993784,156.06194401761746,10.367200128849328,F,B,83 Rue Brûle-Maison 59000 Lille,83,Rue Brûle-Maison,59000.0,Lille,59350_1163_00083,83 Brûle-Maison,Lille,59000,1988.0,221.5,10.396649080716099,7.793421841312483,5.003274939689963,2.4765384001174837,Lille,2026
2559E0494079M,2559E0494079M,50.62715000721475,3.113604046452364,28572.457696787686,2049.021896790992,9092.845230253344,124.1367933720738,8.831563214412236,E,B,49 Rue Kléber 59000 Lille,49,Rue Kléber,59000.0,Lille,59350_27mgqm_00049,49 Faidherbe,Lille,59000,,230.2,10.241230410147912,7.633321245797583,4.810557015713042,2.2925347571405443,Lille,2026
2459E3007666W,2459E3007666W,50.62701600107826,3.1095309798385733,7714.4281311874865,1630.7161340497546,2357.866609584165,174.67100542325906,36.267239652678796,D,D,Rue Roger Salengro 59260 Lille,,Rue Roger Salengro,59260.0,Lille,59350_7554,"336 Rue Roger Salengro
SQUARE FLANDRE",Lille,59260,,1824.0,8.912042147061213,7.389996225892351,5.1298987149230735,3.6109179126442243,Lille,2026
2459E3241460Y,2459E3241460Y,50.617724004193235,3.092508067262955,9613.181552949822,2095.7453934735395,2843.3814617430544,135.3485746372571,29.101999813604984,C,C,290 Allee des Peupliers 59000 Lille,290,Allee des Peupliers,59000.0,Lille,59350_4p7ft1_00290,278-290 Rue des Peupliers,Lille,59800,,3466.0,9.190392734166487,7.644632222403407,4.9344739331306915,3.4011973816621555,Lille,2026
2459E3007638U,2459E3007638U,50.62701600107826,3.1095309798385733,7176.55543949116,1580.6387077687773,2134.1414435248084,137.93030256447773,29.65352349582966,C,C,Rue Roger Salengro 59260 Lille,,Rue Roger Salengro,59260.0,Lille,59350_7554,"336 Rue Roger Salengro
SQUARE FLANDRE",Lille,59260,,1824.0,8.834773814213882,7.308877637656164,4.890349128221754,3.367295829986474,Lille,2026
2559E0541466B,2559E0541466B,50.6251929567792,3.066475971984027,274208.81068477884,66808.67588735266,87213.77642461835,532.96516126352,129.81418183365787,G,G,291 Rue de Solférino 59000 Lille,291,Rue de Solférino,59000.0,Lille,59350_8364_00291,291 Rue de Solférino,Lille,59000,,514.5,12.541406377157603,11.040942277691716,6.300051580239659,4.805659046737495,Lille,2026
2459E3007604M,2459E3007604M,50.62701600107826,3.1095309798385733,6443.313026173391,1353.871898107215,2002.0268155300503,145.77875589224016,30.245963365772464,C,C,Rue Roger Salengro 59260 Lille,,Rue Roger Salengro,59260.0,Lille,59350_7554,"336 Rue Roger Salengro
SQUARE FLANDRE",Lille,59260,,1824.0,8.69415038571104,7.169426996001687,4.912654885736052,3.4011973816621555,Lille,2026
2459E3239338I,2459E3239338I,50.632316991637744,3.1020130532794306,8640.76699505904,1816.4692168068534,2751.5063598505117,103.64896375478017,21.37860984864873,C,C,Rue Desaugiers 59800 Lille,,Rue Desaugiers,59800.0,Lille,59350_2444,190 -216 Rue des Peupliers,Lille,59800,,2346.0,9.04832719691601,7.487341747318916,4.634728988229636,3.091042453358316,Lille,2026
2559E0995398Z,2559E0995398Z,50.63798106086856,3.0561208069589796,274399.2595118141,62839.652313310806,80010.8680894932,177.8415563599167,39.77761251556733,D,D,Rue de la Halloterie 59800 Lille,,Rue de la Halloterie,59800.0,Lille,59350_4332,Rue de la Halloterie,Lille,59800,1983.0,1542.6,12.554753975496025,11.028615181859966,5.218732887205194,3.6888794541139363,Lille,2026
2459E3628563N,2459E3628563N,50.649787960212905,3.0976100566550615,6083.675482191756,1141.0598440274248,1618.1410342039644,115.44596235384202,20.85685989415366,C,C,74c Rue Emile Vandenberghe 59800 Lille,74c,Rue Emile Vandenberghe,59800.0,Lille,59350_3092_00074_c,74C Rue Émile Vandenberghe,Lille,59800,1976.0,2264.1,8.62817985060557,7.093902840609621,4.672828834461906,3.1354942159291497,Lille,2026
2459E3008866A,2459E3008866A,50.62701600107826,3.1095309798385733,7493.495592972509,1650.35449772369,2127.4358775513374,143.44246848438397,30.907444242281475,D,D,Rue Roger Salengro 59260 Lille,,Rue Roger Salengro,59260.0,Lille,59350_7554,"336 Rue Roger Salengro
SQUARE FLANDRE",Lille,59260,,1000.0,8.904752272544263,7.3795697676318355,4.955827057601261,3.4339872044851463,Lille,2026
2459E2932256M,2459E2932256M,50.61362996938978,3.073821058552619,6889.653226234473,584.4728620226119,1984.4759882180772,202.1953456941061,17.089849766743036,D,C,60 Rue du Jardin des Plantes 59000 Lille,60,Rue du Jardin des Plantes,59000.0,Lille,59350_4797_00060,50 Rue Armand Carrel / 60 rue du jardin des plantes,Lille,59000,1991.0,3658.0,8.816956985060518,6.306640183868685,5.293304824724492,2.833213344056216,Lille,2026
2459E3617615L,2459E3617615L,50.627361959678865,3.0535019873040365,3627.462113627227,785.8968783909592,1158.5638349683948,106.87622577980045,22.454196525455977,C,C,56 Rue de Flandre 59000 Lille,56,Rue de Flandre,59000.0,Lille,59350_3423_00056,54-56 rue de Flandre et 17 rue de la vielle aventure,Lille,59000,1997.0,3387.3,8.159632140715127,6.601230118728877,4.6443908991413725,3.091042453358316,Lille,2026
2459E3007660Q,2459E3007660Q,50.62701600107826,3.1095309798385733,6987.17077671443,1447.7445065127313,1961.0133653622734,134.2261825276712,27.667823949493023,C,C,Rue Roger Salengro 59260 Lille,,Rue Roger Salengro,59260.0,Lille,59350_7554,"336 Rue Roger Salengro
SQUARE FLANDRE",Lille,59260,,1824.0,8.780772102517126,7.254036393736854,4.836281906951478,3.332204510175204,Lille,2026
2559E0948750V,2559E0948750V,50.637791957017384,3.0815640566930735,19706.031652715614,4456.3141966132225,5998.967928439134,232.74281321798702,52.61476361380524,E,E,21 Rue Eugène Jacquet 59800 Lille,21,Rue Eugène Jacquet,59800.0,Lille,59350_3227_00021,21 RUE EUGENE JACQUET,Lille,59800,1930.0,,9.874264693859224,8.361287639367704,5.439816928821736,3.9415818076696905,Lille,2026
2459E3617366W,2459E3617366W,50.627361959678865,3.0535019873040365,3881.4016933068415,890.653514337186,1165.3551627021861,107.8531127285512,24.157782413288242,C,C,56 Rue de Flandre 59000 Lille,56,Rue de Flandre,59000.0,Lille,59350_3423_00056,54-56 rue de Flandre et 17 rue de la vielle aventure,Lille,59000,1997.0,3387.3,8.256269888265148,6.699623485288365,4.68213122712422,3.1354942159291497,Lille,2026
2559E0493071S,2559E0493071S,50.62715000721475,3.113604046452364,19232.462985502283,1310.3816410212637,5448.581337943253,83.53479906610885,5.660188653653603,C,A,49 Rue Kléber 59000 Lille,49,Rue Kléber,59000.0,Lille,59350_27mgqm_00049,49 Faidherbe,Lille,59000,,230.2,9.792002766202067,7.220300681158608,4.365643155423357,1.9315214116032138,Lille,2026
2459E2724140A,2459E2724140A,50.63235997899741,3.062447963303423,346006.52091849834,82293.10675487279,102917.82722660495,247.1410591760314,58.683592043057274,E,E,3 Place Richebé 59800 Lille,3,Place Richebé,59800.0,Lille,59350_7504_00003,3 Place Richebé,Lille,59800,1945.0,1400.0,12.749994496785353,11.256858331887699,5.509793112994564,4.028916756899646,Lille,2026
2459E4617256E,2459E4617256E,50.63442795576693,3.0507580524534044,3299.990172723683,247.73765397314898,968.4540264104373,35.38386491658914,2.567229574851285,B,A,13 Square Rameau 59800 Lille,13,Square Rameau,59800.0,Lille,59350_7364_00013,13 Square Rameau,Lille,59800,,485.1,8.113666203938331,5.529032183358565,3.6054978451748854,1.2809338454620642,Lille,2026
2459E2449871F,2459E2449871F,50.63016302293553,3.013789017832576,10032.4626115571,718.5222215667251,3040.902912053791,139.99968969104546,9.962870515345605,E,B,250 Avenue Arthur Notebart 59160 Lille,250,Avenue Arthur Notebart,59160.0,Lille,59350_0389_00250,248 Avenue Arthur Notebart,Lille,59160,1989.0,,9.154848803471491,6.582302108843358,4.890349128221754,2.3978952727983707,Lille,2026
2459E3241400Q,2459E3241400Q,50.617724004193235,3.092508067262955,6597.961859045219,1379.5073672310712,1927.574949720226,108.0966369977237,22.354853547227787,C,C,290 Allee des Peupliers 59000 Lille,290,Allee des Peupliers,59000.0,Lille,59350_4p7ft1_00290,278-290 Rue des Peupliers,Lille,59800,,3466.0,8.72677317198102,7.167732080341696,4.624972813284271,3.091042453358316,Lille,2026
2459E3241427R,2459E3241427R,50.617724004193235,3.092508067262955,9708.530670595796,2274.474223380843,2932.1719139755332,106.0704369962394,24.64451271388297,C,C,290 Allee des Peupliers 59000 Lille,290,Allee des Peupliers,59000.0,Lille,59350_4p7ft1_00290,278-290 Rue des Peupliers,Lille,59800,,3466.0,9.217236538664023,7.660915129448253,4.709530201312334,3.1780538303479458,Lille,2026
2459E3556662C,2459E3556662C,50.62343201130455,3.038121961054227,13094.465202443407,2915.555086843198,3760.060743942942,117.86662611458033,26.40709990981811,C,C,19bis Rue du Bazinghien 59000 Lille,19bis,Rue du Bazinghien,59000.0,Lille,59350_0662_00019_bis,"19bis Rue du Bazinghien 
RESIDENCE LE PARC D'ISLY",Lille,59000,,17028.0,9.446668621892833,7.92342064682932,4.74493212836325,3.258096538021482,Lille,2026
2459E3241447L,2459E3241447L,50.617724004193235,3.092508067262955,7915.893518349451,1695.900409283533,2473.2270515309106,88.66134524439364,18.288700176237032,C,C,290 Allee des Peupliers 59000 Lille,290,Allee des Peupliers,59000.0,Lille,59350_4p7ft1_00290,278-290 Rue des Peupliers,Lille,59800,,3466.0,8.934586870389676,7.36353320096389,4.454347296253507,2.8903717578961645,Lille,2026
2459E2416451V,2459E2416451V,50.63278703778774,3.0085889547296736,20350.358865596314,4230.233249004786,5559.1107943411935,187.91692380892303,39.021373242546204,D,D,29 Rue des Martyrs de la Résistance 59160 Lille,29,Rue des Martyrs de la Résistance,59160.0,Lille,59350_9538_00029,29 Rue des Martyrs de la Résistance,Lille,59160,,,9.877862004897155,8.297070073995524,5.198497031265826,3.6375861597263857,Lille,2026
2459E3007671B,2459E3007671B,50.62701600107826,3.1095309798385733,7028.428395714958,1585.8801987370036,2157.257564993251,159.70028138551916,35.39472235246877,D,D,Rue Roger Salengro 59260 Lille,,Rue Roger Salengro,59260.0,Lille,59350_7554,"336 Rue Roger Salengro
SQUARE FLANDRE",Lille,59260,,1824.0,8.90851880637068,7.3864708488298945,5.1298987149230735,3.6109179126442243,Lille,2026
2459E1831485D,2459E1831485D,50.62880096361793,3.0362039389925846,255533.06654068644,17266.1620945604,79292.8326356515,72.99684023456956,4.839388003542872,C,A,6 Rue Michel Servet 59000 Lille,6,Rue Michel Servet,59000.0,Lille,59350_6109_00006,4-6 Rue Michel Servet,Lille,59000,1989.0,3500.0,12.42759127737752,9.789209616833492,4.280824129164719,1.791759469228055,Lille,2026
2459E2932371X,2459E2932371X,50.61362996938978,3.073821058552619,7166.170278994766,609.1933596377766,2253.494581615523,198.49765046395902,15.925235961252438,D,C,60 Rue du Jardin des Plantes 59000 Lille,60,Rue du Jardin des Plantes,59000.0,Lille,59350_4797_00060,50 Rue Armand Carrel / 60 rue du jardin des plantes,Lille,59000,1991.0,3658.0,8.864605368075784,6.35402215420487,5.2832037287379885,2.772588722239781,Lille,2026
2459E1704768K,2459E1704768K,50.62107704377687,3.070028038739954,5704.183718130948,1221.2528746560301,1804.0234269217285,90.33362703854003,19.342324455616843,C,C,55 Rue Philippe de Comines 59000 Lille,55,Rue Philippe de Comines,59000.0,Lille,59350_6799_00055,55 Rue Philippe de Comines,Lille,59000,1989.0,63.1,8.636503948400788,7.036588150825105,4.502029427068578,2.9444389791664403,Lille,2026
2459E2932393T,2459E2932393T,50.61362996938978,3.073821058552619,5914.153165884495,514.2246321762962,1720.862181620319,203.6815419928482,17.12298463022006,D,C,60 Rue du Jardin des Plantes 59000 Lille,60,Rue du Jardin des Plantes,59000.0,Lille,59350_4797_00060,50 Rue Armand Carrel / 60 rue du jardin des plantes,Lille,59000,1991.0,3658.0,8.686834695052818,6.17690623123818,5.3230099791384085,2.833213344056216,Lille,2026
2459E3239878C,2459E3239878C,50.632316991637744,3.1020130532794306,7579.309843195542,1580.764682229079,2043.9624830456942,121.52821768886491,25.29560766335371,C,C,Rue Desaugiers 59800 Lille,,Rue Desaugiers,59800.0,Lille,59350_2444,392-406 Rue des Peupliers,Lille,59800,,2918.0,8.869370034048531,7.31375357825196,4.74493212836325,3.2188758248682006,Lille,2026
2459E3942171J,2459E3942171J,50.630217043452106,3.003616996671071,17911.20549577445,4195.585471523605,5402.3172733049605,288.0302760955339,66.75875530281779,E,E,2 Rue Auguste Lamy 59160 Lille,2,Rue Auguste Lamy,59160.0,Lille,59350_9380_00002,"2 Rue Auguste Lamy
BATIMENT B - MYOSOTIS",Lille,59160,,1194.0,9.843902078118969,8.330598517849106,5.717027701406222,4.204692619390966,Lille,2026
2459E3617408M,2459E3617408M,50.627361959678865,3.0535019873040365,11023.365162291893,2374.9824693764726,3162.035371122871,114.841945698493,24.600133661634256,C,C,56 Rue de Flandre 59000 Lille,56,Rue de Flandre,59000.0,Lille,59350_3423_00056,54-56 rue de Flandre et 17 rue de la vielle aventure,Lille,59000,1997.0,3387.3,9.264790677754954,7.705937922375963,4.709530201312334,3.1780538303479458,Lille,2026
2459E3617432K,2459E3617432K,50.627361959678865,3.0535019873040365,3661.4574786367834,758.0366645442616,1079.911937229992,73.05590271771936,14.795083373232487,C,C,56 Rue de Flandre 59000 Lille,56,Rue de Flandre,59000.0,Lille,59350_3423_00056,54-56 rue de Flandre et 17 rue de la vielle aventure,Lille,59000,1997.0,3387.3,8.163171866371634,6.576887309080756,4.2626798770413155,2.70805020110221,Lille,2026
2459E2932243Z,2459E2932243Z,50.61362996938978,3.073821058552619,4526.441674447644,380.78709922831086,1393.4232396976302,226.25074339788736,19.007675502245135,D,C,60 Rue du Jardin des Plantes 59000 Lille,60,Rue du Jardin des Plantes,59000.0,Lille,59350_4797_00060,50 Rue Armand Carrel / 60 rue du jardin des plantes,Lille,59000,1991.0,3658.0,8.398950049927397,5.890538628518022,5.407171771460119,2.9444389791664403,Lille,2026
2459E3241472K,2459E3241472K,50.617724004193235,3.092508067262955,11501.683740041619,2261.63811239029,3248.0241924675597,125.80114013881621,24.343818483491457,C,C,290 Allee des Peupliers 59000 Lille,290,Allee des Peupliers,59000.0,Lille,59350_4p7ft1_00290,278-290 Rue des Peupliers,Lille,59800,,3466.0,9.30312919400962,7.750872986118377,4.795790545596741,3.258096538021482,Lille,2026
2559E0838257C,2559E0838257C,50.643493970577055,2.991169992714502,5247.329736501416,1125.543274212622,1588.6812170318306,146.3211544614191,31.38662164020325,D,D,Rue Honoré de Balzac 59160 Lille,,Rue Honoré de Balzac,59160.0,Lille,59350_9655,75 Rue Balzac,Lille,59160,1948.0,35.9,8.607673544544612,7.076991596227436,5.034351820713572,3.5263605246161616,Lille,2026
2559E0140326P,2559E0140326P,50.618885018234636,3.0511189892075286,55212.80585051687,5593.151890799364,16608.45559732857,229.04822586824596,22.672751608297776,G,C,286 Boulevard Victor Hugo 59000 Lille,286,Boulevard Victor Hugo,59000.0,Lille,59350_9119_00286,286 Boulevard Victor Hugo,Lille,59000,,240.9,10.944620787729601,8.552849868624271,5.4638318050256105,3.091042453358316,Lille,2026
2459E3207243X,2459E3207243X,50.632316991637744,3.1020130532794306,4387.043899156019,932.9412697421276,1282.9993338809331,120.89610435693919,25.47569743294011,C,C,Rue Desaugiers 59800 Lille,,Rue Desaugiers,59800.0,Lille,59350_2444,342-356 Rue des Peupliers,Lille,59800,,2624.0,8.327919524609642,6.779808264651515,4.74493212836325,3.2188758248682006,Lille,2026
2459E3628550A,2459E3628550A,50.649787960212905,3.0976100566550615,6787.320279607028,1358.6322875358128,2010.4243135586735,134.51230853919367,26.626313249232016,C,C,74c Rue Emile Vandenberghe 59800 Lille,74c,Rue Emile Vandenberghe,59800.0,Lille,59350_3092_00074_c,74C Rue Émile Vandenberghe,Lille,59800,1976.0,2264.1,8.757594959286717,7.228896305177583,4.844187086458591,3.332204510175204,Lille,2026
2459E2932269Z,2459E2932269Z,50.61362996938978,3.073821058552619,7742.526330672781,628.8972320676531,2202.091912499521,202.83447100732172,15.709339685286924,D,C,60 Rue du Jardin des Plantes 59000 Lille,60,Rue du Jardin des Plantes,59000.0,Lille,59350_4797_00060,50 Rue Armand Carrel / 60 rue du jardin des plantes,Lille,59000,1991.0,3658.0,8.910086268349605,6.399426535414734,5.272999558563747,2.772588722239781,Lille,2026
2559E1106716L,2559E1106716L,50.62794996083778,3.106437929842098,967389.3710416098,231090.4647999068,299127.25729449023,230.46743643718443,54.990340636650615,E,E,130 Rue Roger Salengro 59260 Lille,130,Rue Roger Salengro,59260.0,Lille,59350_7554_00130,130 Rue Roger Salengro,Lille,59260,,4197.5,13.822053009379088,12.304224692492964,5.483966713434666,3.979681653901961,Lille,2026
2459E2932355H,2459E2932355H,50.61362996938978,3.073821058552619,10952.183558551065,910.5829876841445,3162.995359703917,181.67652401137735,14.41936639246468,D,C,60 Rue du Jardin des Plantes 59000 Lille,60,Rue du Jardin des Plantes,59000.0,Lille,59350_4797_00060,50 Rue Armand Carrel / 60 rue du jardin des plantes,Lille,59000,1991.0,3658.0,9.297655036302892,6.785700632974831,5.204006687076795,2.70805020110221,Lille,2026
2459E3950373V,2459E3950373V,50.617497036506585,3.0725360386843446,39090.626325187084,2773.8594017893474,11060.85119815361,141.09391528738172,10.003668786348342,E,B,9 Avenue Louise Michel 59000 Lille,9,Avenue Louise Michel,59000.0,Lille,59350_5733_00009,9 Avenue Louise Michel,Lille,59000,1948.0,277.0,10.475489175493871,7.876714359423376,4.859036909945142,2.3513752571634776,Lille,2026
2459E2932272C,2459E2932272C,50.61362996938978,3.073821058552619,6943.578753105294,624.5018882767502,2016.1681138637286,192.33202877453894,16.325424057426375,D,C,60 Rue du Jardin des Plantes 59000 Lille,60,Rue du Jardin des Plantes,59000.0,Lille,59350_4797_00060,50 Rue Armand Carrel / 60 rue du jardin des plantes,Lille,59000,1991.0,3658.0,8.864605368075784,6.35402215420487,5.2832037287379885,2.772588722239781,Lille,2026
2459E3207252G,2459E3207252G,50.632316991637744,3.1020130532794306,8143.8008466723795,1656.9522023368825,2388.0603297932785,112.9725607648296,22.00328585372109,C,C,Rue Desaugiers 59800 Lille,,Rue Desaugiers,59800.0,Lille,59350_2444,342-356 Rue des Peupliers,Lille,59800,,2624.0,8.922391597295857,7.366697960868447,4.653960350157523,3.091042453358316,Lille,2026
2459E3239991L,2459E3239991L,50.632316991637744,3.1020130532794306,7883.504798946154,1524.7051616629776,2463.9432948377107,104.45920833777276,19.50249631188255,C,C,Rue Desaugiers 59800 Lille,,Rue Desaugiers,59800.0,Lille,59350_2444,392-406 Rue des Peupliers,Lille,59800,,2918.0,8.918984894158093,7.35538547925098,4.605170185988092,3.044522437723423,Lille,2026
2459E3240263X,2459E3240263X,50.632316991637744,3.1020130532794306,7617.255404431343,1550.7528008830102,1966.0294901386862,135.49206328854456,27.036527072324994,C,C,Rue Desaugiers 59800 Lille,,Rue Desaugiers,59800.0,Lille,59350_2444,190 -216 Rue des Peupliers,Lille,59800,,2346.0,8.857714362883737,7.308073832937422,4.836281906951478,3.295836866004329,Lille,2026
2559E0167404B,2559E0167404B,50.639951965505716,3.055140014582404,75133.30791030597,5331.717348225796,22118.023699705056,149.93411428779848,10.630489755228181,F,C,42 Rue Léonard Danel 59800 Lille,42,Rue Léonard Danel,59800.0,Lille,59350_5531_00042,42 Léonard Danel,Lille,59800,1993.0,501.0,11.232127641604587,8.624827120909394,5.021904886354487,2.4932054526026954,Lille,2026
2459E3241420K,2459E3241420K,50.617724004193235,3.092508067262955,7182.181901564843,1497.1002094433322,2261.873876885151,100.2133239221852,20.245414642481794,C,C,290 Allee des Peupliers 59000 Lille,290,Allee des Peupliers,59000.0,Lille,59350_4p7ft1_00290,278-290 Rue des Peupliers,Lille,59800,,3466.0,8.906921794337881,7.348523178792688,4.6443908991413725,3.091042453358316,Lille,2026
2459E3007599H,2459E3007599H,50.62701600107826,3.1095309798385733,6305.046880086921,1281.793225686698,1760.4761215086476,143.28687105442975,28.76422157774065,C,C,Rue Roger Salengro 59260 Lille,,Rue Roger Salengro,59260.0,Lille,59350_7554,"336 Rue Roger Salengro
SQUARE FLANDRE",Lille,59260,,1824.0,8.6897000748218,7.164952370421198,4.912654885736052,3.4011973816621555,Lille,2026
2459E4279123B,2459E4279123B,50.62144400753086,3.074499950820299,23206.545814564415,4678.389471658902,6801.788225912771,367.55932405495116,73.96293141105728,F,F,Rue de Trévise 59000 Lille,,Rue de Trévise,59000.0,Lille,59350_8749,72 Rue de Trévise,Lille,59000,,1805.0,10.025882160749735,8.516793111394898,5.883322388488279,4.382026634673881,Lille,2026
2559E0948273M,2559E0948273M,50.637791957017384,3.0815640566930735,19399.33830431938,3896.8944690757025,5716.398554583412,230.28237748494598,46.22870896550982,D,D,21 Rue Eugène Jacquet 59800 Lille,21,Rue Eugène Jacquet,59800.0,Lille,59350_3227_00021,21 RUE EUGENE JACQUET,Lille,59800,1930.0,,9.805775490520764,8.291095280275592,5.376666332959013,3.877431560658527,Lille,2026
2559E1118466J,2559E1118466J,50.63893796782098,3.0588619439678815,70740.29169890813,5263.6077046103765,20887.117810784588,243.09878397277382,17.99787706734693,G,C,122 Rue Esquermoise 59800 Lille,122,Rue Esquermoise,59800.0,Lille,59350_3197_00122,122 Rue Esquermoise,Lille,59800,,291.0,11.128638508279263,8.540714386457584,5.459585514144159,2.917770732084279,Lille,2026
2459E3007654K,2459E3007654K,50.62701600107826,3.1095309798385733,5464.419010940971,1253.079019981607,1729.1373429702294,124.11861540653457,27.621139308925944,C,C,Rue Roger Salengro 59260 Lille,,Rue Roger Salengro,59260.0,Lille,59350_7554,"336 Rue Roger Salengro
SQUARE FLANDRE",Lille,59260,,1824.0,8.63698310084254,7.111430547100949,4.859812404361672,3.332204510175204,Lille,2026
2459E2932238U,2459E2932238U,50.61362996938978,3.073821058552619,6732.928290674299,509.9240662598083,1898.7460299529387,209.83352418968116,15.674899251021964,D,C,60 Rue du Jardin des Plantes 59000 Lille,60,Rue du Jardin des Plantes,59000.0,Lille,59350_4797_00060,50 Rue Armand Carrel / 60 rue du jardin des plantes,Lille,59000,1991.0,3658.0,8.766924144439447,6.256709274440827,5.303304908059076,2.833213344056216,Lille,2026
2459E2932503Z,2459E2932503Z,50.61362996938978,3.073821058552619,10845.221312826197,866.6345463586255,3365.947149399282,189.8774922742331,14.324537956340917,D,C,60 Rue du Jardin des Plantes 59000 Lille,60,Rue du Jardin des Plantes,59000.0,Lille,59350_4797_00060,50 Rue Armand Carrel / 60 rue du jardin des plantes,Lille,59000,1991.0,3658.0,9.254682563326918,6.742880635791903,5.214935757608986,2.70805020110221,Lille,2026
2459E3008883R,2459E3008883R,50.62701600107826,3.1095309798385733,5706.714144452029,1322.7342437859427,1751.2180587153377,109.1205324088059,24.781906206762393,C,C,Rue Roger Salengro 59260 Lille,,Rue Roger Salengro,59260.0,Lille,59350_7554,"336 Rue Roger Salengro
SQUARE FLANDRE",Lille,59260,,1000.0,8.684502628089689,7.156176637480615,4.736198448394496,3.2188758248682006,Lille,2026
2459E3628615N,2459E3628615N,50.649787960212905,3.0976100566550615,8722.338277162115,1934.2740462356533,2640.7132306914164,124.48171874311942,27.31871146030808,C,C,74c Rue Emile Vandenberghe 59800 Lille,74c,Rue Emile Vandenberghe,59800.0,Lille,59350_3092_00074_c,74C Rue Émile Vandenberghe,Lille,59800,1976.0,2264.1,9.011779671131142,7.479356101462587,4.770684624465665,3.258096538021482,Lille,2026
2459E3007658O,2459E3007658O,50.62701600107826,3.1095309798385733,7299.222662222522,1476.7457399103696,2125.4831284323723,140.28791371773048,27.704442691785825,C,C,Rue Roger Salengro 59260 Lille,,Rue Roger Salengro,59260.0,Lille,59350_7554,"336 Rue Roger Salengro
SQUARE FLANDRE",Lille,59260,,1824.0,8.834773814213882,7.308877637656164,4.890349128221754,3.367295829986474,Lille,2026
2459E2932459H,2459E2932459H,50.61362996938978,3.073821058552619,6495.917929790649,472.53437293357047,1874.8687205273218,208.81851102530436,14.90644709569623,D,C,60 Rue du Jardin des Plantes 59000 Lille,60,Rue du Jardin des Plantes,59000.0,Lille,59350_4797_00060,50 Rue Armand Carrel / 60 rue du jardin des plantes,Lille,59000,1991.0,3658.0,8.740928567567575,6.230875070886063,5.308267697401205,2.833213344056216,Lille,2026
2459E2932482E,2459E2932482E,50.61362996938978,3.073821058552619,7678.619238328884,620.4103285371609,2293.612567019711,206.79364584558573,15.851055915614738,D,C,60 Rue du Jardin des Plantes 59000 Lille,60,Rue du Jardin des Plantes,59000.0,Lille,59350_4797_00060,50 Rue Armand Carrel / 60 rue du jardin des plantes,Lille,59000,1991.0,3658.0,8.887611264446834,6.3768970014659105,5.278114659230517,2.772588722239781,Lille,2026
2559E1269021Y,2559E1269021Y,50.63229766741757,3.090965752089597,14518.878188465857,2891.1050871592884,4142.809508567668,145.72323961160083,28.74602738107192,C,C,8 Rue Brasseur 59800 Lille,8,Rue Brasseur,59800.0,Lille,59350_1126_00008,8 Rue Brasseur,Lille,59800,,,9.540348906668903,7.907099565991578,4.9459189793765646,3.332204510175204,Lille,2026
2459E3240040I,2459E3240040I,50.632316991637744,3.1020130532794306,9785.6812119613,1939.4077422334378,2815.391339046413,101.25398669357709,19.597895535907817,C,C,Rue Desaugiers 59800 Lille,,Rue Desaugiers,59800.0,Lille,59350_2444,392-406 Rue des Peupliers,Lille,59800,,2918.0,9.156116471765737,7.590953128688414,4.59511985013459,3.044522437723423,Lille,2026
2459E2932553X,2459E2932553X,50.61362996938978,3.073821058552619,9897.100178681772,859.2339728676807,2803.0288910592394,179.47906970723076,14.630595500057806,D,C,60 Rue du Jardin des Plantes 59000 Lille,60,Rue du Jardin des Plantes,59000.0,Lille,59350_4797_00060,50 Rue Armand Carrel / 60 rue du jardin des plantes,Lille,59000,1991.0,3658.0,9.224972794020495,6.71319918451984,5.220355825078324,2.70805020110221,Lille,2026
2459E2932358K,2459E2932358K,50.61362996938978,3.073821058552619,8055.342366704871,650.4505040719548,2487.4419844232875,201.00082443715206,15.558535418720016,D,C,60 Rue du Jardin des Plantes 59000 Lille,60,Rue du Jardin des Plantes,59000.0,Lille,59350_4797_00060,50 Rue Armand Carrel / 60 rue du jardin des plantes,Lille,59000,1991.0,3658.0,8.95360125665005,6.442699389460335,5.267858159063328,2.772588722239781,Lille,2026
2459E2932181P,2459E2932181P,50.61362996938978,3.073821058552619,4629.693300059781,350.99333535458396,1389.1926506367092,231.41169735067132,17.5204659910774,D,C,60 Rue du Jardin des Plantes 59000 Lille,60,Rue du Jardin des Plantes,59000.0,Lille,59350_4797_00060,50 Rue Armand Carrel / 60 rue du jardin des plantes,Lille,59000,1991.0,3658.0,8.398950049927397,5.890538628518022,5.407171771460119,2.9444389791664403,Lille,2026
2559E1168717C,2559E1168717C,50.6400079656999,3.0567309621373013,55667.4473714775,4413.470733517821,18290.120923090268,278.3518976002687,22.036461431936857,G,C,16 Rue Léonard Danel 59800 Lille,16,Rue Léonard Danel,59800.0,Lille,59350_5531_00016,16 L Danel,Lille,59800,1945.0,200.0,10.916144270291529,8.363342466597977,5.621487231929371,3.109060958860994,Lille,2026
2459E4522745D,2459E4522745D,50.621503957812884,3.065762064233501,4803.300655976741,930.2245346535067,1315.8818094237815,159.0820850418686,30.80213690905651,C,C,9bis Rue de Wattignies 59000 Lille,9bis,Rue de Wattignies,59000.0,Lille,59350_9313_00009_bis,9bis Rue de Wattignies,Lille,59000,1988.0,30.2,8.415824697027949,6.842896706633641,5.014627315365793,3.4657359027997265,Lille,2026
2459E3241533T,2459E3241533T,50.617724004193235,3.092508067262955,8751.365546497136,1766.247013536124,2613.566920358108,124.68913488561016,24.392869331837367,C,C,290 Allee des Peupliers 59000 Lille,290,Allee des Peupliers,59000.0,Lille,59350_4p7ft1_00290,278-290 Rue des Peupliers,Lille,59800,,3466.0,9.013437015616578,7.460950499114637,4.770684624465665,3.2188758248682006,Lille,2026
2459E2932184S,2459E2932184S,50.61362996938978,3.073821058552619,10630.722296695993,856.082070634692,3193.4178480254645,173.9055652093177,13.370313463727898,D,C,60 Rue du Jardin des Plantes 59000 Lille,60,Rue du Jardin des Plantes,59000.0,Lille,59350_4797_00060,50 Rue Armand Carrel / 60 rue du jardin des plantes,Lille,59000,1991.0,3658.0,9.311578401854348,6.799501693541883,5.204006687076795,2.70805020110221,Lille,2026
2459E3041048U,2459E3041048U,50.63182597300224,3.0030020552579177,17796.227170735576,3908.2823868236055,5982.084786333826,265.865123651261,58.29328040393176,E,E,63 Rue de l'Égalité 59160 Lille,63,Rue de l'Égalité,59160.0,Lille,59350_9435_00063,63 Rue de l'Égalité,Lille,59160,,,9.831427481999706,8.332741367213014,5.631211781821365,4.143134726391533,Lille,2026
2459E3239360E,2459E3239360E,50.632316991637744,3.1020130532794306,7259.918634070886,1364.4288149800495,1965.2385029463826,93.71033479801434,17.10525050121249,C,C,Rue Desaugiers 59800 Lille,,Rue Desaugiers,59800.0,Lille,59350_2444,190 -216 Rue des Peupliers,Lille,59800,,2346.0,8.83869681234353,7.270173697547935,4.499809670330265,2.9444389791664403,Lille,2026
2459E3936742O,2459E3936742O,50.62945100749694,3.0360899804277213,31491.029924848306,7104.299254290502,9844.774373547989,216.50859785791891,48.43179967020749,E,D,6 Rue de Turenne 59000 Lille,6,Rue de Turenne,59000.0,Lille,59350_8789_00006,6 rue de turenne,Lille,59000,,,10.387030362033846,8.795112765373249,5.4116460518550396,3.828641396489095,Lille,2026
2459E3008917Z,2459E3008917Z,50.62701600107826,3.1095309798385733,8204.399448999882,1783.2754602856676,2434.186074748231,151.7089593137699,32.639510697795174,D,D,Rue Roger Salengro 59260 Lille,,Rue Roger Salengro,59260.0,Lille,59350_7554,"336 Rue Roger Salengro
SQUARE FLANDRE",Lille,59260,,1000.0,8.960403565766661,7.435261012999326,4.976733742420574,3.4657359027997265,Lille,2026
2559E0595981U,2559E0595981U,50.63047203687078,3.0021999804336903,2736.973427118781,477.5045572485997,811.5996772712608,261.0272556939257,45.14223755501468,D,D,Rue de la Fraternité 59160 Lille,,Rue de la Fraternité,59160.0,Lille,59350_9456,150 Rue Anatole France,Lille,59160,,150.0,7.937588958921677,6.1675164908883415,5.5909869805108565,3.828641396489095,Lille,2026
2459E3617500A,2459E3617500A,50.627361959678865,3.0535019873040365,9263.400976286981,2076.079486641651,2665.6129221220394,116.19869347724668,25.151344847383708,C,C,56 Rue de Flandre 59000 Lille,56,Rue de Flandre,59000.0,Lille,59350_3423_00056,54-56 rue de Flandre et 17 rue de la vielle aventure,Lille,59000,1997.0,3387.3,9.106023755710186,7.54934597262768,4.736198448394496,3.1780538303479458,Lille,2026
2459E3207288Q,2459E3207288Q,50.632316991637744,3.1020130532794306,8472.289775204481,1837.9042381900251,2477.1327658506566,107.04427967520891,22.93012654585939,C,C,Rue Desaugiers 59800 Lille,,Rue Desaugiers,59800.0,Lille,59350_2444,342-356 Rue des Peupliers,Lille,59800,,2624.0,8.986559117372446,7.429045952595891,4.624972813284271,3.091042453358316,Lille,2026
2459E4617251Z,2459E4617251Z,50.63442795576693,3.0507580524534044,3426.5106458753485,256.0798790251977,1086.2585196366006,61.39164907193333,4.576190398335044,C,A,13 Square Rameau 59800 Lille,13,Square Rameau,59800.0,Lille,59350_7364_00013,13 Square Rameau,Lille,59800,,485.1,8.188966863648876,5.617498106059188,4.182050142641207,1.7749523509116738,Lille,2026
2459E3207267V,2459E3207267V,50.632316991637744,3.1020130532794306,8344.213254620638,1638.1603680891628,2464.526385386638,115.5520767591405,22.21037990217563,C,C,Rue Desaugiers 59800 Lille,,Rue Desaugiers,59800.0,Lille,59350_2444,342-356 Rue des Peupliers,Lille,59800,,2624.0,8.989257196628891,7.436852947535576,4.718498871295094,3.1780538303479458,Lille,2026
2459E3241494G,2459E3241494G,50.617724004193235,3.092508067262955,3992.4886000580145,832.9019762093887,1114.8480284966076,110.85641483449439,22.494283668802545,C,C,290 Allee des Peupliers 59000 Lille,290,Allee des Peupliers,59000.0,Lille,59350_4p7ft1_00290,278-290 Rue des Peupliers,Lille,59800,,3466.0,8.257022519264952,6.7039240387003005,4.68213122712422,3.1354942159291497,Lille,2026
2459E3007642Y,2459E3007642Y,50.62701600107826,3.1095309798385733,6237.40443748339,1197.2671557809647,1678.1733732303405,140.73044646878722,26.873643589510817,C,C,Rue Roger Salengro 59260 Lille,,Rue Roger Salengro,59260.0,Lille,59350_7554,"336 Rue Roger Salengro
SQUARE FLANDRE",Lille,59260,,1824.0,8.689481247231818,7.164720378771857,4.90527477843843,3.4011973816621555,Lille,2026
2459E2932535F,2459E2932535F,50.61362996938978,3.073821058552619,7366.309687992006,594.5465736631917,2282.2425022508546,204.0413650150414,15.542346819358446,D,C,60 Rue du Jardin des Plantes 59000 Lille,60,Rue du Jardin des Plantes,59000.0,Lille,59350_4797_00060,50 Rue Armand Carrel / 60 rue du jardin des plantes,Lille,59000,1991.0,3658.0,8.864605368075784,6.35402215420487,5.2832037287379885,2.772588722239781,Lille,2026
2459E3008892A,2459E3008892A,50.62701600107826,3.1095309798385733,5205.463749195626,1254.356661518141,1699.8578810989834,99.21774388259398,23.594260049075842,C,C,Rue Roger Salengro 59260 Lille,,Rue Roger Salengro,59260.0,Lille,59350_7554,"336 Rue Roger Salengro
SQUARE FLANDRE",Lille,59260,,1000.0,8.595061228514552,7.06527171685712,4.6443908991413725,3.1354942159291497,Lille,2026
2459E3207286O,2459E3207286O,50.632316991637744,3.1020130532794306,11088.4561784847,2269.458440775969,3204.652108008135,130.30283698335901,26.299661018084862,C,C,Rue Desaugiers 59800 Lille,,Rue Desaugiers,59800.0,Lille,59350_2444,342-356 Rue des Peupliers,Lille,59800,,2624.0,9.264174934604588,7.716282610582155,4.8283137373023015,3.295836866004329,Lille,2026
2559E0146142H,2559E0146142H,50.63435003900971,3.033988033807344,277394.91040688177,21896.34086499859,92795.54418071287,98.87807073719306,7.722015370788714,D,B,77 Avenue Marx Dormoy 59000 Lille,77,Avenue Marx Dormoy,59000.0,Lille,59350_5967_00077,77 à 85 Marx Dormoy,Lille,59000,1989.0,2805.6,12.570151363765875,9.964949470780878,4.640537329825382,2.1400661634962708,Lille,2026
2459E2552819T,2459E2552819T,50.63659697067374,3.061238946342121,37885.02783818557,2989.8266843415186,11475.388048303597,222.82877801236629,17.509664335746802,G,C,42 Rue Nationale 59800 Lille,42,Rue Nationale,59800.0,Lille,59350_6350_00042,42 Rue Nationale,Lille,59800,1945.0,170.0,10.557795147304532,7.973775503049588,5.426270730858498,2.8903717578961645,Lille,2026
2459E3239323T,2459E3239323T,50.632316991637744,3.1020130532794306,8972.269041449383,1718.827410446741,2662.3572010056373,111.85448577973794,21.47133958303011,C,C,Rue Desaugiers 59800 Lille,,Rue Desaugiers,59800.0,Lille,59350_2444,190 -216 Rue des Peupliers,Lille,59800,,2346.0,9.076157338508448,7.518715788554135,4.700480365792417,3.1780538303479458,Lille,2026
2459E3007635R,2459E3007635R,50.62701600107826,3.1095309798385733,6454.607426056473,1349.24504276597,1779.8641456091893,145.63105438392472,30.28491195062936,C,C,Rue Roger Salengro 59260 Lille,,Rue Roger Salengro,59260.0,Lille,59350_7554,"336 Rue Roger Salengro
SQUARE FLANDRE",Lille,59260,,1824.0,8.689481247231818,7.164720378771857,4.90527477843843,3.4011973816621555,Lille,2026
2459E3617544S,2459E3617544S,50.627361959678865,3.0535019873040365,7507.691462777683,1683.5432545773112,2534.695817638455,84.71933866788483,18.954077171873656,C,C,56 Rue de Flandre 59000 Lille,56,Rue de Flandre,59000.0,Lille,59350_3423_00056,54-56 rue de Flandre et 17 rue de la vielle aventure,Lille,59000,1997.0,3387.3,8.950377222523436,7.377633900414722,4.477336814478207,2.9444389791664403,Lille,2026
2459E3617673R,2459E3617673R,50.627361959678865,3.0535019873040365,5822.772100550775,1389.1658524760248,1903.9413818103599,76.6326376665431,17.267443784661587,C,C,56 Rue de Flandre 59000 Lille,56,Rue de Flandre,59000.0,Lille,59350_3423_00056,54-56 rue de Flandre et 17 rue de la vielle aventure,Lille,59000,1997.0,3387.3,8.737388400638274,7.161001174112791,4.418840607796598,2.833213344056216,Lille,2026
2459E3934194O,2459E3934194O,50.62945100749694,3.0360899804277213,33794.57605838356,6873.204722059515,10200.690308347203,232.34604568553712,46.85636996359257,E,D,6 Rue de Turenne 59000 Lille,6,Rue de Turenne,59000.0,Lille,59350_8789_00006,6 rue de turenne,Lille,59000,,,10.387030362033846,8.795112765373249,5.4116460518550396,3.828641396489095,Lille,2026
2459E3617648S,2459E3617648S,50.627361959678865,3.0535019873040365,5440.267833813579,1198.638318615528,1712.2887271524044,73.40207018475876,15.759115416980382,C,C,56 Rue de Flandre 59000 Lille,56,Rue de Flandre,59000.0,Lille,59350_3423_00056,54-56 rue de Flandre et 17 rue de la vielle aventure,Lille,59000,1997.0,3387.3,8.623299428954374,7.040448820707603,4.330733340286331,2.772588722239781,Lille,2026
2459E3239339J,2459E3239339J,50.632316991637744,3.1020130532794306,282027.52292084147,65824.70285330739,83374.63709395296,96.56083418563009,22.37417042725224,C,C,Rue Desaugiers 59800 Lille,,Rue Desaugiers,59800.0,Lille,59350_2444,392-406 Rue des Peupliers,Lille,59800,,2918.0,12.594710635121954,11.031381906128416,4.624972813284271,3.091042453358316,Lille,2026
2459E3239306C,2459E3239306C,50.632316991637744,3.1020130532794306,7231.935337403224,1536.7139073389296,1992.1845814904482,92.25861750575316,19.04230368449727,C,C,Rue Desaugiers 59800 Lille,,Rue Desaugiers,59800.0,Lille,59350_2444,190 -216 Rue des Peupliers,Lille,59800,,2346.0,8.850445965410477,7.2817985170819615,4.499809670330265,2.9444389791664403,Lille,2026
2459E2932316U,2459E2932316U,50.61362996938978,3.073821058552619,4613.023774340532,343.12257714879945,1305.000328977817,230.57848378970553,17.127582885963367,D,C,60 Rue du Jardin des Plantes 59000 Lille,60,Rue du Jardin des Plantes,59000.0,Lille,59350_4797_00060,50 Rue Armand Carrel / 60 rue du jardin des plantes,Lille,59000,1991.0,3658.0,8.398950049927397,5.890538628518022,5.407171771460119,2.9444389791664403,Lille,2026
2559E0146397C,2559E0146397C,50.63435003900971,3.033988033807344,31034.798254968224,5716.07223742832,9964.82074132739,114.75664013748842,21.13518444307863,C,C,77 Avenue Marx Dormoy 59000 Lille,77,Avenue Marx Dormoy,59000.0,Lille,59350_5967_00077,77 à 85 Marx Dormoy,Lille,59000,1989.0,270.4,10.302381115261253,8.704850487799712,4.711330381816482,3.1484533605716547,Lille,2026
2459E3239809L,2459E3239809L,50.632316991637744,3.1020130532794306,7678.618212750751,1708.6069764750168,2279.1998517673533,106.13834960606671,22.881271903122943,C,C,Rue Desaugiers 59800 Lille,,Rue Desaugiers,59800.0,Lille,59350_2444,392-406 Rue des Peupliers,Lille,59800,,2918.0,8.963710667506653,7.4047659137143995,4.6913478822291435,3.1354942159291497,Lille,2026
2459E3617553B,2459E3617553B,50.627361959678865,3.0535019873040365,7598.631324061429,1522.9349882064987,2245.3151126611447,99.57292688888172,19.188597079460294,C,C,56 Rue de Flandre 59000 Lille,56,Rue de Flandre,59000.0,Lille,59350_3423_00056,54-56 rue de Flandre et 17 rue de la vielle aventure,Lille,59000,1997.0,3387.3,8.834788372267761,7.265149963845218,4.51085950651685,2.9444389791664403,Lille,2026
2459E3239898W,2459E3239898W,50.632316991637744,3.1020130532794306,6500.366599833068,1299.477066805422,2103.1519662336805,89.71647753847395,17.649277297591187,C,C,Rue Desaugiers 59800 Lille,,Rue Desaugiers,59800.0,Lille,59350_2444,392-406 Rue des Peupliers,Lille,59800,,2918.0,8.760453046315272,7.190148389500307,4.48863636973214,2.9444389791664403,Lille,2026
2459E2932229L,2459E2932229L,50.61362996938978,3.073821058552619,10862.018840779301,931.5120060288943,3462.808946182538,177.68929270281745,14.54838028157577,D,C,60 Rue du Jardin des Plantes 59000 Lille,60,Rue du Jardin des Plantes,59000.0,Lille,59350_4797_00060,50 Rue Armand Carrel / 60 rue du jardin des plantes,Lille,59000,1991.0,3658.0,9.311578401854348,6.799501693541883,5.204006687076795,2.70805020110221,Lille,2026
2459E3239300W,2459E3239300W,50.632316991637744,3.1020130532794306,8973.03748250844,1902.4387874240033,2684.960353488405,111.86406569526609,23.764985938926827,C,C,Rue Desaugiers 59800 Lille,,Rue Desaugiers,59800.0,Lille,59350_2444,190 -216 Rue des Peupliers,Lille,59800,,2346.0,9.076157338508448,7.518715788554135,4.700480365792417,3.1780538303479458,Lille,2026
2559E0494173C,2559E0494173C,50.628912964125284,3.1119850469713404,18767.828584361054,1340.7897628009628,5606.430006607487,81.52148324641395,5.766837689466506,D,B,49 Rue Faidherbe 59800 Lille,49,Rue Faidherbe,59800.0,Lille,59350_3276_00049,49 Faidherbe,Lille,59000,,230.2,9.812325756278115,7.241366283322318,4.385769620952716,1.9459101490553132,Lille,2026
2459E4611777L,2459E4611777L,50.639414978717525,3.064747004795223,91830.30033796834,6966.604794377376,25448.942807483378,115.04882178592347,8.701139320379434,E,B,1 Place des Patiniers 59800 Lille,1,Place des Patiniers,59800.0,Lille,59350_6649_00001,1 des Patiniers,Lille,59800,1978.0,798.1,11.372782550034238,8.777447539266614,4.699570861409576,2.2082744135228043,Lille,2026
2459E2932577V,2459E2932577V,50.61362996938978,3.073821058552619,6709.91836268457,563.1949179268748,2120.723613592641,202.86748012370546,16.881076595784936,D,C,60 Rue du Jardin des Plantes 59000 Lille,60,Rue du Jardin des Plantes,59000.0,Lille,59350_4797_00060,50 Rue Armand Carrel / 60 rue du jardin des plantes,Lille,59000,1991.0,3658.0,8.792245847467877,6.281892845227788,5.298317366548036,2.833213344056216,Lille,2026
2459E2932457F,2459E2932457F,50.61362996938978,3.073821058552619,6960.7416053301495,553.5633522729094,2132.5253529102965,192.80742716855698,14.470983415987524,D,C,60 Rue du Jardin des Plantes 59000 Lille,60,Rue du Jardin des Plantes,59000.0,Lille,59350_4797_00060,50 Rue Armand Carrel / 60 rue du jardin des plantes,Lille,59000,1991.0,3658.0,8.864605368075784,6.35402215420487,5.2832037287379885,2.772588722239781,Lille,2026
2559E0858232J,2559E0858232J,50.64327403303675,3.068461938289814,1006970.3117852601,220323.93947490485,307610.9739821889,110.3452495704164,24.130816186697146,C,C,Rue du Bastion du Meunier 59800 Lille,,Rue du Bastion du Meunier,59800.0,Lille,59350_0619,1-7-9-10-12-14 RUE DU PONT A RAISNES et 4-6 RUE DU BASTION DU MEUNIER.,Lille,59800,1983.0,9128.0,13.788864791710498,12.228430339195766,4.679349584162343,3.152736022363656,Lille,2026
2459E3239996Q,2459E3239996Q,50.632316991637744,3.1020130532794306,6580.514308568704,1374.6829181111607,2064.738358406652,78.59126227390301,15.694966954316092,C,C,Rue Desaugiers 59800 Lille,,Rue Desaugiers,59800.0,Lille,59350_2444,392-406 Rue des Peupliers,Lille,59800,,2918.0,8.822204245989793,7.245940333607025,4.406719247264253,2.833213344056216,Lille,2026
2459E4611791Z,2459E4611791Z,50.6277470416757,3.0526799890162826,92235.96363317927,5999.039199381916,27341.84616407182,98.15081921722827,6.294073914105617,D,B,Rue Mourmant 59000 Lille,,Rue Mourmant,59000.0,Lille,59350_6283,38-40 Mourmant,Lille,59000,1999.0,940.0,11.355371835003627,8.716207971151853,4.520701029361642,2.0014800002101243,Lille,2026
2459E3241380W,2459E3241380W,50.617724004193235,3.092508067262955,8314.241374885594,1787.5743732646135,2395.216451228701,116.82774765647206,25.0199947269789,C,C,290 Allee des Peupliers 59000 Lille,290,Allee des Peupliers,59000.0,Lille,59350_4p7ft1_00290,278-290 Rue des Peupliers,Lille,59800,,3466.0,9.001346243766392,7.447576439589381,4.74493212836325,3.2188758248682006,Lille,2026
2459E2932321Z,2459E2932321Z,50.61362996938978,3.073821058552619,7531.5033418990415,673.4756695569528,2255.7740094226183,187.92973806178844,16.109288858801293,D,C,60 Rue du Jardin des Plantes 59000 Lille,60,Rue du Jardin des Plantes,59000.0,Lille,59350_4797_00060,50 Rue Armand Carrel / 60 rue du jardin des plantes,Lille,59000,1991.0,3658.0,8.95360125665005,6.442699389460335,5.267858159063328,2.772588722239781,Lille,2026
2459E4279159L,2459E4279159L,50.62144400753086,3.074499950820299,67032.82351136245,14625.048447991374,19144.488833814128,568.0269915943819,122.98827682144437,G,G,Rue de Trévise 59000 Lille,,Rue de Trévise,59000.0,Lille,59350_8749,72 Rue de Trévise,Lille,59000,,1805.0,11.069733567249111,9.565963763227131,6.300785794663244,4.795790545596741,Lille,2026
2459E3007668Y,2459E3007668Y,50.62701600107826,3.1095309798385733,8224.413370386012,1747.1574576948956,2324.2468626734208,186.53814168741036,39.42516828527674,D,D,Rue Roger Salengro 59260 Lille,,Rue Roger Salengro,59260.0,Lille,59350_7554,"336 Rue Roger Salengro
SQUARE FLANDRE",Lille,59260,,1824.0,8.951142090491368,7.429520842786462,5.170483995038151,3.6635616461296463,Lille,2026
2459E3239945R,2459E3239945R,50.632316991637744,3.1020130532794306,11743.263468642199,2406.7795738771874,3289.3548438266503,128.52553803414992,26.33903060897671,C,C,Rue Desaugiers 59800 Lille,,Rue Desaugiers,59800.0,Lille,59350_2444,392-406 Rue des Peupliers,Lille,59800,,2918.0,9.327180741239959,7.773510324148398,4.820281565605037,3.295836866004329,Lille,2026
2459E2535022G,2459E2535022G,50.627945003879596,3.0382560354717074,82148.88915901439,17549.69124820571,27185.040298544787,265.89522998003116,56.77869447425383,E,E,47 Rue de Turenne 59000 Lille,47,Rue de Turenne,59000.0,Lille,59350_8789_00047,47 Rue de Turenne,Lille,59000,1945.0,309.0,11.329024261190659,9.816294340833752,5.599532453282402,4.09933210373314,Lille,2026
2459E2449780S,2459E2449780S,50.63016302293553,3.013789017832576,9336.934702058354,773.9166092399774,2754.1301157482717,126.76839764721962,9.616525587684382,E,B,250 Avenue Arthur Notebart 59160 Lille,250,Avenue Arthur Notebart,59160.0,Lille,59350_0389_00250,248 Avenue Arthur Notebart,Lille,59160,1989.0,,9.15928915354904,6.586585362369367,4.867534450455582,2.302585092994046,Lille,2026
2459E3241453R,2459E3241453R,50.617724004193235,3.092508067262955,7930.937546671687,1685.9365717765966,2543.475278185068,111.28168758212689,22.789621599095927,C,C,290 Allee des Peupliers 59000 Lille,290,Allee des Peupliers,59000.0,Lille,59350_4p7ft1_00290,278-290 Rue des Peupliers,Lille,59800,,3466.0,8.993973804940996,7.439853038023667,4.736198448394496,3.1780538303479458,Lille,2026
2459E3007614W,2459E3007614W,50.62701600107826,3.1095309798385733,7872.323705589037,1669.8914305455312,2445.747096643632,178.89103719560373,37.53674910424737,D,D,Rue Roger Salengro 59260 Lille,,Rue Roger Salengro,59260.0,Lille,59350_7554,"336 Rue Roger Salengro
SQUARE FLANDRE",Lille,59260,,1824.0,8.95494476988034,7.433370988220763,5.176149732573829,3.6635616461296463,Lille,2026
2459E3628588M,2459E3628588M,50.649787960212905,3.0976100566550615,5809.542906095999,1351.612163657565,1798.7921663524485,103.75931727820992,23.258089636657356,C,C,74c Rue Emile Vandenberghe 59800 Lille,74c,Rue Emile Vandenberghe,59800.0,Lille,59350_3092_00074_c,74C Rue Émile Vandenberghe,Lille,59800,1976.0,2264.1,8.688790784847216,7.154224655599844,4.672828834461906,3.1354942159291497,Lille,2026
2459E2932328G,2459E2932328G,50.61362996938978,3.073821058552619,4354.7656080601755,375.7946364120891,1284.5026373907235,217.66964582999933,18.758467707758193,D,C,60 Rue du Jardin des Plantes 59000 Lille,60,Rue du Jardin des Plantes,59000.0,Lille,59350_4797_00060,50 Rue Armand Carrel / 60 rue du jardin des plantes,Lille,59000,1991.0,3658.0,8.398950049927397,5.890538628518022,5.407171771460119,2.9444389791664403,Lille,2026
2559E1106665M,2559E1106665M,50.62800800810489,3.106248004692443,707753.2742215751,156848.86644597704,212833.68763676315,263.88899024143825,58.38544397018047,E,E,128 Rue Roger Salengro 59260 Lille,128,Rue Roger Salengro,59260.0,Lille,59350_7554_00128,128 Rue Roger Salengro,Lille,59260,,2681.6,13.400061778447151,11.883108758933753,5.509793112994564,4.005513348515485,Lille,2026
2459E3617678W,2459E3617678W,50.627361959678865,3.0535019873040365,10397.13275067527,1936.4025351110204,3139.887076677794,86.16031020963628,15.177055237472482,C,C,56 Rue de Flandre 59000 Lille,56,Rue de Flandre,59000.0,Lille,59350_3423_00056,54-56 rue de Flandre et 17 rue de la vielle aventure,Lille,59000,1997.0,3387.3,9.199896019114234,7.621880865927274,4.418840607796598,2.833213344056216,Lille,2026
2459E3008909R,2459E3008909R,50.62701600107826,3.1095309798385733,5538.447812743498,1200.8059781478757,1584.5905345582473,105.56452279142478,22.586979753123522,C,C,Rue Roger Salengro 59260 Lille,,Rue Roger Salengro,59260.0,Lille,59350_7554,"336 Rue Roger Salengro
SQUARE FLANDRE",Lille,59260,,1000.0,8.595061228514552,7.06527171685712,4.6443908991413725,3.1354942159291497,Lille,2026
2459E2932362O,2459E2932362O,50.61362996938978,3.073821058552619,8120.344209557676,627.6630600933164,2433.016859512599,208.1039335078189,15.338784459758468,D,C,60 Rue du Jardin des Plantes 59000 Lille,60,Rue du Jardin des Plantes,59000.0,Lille,59350_4797_00060,50 Rue Armand Carrel / 60 rue du jardin des plantes,Lille,59000,1991.0,3658.0,8.932080438103307,6.421297011664441,5.272999558563747,2.772588722239781,Lille,2026
2459E3008900I,2459E3008900I,50.62701600107826,3.1095309798385733,6056.767468728567,1195.8611021779898,1917.5208370177554,115.74158658724029,22.390908450828334,C,C,Rue Roger Salengro 59260 Lille,,Rue Roger Salengro,59260.0,Lille,59350_7554,"336 Rue Roger Salengro
SQUARE FLANDRE",Lille,59260,,1000.0,8.685128426214112,7.156800467819,4.736198448394496,3.2188758248682006,Lille,2026
2559E1186432L,2559E1186432L,50.62110796164057,3.0611070661623807,4968.286065698472,816.9793390721552,1430.7425114441587,141.38611054093528,23.18480562149405,D,C,134 Rue d'Artois Appt 2 59000 Lille,134,Rue d'Artois,59000.0,Lille,59350_0391_00134,134 Rue d'Artois,Lille,59000,,360.0,8.517473152223554,6.75786218940752,4.964940334834126,3.2347491740244907,Lille,2026
2459E4279279B,2459E4279279B,50.62144400753086,3.074499950820299,49266.863883022634,10307.488984154868,13465.183375929524,502.39746878366805,104.7064811251,G,G,Rue de Trévise 59000 Lille,,Rue de Trévise,59000.0,Lille,59350_8749,72 Rue de Trévise,Lille,59000,,1805.0,10.729822941839744,9.224292585594187,6.1463292576688975,4.6443908991413725,Lille,2026
2459E2932261R,2459E2932261R,50.61362996938978,3.073821058552619,10981.652600034611,800.7307475919324,3297.7783267703007,195.12228147332212,13.431860132143605,D,C,60 Rue du Jardin des Plantes 59000 Lille,60,Rue du Jardin des Plantes,59000.0,Lille,59350_4797_00060,50 Rue Armand Carrel / 60 rue du jardin des plantes,Lille,59000,1991.0,3658.0,9.239938008415127,6.728150029682411,5.214935757608986,2.70805020110221,Lille,2026
2459E3617583F,2459E3617583F,50.627361959678865,3.0535019873040365,6836.176288837591,1338.5701084303628,1937.963291886139,85.17209893984925,16.30764787395454,C,C,56 Rue de Flandre 59000 Lille,56,Rue de Flandre,59000.0,Lille,59350_3423_00056,54-56 rue de Flandre et 17 rue de la vielle aventure,Lille,59000,1997.0,3387.3,8.816275038818892,7.2416527752308815,4.442651256490317,2.8903717578961645,Lille,2026
2459E3617455H,2459E3617455H,50.627361959678865,3.0535019873040365,5432.058454870176,1006.2985175788114,1532.6458949301148,94.20130074424041,17.386612897311004,C,C,56 Rue de Flandre 59000 Lille,56,Rue de Flandre,59000.0,Lille,59350_3423_00056,54-56 rue de Flandre et 17 rue de la vielle aventure,Lille,59000,1997.0,3387.3,8.520746869615536,6.949664682059346,4.477336814478207,2.9444389791664403,Lille,2026
2459E3240025T,2459E3240025T,50.632316991637744,3.1020130532794306,8587.833504359074,1858.721177989501,2621.855224371018,111.33252020571905,23.818654424376177,C,C,Rue Desaugiers 59800 Lille,,Rue Desaugiers,59800.0,Lille,59350_2444,392-406 Rue des Peupliers,Lille,59800,,2918.0,9.00914175941254,7.448799681332124,4.672828834461906,3.1354942159291497,Lille,2026
2559E0430866F,2559E0430866F,50.61288201399951,3.0579649630533052,3699.6151270867963,731.2399686797189,1068.3466165705206,61.39303175949069,12.126699314754873,C,C,131 Rue de la Seine 59000 Lille,131,Rue de la Seine,59000.0,Lille,59350_8274_00131,131 Rue de la Seine,Lille,59000,2013.0,60.3,8.201605349710748,6.585619778460977,4.119037174812473,2.5649493574615367,Lille,2026
2459E3239892Q,2459E3239892Q,50.632316991637744,3.1020130532794306,10725.19766427868,2500.4528130413564,3499.2337519569733,117.48480616486545,26.790948581851413,C,C,Rue Desaugiers 59800 Lille,,Rue Desaugiers,59800.0,Lille,59350_2444,392-406 Rue des Peupliers,Lille,59800,,2918.0,9.30992322906268,7.755467339290994,4.804021044733257,3.258096538021482,Lille,2026
2459E3628613L,2459E3628613L,50.649787960212905,3.0976100566550615,8404.448613895249,1787.209317639145,2594.683933386113,119.70639978952343,25.06751424425193,C,C,74c Rue Emile Vandenberghe 59800 Lille,74c,Rue Emile Vandenberghe,59800.0,Lille,59350_3092_00074_c,74C Rue Émile Vandenberghe,Lille,59800,1976.0,2264.1,8.978988222112084,7.445475966210772,4.736198448394496,3.2188758248682006,Lille,2026
2459E3239292O,2459E3239292O,50.632316991637744,3.1020130532794306,8866.448628449974,1872.3859535844313,2622.5833873417546,110.05189245588105,22.627615033859772,C,C,Rue Desaugiers 59800 Lille,,Rue Desaugiers,59800.0,Lille,59350_2444,190 -216 Rue des Peupliers,Lille,59800,,2346.0,9.107687298996597,7.551817251851591,4.727387818712341,3.1780538303479458,Lille,2026
2559E1378578R,2559E1378578R,50.610105971182335,3.0411949752192364,7875.196489321301,667.7899452872609,2002.1929859448187,216.04925476723676,18.316277944310162,E,C,6 Rue des Catiches 59000 Lille,6,Rue des Catiches,59000.0,Lille,59350_1376_00006,6 Rue des Catiches,Lille,59000,1978.0,36.5,8.887901209566397,6.431008968869009,5.296816240421769,2.8903717578961645,Lille,2026
2559E1425425M,2559E1425425M,50.64588497887014,3.0584229567202286,4353.868615693216,319.3495806491291,1393.7950400010711,117.52798413653316,7.880310441681163,E,B,13 Rue Princesse 59800 Lille,13,Rue Princesse,59800.0,Lille,59350_7199_00013,13 rue Princesse,Lille,59800,,,8.39149390476288,5.784440377673656,4.787491742782046,2.1972245773362196,Lille,2026
2459E3240076S,2459E3240076S,50.632316991637744,3.1020130532794306,6403.208118035141,1376.7178962290045,1993.0945298963563,114.26975226657385,23.82208328009813,C,C,Rue Desaugiers 59800 Lille,,Rue Desaugiers,59800.0,Lille,59350_2444,190 -216 Rue des Peupliers,Lille,59800,,2346.0,8.788318961552301,7.23561914106675,4.770684624465665,3.2188758248682006,Lille,2026
2559E0930564J,2559E0930564J,50.62105404188507,3.0431109418106077,27772.69966968926,6672.815886485364,8528.930610644804,481.92098570312436,115.78754468314582,G,G,197 Rue d'Iéna 59000 Lille,197,Rue d'Iéna,59000.0,Lille,59350_4658_00197,"197 RUE D'IENA, Porte 001",Lille,59000,1948.0,,10.285134582204098,8.790390869667045,6.233037233890559,4.74493212836325,Lille,2026
2459E4279263L,2459E4279263L,50.62144400753086,3.074499950820299,28913.35929241983,6240.711903401846,8471.22101357691,466.2783361861166,100.24223785952066,G,G,Rue de Trévise 59000 Lille,,Rue de Trévise,59000.0,Lille,59350_8749,72 Rue de Trévise,Lille,59000,,1805.0,10.271496523044764,8.766144830507955,6.1463292576688975,4.6443908991413725,Lille,2026
2459E3207270Y,2459E3207270Y,50.632316991637744,3.1020130532794306,3954.929095050141,794.5247474137686,1199.5695969318713,109.85631600663956,21.220765379510635,C,C,Rue Desaugiers 59800 Lille,,Rue Desaugiers,59800.0,Lille,59350_2444,342-356 Rue des Peupliers,Lille,59800,,2624.0,8.265933047376201,6.7150196838393095,4.6913478822291435,3.1354942159291497,Lille,2026
2459E3007586U,2459E3007586U,50.62701600107826,3.1095309798385733,7569.890784697819,1701.7819612511853,2339.2582472599333,172.03820413658747,37.846212125931814,D,D,Rue Roger Salengro 59260 Lille,,Rue Roger Salengro,59260.0,Lille,59350_7554,"336 Rue Roger Salengro
SQUARE FLANDRE",Lille,59260,,1824.0,8.884222345034143,7.361883559069582,5.10594547390058,3.58351893845611,Lille,2026
2459E3007639V,2459E3007639V,50.62701600107826,3.1095309798385733,6961.365961164362,1497.3053079173433,2098.1671114086403,133.73046230087218,28.614979695475842,C,C,Rue Roger Salengro 59260 Lille,,Rue Roger Salengro,59260.0,Lille,59350_7554,"336 Rue Roger Salengro
SQUARE FLANDRE",Lille,59260,,1824.0,8.780772102517126,7.254036393736854,4.836281906951478,3.332204510175204,Lille,2026
2559E1320456F,2559E1320456F,50.635195960347346,3.0585339924995636,48186.927429115975,3675.712747769434,12795.515546244951,150.14222092238833,11.380244907735225,E,B,85 Rue Nationale 59800 Lille,85,Rue Nationale,59800.0,Lille,59350_6350_00085,85 Nationale,Lille,59800,1948.0,320.9,10.720751004742068,8.148156439921625,4.956531035103055,2.4595888418037104,Lille,2026
2459E3628606E,2459E3628606E,50.649787960212905,3.0976100566550615,5954.3249157707105,1125.64993046226,1624.4453604880728,112.99136058140951,20.57518982234108,C,C,74c Rue Emile Vandenberghe 59800 Lille,74c,Rue Emile Vandenberghe,59800.0,Lille,59350_3092_00074_c,74C Rue Émile Vandenberghe,Lille,59800,1976.0,2264.1,8.62817985060557,7.093902840609621,4.672828834461906,3.1354942159291497,Lille,2026
2459E3239923V,2459E3239923V,50.632316991637744,3.1020130532794306,6879.883675352946,1273.1774612448742,2039.8585628465883,99.53883562922206,17.495376977179735,C,C,Rue Desaugiers 59800 Lille,,Rue Desaugiers,59800.0,Lille,59350_2444,392-406 Rue des Peupliers,Lille,59800,,2918.0,8.74682763126081,7.178469203203764,4.5217885770490405,2.9444389791664403,Lille,2026
2459E2932173H,2459E2932173H,50.61362996938978,3.073821058552619,10054.827659780953,780.837498799259,2764.552888132141,196.15471977169352,15.15796878735458,D,C,60 Rue du Jardin des Plantes 59000 Lille,60,Rue du Jardin des Plantes,59000.0,Lille,59350_4797_00060,50 Rue Armand Carrel / 60 rue du jardin des plantes,Lille,59000,1991.0,3658.0,9.162755980570507,6.651184201555409,5.231108616854587,2.772588722239781,Lille,2026
2459E3239342M,2459E3239342M,50.632316991637744,3.1020130532794306,7425.353418718931,1533.5652012644887,2074.173466683067,98.78801595651983,19.965560383736662,C,C,Rue Desaugiers 59800 Lille,,Rue Desaugiers,59800.0,Lille,59350_2444,190 -216 Rue des Peupliers,Lille,59800,,2346.0,8.852421797907112,7.286465649781482,4.543294782270004,2.995732273553991,Lille,2026
2559E1277024T,2559E1277024T,50.628934026138616,3.0472329490036314,1918.1050073803553,135.24976855107246,618.3006409939298,29.30343240892736,1.9211614851004608,A,A,99 Rue des Stations 59800 Lille,99,Rue des Stations,59800.0,Lille,59350_8449_00099,99 Rue des Stations,Lille,59800,2020.0,,7.583094840892118,4.954417614098027,3.4339872044851463,1.0986122886681098,Lille,2026
2459E3241541B,2459E3241541B,50.617724004193235,3.092508067262955,7083.139105883564,1494.2059995267111,1980.2698697973867,132.96402621512843,27.813555316939816,C,C,290 Allee des Peupliers 59000 Lille,290,Allee des Peupliers,59000.0,Lille,59350_4p7ft1_00290,278-290 Rue des Peupliers,Lille,59800,,3466.0,8.827570761600201,7.280352783464685,4.859812404361672,3.332204510175204,Lille,2026
2459E3239347R,2459E3239347R,50.632316991637744,3.1020130532794306,8336.02259223847,1691.3339165291757,2521.80697599527,101.28196655542098,20.03119460566324,C,C,Rue Desaugiers 59800 Lille,,Rue Desaugiers,59800.0,Lille,59350_2444,190 -216 Rue des Peupliers,Lille,59800,,2346.0,8.995524548678166,7.432306277366604,4.59511985013459,3.044522437723423,Lille,2026
2459E3207260O,2459E3207260O,50.632316991637744,3.1020130532794306,8024.147165525303,1751.1347284980288,2112.081796557351,130.79638349525942,28.118517132502934,C,C,Rue Desaugiers 59800 Lille,,Rue Desaugiers,59800.0,Lille,59350_2444,342-356 Rue des Peupliers,Lille,59800,,2624.0,8.93698189199747,7.390304877396391,4.8283137373023015,3.295836866004329,Lille,2026
2459E2932364Q,2459E2932364Q,50.61362996938978,3.073821058552619,5124.622835119026,394.87762868656284,1484.887469087337,222.2047426177152,16.757163473967967,D,C,60 Rue du Jardin des Plantes 59000 Lille,60,Rue du Jardin des Plantes,59000.0,Lille,59350_4797_00060,50 Rue Armand Carrel / 60 rue du jardin des plantes,Lille,59000,1991.0,3658.0,8.504391599579028,5.995456568377519,5.3706380281276624,2.8903717578961645,Lille,2026
2559E0645324P,2559E0645324P,50.6209880356811,3.061887038194279,73013.86922188767,15454.637493850072,21369.816294965873,146.89501454994928,31.03989714160203,D,D,18 Rue Monge 59000 Lille,18,Rue Monge,59000.0,Lille,59350_6180_00018,18 Monge,Lille,59000,1993.0,497.0,11.205912413978504,9.666771054110779,5.003946305945459,3.487375077903208,Lille,2026
2559E1090544L,2559E1090544L,50.62857897245958,3.0341850426519406,6519.739287698075,1380.8411202798736,2016.7180908939079,118.64680684653418,25.069944003430756,C,C,14 Rue de Crimée Appartement B 11 ; 1 er étage bâtiment B 59000 Lille,14,Rue de Crimée,59000.0,Lille,59350_2001_00014,14 Rue de Crimée,Lille,59000,,,8.81060879571578,7.282829905766233,4.812184355372417,3.3105430133940246,Lille,2026
2459E3207277F,2459E3207277F,50.632316991637744,3.1020130532794306,11741.246250692577,2819.794525824497,3909.214357000972,140.90267570286997,33.56511550150113,D,D,Rue Desaugiers 59800 Lille,,Rue Desaugiers,59800.0,Lille,59350_2444,342-356 Rue des Peupliers,Lille,59800,,2624.0,9.406482647787449,7.8653031107044935,4.990432586778736,3.4657359027997265,Lille,2026
2459E3241357Z,2459E3241357Z,50.617724004193235,3.092508067262955,11729.213437672004,2540.18863165356,3449.438772911559,132.68227285971295,28.671456317289348,C,C,290 Allee des Peupliers 59000 Lille,290,Allee des Peupliers,59000.0,Lille,59350_4p7ft1_00290,278-290 Rue des Peupliers,Lille,59800,,3466.0,9.364768156263596,7.816699088193238,4.890349128221754,3.367295829986474,Lille,2026
2459E3240017L,2459E3240017L,50.632316991637744,3.1020130532794306,7423.595745173795,1609.202689328199,2182.705078226674,94.6251973422126,19.65217322100256,C,C,Rue Desaugiers 59800 Lille,,Rue Desaugiers,59800.0,Lille,59350_2444,392-406 Rue des Peupliers,Lille,59800,,2918.0,8.916506080039204,7.350387711431741,4.564348191467836,2.995732273553991,Lille,2026
2459E4486421B,2459E4486421B,50.62798899623878,3.104647017442986,8817.409884343408,639.2319975526048,2728.0741711127107,143.60258475686817,10.20322422270718,E,B,12 Rue Alfred Delattre 59260 Lille,12,Rue Alfred Delattre,59260.0,Lille,59350_0166_00012,12 Rue Alfred Delattre,Lille,59260,,,9.03020841625522,6.441743671005939,4.919980925828125,2.3978952727983707,Lille,2026
2459E2932429D,2459E2932429D,50.61362996938978,3.073821058552619,5485.701917636544,450.97142496098826,1728.8147972873865,218.81539360337234,17.945960262960675,D,C,60 Rue du Jardin des Plantes 59000 Lille,60,Rue du Jardin des Plantes,59000.0,Lille,59350_4797_00060,50 Rue Armand Carrel / 60 rue du jardin des plantes,Lille,59000,1991.0,3658.0,8.568969369196834,6.059590376155582,5.351858133476067,2.8903717578961645,Lille,2026
2559E0149210H,2559E0149210H,50.63368899456487,3.031961024998841,623069.5438049744,43586.39605858208,177365.38592084558,82.47085091832831,5.679671383689918,D,A,99 Avenue Marx Dormoy 59000 Lille,99,Avenue Marx Dormoy,59000.0,Lille,59350_5967_00099,89 et 99 Avenue Marx Dormoy,Lille,59000,1992.0,7558.0,13.31324601666425,10.68609602326282,4.395682961121367,1.9021075263969205,Lille,2026
2459E4499697R,2459E4499697R,50.62069360232844,3.09715796311802,13012.544226415317,2958.3098199036226,4088.5912215440035,139.79530699028595,31.73917305852943,C,C,97bis Rue Victor Hugo (Hellemmes-Lille) 59260 Lille,97bis,Rue Victor Hugo (Hellemmes-Lille),59260.0,Lille,59350_9124_00097_bis,97bis Rue Victor Hugo (Hellemmes-Lille),Lille,59260,,,9.440324473288445,7.902487437162855,4.9141243937154115,3.4011973816621555,Lille,2026
2459E3007633P,2459E3007633P,50.62701600107826,3.1095309798385733,8654.583855359411,1896.553023291412,2597.500607820972,166.29994787503728,35.60116218505101,D,D,Rue Roger Salengro 59260 Lille,,Rue Roger Salengro,59260.0,Lille,59350_7554,"336 Rue Roger Salengro
SQUARE FLANDRE",Lille,59260,,1824.0,9.082063720414029,7.559455269627909,5.135798437050262,3.6109179126442243,Lille,2026
2459E2932214W,2459E2932214W,50.61362996938978,3.073821058552619,9838.400788181907,759.0569812689181,2989.2367876909348,191.93255368530828,14.735155583064282,D,C,60 Rue du Jardin des Plantes 59000 Lille,60,Rue du Jardin des Plantes,59000.0,Lille,59350_4797_00060,50 Rue Armand Carrel / 60 rue du jardin des plantes,Lille,59000,1991.0,3658.0,9.162755980570507,6.651184201555409,5.231108616854587,2.772588722239781,Lille,2026
2459E2932403D,2459E2932403D,50.61362996938978,3.073821058552619,5131.481881056367,416.8413914064069,1541.6943804283765,204.6861540110238,16.58778945203398,D,C,60 Rue du Jardin des Plantes 59000 Lille,60,Rue du Jardin des Plantes,59000.0,Lille,59350_4797_00060,50 Rue Armand Carrel / 60 rue du jardin des plantes,Lille,59000,1991.0,3658.0,8.568969369196834,6.059590376155582,5.351858133476067,2.8903717578961645,Lille,2026
2559E0201482T,2559E0201482T,50.62103596603701,3.0432179986255443,12171.411837675758,2587.9830766457785,3715.646600207002,268.64738622007906,57.12986924162867,E,E,195 Rue d'Iéna 59000 Lille,195,Rue d'Iéna,59000.0,Lille,59350_4658_00195,"195 B D'IENA - CITE D'IENA, Porte 006",Lille,59000,1948.0,,9.415645765160512,7.908019444632471,5.605802066295998,4.110873864173311,Lille,2026
2459E4279081L,2459E4279081L,50.62144400753086,3.074499950820299,33921.08150273137,6920.143396310805,9957.281481106804,484.31338051705484,97.98803560853065,G,G,Rue de Trévise 59000 Lille,,Rue de Trévise,59000.0,Lille,59350_8749,72 Rue de Trévise,Lille,59000,,1805.0,10.397558598978316,8.892212837649689,6.150602768446279,4.6443908991413725,Lille,2026
2459E3241470I,2459E3241470I,50.617724004193235,3.092508067262955,13356.964863377632,2856.7115175613876,4038.0252937090395,148.4037533918301,31.45811603965849,D,D,290 Allee des Peupliers 59000 Lille,290,Allee des Peupliers,59000.0,Lille,59350_4p7ft1_00290,278-290 Rue des Peupliers,Lille,59800,,3466.0,9.455761915713362,7.910333792780812,4.962844630259907,3.4339872044851463,Lille,2026
2559E0872198N,2559E0872198N,50.63535702276757,3.020592956567875,117701.3638588584,23198.764078593384,33867.254505546334,431.7116401537788,84.46612677936554,F,F,113 Rue Turgot 59000 Lille,113,Rue Turgot,59000.0,Lille,59350_8794_00113,113 Rue Turgot,Lille,59000,,272.5,11.597118624512987,10.104180975012746,5.991464547107982,4.499809670330265,Lille,2026
2459E3239297T,2459E3239297T,50.632316991637744,3.1020130532794306,8451.796728790368,1634.7769344854066,2403.780095221767,102.6886124823586,19.36136595588804,C,C,Rue Desaugiers 59800 Lille,,Rue Desaugiers,59800.0,Lille,59350_2444,190 -216 Rue des Peupliers,Lille,59800,,2346.0,8.995524548678166,7.432306277366604,4.59511985013459,3.044522437723423,Lille,2026
2459E3007617Z,2459E3007617Z,50.62701600107826,3.1095309798385733,8080.43694986773,1531.6927171905334,2284.013673241301,183.60406935333847,34.18533032787303,D,D,Rue Roger Salengro 59260 Lille,,Rue Roger Salengro,59260.0,Lille,59350_7554,"336 Rue Roger Salengro
SQUARE FLANDRE",Lille,59260,,1824.0,8.90851880637068,7.3864708488298945,5.1298987149230735,3.6109179126442243,Lille,2026
2459E2932409J,2459E2932409J,50.61362996938978,3.073821058552619,7603.844562602843,560.800981943451,2178.10276087368,204.77988173899686,14.328078230542948,D,C,60 Rue du Jardin des Plantes 59000 Lille,60,Rue du Jardin des Plantes,59000.0,Lille,59350_4797_00060,50 Rue Armand Carrel / 60 rue du jardin des plantes,Lille,59000,1991.0,3658.0,8.887611264446834,6.3768970014659105,5.278114659230517,2.772588722239781,Lille,2026
2459E2932289T,2459E2932289T,50.61362996938978,3.073821058552619,7154.408078654975,527.2131416396697,1954.6231911277725,209.9652866695844,15.415588936832448,D,C,60 Rue du Jardin des Plantes 59000 Lille,60,Rue du Jardin des Plantes,59000.0,Lille,59350_4797_00060,50 Rue Armand Carrel / 60 rue du jardin des plantes,Lille,59000,1991.0,3658.0,8.816956985060518,6.306640183868685,5.293304824724492,2.833213344056216,Lille,2026
2459E3007612U,2459E3007612U,50.62701600107826,3.1095309798385733,5538.040223849293,1213.5857520426384,1682.1244485929944,125.79084496880547,26.750604380072854,C,C,Rue Roger Salengro 59260 Lille,,Rue Roger Salengro,59260.0,Lille,59350_7554,"336 Rue Roger Salengro
SQUARE FLANDRE",Lille,59260,,1824.0,8.63698310084254,7.111430547100949,4.859812404361672,3.332204510175204,Lille,2026
2559E0664646T,2559E0664646T,50.61804302446976,3.047056961407034,8478.78356050754,735.2373169786167,2544.22592799991,148.20524480643806,12.885713164514971,D,C,96 Boulevard de Metz 59000 Lille,96,Boulevard de Metz,59000.0,Lille,59350_6079_00096,96 boulevard de Metz 1er étage porte 002,Lille,59000,,4177.5,9.083790267635752,6.530440214290318,5.043425116919247,2.5649493574615367,Lille,2026
2459E3240013H,2459E3240013H,50.632316991637744,3.1020130532794306,6684.891969771205,1530.098230785466,2219.8509321968936,78.98651401856485,17.285583345737102,C,C,Rue Desaugiers 59800 Lille,,Rue Desaugiers,59800.0,Lille,59350_2444,392-406 Rue des Peupliers,Lille,59800,,2918.0,8.832923216613176,7.25650893217286,4.406719247264253,2.833213344056216,Lille,2026
2459E4611784S,2459E4611784S,50.619340018398965,3.0420459780786664,47449.80070678763,3286.4899773252337,13246.774110475244,164.21930546494195,11.298425861577066,F,C,Boulevard de Metz 59000 Lille,,Boulevard de Metz,59000.0,Lille,59350_6079,7-9 du Metz,Lille,59000,1975.0,289.0,10.70514602982592,8.132794617419773,5.045358730154642,2.5416019934645457,Lille,2026
2559E0634892J,2559E0634892J,50.64421801054721,3.064287028294507,78104.33001609062,11525.91102772225,25117.716968651614,225.7607077598345,33.29408435742394,F,D,36 Rue de Thionville 59800 Lille,36,Rue de Thionville,59800.0,Lille,59350_8639_00036,36 de Thionville,Lille,59800,1945.0,346.0,11.268641266610523,9.309669736752097,5.426710581316436,3.493472657771326,Lille,2026
2459E3239987H,2459E3239987H,50.632316991637744,3.1020130532794306,7751.455697183066,1574.1358974658822,2409.1148604783193,98.56433351845901,19.390937533617585,C,C,Rue Desaugiers 59800 Lille,,Rue Desaugiers,59800.0,Lille,59350_2444,392-406 Rue des Peupliers,Lille,59800,,2918.0,8.908356514813542,7.341743054023503,4.553876891600541,2.995732273553991,Lille,2026
2459E3240053V,2459E3240053V,50.632316991637744,3.1020130532794306,11541.40584020306,2322.5127648044822,3250.831313590354,125.1434096258357,25.170605714747154,C,C,Rue Desaugiers 59800 Lille,,Rue Desaugiers,59800.0,Lille,59350_2444,392-406 Rue des Peupliers,Lille,59800,,2918.0,9.260529557059321,7.703233390639544,4.74493212836325,3.2188758248682006,Lille,2026
2459E4279248W,2459E4279248W,50.62144400753086,3.074499950820299,35311.347969457354,7789.594041673954,10790.960034873997,359.58710203890445,78.99662674944852,F,F,Rue de Trévise 59000 Lille,,Rue de Trévise,59000.0,Lille,59350_8749,72 Rue de Trévise,Lille,59000,,1805.0,10.41891556902602,8.90876219433229,5.834810737062605,4.330733340286331,Lille,2026
2459E2587918S,2459E2587918S,50.63415200392711,3.0637789975214287,182813.498758457,36260.0603006438,51897.293272987736,304.6860148453796,60.42912693391215,F,E,2 Rue d'Amiens 59800 Lille,2,Rue d'Amiens,59800.0,Lille,59350_0247_00002,2 Rue d'Amiens,Lille,59800,1945.0,600.0,12.067516076400711,10.504618123529827,5.674010316322531,4.123903364463645,Lille,2026
2559E0948554H,2559E0948554H,50.637791957017384,3.0815640566930735,21213.670639360087,4501.922324047972,6299.036364633425,250.67486753396187,53.17885358786827,E,E,21 Rue Eugène Jacquet 59800 Lille,21,Rue Eugène Jacquet,59800.0,Lille,59350_3227_00021,21 RUE EUGENE JACQUET,Lille,59800,1930.0,,9.887185391453144,8.374569157160822,5.453182077108952,3.955082494888593,Lille,2026
2459E3617665J,2459E3617665J,50.627361959678865,3.0535019873040365,8339.852751619941,1588.0366658032667,2586.3342575408788,84.44956853178171,15.939436333858142,C,C,56 Rue de Flandre 59000 Lille,56,Rue de Flandre,59000.0,Lille,59350_3423_00056,54-56 rue de Flandre et 17 rue de la vielle aventure,Lille,59000,1997.0,3387.3,9.011608906103405,7.435261012999326,4.430816798843313,2.8903717578961645,Lille,2026
2559E0974382R,2559E0974382R,50.62915301643998,3.0775550462306693,10226.679029980818,946.225028758289,3280.3987470939683,126.37540368482466,11.690975307583038,C,C,12 Boulevard du Docteur Calmette 59800 Lille,12,Boulevard du Docteur Calmette,59800.0,Lille,59350_2686_00012,12 Boulevard du Docteur Calmette,Lille,59000,1989.0,80.9,9.26035835349787,6.792681071136672,4.874433672915854,2.4849066497880004,Lille,2026
2459E3617419X,2459E3617419X,50.627361959678865,3.0535019873040365,8947.332196627349,1725.4514636652132,2568.8092372391407,119.26051609414905,22.6269363500199,C,C,56 Rue de Flandre 59000 Lille,56,Rue de Flandre,59000.0,Lille,59350_3423_00056,54-56 rue de Flandre et 17 rue de la vielle aventure,Lille,59000,1997.0,3387.3,9.027450653809119,7.470167154219561,4.718498871295094,3.1780538303479458,Lille,2026
2459E4279109N,2459E4279109N,50.62144400753086,3.074499950820299,19501.965747801332,4356.457123332955,6248.672643483824,278.0119316492535,61.803306340369545,E,E,Rue de Trévise 59000 Lille,,Rue de Trévise,59000.0,Lille,59350_8749,72 Rue de Trévise,Lille,59000,,1805.0,9.9274091362528,8.414562280329278,5.680172609017068,4.174387269895637,Lille,2026
2459E3239864O,2459E3239864O,50.632316991637744,3.1020130532794306,10088.946125846207,1903.0655631027194,2822.5994825026087,111.84000978982503,20.526130880923013,C,C,Rue Desaugiers 59800 Lille,,Rue Desaugiers,59800.0,Lille,59350_2444,392-406 Rue des Peupliers,Lille,59800,,2918.0,9.136962902171406,7.5745584842024805,4.6443908991413725,3.091042453358316,Lille,2026
2559E0293062B,2559E0293062B,50.62284502607428,3.062598935154997,4163.208640170865,854.0805810513813,1345.802011566952,58.14032326721974,11.928499735354487,C,C,24 Rue Geoffroy-Saint-Hilaire 59000 Lille,24,Rue Geoffroy-Saint-Hilaire,59000.0,Lille,59350_3872_00024,24 Rue Geoffroy Saint-Hilaire,Lille,59000,2017.0,71.6,8.330140460246382,6.757164920349636,4.075841090657541,2.5649493574615367,Lille,2026
2459E3239906E,2459E3239906E,50.632316991637744,3.1020130532794306,6574.04834184124,1411.3013307529588,2180.9321567932534,90.68813487095402,19.20007252231765,C,C,Rue Desaugiers 59800 Lille,,Rue Desaugiers,59800.0,Lille,59350_2444,392-406 Rue des Peupliers,Lille,59800,,2918.0,8.85831175995719,7.293765699256166,4.584967478670572,3.044522437723423,Lille,2026
2459E3628618Q,2459E3628618Q,50.649787960212905,3.0976100566550615,6602.810628874761,1350.2749095435688,1954.1584040755497,125.23111671644878,25.64437373859225,C,C,74c Rue Emile Vandenberghe 59800 Lille,74c,Rue Emile Vandenberghe,59800.0,Lille,59350_3092_00074_c,74C Rue Émile Vandenberghe,Lille,59800,1976.0,2264.1,8.75273950944749,7.222566018822171,4.795790545596741,3.295836866004329,Lille,2026
2559E0280828N,2559E0280828N,50.61991702512246,3.0613450084012204,53483.07868318207,4202.32881739153,15949.380308603308,102.82528125006844,7.990017765479742,D,B,147 Rue d'Artois 59000 Lille,147,Rue d'Artois,59000.0,Lille,59350_0391_00147,147 d'Artois,Lille,59000,2005.0,520.0,10.906161464125317,8.293599538821642,4.661550519424199,2.151762203259462,Lille,2026
2459E4279173Z,2459E4279173Z,50.62144400753086,3.074499950820299,24958.6411049214,6198.246221904328,7824.450708594128,268.10097706929776,66.05121719846898,E,E,Rue de Trévise 59000 Lille,,Rue de Trévise,59000.0,Lille,59350_8749,72 Rue de Trévise,Lille,59000,,1805.0,10.150421846463578,8.63611335807181,5.62040086571715,4.110873864173311,Lille,2026
2459E3239869T,2459E3239869T,50.632316991637744,3.1020130532794306,7524.84333361323,1427.1175893519498,2342.2034915722375,108.91164962089859,20.078701176732515,C,C,Rue Desaugiers 59800 Lille,,Rue Desaugiers,59800.0,Lille,59350_2444,392-406 Rue des Peupliers,Lille,59800,,2918.0,8.870297769176428,7.308944592227513,4.6443908991413725,3.091042453358316,Lille,2026
2459E3007629L,2459E3007629L,50.62701600107826,3.1095309798385733,9061.06460235119,2062.7329647437446,2853.5590573862128,173.50297621742274,39.65557502624886,D,D,Rue Roger Salengro 59260 Lille,,Rue Roger Salengro,59260.0,Lille,59350_7554,"336 Rue Roger Salengro
SQUARE FLANDRE",Lille,59260,,1824.0,9.085559156078752,7.562992886468862,5.135798437050262,3.6375861597263857,Lille,2026
2459E3241530Q,2459E3241530Q,50.617724004193235,3.092508067262955,4634.363695838547,947.9172610171473,1236.4088854897368,128.4182915503659,25.384974631122,C,C,290 Allee des Peupliers 59000 Lille,290,Allee des Peupliers,59000.0,Lille,59350_4p7ft1_00290,278-290 Rue des Peupliers,Lille,59800,,3466.0,8.3483720919561,6.799278802646053,4.770684624465665,3.2188758248682006,Lille,2026
2459E3207299B,2459E3207299B,50.632316991637744,3.1020130532794306,8376.679774161237,1707.755824503595,2375.8071396426435,105.5453975515403,20.66500271664563,C,C,Rue Desaugiers 59800 Lille,,Rue Desaugiers,59800.0,Lille,59350_2444,342-356 Rue des Peupliers,Lille,59800,,2624.0,8.969312851563412,7.410830949288067,4.605170185988092,3.044522437723423,Lille,2026
2259E3241839L,2259E3241839L,50.64259102378946,3.056088065944645,8702.475578690444,628.797705325499,2512.3227086909587,131.87992932159167,9.491655371393307,E,B,Rue Royale 59800 Lille,,Rue Royale,59800.0,Lille,59350_7649,3/ 5/ 7 ROYALE,Lille,59800,1945.0,193.0,9.071629876636802,6.467077415118228,4.8895969657192,2.3702437414678603,Lille,2026
2559E1118607U,2559E1118607U,50.638506011084004,3.0884170573333556,636304.1843732179,133468.1351582012,188815.97946024462,266.7608400685539,55.87681472146481,E,E,11 Rue Allard-Dugauquier 59800 Lille,11,Rue Allard-Dugauquier,59800.0,Lille,59350_0191_00011,5-7-9-11  rue Allard Dugauquier,Lille,59000,,2385.7,13.300140791871296,11.807392715946364,5.527045296156147,4.046553898385752,Lille,2026
2459E3241469H,2459E3241469H,50.617724004193235,3.092508067262955,8856.985847546082,2026.564115664996,2614.32168688764,124.26183340927317,27.863916979000475,C,C,290 Allee des Peupliers 59000 Lille,290,Allee des Peupliers,59000.0,Lille,59350_4p7ft1_00290,278-290 Rue des Peupliers,Lille,59800,,3466.0,9.094996858264954,7.545389749611823,4.836281906951478,3.295836866004329,Lille,2026
2559E0494220X,2559E0494220X,50.628912964125284,3.1119850469713404,27245.305348684644,2168.977855757708,9370.116117023554,118.32299409345693,9.405622343290512,E,B,49 Rue Faidherbe 59800 Lille,49,Rue Faidherbe,59800.0,Lille,59350_3276_00049,49 Faidherbe,Lille,59000,,230.2,10.256304062282172,7.649454500124248,4.825108606353353,2.312535423847214,Lille,2026
2459E3617324G,2459E3617324G,50.627361959678865,3.0535019873040365,339652.4821518343,66057.3276226302,92017.94645408248,99.93676676315172,19.275022342539234,C,C,56 Rue de Flandre 59000 Lille,56,Rue de Flandre,59000.0,Lille,59350_3423_00056,54-56 rue de Flandre et 17 rue de la vielle aventure,Lille,59000,1997.0,3387.3,12.652932384171292,11.083922502281949,4.532599493153256,2.995732273553991,Lille,2026
2459E3241484W,2459E3241484W,50.617724004193235,3.092508067262955,9484.264664934135,2005.5728764233497,3149.736449490703,132.93731732270945,27.51389063639583,C,C,290 Allee des Peupliers 59000 Lille,290,Allee des Peupliers,59000.0,Lille,59350_4p7ft1_00290,278-290 Rue des Peupliers,Lille,59800,,3466.0,9.202086401489836,7.656762809038704,4.941642422609304,3.4011973816621555,Lille,2026
2459E4279068Y,2459E4279068Y,50.62144400753086,3.074499950820299,41772.04962274672,9584.672885472568,13179.27705845306,468.9271360444125,107.30524589697964,G,G,Rue de Trévise 59000 Lille,,Rue de Trévise,59000.0,Lille,59350_8749,72 Rue de Trévise,Lille,59000,,1805.0,10.622957723215487,9.117325555807994,6.135564891081739,4.634728988229636,Lille,2026
2459E3239379X,2459E3239379X,50.632316991637744,3.1020130532794306,9163.707001569348,1877.5632785707671,2740.518540448824,115.40250657884182,22.879357554313103,C,C,Rue Desaugiers 59800 Lille,,Rue Desaugiers,59800.0,Lille,59350_2444,190 -216 Rue des Peupliers,Lille,59800,,2346.0,9.056827821834194,7.499091193395397,4.6913478822291435,3.1354942159291497,Lille,2026
2559E0226454F,2559E0226454F,50.62432297811806,3.0603289736382404,164608.10296951953,13577.90662765922,53005.905411536936,170.9716216040229,14.086847347352586,F,C,76 Rue Barthélémy Delespaul 59000 Lille,76,Rue Barthélémy Delespaul,59000.0,Lille,59350_0594_00076,76 Rue Barthélémy Delespaul,Lille,59000,1970.0,962.8,12.03060911859866,9.451253112001936,5.1664987919271885,2.653241964607215,Lille,2026
2459E3007637T,2459E3007637T,50.62701600107826,3.1095309798385733,5513.309333668513,1264.838040479763,1776.0979431386806,125.22910842538457,27.88033887905429,C,C,Rue Roger Salengro 59260 Lille,,Rue Roger Salengro,59260.0,Lille,59350_7554,"336 Rue Roger Salengro
SQUARE FLANDRE",Lille,59260,,1824.0,8.63698310084254,7.111430547100949,4.859812404361672,3.332204510175204,Lille,2026
2459E3239327X,2459E3239327X,50.632316991637744,3.1020130532794306,8043.2662962445,1735.5102361565582,2532.9765217346376,94.43755081775956,19.725246447912067,C,C,Rue Desaugiers 59800 Lille,,Rue Desaugiers,59800.0,Lille,59350_2444,190 -216 Rue des Peupliers,Lille,59800,,2346.0,8.988071438072634,7.422194366317963,4.553876891600541,2.995732273553991,Lille,2026
2459E3207240U,2459E3207240U,50.632316991637744,3.1020130532794306,8257.45555597852,1598.3810888043781,2416.9872403296667,115.73610651584278,22.139575454682742,C,C,Rue Desaugiers 59800 Lille,,Rue Desaugiers,59800.0,Lille,59350_2444,342-356 Rue des Peupliers,Lille,59800,,2624.0,8.968166894755168,7.415476087794649,4.709530201312334,3.1780538303479458,Lille,2026
2459E3239949V,2459E3239949V,50.632316991637744,3.1020130532794306,7264.845857736851,1412.3159242830618,2175.2492220662957,99.92042340273065,19.580145907154606,C,C,Rue Desaugiers 59800 Lille,,Rue Desaugiers,59800.0,Lille,59350_2444,392-406 Rue des Peupliers,Lille,59800,,2918.0,8.840449915131684,7.274895272768633,4.564348191467836,3.044522437723423,Lille,2026
2459E3241396M,2459E3241396M,50.617724004193235,3.092508067262955,9823.401157712087,2319.5511107768766,2981.523603986073,137.5675107860972,32.643680313039496,D,D,290 Allee des Peupliers 59000 Lille,290,Allee des Peupliers,59000.0,Lille,59350_4p7ft1_00290,278-290 Rue des Peupliers,Lille,59800,,3466.0,9.210150353923897,7.665144061603547,4.948759890378168,3.4339872044851463,Lille,2026
2559E0781191G,2559E0781191G,50.625086000053955,3.052166059320741,169327.3106657668,35132.57221838896,57077.015729760446,74.42021664820892,15.398765501440193,C,C,24 Rue de l'Abbé Aerts 59000 Lille,24,Rue de l'Abbé Aerts,59000.0,Lille,59350_0074_00024,24 de l'Abbé Aerts,Lille,59000,2006.0,2275.0,12.080144843632354,10.50521273450874,4.363098624788363,2.833213344056216,Lille,2026
2559E0861628Z,2559E0861628Z,50.62077501510554,3.062715982575413,327955.2288415058,69057.1627784025,106832.16509458215,141.0267792553659,29.65922100328387,D,D,21 Rue Monge 59000 Lille,21,Rue Monge,59000.0,Lille,59350_6180_00021,17-21 RUE MONGE et 39 RUE DE SECLIN,Lille,59000,1983.0,2325.0,12.721498870283732,11.18044544882172,4.976733742420574,3.459466289786131,Lille,2026
2459E3241473L,2459E3241473L,50.617724004193235,3.092508067262955,8513.613530344926,1631.8170347853709,2433.6187903865684,119.58501016009384,22.83059859790655,C,C,290 Allee des Peupliers 59000 Lille,290,Allee des Peupliers,59000.0,Lille,59350_4p7ft1_00290,278-290 Rue des Peupliers,Lille,59800,,3466.0,9.001715906761175,7.44798435311737,4.74493212836325,3.2188758248682006,Lille,2026
2459E3241403T,2459E3241403T,50.617724004193235,3.092508067262955,7672.089347649648,1732.7870449272511,2551.159512498491,86.06249969319444,18.648829183073556,C,C,290 Allee des Peupliers 59000 Lille,290,Allee des Peupliers,59000.0,Lille,59350_4p7ft1_00290,278-290 Rue des Peupliers,Lille,59800,,3466.0,8.990204792176277,7.422672520651381,4.51085950651685,2.9444389791664403,Lille,2026
2559E1106872L,2559E1106872L,50.62818200202978,3.1056390031605536,678850.4350836265,134039.3904863582,195762.77334777336,251.13061826546956,49.5652420981814,E,E,116 Rue Roger Salengro 59260 Lille,116,Rue Roger Salengro,59260.0,Lille,59350_7554_00116,116 Rue Roger Salengro,Lille,59260,,2702.8,13.358786839077602,11.84029713101829,5.4608612957333165,3.9569963710708773,Lille,2026
2459E3007623F,2459E3007623F,50.62701600107826,3.1095309798385733,7224.524128752489,1517.8332384184748,2136.1911560605145,163.57854034211408,33.75671624332186,D,D,Rue Roger Salengro 59260 Lille,,Rue Roger Salengro,59260.0,Lille,59350_7554,"336 Rue Roger Salengro
SQUARE FLANDRE",Lille,59260,,1824.0,8.912042147061213,7.389996225892351,5.1298987149230735,3.6109179126442243,Lille,2026
2559E1457705A,2559E1457705A,50.63860198918596,3.0570989659996255,77445.5576025771,5579.664902112833,23909.590631867653,113.1865805284945,8.120501260308,E,B,31 Rue de la Barre 59800 Lille,31-31Bis,de la Barre,59800.0,Lille,59350_0583_00031,31-31Bis de la Barre,Lille,59800,1945.0,684.0,11.263626575554095,8.648922962094131,4.74406218485471,2.2300144001592104,Lille,2026
2459E3617511L,2459E3617511L,50.627361959678865,3.0535019873040365,5066.721866570751,971.4382294039957,1429.605818606385,104.50512275582682,20.06314203135711,C,C,56 Rue de Flandre 59000 Lille,56,Rue de Flandre,59000.0,Lille,59350_3423_00056,54-56 rue de Flandre et 17 rue de la vielle aventure,Lille,59000,1997.0,3387.3,8.48658964361806,6.925398714154732,4.61512051684126,3.091042453358316,Lille,2026
2459E3207306I,2459E3207306I,50.632316991637744,3.1020130532794306,9202.912974445986,1930.6583255966063,2771.0672376177145,114.48123120977742,23.151904046181915,C,C,Rue Desaugiers 59800 Lille,,Rue Desaugiers,59800.0,Lille,59350_2444,342-356 Rue des Peupliers,Lille,59800,,2624.0,9.069110853237445,7.515126682520679,4.6913478822291435,3.1354942159291497,Lille,2026
2459E3241411B,2459E3241411B,50.617724004193235,3.092508067262955,4276.377467456454,850.8468603500164,1304.1759627536364,118.5463910464341,22.65248036584139,C,C,290 Allee des Peupliers 59000 Lille,290,Allee des Peupliers,59000.0,Lille,59350_4p7ft1_00290,278-290 Rue des Peupliers,Lille,59800,,3466.0,8.313190283629412,6.762613893312466,4.736198448394496,3.1780538303479458,Lille,2026
2459E3241503P,2459E3241503P,50.617724004193235,3.092508067262955,11080.61033351905,2362.7852695081556,3107.763934460008,120.99106952074443,25.026191124143047,C,C,290 Allee des Peupliers 59000 Lille,290,Allee des Peupliers,59000.0,Lille,59350_4p7ft1_00290,278-290 Rue des Peupliers,Lille,59800,,3466.0,9.279502562461197,7.72616853837448,4.770684624465665,3.2188758248682006,Lille,2026
2459E4279203D,2459E4279203D,50.62144400753086,3.074499950820299,31978.422128062473,7154.430834863672,10463.701601947221,449.53200035432025,100.63611747715706,G,G,Rue de Trévise 59000 Lille,,Rue de Trévise,59000.0,Lille,59350_8749,72 Rue de Trévise,Lille,59000,,1805.0,10.384937917215499,8.87923570414898,6.1224928095143865,4.624972813284271,Lille,2026
2459E3628620S,2459E3628620S,50.649787960212905,3.0976100566550615,8346.868413635253,1800.6745655570728,2548.28953898445,118.18060996005997,24.874058693087225,C,C,74c Rue Emile Vandenberghe 59800 Lille,74c,Rue Emile Vandenberghe,59800.0,Lille,59350_3092_00074_c,74C Rue Émile Vandenberghe,Lille,59800,1976.0,2264.1,8.993750299631815,7.46072042894222,4.74493212836325,3.2188758248682006,Lille,2026
2459E2932193B,2459E2932193B,50.61362996938978,3.073821058552619,9507.497639122845,764.0029115904598,2961.614383234033,185.47712583795865,14.831168207398598,D,C,60 Rue du Jardin des Plantes 59000 Lille,60,Rue du Jardin des Plantes,59000.0,Lille,59350_4797_00060,50 Rue Armand Carrel / 60 rue du jardin des plantes,Lille,59000,1991.0,3658.0,9.162755980570507,6.651184201555409,5.231108616854587,2.772588722239781,Lille,2026
2459E3628557H,2459E3628557H,50.649787960212905,3.0976100566550615,7346.553223656919,1491.6799142713248,2216.143360138989,104.38410377460812,20.727372592931793,C,C,74c Rue Emile Vandenberghe 59800 Lille,74c,Rue Emile Vandenberghe,59800.0,Lille,59350_3092_00074_c,74C Rue Émile Vandenberghe,Lille,59800,1976.0,2264.1,8.85922139360813,7.321386949756695,4.61512051684126,3.091042453358316,Lille,2026
2459E3617661F,2459E3617661F,50.627361959678865,3.0535019873040365,6019.262458974919,1344.3519810361104,1931.7183691187831,78.78486882053525,17.05895130190956,C,C,56 Rue de Flandre 59000 Lille,56,Rue de Flandre,59000.0,Lille,59350_3423_00056,54-56 rue de Flandre et 17 rue de la vielle aventure,Lille,59000,1997.0,3387.3,8.718189288475001,7.140373800658865,4.394449154672439,2.833213344056216,Lille,2026
2459E2932466O,2459E2932466O,50.61362996938978,3.073821058552619,5986.528376126568,491.84783003058357,1773.2722694434779,198.63316885308257,15.933519498864825,D,C,60 Rue du Jardin des Plantes 59000 Lille,60,Rue du Jardin des Plantes,59000.0,Lille,59350_4797_00060,50 Rue Armand Carrel / 60 rue du jardin des plantes,Lille,59000,1991.0,3658.0,8.714239143608575,6.204355721957841,5.313205979041787,2.833213344056216,Lille,2026
2459E3239901Z,2459E3239901Z,50.632316991637744,3.1020130532794306,3484.72120661526,706.1346629268811,1099.9655850029296,96.2998069739334,18.835544848533964,C,C,Rue Desaugiers 59800 Lille,,Rue Desaugiers,59800.0,Lille,59350_2444,392-406 Rue des Peupliers,Lille,59800,,2918.0,8.132265734525621,6.5699020892839926,4.553876891600541,2.995732273553991,Lille,2026
2459E3207238S,2459E3207238S,50.632316991637744,3.1020130532794306,9925.525331490713,2044.4488596080514,3164.696477937894,111.34217225812867,22.589555099025475,C,C,Rue Desaugiers 59800 Lille,,Rue Desaugiers,59800.0,Lille,59350_2444,342-356 Rue des Peupliers,Lille,59800,,2624.0,9.235286610937253,7.6839099985256905,4.7535901911063645,3.2188758248682006,Lille,2026
2459E3207271Z,2459E3207271Z,50.632316991637744,3.1020130532794306,9041.177382606207,1856.1508264311374,2705.9947071200645,124.64285716565702,25.09125698106328,C,C,Rue Desaugiers 59800 Lille,,Rue Desaugiers,59800.0,Lille,59350_2444,342-356 Rue des Peupliers,Lille,59800,,2624.0,9.071698801749694,7.5231571109172295,4.795790545596741,3.258096538021482,Lille,2026
2559E0146393Y,2559E0146393Y,50.63435003900971,3.033988033807344,71212.95911655252,15929.26493158476,19635.510393487053,183.43212357470964,40.99520472032504,D,D,77 Avenue Marx Dormoy 59000 Lille,77,Avenue Marx Dormoy,59000.0,Lille,59350_5967_00077,77 à 85 Marx Dormoy,Lille,59000,1989.0,388.2,11.154000849560028,9.626085789491903,5.19794439240125,3.6888794541139363,Lille,2026
2459E4617255D,2459E4617255D,50.63442795576693,3.0507580524534044,761.7211755318258,51.44112680435205,217.73113611829427,40.796905807201384,2.7287041723330168,A,A,13 Square Rameau 59800 Lille,13,Square Rameau,59800.0,Lille,59350_7364_00013,13 Square Rameau,Lille,59800,,485.1,6.565968947537155,3.949318790171843,3.6635616461296463,1.308332819650179,Lille,2026
2559E0164557O,2559E0164557O,50.63277204351567,3.0575039357213822,72816.75206698757,10417.133305307574,21197.9663337865,346.131100762144,49.51946270027008,G,D,18 Rue Jacquemars Gielée 59800 Lille,18,Rue Jacquemars Gielée,59800.0,Lille,59350_4722_00018,18 Rue Jacquemars Gielée,Lille,59800,1945.0,210.4,11.168090155135689,9.179757445498389,5.822157927391522,3.8522730010223722,Lille,2026
2459E3241382Y,2459E3241382Y,50.617724004193235,3.092508067262955,5492.959202583691,1180.250116354534,1668.9702471169985,152.26642685018112,32.45321412718693,D,D,290 Allee des Peupliers 59000 Lille,290,Allee des Peupliers,59000.0,Lille,59350_4p7ft1_00290,278-290 Rue des Peupliers,Lille,59800,,3466.0,8.569387080146933,7.028555979127841,4.990432586778736,3.4657359027997265,Lille,2026
2459E4279287J,2459E4279287J,50.62144400753086,3.074499950820299,18045.68167304225,4024.4688021696234,5945.754183647911,285.8039609982338,63.42740428951337,E,E,Rue de Trévise 59000 Lille,,Rue de Trévise,59000.0,Lille,59350_8749,72 Rue de Trévise,Lille,59000,,1805.0,9.822163607762098,8.30938150409901,5.680172609017068,4.174387269895637,Lille,2026
2459E3241499L,2459E3241499L,50.617724004193235,3.092508067262955,10296.994710391478,2089.704860413867,3317.190675228888,114.71474160531456,22.990106188371676,C,C,290 Allee des Peupliers 59000 Lille,290,Allee des Peupliers,59000.0,Lille,59350_4p7ft1_00290,278-290 Rue des Peupliers,Lille,59800,,3466.0,9.242187815415303,7.688226287713757,4.7535901911063645,3.2188758248682006,Lille,2026
2459E2611400W,2459E2611400W,50.636197959759556,3.013734935377351,11143.175142016544,1992.544212871225,3085.6963409979867,127.31271932786858,21.96966736863159,C,C,24 Rue James Watt 59160 Lille,24,Rue James Watt,59160.0,Lille,59350_9485_00024,24 Rue James Watt,Lille,59160,,,9.284213316513078,7.5525521986010355,4.820281565605037,3.091042453358316,Lille,2026
2459E3628601Z,2459E3628601Z,50.649787960212905,3.0976100566550615,6378.125717132648,1371.687453611595,1927.4962950704753,113.91429250481225,23.60353850563558,C,C,74c Rue Emile Vandenberghe 59800 Lille,74c,Rue Emile Vandenberghe,59800.0,Lille,59350_3092_00074_c,74C Rue Émile Vandenberghe,Lille,59800,1976.0,2264.1,8.688790784847216,7.154224655599844,4.672828834461906,3.1354942159291497,Lille,2026
2459E2932477Z,2459E2932477Z,50.61362996938978,3.073821058552619,7743.2809501355,602.9938402761675,2116.9802937443114,208.53505673158983,15.406076654986393,D,C,60 Rue du Jardin des Plantes 59000 Lille,60,Rue du Jardin des Plantes,59000.0,Lille,59350_4797_00060,50 Rue Armand Carrel / 60 rue du jardin des plantes,Lille,59000,1991.0,3658.0,8.887611264446834,6.3768970014659105,5.278114659230517,2.772588722239781,Lille,2026
2559E1428732R,2559E1428732R,50.64442296893375,3.0577329352959746,43557.916634888265,3569.1035887042735,14112.30450679052,142.81572196886984,11.65353629336128,F,C,61 Rue Saint André 59800 Lille,61,Rue Saint André,59800.0,Lille,59350_7709_00061,61 Saint-André,Lille,59800,1945.0,305.0,10.705973325703107,8.140665333202671,4.9924713234685845,2.501435951739211,Lille,2026
2459E3617438Q,2459E3617438Q,50.627361959678865,3.0535019873040365,11054.045436075476,2287.566160759168,3383.9232672532667,111.67650902988605,22.979569224956702,C,C,56 Rue de Flandre 59000 Lille,56,Rue de Flandre,59000.0,Lille,59350_3423_00056,54-56 rue de Flandre et 17 rue de la vielle aventure,Lille,59000,1997.0,3387.3,9.295517567883651,7.736569070963616,4.709530201312334,3.1780538303479458,Lille,2026
2559E1238781W,2559E1238781W,50.61350697509324,3.0445569896740343,3781.4696152505153,269.6263798923874,1025.8465937617266,120.26769784024069,8.254921695901642,D,B,32 Rue Gustave Nadaud 59000 Lille,32,Rue Gustave Nadaud,59000.0,Lille,59350_4287_00032,32 Rue Gustave Nadaud,Lille,59000,1970.0,,8.184625322820738,5.569488886872828,4.74493212836325,2.1972245773362196,Lille,2026
2459E3259296Y,2459E3259296Y,50.62159600883613,3.072111970511247,4006.7155407626437,283.9044554420671,1186.872818528912,169.11843972978326,11.282330237943416,E,B,Rue de Douai 59000 Lille,,Rue de Douai,59000.0,Lille,59350_2774,125 Rue de Douai,Lille,59000,,,8.227989962592519,5.626901430320244,5.0689042022202315,2.4849066497880004,Lille,2026
2459E2932327F,2459E2932327F,50.61362996938978,3.073821058552619,4576.123705048247,361.7540278440155,1259.7427891303826,228.73406189956114,18.05760538322873,D,C,60 Rue du Jardin des Plantes 59000 Lille,60,Rue du Jardin des Plantes,59000.0,Lille,59350_4797_00060,50 Rue Armand Carrel / 60 rue du jardin des plantes,Lille,59000,1991.0,3658.0,8.398950049927397,5.890538628518022,5.407171771460119,2.9444389791664403,Lille,2026
2559E0493139I,2559E0493139I,50.62715000721475,3.113604046452364,22589.104283099306,1703.1586907046121,7143.037210551287,98.13485514064303,7.349730449513679,D,B,49 Rue Kléber 59000 Lille,49,Rue Kléber,59000.0,Lille,59350_27mgqm_00049,49 Faidherbe,Lille,59000,,230.2,10.06389575601819,7.500253051392153,4.634728988229636,2.174751721484161,Lille,2026
2459E3617462O,2459E3617462O,50.627361959678865,3.0535019873040365,4580.101878425383,969.1999989249865,1490.3843092489255,97.64817069416932,20.359205943177955,C,C,56 Rue de Flandre 59000 Lille,56,Rue de Flandre,59000.0,Lille,59350_3423_00056,54-56 rue de Flandre et 17 rue de la vielle aventure,Lille,59000,1997.0,3387.3,8.423036346265736,6.85971982994358,4.584967478670572,3.044522437723423,Lille,2026
2459E2932374A,2459E2932374A,50.61362996938978,3.073821058552619,7067.832972781105,594.3202059003457,2019.6457919026323,201.45890783891508,16.965429606432707,D,C,60 Rue du Jardin des Plantes 59000 Lille,60,Rue du Jardin des Plantes,59000.0,Lille,59350_4797_00060,50 Rue Armand Carrel / 60 rue du jardin des plantes,Lille,59000,1991.0,3658.0,8.841072179179836,6.3306117741784975,5.288267030694535,2.833213344056216,Lille,2026
2559E0995451A,2559E0995451A,50.63798106086856,3.0561208069589796,101244.11876109135,20528.347132548657,30983.032940764097,200.49347579471979,40.50191679023401,D,D,Rue de la Halloterie 59800 Lille,,Rue de la Halloterie,59800.0,Lille,59350_4332,Rue de la Halloterie,Lille,59800,1983.0,505.0,11.46732331368323,9.941832882653456,5.24807615011129,3.7376696182833684,Lille,2026
2459E3239979Z,2459E3239979Z,50.632316991637744,3.1020130532794306,8023.804786616421,1474.5924421963637,2352.0117188609793,101.82762598355185,18.661002811900325,C,C,Rue Desaugiers 59800 Lille,,Rue Desaugiers,59800.0,Lille,59350_2444,392-406 Rue des Peupliers,Lille,59800,,2918.0,8.931366935701302,7.366065809636827,4.574710978503383,3.044522437723423,Lille,2026
2459E2932654U,2459E2932654U,50.61362996938978,3.073821058552619,7196.125211243803,571.9345403808732,2227.552434803566,193.7995520036104,14.612532968341164,D,C,60 Rue du Jardin des Plantes 59000 Lille,60,Rue du Jardin des Plantes,59000.0,Lille,59350_4797_00060,50 Rue Armand Carrel / 60 rue du jardin des plantes,Lille,59000,1991.0,3658.0,8.887611264446834,6.3768970014659105,5.278114659230517,2.772588722239781,Lille,2026
2459E4617253B,2459E4617253B,50.63442795576693,3.0507580524534044,2616.1351671258467,199.90505886554567,743.133546131564,41.85898951825095,3.1580578019833436,B,A,13 Square Rameau 59800 Lille,13,Square Rameau,59800.0,Lille,59350_7364_00013,13 Square Rameau,Lille,59800,,485.1,7.836843769086153,5.251749730731702,3.7256934272366524,1.3862943611198906,Lille,2026
2459E4245084W,2459E4245084W,50.63187198521998,3.1045670615058145,17406.86444556411,3700.590511742696,5364.834706966375,257.3330890210221,54.4679152949481,E,E,Rue Etienne Dolet 59800 Lille,,Rue Etienne Dolet,59800.0,Lille,59350_3216,30 B Rue Étienne Dolet,Lille,59260,,4514.0,9.723696790577623,8.207892443650854,5.5134287461649825,4.007333185232471,Lille,2026
2459E2932274E,2459E2932274E,50.61362996938978,3.073821058552619,6262.568524637015,514.492984772713,1915.2096911598946,201.31723470693302,16.230062611126595,D,C,60 Rue du Jardin des Plantes 59000 Lille,60,Rue du Jardin des Plantes,59000.0,Lille,59350_4797_00060,50 Rue Armand Carrel / 60 rue du jardin des plantes,Lille,59000,1991.0,3658.0,8.740928567567575,6.230875070886063,5.308267697401205,2.833213344056216,Lille,2026
2459E3207273B,2459E3207273B,50.632316991637744,3.1020130532794306,9731.336431615855,2198.7061018234017,2757.494149916551,123.0156299615369,27.636624920187792,C,C,Rue Desaugiers 59800 Lille,,Rue Desaugiers,59800.0,Lille,59350_2444,342-356 Rue des Peupliers,Lille,59800,,2624.0,9.18308222120532,7.635062311188787,4.820281565605037,3.295836866004329,Lille,2026
2459E2932209R,2459E2932209R,50.61362996938978,3.073821058552619,11916.893489691049,927.5639267670242,3501.7823696647424,194.94574686689563,14.486719070435452,D,C,60 Rue du Jardin des Plantes 59000 Lille,60,Rue du Jardin des Plantes,59000.0,Lille,59350_4797_00060,50 Rue Armand Carrel / 60 rue du jardin des plantes,Lille,59000,1991.0,3658.0,9.311578401854348,6.799501693541883,5.204006687076795,2.70805020110221,Lille,2026
2559E1378751I,2559E1378751I,50.610105971182335,3.0411949752192364,12135.09776614829,1086.7839522836955,3786.0130281806096,204.60078817992775,18.32142720033997,E,C,6 Rue des Catiches 59000 Lille,6,Rue des Catiches,59000.0,Lille,59350_1376_00006,6 Rue des Catiches,Lille,59000,1978.0,59.3,9.36303570758932,6.917111373906162,5.285232126999381,2.8903717578961645,Lille,2026
2459E4281097Z,2459E4281097Z,50.62500002423457,3.06826406477871,26406.496096306833,1911.3599186614515,8718.224254011615,125.7586093790871,9.051276189127277,E,B,66 Boulevard Jean-Baptiste Lebas 59000 Lille,66,Boulevard Jean-Baptiste Lebas,59000.0,Lille,59350_4828_00066,66 Jean-Baptiste Lebas,Lille,59000,1945.0,210.0,10.212261861556948,7.593877844605118,4.872904620630176,2.341805806147327,Lille,2026
2559E0995457G,2559E0995457G,50.63798106086856,3.0561208069589796,253101.54936201347,52363.293524911096,84447.12613431434,192.22686082342247,39.632560262641036,D,D,Rue de la Halloterie 59800 Lille,,Rue de la Halloterie,59800.0,Lille,59350_4332,Rue de la Halloterie,Lille,59800,1983.0,1316.9,12.447634336768303,10.923997749317238,5.2699178920263385,3.7612001156935624,Lille,2026
2459E4278926M,2459E4278926M,50.62144400753086,3.074499950820299,656346.3115197989,146450.7225105815,210219.7074295018,363.59259217400586,80.52702497477851,F,F,Rue de Trévise 59000 Lille,,Rue de Trévise,59000.0,Lille,59350_8749,72 Rue de Trévise,Lille,59000,,1805.0,13.409207999292253,11.900307386696072,5.91350300563827,4.406719247264253,Lille,2026
2459E3239384C,2459E3239384C,50.632316991637744,3.1020130532794306,7137.801903696727,1359.1431766550334,2132.0668046941964,93.03924747086621,17.410032151857813,C,C,Rue Desaugiers 59800 Lille,,Rue Desaugiers,59800.0,Lille,59350_2444,190 -216 Rue des Peupliers,Lille,59800,,2346.0,8.817623656690184,7.248646309765061,4.48863636973214,2.9444389791664403,Lille,2026
2459E3008879N,2459E3008879N,50.62701600107826,3.1095309798385733,5891.836833588705,1160.004610145999,1755.8919719248304,108.75223000244375,21.138160708367415,C,C,Rue Roger Salengro 59260 Lille,,Rue Roger Salengro,59260.0,Lille,59350_7554,"336 Rue Roger Salengro
SQUARE FLANDRE",Lille,59260,,1000.0,8.627159086018052,7.096969692033262,4.6443908991413725,3.1354942159291497,Lille,2026
2459E4279061R,2459E4279061R,50.62144400753086,3.074499950820299,25405.13184285584,6092.417364804759,7749.831853671159,329.5513370196891,78.46334718989559,F,F,Rue de Trévise 59000 Lille,,Rue de Trévise,59000.0,Lille,59350_8749,72 Rue de Trévise,Lille,59000,,1805.0,10.17982299476233,8.669828437839831,5.8377304471659395,4.330733340286331,Lille,2026
2459E2932177L,2459E2932177L,50.61362996938978,3.073821058552619,4735.017129298464,346.3760731817955,1470.7755726185012,236.67622882520357,17.28998701406633,D,C,60 Rue du Jardin des Plantes 59000 Lille,60,Rue du Jardin des Plantes,59000.0,Lille,59350_4797_00060,50 Rue Armand Carrel / 60 rue du jardin des plantes,Lille,59000,1991.0,3658.0,8.398950049927397,5.890538628518022,5.407171771460119,2.9444389791664403,Lille,2026
2559E1186339W,2559E1186339W,50.62110796164057,3.0611070661623807,5275.25573330916,851.5789890641494,1485.9486438634776,150.12176842850445,24.166698456810007,D,C,134 Rue d'Artois Appt 2 59000 Lille,134,Rue d'Artois,59000.0,Lille,59350_0391_00134,134 Rue d'Artois,Lille,59000,,360.0,8.517473152223554,6.75786218940752,4.964940334834126,3.2347491740244907,Lille,2026
2559E1270253I,2559E1270253I,50.62563603305512,3.0560919882326094,32413.415455076163,2362.5670639079067,9237.759376490425,302.3245455052827,22.027234176699128,G,C,71 Rue des Postes 59000 Lille,71,Rue des Postes,59000.0,Lille,59350_7099_00071,71 Rue des Postes,Lille,59000,,107.2,10.366230511795766,7.793586803371584,5.694741730004052,3.1612467120315646,Lille,2026
2559E0137484H,2559E0137484H,50.643893959847105,3.0603420450766055,50406.80862074889,3866.3470246278353,14127.52954959552,280.026263415432,21.415864362299548,G,C,8 Rue de l'Entrepôt 59800 Lille,8,Rue de l'Entrepôt,59800.0,Lille,59350_3118_00008,8 Rue de l'entrepot,Lille,59800,1945.0,180.0,10.78810184154973,8.216628493133443,5.59879226079857,3.068052935133617,Lille,2026
2459E2932251H,2459E2932251H,50.61362996938978,3.073821058552619,5967.407780064848,465.4766441891865,1690.4772229730095,212.4296446964235,15.9409809653831,D,C,60 Rue du Jardin des Plantes 59000 Lille,60,Rue du Jardin des Plantes,59000.0,Lille,59350_4797_00060,50 Rue Armand Carrel / 60 rue du jardin des plantes,Lille,59000,1991.0,3658.0,8.658640669000219,6.148895555056811,5.327876168789581,2.833213344056216,Lille,2026
2459E3241415F,2459E3241415F,50.617724004193235,3.092508067262955,9175.876759809964,1902.5204507540318,2710.072351815204,128.41846127996163,26.40922335860677,C,C,290 Allee des Peupliers 59000 Lille,290,Allee des Peupliers,59000.0,Lille,59350_4p7ft1_00290,278-290 Rue des Peupliers,Lille,59800,,3466.0,9.04828016078049,7.496652438168283,4.787491742782046,3.258096538021482,Lille,2026
2459E3628593R,2459E3628593R,50.649787960212905,3.0976100566550615,5766.986218029422,1140.8288021424964,1654.2953981630594,109.43635566535721,20.852636795559093,C,C,74c Rue Emile Vandenberghe 59800 Lille,74c,Rue Emile Vandenberghe,59800.0,Lille,59350_3092_00074_c,74C Rue Émile Vandenberghe,Lille,59800,1976.0,2264.1,8.62817985060557,7.093902840609621,4.672828834461906,3.1354942159291497,Lille,2026
2459E3720493H,2459E3720493H,50.621603269923156,3.044152840867402,7182.042733002934,1603.3292757660936,2344.7596388463035,95.30626013954664,21.20298550488122,C,C,9 Rue d'Hondschoote 59000 Lille,9,Rue d'Hondschoote,59000.0,Lille,59350_4523_00009,5 CITE ROHARTE,Lille,59000,1910.0,,8.89192414015454,7.317079597416022,4.579852378003801,3.039749158970765,Lille,2026
2459E3239935H,2459E3239935H,50.632316991637744,3.1020130532794306,5796.581734718547,1331.6736804509576,1814.5195184216204,92.70901316310949,20.61246430025922,C,C,Rue Desaugiers 59800 Lille,,Rue Desaugiers,59800.0,Lille,59350_2444,392-406 Rue des Peupliers,Lille,59800,,2918.0,8.679022883444429,7.1135491919612335,4.553876891600541,2.995732273553991,Lille,2026
2459E4486585J,2459E4486585J,50.64509996746565,3.061127938932362,86900.25982434386,5911.16385630831,25392.97226041013,164.5953262751409,11.140344861937981,F,C,8 Rue de la Halle 59800 Lille,8,Rue de la Halle,59800.0,Lille,59350_4333_00008,8 de la Halle,Lille,59800,1945.0,528.0,11.309232763399455,8.716535732544495,5.0466457316192885,2.5257286443082556,Lille,2026
2459E3617635F,2459E3617635F,50.627361959678865,3.0535019873040365,8027.462876479345,1668.2115425360262,2586.2916143232014,100.2618232246218,20.89867111689826,C,C,56 Rue de Flandre 59000 Lille,56,Rue de Flandre,59000.0,Lille,59350_3423_00056,54-56 rue de Flandre et 17 rue de la vielle aventure,Lille,59000,1997.0,3387.3,8.988133881483312,7.424940636700709,4.61512051684126,3.091042453358316,Lille,2026
2459E3239407Z,2459E3239407Z,50.632316991637744,3.1020130532794306,9134.426716668271,1971.503914856536,2639.4743220314226,114.0163723609317,23.743109247931894,C,C,Rue Desaugiers 59800 Lille,,Rue Desaugiers,59800.0,Lille,59350_2444,190 -216 Rue des Peupliers,Lille,59800,,2346.0,9.110961927995904,7.5552772815158065,4.736198448394496,3.1780538303479458,Lille,2026
2459E3207282K,2459E3207282K,50.632316991637744,3.1020130532794306,8861.826375397934,1606.0634006864095,2464.6001822165613,111.65820027037564,19.434455477812314,C,C,Rue Desaugiers 59800 Lille,,Rue Desaugiers,59800.0,Lille,59350_2444,342-356 Rue des Peupliers,Lille,59800,,2624.0,8.969312851563412,7.410830949288067,4.605170185988092,3.044522437723423,Lille,2026
2459E2932301F,2459E2932301F,50.61362996938978,3.073821058552619,4621.704827091683,390.76771267669193,1412.9855815265794,231.01239960696034,19.505875840766652,D,C,60 Rue du Jardin des Plantes 59000 Lille,60,Rue du Jardin des Plantes,59000.0,Lille,59350_4797_00060,50 Rue Armand Carrel / 60 rue du jardin des plantes,Lille,59000,1991.0,3658.0,8.398950049927397,5.890538628518022,5.407171771460119,2.9444389791664403,Lille,2026
2459E2932239V,2459E2932239V,50.61362996938978,3.073821058552619,4762.469804694246,346.9074279924554,1429.9923325620814,238.0484299189721,17.316510548708255,D,C,60 Rue du Jardin des Plantes 59000 Lille,60,Rue du Jardin des Plantes,59000.0,Lille,59350_4797_00060,50 Rue Armand Carrel / 60 rue du jardin des plantes,Lille,59000,1991.0,3658.0,8.398950049927397,5.890538628518022,5.407171771460119,2.9444389791664403,Lille,2026
2459E4617250Y,2459E4617250Y,50.63442795576693,3.0507580524534044,1507.462938405289,105.55531001904647,441.54287351403644,35.28920873620524,2.410895859422114,B,A,13 Square Rameau 59800 Lille,13,Square Rameau,59800.0,Lille,59350_7364_00013,13 Square Rameau,Lille,59800,,485.1,7.227299324582662,4.622027303054514,3.502549875922443,1.1939224684724346,Lille,2026
2459E1705191R,2459E1705191R,50.62214695780354,3.0749750000746534,11000.322569137574,3069.5403579186195,3277.065746568631,158.10685150827422,44.12740060761813,D,D,27o Rue Jean Jaurès (Lille) 59000 Lille,27o,Rue Jean Jaurès (Lille),59000.0,Lille,59350_4931_00027_o,27o Rue Jean Jaurès (Lille),Lille,59000,1948.0,69.6,9.347228624038305,8.071156057543025,5.110782242701195,3.8501476017100584,Lille,2026
2259E3241841N,2259E3241841N,50.64259102378946,3.056088065944645,8793.704338731875,645.5752790846143,2743.9497044905133,149.05835209486733,10.915270529149712,E,B,Rue Royale 59800 Lille,,Rue Royale,59800.0,Lille,59350_7649,3/ 5/ 7 ROYALE,Lille,59800,1945.0,193.0,9.028458718410613,6.423409288020525,4.957937505095806,2.4336133554004498,Lille,2026
2559E0272208Z,2559E0272208Z,50.61288201399951,3.0579649630533052,4326.838199716584,950.5594729436468,1308.189663562076,70.7047843624961,15.532017531758935,C,C,131 Rue de la Seine 59000 Lille,131,Rue de la Seine,59000.0,Lille,59350_8274_00131,131 Rue de la Seine,Lille,59000,2018.0,61.2,8.39097215575768,6.823286122355687,4.290459441148391,2.772588722239781,Lille,2026
2459E3241441F,2459E3241441F,50.617724004193235,3.092508067262955,6347.395183765554,1267.7065415633444,1784.5503452810867,105.48530046241399,20.83411908970906,C,C,290 Allee des Peupliers 59000 Lille,290,Allee des Peupliers,59000.0,Lille,59350_4p7ft1_00290,278-290 Rue des Peupliers,Lille,59800,,3466.0,8.712513233995848,7.153677417185686,4.624972813284271,3.091042453358316,Lille,2026
2459E3617483J,2459E3617483J,50.627361959678865,3.0535019873040365,9747.136426099725,1883.9851391648815,2670.2674382171263,124.11691114170259,23.515520771768855,C,C,56 Rue de Flandre 59000 Lille,56,Rue de Flandre,59000.0,Lille,59350_3423_00056,54-56 rue de Flandre et 17 rue de la vielle aventure,Lille,59000,1997.0,3387.3,9.117204825940926,7.562057675718515,4.762173934797756,3.2188758248682006,Lille,2026
2459E2932438M,2459E2932438M,50.61362996938978,3.073821058552619,7672.177333582907,547.7847083774786,2111.4267082762167,212.51367402236428,14.31992092307804,D,C,60 Rue du Jardin des Plantes 59000 Lille,60,Rue du Jardin des Plantes,59000.0,Lille,59350_4797_00060,50 Rue Armand Carrel / 60 rue du jardin des plantes,Lille,59000,1991.0,3658.0,8.864605368075784,6.35402215420487,5.2832037287379885,2.772588722239781,Lille,2026
2459E3239316M,2459E3239316M,50.632316991637744,3.1020130532794306,7345.422714808198,1627.195298887911,2482.6346349101914,88.17358829135856,18.90352227384305,C,C,Rue Desaugiers 59800 Lille,,Rue Desaugiers,59800.0,Lille,59350_2444,190 -216 Rue des Peupliers,Lille,59800,,2346.0,8.9659476476228,7.400315093941235,4.553876891600541,2.995732273553991,Lille,2026
2459E3617656A,2459E3617656A,50.627361959678865,3.0535019873040365,2303.2058053991286,439.8117261897985,655.9819937648892,74.62125635095948,13.48229508792901,C,C,56 Rue de Flandre 59000 Lille,56,Rue de Flandre,59000.0,Lille,59350_3423_00056,54-56 rue de Flandre et 17 rue de la vielle aventure,Lille,59000,1997.0,3387.3,7.706747857625423,6.126213947659596,4.290459441148391,2.70805020110221,Lille,2026
2559E1410755G,2559E1410755G,50.63763503901157,3.06760105735381,159317.56994989238,12989.894338691363,42658.24290962443,291.54270728657656,23.727640165050058,G,C,2 Rue de Roubaix 59800 Lille,2,Rue de Roubaix,59800.0,Lille,59350_7624_00002,2 Rue de Roubaix,Lille,59800,,546.5,11.942896501577707,9.378064232289553,5.642970335259443,3.1179499062782403,Lille,2026
2459E2932632Y,2459E2932632Y,50.61362996938978,3.073821058552619,4668.226983618042,391.36392220524755,1450.270069322479,202.41532084415874,16.60805461180531,D,C,60 Rue du Jardin des Plantes 59000 Lille,60,Rue du Jardin des Plantes,59000.0,Lille,59350_4797_00060,50 Rue Armand Carrel / 60 rue du jardin des plantes,Lille,59000,1991.0,3658.0,8.504391599579028,5.995456568377519,5.3706380281276624,2.8903717578961645,Lille,2026
2559E0163612F,2559E0163612F,50.63877499949152,3.069611013680919,44847.54471674894,7297.888896980433,12390.245061876292,249.83401585020167,40.571654128717576,E,D,34 Rue de Roubaix 1er étage 59800 Lille,34,Rue de Roubaix,59800.0,Lille,59350_7624_00034,34 Rue de Roubaix,Lille,59800,,,10.64983658003797,8.89370997756851,5.4638318050256105,3.7256934272366524,Lille,2026
2459E2932245B,2459E2932245B,50.61362996938978,3.073821058552619,7857.613135625902,619.0720302581699,2496.196496117651,196.06698839978267,14.80797393377858,D,C,60 Rue du Jardin des Plantes 59000 Lille,60,Rue du Jardin des Plantes,59000.0,Lille,59350_4797_00060,50 Rue Armand Carrel / 60 rue du jardin des plantes,Lille,59000,1991.0,3658.0,8.95360125665005,6.442699389460335,5.267858159063328,2.772588722239781,Lille,2026
2459E2932622O,2459E2932622O,50.61362996938978,3.073821058552619,7229.895211446462,594.9639342593151,2031.5535477483215,206.07827019922925,16.983805438267694,D,C,60 Rue du Jardin des Plantes 59000 Lille,60,Rue du Jardin des Plantes,59000.0,Lille,59350_4797_00060,50 Rue Armand Carrel / 60 rue du jardin des plantes,Lille,59000,1991.0,3658.0,8.841072179179836,6.3306117741784975,5.288267030694535,2.833213344056216,Lille,2026
2459E3628592Q,2459E3628592Q,50.649787960212905,3.0976100566550615,7398.504808547869,1665.391059923899,2098.1899940759845,104.84564381286837,23.685178950368982,C,C,74c Rue Emile Vandenberghe 59800 Lille,74c,Rue Emile Vandenberghe,59800.0,Lille,59350_3092_00074_c,74C Rue Émile Vandenberghe,Lille,59800,1976.0,2264.1,8.881655733146474,7.344654452579832,4.634728988229636,3.1354942159291497,Lille,2026
2459E3207231L,2459E3207231L,50.632316991637744,3.1020130532794306,9528.27245158386,1934.1059621955592,2750.276091470365,132.24600301095595,26.80329568304681,C,C,Rue Desaugiers 59800 Lille,,Rue Desaugiers,59800.0,Lille,59350_2444,342-356 Rue des Peupliers,Lille,59800,,2624.0,9.121651224680388,7.575225612752099,4.852030263919617,3.332204510175204,Lille,2026
2459E4279190Q,2459E4279190Q,50.62144400753086,3.074499950820299,28770.088985927294,5848.440077351554,7700.654781466799,495.3497594344846,100.19942566734431,G,G,Rue de Trévise 59000 Lille,,Rue de Trévise,59000.0,Lille,59350_8749,72 Rue de Trévise,Lille,59000,,1805.0,10.17775758432522,8.672109292519592,6.118097198041348,4.61512051684126,Lille,2026
2459E4498626M,2459E4498626M,50.63291502178782,2.988254958961982,14759.96415018237,1184.576554449187,4533.494131184537,99.66279527206758,7.211720195811714,D,B,Chemin de Sequedin 59160 Lille,,Chemin de Sequedin,59160.0,Lille,59350_9595,12 Chemin des Wattinettes,Lille,59160,,148.0,9.642337051160101,7.0482126316773925,4.653960350157523,2.0794415416798357,Lille,2026
2459E3239367L,2459E3239367L,50.632316991637744,3.1020130532794306,8010.353903118116,1800.8327127038103,2413.1704974896484,105.22888369683099,22.892823113072822,C,C,Rue Desaugiers 59800 Lille,,Rue Desaugiers,59800.0,Lille,59350_2444,190 -216 Rue des Peupliers,Lille,59800,,2346.0,9.014605254264806,7.456801115567825,4.6913478822291435,3.1354942159291497,Lille,2026
2459E3008914W,2459E3008914W,50.62701600107826,3.1095309798385733,7647.030328613746,1690.3277654041747,2395.13565876841,146.75420666053347,31.718876525837466,D,D,Rue Roger Salengro 59260 Lille,,Rue Roger Salengro,59260.0,Lille,59350_7554,"336 Rue Roger Salengro
SQUARE FLANDRE",Lille,59260,,1000.0,8.996862457528307,7.472841789474565,5.049856007249537,3.5263605246161616,Lille,2026
2559E0201779E,2559E0201779E,50.62103596603701,3.0432179986255443,11823.61952198245,2932.358944817869,3627.7948630988717,260.97091468131975,64.7319855368183,E,E,195 Rue d'Iéna 59000 Lille,195,Rue d'Iéna,59000.0,Lille,59350_4658_00195,"195 B D'IENA - CITE D'IENA, Porte 002",Lille,59000,1948.0,,9.415645765160512,7.908019444632471,5.605802066295998,4.110873864173311,Lille,2026
2459E3007588W,2459E3007588W,50.62701600107826,3.1095309798385733,7940.53542990599,1757.68375602155,2511.53003582045,179.88911053881304,39.25295688845809,D,D,Rue Roger Salengro 59260 Lille,,Rue Roger Salengro,59260.0,Lille,59350_7554,"336 Rue Roger Salengro
SQUARE FLANDRE",Lille,59260,,1824.0,8.9350215585078,7.4132467011574255,5.153291594497779,3.6375861597263857,Lille,2026
2459E3207287P,2459E3207287P,50.632316991637744,3.1020130532794306,9829.13730550201,2004.338494348203,2655.0623134225493,126.98059127135264,25.17760142634161,C,C,Rue Desaugiers 59800 Lille,,Rue Desaugiers,59800.0,Lille,59350_2444,342-356 Rue des Peupliers,Lille,59800,,2624.0,9.144969504534515,7.596492751053383,4.804021044733257,3.258096538021482,Lille,2026
2459E3241513Z,2459E3241513Z,50.617724004193235,3.092508067262955,7658.906761654385,1442.078013150455,2308.629135982123,124.62339940942967,22.72629346353071,C,C,290 Allee des Peupliers 59000 Lille,290,Allee des Peupliers,59000.0,Lille,59350_4p7ft1_00290,278-290 Rue des Peupliers,Lille,59800,,3466.0,8.88064114664239,7.329028117295815,4.770684624465665,3.2188758248682006,Lille,2026
2459E3007634Q,2459E3007634Q,50.62701600107826,3.1095309798385733,8743.279492309026,1910.5759156206984,2669.9205436542834,167.28478374551423,36.46336062311164,D,D,Rue Roger Salengro 59260 Lille,,Rue Roger Salengro,59260.0,Lille,59350_7554,"336 Rue Roger Salengro
SQUARE FLANDRE",Lille,59260,,1824.0,9.037866170436562,7.514745263090908,5.087596335232384,3.58351893845611,Lille,2026
2459E2932413N,2459E2932413N,50.61362996938978,3.073821058552619,5181.380418216911,424.84595294975975,1551.2431866112133,206.67652246577228,16.90632303404943,D,C,60 Rue du Jardin des Plantes 59000 Lille,60,Rue du Jardin des Plantes,59000.0,Lille,59350_4797_00060,50 Rue Armand Carrel / 60 rue du jardin des plantes,Lille,59000,1991.0,3658.0,8.568969369196834,6.059590376155582,5.351858133476067,2.8903717578961645,Lille,2026
2559E0751465Y,2559E0751465Y,50.61856498503997,3.0540919964619113,4603.771271141266,351.4747898175086,1393.765409755202,100.1920595830243,7.147947497741314,B,B,108 Rue Bayard 59000 Lille,108,Rue Bayard,59000.0,Lille,59350_0657_00108,"108 Rue Bayard
APPT B45",Lille,59000,,3267.0,8.360375625273504,5.844123959209273,4.543294782270004,2.0794415416798357,Lille,2026
2459E2932422W,2459E2932422W,50.61362996938978,3.073821058552619,7473.7648552517085,581.888238748995,2238.8161002449083,201.2766924156619,14.86684309527325,D,C,60 Rue du Jardin des Plantes 59000 Lille,60,Rue du Jardin des Plantes,59000.0,Lille,59350_4797_00060,50 Rue Armand Carrel / 60 rue du jardin des plantes,Lille,59000,1991.0,3658.0,8.887611264446834,6.3768970014659105,5.278114659230517,2.772588722239781,Lille,2026
2459E2932224G,2459E2932224G,50.61362996938978,3.073821058552619,4786.414669048896,363.7160158753899,1411.8469947300796,239.2452957465788,18.15554155783976,D,C,60 Rue du Jardin des Plantes 59000 Lille,60,Rue du Jardin des Plantes,59000.0,Lille,59350_4797_00060,50 Rue Armand Carrel / 60 rue du jardin des plantes,Lille,59000,1991.0,3658.0,8.398950049927397,5.890538628518022,5.407171771460119,2.9444389791664403,Lille,2026
2459E2932515L,2459E2932515L,50.61362996938978,3.073821058552619,4447.055925102773,365.278858241623,1388.8109664133963,201.34656964852095,16.03341231631188,D,C,60 Rue du Jardin des Plantes 59000 Lille,60,Rue du Jardin des Plantes,59000.0,Lille,59350_4797_00060,50 Rue Armand Carrel / 60 rue du jardin des plantes,Lille,59000,1991.0,3658.0,8.470457914519063,5.961778236737621,5.37989735354046,2.8903717578961645,Lille,2026
2559E0866925S,2559E0866925S,50.633946966735905,3.0272259366772847,4474.364269935926,890.767623728305,1290.3292475023202,69.49624140186705,13.831795399507842,C,C,24 Quai de l'Ouest 59000 Lille,24,Quai de l'Ouest,59000.0,Lille,59350_6530_00024,24 Quai de l'Ouest,Lille,59000,2014.0,64.4,8.394822146925005,6.805279487392901,4.244200317766478,2.70805020110221,Lille,2026
2559E1168716B,2559E1168716B,50.6400079656999,3.0567309621373013,98331.53355353457,7876.62631747101,29743.99814631886,315.1587254167167,25.204204379700435,G,C,16 Rue Léonard Danel 59800 Lille,16,Rue Léonard Danel,59800.0,Lille,59350_5531_00016,16 L Danel,Lille,59800,1945.0,312.0,11.490514198130619,8.93112898839229,5.7506660605550515,3.2268439945173775,Lille,2026
2459E3241391H,2459E3241391H,50.617724004193235,3.092508067262955,8040.360870569325,1701.0250314325287,2070.580818302357,112.4843662867687,23.921344088158804,C,C,290 Allee des Peupliers 59000 Lille,290,Allee des Peupliers,59000.0,Lille,59350_4p7ft1_00290,278-290 Rue des Peupliers,Lille,59800,,3466.0,8.91394040890468,7.355896661370738,4.653960350157523,3.1354942159291497,Lille,2026
2559E0630108J,2559E0630108J,50.64133500413257,3.081783972776855,229213.33773911485,15706.542843631234,67236.28865788227,73.44610512073339,4.99820936008295,C,A,1 Avenue de Muy 59800 Lille,1,Avenue de Muy,59800.0,Lille,59350_6323_00001,1 de Muy,Lille,59800,2003.0,3122.0,12.337689331272834,9.720519786994268,4.3054155323020415,1.840549633397487,Lille,2026
2459E3628560K,2459E3628560K,50.649787960212905,3.0976100566550615,7622.189786735949,1633.5849972184858,2195.8744312025697,108.01552693875361,23.232833369194314,C,C,74c Rue Emile Vandenberghe 59800 Lille,74c,Rue Emile Vandenberghe,59800.0,Lille,59350_3092_00074_c,74C Rue Émile Vandenberghe,Lille,59800,1976.0,2264.1,8.881655733146474,7.344654452579832,4.634728988229636,3.1354942159291497,Lille,2026
2459E3617448A,2459E3617448A,50.627361959678865,3.0535019873040365,12431.122071096477,2493.4329194278653,3442.374191939285,107.62419481830334,21.22156574044953,C,C,56 Rue de Flandre 59000 Lille,56,Rue de Flandre,59000.0,Lille,59350_3423_00056,54-56 rue de Flandre et 17 rue de la vielle aventure,Lille,59000,1997.0,3387.3,9.374370658797886,7.8113254464469115,4.634728988229636,3.091042453358316,Lille,2026
2459E3628546W,2459E3628546W,50.649787960212905,3.0976100566550615,8533.112548553643,1751.1746521972016,2706.8967823086923,124.40438314798192,25.370857548828287,C,C,74c Rue Emile Vandenberghe 59800 Lille,74c,Rue Emile Vandenberghe,59800.0,Lille,59350_3092_00074_c,74C Rue Émile Vandenberghe,Lille,59800,1976.0,2264.1,9.02408308032858,7.493094506907777,4.804021044733257,3.295836866004329,Lille,2026
2459E2932313R,2459E2932313R,50.61362996938978,3.073821058552619,11587.989055663928,949.6047666661251,3298.500563158355,189.56527412920457,14.830953517766345,D,C,60 Rue du Jardin des Plantes 59000 Lille,60,Rue du Jardin des Plantes,59000.0,Lille,59350_4797_00060,50 Rue Armand Carrel / 60 rue du jardin des plantes,Lille,59000,1991.0,3658.0,9.311578401854348,6.799501693541883,5.204006687076795,2.70805020110221,Lille,2026
2559E1378144Z,2559E1378144Z,50.61292797054691,3.0489939715374397,14115.488626307,2586.209803173987,4228.589666788938,281.9770500700277,51.66259835006236,F,E,6 Rue Beaumarchais 59000 Lille,6,Rue Beaumarchais,59000.0,Lille,59350_0683_00006,6 Rue Beaumarchais,Lille,59000,1948.0,50.1,9.509844784354488,7.8648424050488615,5.600272098286537,3.970291913552122,Lille,2026
2459E3239962I,2459E3239962I,50.632316991637744,3.1020130532794306,9243.63725492864,1974.6376624354286,2912.3085348978734,102.60661868443358,21.774517386654065,C,C,Rue Desaugiers 59800 Lille,,Rue Desaugiers,59800.0,Lille,59350_2444,392-406 Rue des Peupliers,Lille,59800,,2918.0,9.116018703433573,7.552447239272679,4.624972813284271,3.091042453358316,Lille,2026
2459E2932583B,2459E2932583B,50.61362996938978,3.073821058552619,7109.901191943168,628.0683314479684,2286.4314549308915,191.47744450521603,16.046712607255195,D,C,60 Rue du Jardin des Plantes 59000 Lille,60,Rue du Jardin des Plantes,59000.0,Lille,59350_4797_00060,50 Rue Armand Carrel / 60 rue du jardin des plantes,Lille,59000,1991.0,3658.0,8.887611264446834,6.3768970014659105,5.278114659230517,2.772588722239781,Lille,2026
2459E2932348A,2459E2932348A,50.61362996938978,3.073821058552619,6721.867440409916,520.8534569618739,2018.66197840732,203.2287481983551,15.611943258505026,D,C,60 Rue du Jardin des Plantes 59000 Lille,60,Rue du Jardin des Plantes,59000.0,Lille,59350_4797_00060,50 Rue Armand Carrel / 60 rue du jardin des plantes,Lille,59000,1991.0,3658.0,8.792245847467877,6.281892845227788,5.298317366548036,2.833213344056216,Lille,2026
2459E3241409Z,2459E3241409Z,50.617724004193235,3.092508067262955,8283.484284706326,1931.5068839734427,2560.415208349394,116.31928877606713,26.67237743003539,C,C,290 Allee des Peupliers 59000 Lille,290,Allee des Peupliers,59000.0,Lille,59350_4p7ft1_00290,278-290 Rue des Peupliers,Lille,59800,,3466.0,9.053288822024061,7.501855305940849,4.795790545596741,3.258096538021482,Lille,2026
2459E3239351V,2459E3239351V,50.632316991637744,3.1020130532794306,8700.217471301641,1662.9708286382333,2498.5643018903584,109.66488425092777,20.483376199563928,C,C,Rue Desaugiers 59800 Lille,,Rue Desaugiers,59800.0,Lille,59350_2444,190 -216 Rue des Peupliers,Lille,59800,,2346.0,9.046620721901888,7.488349473302751,4.68213122712422,3.1354942159291497,Lille,2026
2559E0494276B,2559E0494276B,50.628912964125284,3.1119850469713404,33394.45192700165,2518.7321268661403,10964.325822030713,145.0050226174945,10.904878152825553,F,C,49 Rue Faidherbe 59800 Lille,49,Rue Faidherbe,59800.0,Lille,59350_3276_00049,49 Faidherbe,Lille,59000,,230.2,10.44133672867693,7.849635781855288,5.008633291425583,2.4932054526026954,Lille,2026
2559E0146258T,2559E0146258T,50.63435003900971,3.033988033807344,71996.37341064526,14436.447246627902,21224.394599645435,185.50524922239308,37.16482378776439,D,D,77 Avenue Marx Dormoy 59000 Lille,77,Avenue Marx Dormoy,59000.0,Lille,59350_5967_00077,77 à 85 Marx Dormoy,Lille,59000,1989.0,388.2,11.111120151635749,9.58388816540429,5.155601064346442,3.648057459593681,Lille,2026
2559E0201604L,2559E0201604L,50.62103596603701,3.0432179986255443,13110.329018033144,2969.353795976567,3829.3294157462556,289.37116500138313,65.54864891780501,E,E,195 Rue d'Iéna 59000 Lille,195,Rue d'Iéna,59000.0,Lille,59350_4658_00195,"195 B D'IENA - CITE D'IENA, Porte 004",Lille,59000,1948.0,,9.415645765160512,7.908019444632471,5.605802066295998,4.110873864173311,Lille,2026
2559E0963932T,2559E0963932T,50.63450703829361,3.065478954717597,267442.38816362194,18323.350703284937,81279.39524089525,127.69413354409863,8.671489827259489,E,B,Rue des Tanneurs 59800 Lille,,Rue des Tanneurs,59800.0,Lille,59350_8544,4-10 des Tanneurs,Lille,59800,1980.0,2095.0,12.471331179095612,9.830696405295479,4.832305758571839,2.2823823856765264,Lille,2026
2559E0949040Z,2559E0949040Z,50.637791957017384,3.0815640566930735,5081.797087913325,374.9316953546597,1519.9731626294208,247.0288841635148,18.12358648240047,G,C,21 Rue Eugène Jacquet 59800 Lille,21,Rue Eugène Jacquet,59800.0,Lille,59350_3227_00021,21 RUE EUGENE JACQUET,Lille,59800,1930.0,,8.484132665289746,5.900171288661591,5.464255444091467,2.9231615807191558,Lille,2026
2459E3241459X,2459E3241459X,50.617724004193235,3.092508067262955,8082.930259532145,1683.2624615279508,2494.4850001716945,113.15494679371481,22.767767693584332,C,C,290 Allee des Peupliers 59000 Lille,290,Allee des Peupliers,59000.0,Lille,59350_4p7ft1_00290,278-290 Rue des Peupliers,Lille,59800,,3466.0,8.95101249302093,7.394800374082724,4.6913478822291435,3.1354942159291497,Lille,2026
2459E3008873H,2459E3008873H,50.62701600107826,3.1095309798385733,6215.314517871831,1359.4469037331141,1773.6263359368852,118.77133589019952,25.453834989541846,C,C,Rue Roger Salengro 59260 Lille,,Rue Roger Salengro,59260.0,Lille,59350_7554,"336 Rue Roger Salengro
SQUARE FLANDRE",Lille,59260,,1000.0,8.685128426214112,7.156800467819,4.736198448394496,3.2188758248682006,Lille,2026
2459E3239939L,2459E3239939L,50.632316991637744,3.1020130532794306,6681.019349803601,1472.656539842076,2182.9681383405555,94.6582645999955,20.57357557756463,C,C,Rue Desaugiers 59800 Lille,,Rue Desaugiers,59800.0,Lille,59350_2444,392-406 Rue des Peupliers,Lille,59800,,2918.0,8.831609692970627,7.267246254180351,4.584967478670572,3.044522437723423,Lille,2026
2459E3007646C,2459E3007646C,50.62701600107826,3.1095309798385733,5897.218450861065,1310.5073998827763,1931.8854604130402,133.65140080766207,29.550357356815578,C,C,Rue Roger Salengro 59260 Lille,,Rue Roger Salengro,59260.0,Lille,59350_7554,"336 Rue Roger Salengro
SQUARE FLANDRE",Lille,59260,,1824.0,8.68501006200731,7.160146904655332,4.90527477843843,3.4011973816621555,Lille,2026
2459E2932199H,2459E2932199H,50.61362996938978,3.073821058552619,4853.561028297791,372.3710162892888,1296.4491220381485,242.60155542894353,18.587571528583464,D,C,60 Rue du Jardin des Plantes 59000 Lille,60,Rue du Jardin des Plantes,59000.0,Lille,59350_4797_00060,50 Rue Armand Carrel / 60 rue du jardin des plantes,Lille,59000,1991.0,3658.0,8.398950049927397,5.890538628518022,5.407171771460119,2.9444389791664403,Lille,2026
2459E3617685D,2459E3617685D,50.627361959678865,3.0535019873040365,7829.648839399919,1573.1491596171888,2391.1092388150337,78.25524576447468,15.566486835713327,C,C,56 Rue de Flandre 59000 Lille,56,Rue de Flandre,59000.0,Lille,59350_3423_00056,54-56 rue de Flandre et 17 rue de la vielle aventure,Lille,59000,1997.0,3387.3,8.909897222221788,7.324424057597627,4.31748811353631,2.772588722239781,Lille,2026
2459E3241401R,2459E3241401R,50.617724004193235,3.092508067262955,7849.483875192016,1735.8574311014122,2209.2830690172777,128.1042380262977,27.97860839913007,C,C,290 Allee des Peupliers 59000 Lille,290,Allee des Peupliers,59000.0,Lille,59350_4p7ft1_00290,278-290 Rue des Peupliers,Lille,59800,,3466.0,8.935771938669784,7.386532804779234,4.8283137373023015,3.295836866004329,Lille,2026
2559E1410739Q,2559E1410739Q,50.63763503901157,3.06760105735381,149712.1769318061,12213.370278478304,49278.7802729021,273.96534726328963,22.30922343279392,G,C,2 Rue de Roubaix 59800 Lille,2,Rue de Roubaix,59800.0,Lille,59350_7624_00002,2 Rue de Roubaix,Lille,59800,,546.5,11.942896501577707,9.378064232289553,5.642970335259443,3.1179499062782403,Lille,2026
2559E1467952D,2559E1467952D,50.628889043867666,3.0673140142946784,160778.5194854083,39923.524229815295,50234.27207489991,314.229285668936,77.9919692794707,F,F,219 Boulevard de la Liberté 59800 Lille,219,Boulevard de la Liberté,59800.0,Lille,59350_5603_00219,219 Boulevard de la Liberté,Lille,59800,,511.7,12.019335152827566,10.512026829086217,5.784747833479305,4.28771595520264,Lille,2026
2559E1494555I,2559E1494555I,50.621666041087195,3.041702016397183,3918.040653525712,255.90000083162263,1228.3788316677378,105.68732880680061,6.716535454898232,D,B,21 Rue Saint Bernard 59000 Lille,21,Rue Saint Bernard,59000.0,Lille,59350_7724_00021,21bis Rue Saint-Bernard,Lille,59000,,,8.218301862663752,5.589866950526307,4.61512051684126,2.0794415416798357,Lille,2026
2559E1482545K,2559E1482545K,50.62647902739149,3.0800859433971377,14449.804441027372,3348.876558605417,4387.220299018472,213.27905006184682,49.36918759614865,D,D,579 Avenue du Président Hoover 59800 Lille,579,Avenue du Président Hoover,59800.0,Lille,59350_7139_00579,579 Avenue du Président Hoover,Lille,59800,,10103.0,9.586541434397821,8.088561805276234,5.375278407684165,3.8918202981106265,Lille,2026
2559E1470158Z,2559E1470158Z,50.62806903875616,3.050306063832427,6542.5730825996425,1525.6261720014577,2130.8836561598437,139.3582002413748,31.521201900856568,D,D,4 Rue Charles Quint 59800 Lille,4,Rue Charles Quint,59800.0,Lille,59350_1567_00004,4 Rue Charles Quint,Lille,59800,2013.0,1568.0,8.805015254068932,7.2813856635702825,4.962844630259907,3.4339872044851463,Lille,2026
2559E1504125K,2559E1504125K,44.33322280750371,4.814261881801249,158437.4335876393,34758.95994290274,48579.91174549382,320.0494085025599,70.12604075314152,F,E,,,,,,,23-25 Hippolyte Lefebvre,Lille,59800,1950.0,495.0,11.935719555200167,10.374144093588553,5.734311679691024,4.183575695950044,Lille,2026
2559E1499769W,2559E1499769W,44.06804869516742,2.351469423403522,183058.45424281948,40540.18116387428,52385.62231143652,236.8553928747711,52.36852652045302,E,E,,,,,,,50 Blanche,Lille,59800,1970.0,773.0,12.089065121586833,10.589459049346978,5.443283136798223,3.9569963710708773,Lille,2026
2559E1536401U,2559E1536401U,50.64243200425717,3.056280954681346,11853.268099643947,818.1094524037968,3346.870372508429,125.5721718146955,7.799875603897479,E,B,92 Rue Royale 59800 Lille,92,Rue Royale,59800.0,Lille,59350_7649_00092,"92 Rue Royale 
rés.les Hesperides",Lille,59800,1980.0,,9.318252629170578,6.733520932370801,4.77912349311153,2.1972245773362196,Lille,2026
2559E1530843A,2559E1530843A,50.643582036642655,3.0538629312809205,5918.218764900325,450.9995947744899,1632.5157806768834,107.32383432174034,7.590760190962802,D,B,116 Rue de Jemmapes 59800 Lille,116,Rue de Jemmapes,59800.0,Lille,59350_5031_00116,116 rue de Jemmapes,Lille,59000,,,8.625240095499372,6.032846384886751,4.624972813284271,2.0794415416798357,Lille,2026
2559E1530154N,2559E1530154N,50.62557598213936,3.0334939494518984,5292.2807549206545,354.9575922995337,1599.2143890337636,79.46045040460342,4.9741815064396535,C,A,Rue Bonte Pollet 59000 Lille,,Rue Bonte Pollet,59000.0,Lille,59350_1013,42 Rue Bonte Pollet,Lille,59000,1989.0,,8.503013127842404,5.879974171074619,4.31748811353631,1.791759469228055,Lille,2026
2559E1531718R,2559E1531718R,50.62557598213936,3.0334939494518984,5085.44571943825,396.836583192187,1566.6423082634135,74.6956815933586,5.514682923738007,C,A,Rue Bonte Pollet 59000 Lille,,Rue Bonte Pollet,59000.0,Lille,59350_1013,42 Rue Bonte Pollet,Lille,59000,1989.0,,8.511376306094673,5.888323788188469,4.30406509320417,1.791759469228055,Lille,2026
2559E1526827O,2559E1526827O,50.497198056305955,1.3947952996959927,34784.86753516333,2639.990317251196,11170.941270032688,169.96357073839656,12.87313365811394,F,C,,,,,,,23 De Condé,Lille,59800,1945.0,204.7,10.479862124286505,7.880993291298042,5.164214382024556,2.631888840136646,Lille,2026
2559E1561842H,2559E1561842H,50.617678977531675,3.0871410401293047,14318.618426377216,3031.119867631007,4325.668892687539,268.2413187732335,56.69481515772788,E,E,41 Rue du Professeur Langevin 59800 Lille,41,Rue du Professeur Langevin,59800.0,Lille,59350_7219_00041,41 Rue Professeur Langevin,Lille,59000,1957.0,,9.53818261999436,8.039770105950572,5.564520407322694,4.07753744390572,Lille,2026
2559E1559645U,2559E1559645U,50.61364403291289,3.0732599841257113,3447.00745325576,234.43488241742358,987.6206415278403,98.14353175666763,5.895261083422219,D,A,Rue du Jardin des Plantes 59000 Lille,,Rue du Jardin des Plantes,59000.0,Lille,59350_4797,1 bis rue du Jardin des Plantes,Lille,59000,,93.0,8.113007264806454,5.478970866241294,4.564348191467836,1.9459101490553132,Lille,2026
2559E1590160L,2559E1590160L,50.64025002019729,3.083544989203461,2141.6670035687766,154.81015682333222,642.9219222303099,96.08984529713248,6.48645908477649,C,A,35 Rue Blanche 59800 Lille,35,Rue Blanche,59800.0,Lille,59350_0866_00035,35 Rue Blanche,Lille,59800,,,7.637137952124178,4.971201224850849,4.543294782270004,1.9459101490553132,Lille,2026
2559E1635485S,2559E1635485S,50.644035039329154,3.014394062029521,4662.681478261024,896.0912591036335,1231.120410174539,101.94261035412761,19.57813544032409,C,C,435 Avenue de Dunkerque (Lomme) 59160 Lille,435,Avenue de Dunkerque (Lomme),59160.0,Lille,59350_95c8dn_00435,435 Avenue de Dunkerque Lomme,Lille,59130,,,8.366463320611073,6.82045295057934,4.553876891600541,3.044522437723423,Lille,2026
2559E1649135S,2559E1649135S,50.649378959803684,3.087058018249491,358893.1248599542,81261.41696528337,105926.37964766694,271.6339764196638,61.46876998174206,E,E,30 Rue du Buisson 59800 Lille,30,Rue du Buisson,59800.0,Lille,59350_1194_00030,30 Rue du Buisson,Lille,59800,,1321.4,12.80853799394121,11.315655535896942,5.625820933186489,4.144720769547168,Lille,2026
2559E1649097G,2559E1649097G,46.54078569632483,2.1682412532589694,1419791.590348497,340655.0879195633,437482.60473241203,196.7851055768568,47.15705811791793,D,D,,,,,,,40 Rue du Buisson,Lille,59800,,7214.1,14.207894141478045,12.71161021213482,5.32884657158286,3.8480176754522337,Lille,2026
2459E0303658O,2459E0303658O,50.63599903605836,3.0943049313513606,4704.028903791861,1069.4046288641043,1541.862398355284,69.38884068289913,15.681903261488756,C,C,2 Rue Saint-Just 59800 Lille,2,Rue Saint-Just,59800.0,Lille,59350_7899_00002,2 Rue Saint-Just,Lille,59800,,2483.1,8.502992842015097,6.964135612418245,4.300002799195291,2.803360380906535,Lille,2026
2559E0947590F,2559E0947590F,50.637791957017384,3.0815640566930735,15014.736371973348,3311.403562065317,4098.703833032865,240.0357874384739,52.863088728175,D,D,21 Rue Eugène Jacquet 59800 Lille,21,Rue Eugène Jacquet,59800.0,Lille,59350_3227_00021,21 RUE EUGENE JACQUET,Lille,59800,1930.0,,9.559256292393162,8.041734711487537,5.427589702252176,3.92395157629342,Lille,2026
