building_id,building_id,latitude,longitude,Energy_Consumption,CO2_Usage,Water_Usage,Energy_Intensity,CO2_Intensity,true_energy_label,true_ges_label,adresse_ban,numero_voie_ban,nom_rue_ban,code_postal_ban,nom_commune_ban,identifiant_ban,adresse_brut,nom_commune_brut,code_postal_brut,annee_construction,surface_habitable_immeuble,log1p_Energy_Consumption,log1p_CO2_Usage,log1p_Energy_Intensity,log1p_CO2_Intensity,city,year
2159E0450128X,2159E0450128X,50.632632036407855,3.00574993961914,7170.4,2092.5,2151.12,195.3,57.0,E,E,Rue de la Liberte 59000 Lille,,Rue de la Liberte,59000.0,Lille,59355_1250,132 de la Liberté,Lille,59000,1980.0,36.7,8.877856172552827,7.646592585459198,5.279644101282416,4.060443010546419,Lille,2025
2159E0813940R,2159E0813940R,50.61785801841421,3.0598640300247912,5868.0,401.8,1760.3999999999999,116.8,8.0,E,E,101 Boulevard de Strasbourg 59000 Lille,101,Boulevard de Strasbourg,59000.0,Lille,59350_8479_00101,101 Boulevard de Strasbourg,Lille,59000,1945.0,50.2,8.677439540558334,5.998440160844408,4.768988271217486,2.1972245773362196,Lille,2025
2159E0483268N,2159E0483268N,50.622938015466126,3.0367819322757774,12441.1,3986.7,3732.33,527.4,169.0,G,G,110 Rue d'Isly 59000 Lille,110,Rue d'Isly,59000.0,Lille,59350_4706_00110,110 Rue d'Isly,Lille,59000,1945.0,23.6,9.428841162335706,8.290969902575105,6.26985357264817,5.135798437050262,Lille,2025
2159E0796141C,2159E0796141C,50.641464034862175,3.0832959429598223,4061.1,272.0,1218.33,119.4,8.0,E,E,135b Rue du Faubourg de Roubaix 59800 Lille,135b,Rue du Faubourg de Roubaix,59800.0,Lille,59350_3316_00135_b,135b Rue du Faubourg de Roubaix,Lille,59800,1945.0,34.0,8.309455360251876,5.60947179518496,4.79081953287472,2.1972245773362196,Lille,2025
2159E0153356P,2159E0153356P,50.62050898524167,3.0721799569902677,8020.3,1743.4,2406.09,143.2,31.1,D,D,5b Rue de Trevise 59000 Lille,5b,Rue de Trevise,59000.0,Lille,59350_8749_00005_b,5b Rue de Trevise App 13,Lille,59000,1961.0,56.0,8.989855782487716,7.464165935968611,4.971201224850849,3.4688560301359703,Lille,2025
2159E0293297Y,2159E0293297Y,50.63210203214198,3.0392950270033343,6640.2,1279.8,1992.06,216.0,41.0,E,D,Rue Delphin Petit 59800 Lille,,,59800.0,Lille,59350_2347,"21, rue Delphin PETIT",Lille,59000,2006.0,,8.80104794903363,7.155240161682505,5.37989735354046,3.7376696182833684,Lille,2025
2159E1000888Z,2159E1000888Z,50.6284590163188,3.046275057997667,7981.3,1725.5,2394.39,212.8,46.0,D,D,Rue des Stations 59800 Lille,,Rue des Stations,59800.0,Lille,59350_8449,108 rue des Stations,Lille,59800,1976.0,37.5,8.984981869467669,7.453851516830047,5.365040998590945,3.8501476017100584,Lille,2025
2159E0702549K,2159E0702549K,50.64092798132163,3.0537439374154602,10983.1,2368.8,3294.93,194.7,42.0,D,D,24 Facade de l'Esplanade 59800 Lille,24,Facade de l'Esplanade,59800.0,Lille,59350_3189_00024,24 Facade de l'Esplanade,Lille,59800,1994.0,56.4,9.304204051557857,7.77056084238264,5.27658287440203,3.7612001156935624,Lille,2025
2159E0441285U,2159E0441285U,50.62911295802678,3.045839965483848,16315.2,4684.1,4894.56,404.0,116.0,G,G,Lille,5,des Vicaires,59800.0,Lille,59350,5 des Vicaires,Lille,59800,1961.0,40.4,9.699913758268671,8.45214253916191,6.003887067106539,4.762173934797756,Lille,2025
2159E0068373A,2159E0068373A,50.64268502475499,2.9853099497492885,3493.3,245.2,1047.99,70.0,4.0,C,A,Rue Goethe 59000 Lille,,,59000.0,Lille,59355_0807,48 rue guet,Lille,59000,1989.0,,8.158888348484934,5.506144213750353,4.2626798770413155,1.6094379124341003,Lille,2025
2159E0866089K,2159E0866089K,50.64854498018152,3.056699958509606,2841.9,164.4,852.57,69.1,4.0,C,C,33 Rue du Bastion Saint Andre 59800 Lille,33,Rue du Bastion Saint Andre,59800.0,Lille,59350_0622_00033,33 Rue du Bastion Saint Andre,Lille,59800,2009.0,41.1,7.952579936920523,5.108366782589591,4.249922794040544,1.6094379124341003,Lille,2025
2159E0186150X,2159E0186150X,50.63184489636446,3.0191995589767195,12822.5,970.3,3846.75,123.3,9.3,E,B,Allee de la Haye du Temple 59160 Lille,,,59160.0,Lille,59350_9679,41 RUE DU CLOS DU MOULIN,Lille,59160,1984.0,,9.459034704134398,6.8786353804082845,4.822697998516666,2.33214389523559,Lille,2025
2159E0978541M,2159E0978541M,50.62543199238591,3.0577730419890203,5514.8,957.0,1654.44,190.2,33.0,D,D,26 Rue Gantois 59000 Lille,26,Rue Gantois,59000.0,Lille,59350_3749_00026,26 Rue Gantois,Lille,59000,1945.0,,8.615371980097764,6.86484777797086,5.2533200006173,3.5263605246161616,Lille,2025
2159E0826154L,2159E0826154L,50.62565903335423,3.0333519340140658,4667.7,851.2,1400.31,219.3,40.0,E,E,Rue Bonte Pollet 59000 Lille,3,rue Bonte Pollet,59000.0,Lille,59350_1013,3 rue Bonte Pollet,Lille,59000,1970.0,21.3,8.448635939319095,6.747821241065812,5.394990253808298,3.713572066704308,Lille,2025
2259E0835057X,2259E0835057X,50.63578853265707,3.0704500164930626,1918.2,131.6,575.46,108.6,7.4,D,A,Passage Pieton Interieur Gare Lille Flandres 59000 Lille,,,59000.0,Lille,59350_pk58rb,Residence Les Estudines Pasteur 214 pont de flandres,Lille,59000,2009.0,,7.559663711525485,4.887337077751762,4.696837374513915,2.128231705849268,Lille,2025
2259E0847933D,2259E0847933D,50.63516096401936,3.0147109912945815,17400.2,3817.4,5220.06,225.0,49.0,D,D,2 Rue Winston Churchill 59000 Lille,2,Rue Winston Churchill,59000.0,Lille,59355_1930_00002,"01670003
2 Rue Winston Churchill",Lille,59160,1948.0,,9.76429444834185,8.247586765691686,5.420534999272286,3.912023005428146,Lille,2025
2259E0846029X,2259E0846029X,50.63578853265707,3.0704500164930626,1913.5,131.0,574.05,108.4,7.4,D,A,Passage Pieton Interieur Gare Lille Flandres 59000 Lille,,,59000.0,Lille,59350_pk58rb,RESIDENCE LES ESTUDINES PASTEUR 214 Pont de Flandres,Lille,59000,2009.0,,7.557211770917349,4.882801922586371,4.695010889987881,2.128231705849268,Lille,2025
2259E1212595P,2259E1212595P,50.63581100550258,3.0574879421949217,8389.7,636.5,2516.9100000000003,158.0,12.0,F,C,10 Avenue Foch 59800 Lille,10,Avenue Foch,59800.0,Lille,59350_3477_00010,10 avenue foch,Lille,59020,,,9.034879228638868,6.457554277032581,5.0689042022202315,2.5649493574615367,Lille,2025
2259E1390910W,2259E1390910W,50.62197644863353,3.097792627688834,1976.4,136.1,592.92,109.8,7.5,D,A,Rue Camille Desmoulins (Hellemmes-Lille) 59000 Lille,,,59000.0,Lille,59350_1252,RESIDENCE LILLE CAMPUS Montbello LES GLENANS,Lille,59000,2008.0,,7.589538129463032,4.920710586568268,4.707726774313183,2.1400661634962708,Lille,2025
2259E0843668C,2259E0843668C,50.63688101013381,3.0217480413564712,12200.3,2722.9,3660.0899999999997,256.0,57.0,E,E,61 Rue du Marais 59000 Lille,61,Rue du Marais,59000.0,Lille,59355_1330_00061,"01580006
61 Rue du Marais",Lille,59160,1947.0,,9.409297782421563,7.909819955876018,5.54907608489522,4.060443010546419,Lille,2025
2259E0404238Y,2259E0404238Y,50.63697899115525,3.0223520561303543,2815.9,202.7,844.77,101.0,7.0,D,B,38 Rue du Marais de Lomme (Lille) 59000 Lille,38,Rue du Marais de Lomme (Lille),59000.0,Lille,59350_hkutkz_00038,38 Rue du Marais de Lomme (Lille),Lille,59000,1948.0,,7.943392268488734,5.31664832323276,4.624972813284271,2.0794415416798357,Lille,2025
2259E2917149J,2259E2917149J,50.637978030006366,3.069396961982844,3235.5,195.6,970.65,49.6,3.0,C,A,5 Rue du Lombard 59800 Lille,5,Rue du Lombard,59800.0,Lille,59350_5660_00005,5 Lombard,Lille,59160,1948.0,65.2,8.082247777985565,5.281171207713066,3.92395157629342,1.3862943611198906,Lille,2025
2259E2551152O,2259E2551152O,50.60776795649193,3.070105956834764,10915.2,2422.0,3274.56,134.0,29.0,C,C,Chemin des Margueritois 59000 Lille,,,59000.0,Lille,59350_5922,3 Chemin des Margueritois,Lille,59000,2014.0,,9.29800320338996,7.792761720816526,4.90527477843843,3.4011973816621555,Lille,2025
2259E1838591J,2259E1838591J,50.635625972050214,3.0279789698376804,9733.7,733.8,2920.11,127.0,9.0,E,B,Avenue de Dunkerque (Lille) 59000 Lille,,,59000.0,Lille,59350_2874,"291, Avenue de Dunkerque
Résidence Les Erables",Lille,59160,1974.0,9182.0,9.183452100690472,6.59959835334097,4.852030263919617,2.302585092994046,Lille,2025
2259E2917150K,2259E2917150K,50.637978030006366,3.069396961982844,2824.8,179.2,847.44,63.1,4.0,C,A,5 Rue du Lombard 59800 Lille,5,Rue du Lombard,59800.0,Lille,59350_5660_00005,5 Lombard,Lille,59160,1948.0,44.8,7.946546789331707,5.194067345174237,4.160444363926624,1.6094379124341003,Lille,2025
2259E1704388S,2259E1704388S,50.62914998223329,3.0522979696003762,7717.5,506.8,2315.25,76.1,5.0,C,A,Impasse Convain 59000 Lille,13,CONVAIN,59000.0,Lille,59350_3knsxs,13 CONVAIN,Lille,59000,1945.0,,8.951375323621896,6.230087669270578,4.345103280569283,1.791759469228055,Lille,2025
2259E2917141B,2259E2917141B,50.637978030006366,3.069396961982844,2140.7,130.5,642.2099999999999,82.0,5.0,C,A,5 Rue du Lombard 59800 Lille,5,Rue du Lombard,59800.0,Lille,59350_5660_00005,5 Lombard,Lille,59160,1948.0,26.1,7.669355185176524,4.879006851617819,4.418840607796598,1.791759469228055,Lille,2025
2259E2511238K,2259E2511238K,50.63951203908803,3.056167042092451,5030.1,355.8,1509.03,84.8,6.0,D,B,15 Rue Sainte Catherine 59800 Lille,15,Rue Sainte Catherine,59800.0,Lille,59350_8119_00015,15 Rue Sainte Catherine,Lille,59800,1992.0,59.3,8.52339392705784,5.8771754007058545,4.4520190064939165,1.9459101490553132,Lille,2025
2259E2917142C,2259E2917142C,50.637978030006366,3.069396961982844,2548.4,168.9,764.52,45.3,3.0,B,A,5 Rue du Lombard 59800 Lille,5,Rue du Lombard,59800.0,Lille,59350_5660_00005,5 Lombard,Lille,59160,1948.0,56.3,7.843613316348821,5.135210028677887,3.835141961092188,1.3862943611198906,Lille,2025
2259E2917143D,2259E2917143D,50.637978030006366,3.069396961982844,2066.1,144.2,619.8299999999999,100.3,7.0,D,A,5 Rue du Lombard 59800 Lille,5,Rue du Lombard,59800.0,Lille,59350_5660_00005,5 Lombard,Lille,59160,1948.0,20.6,7.633901937805191,4.978112102390695,4.618086411254637,2.0794415416798357,Lille,2025
2259E1525728E,2259E1525728E,50.622938015466126,3.0367819322757774,4819.5,1066.3,1445.85,207.9,46.0,E,D,110 Rue d'Isly 59000 Lille,110,Rue d'Isly,59000.0,Lille,59350_4706_00110,110 Rue d'Isly,Lille,59000,1945.0,23.2,8.480632936104435,6.972887373919919,5.34185566856252,3.8501476017100584,Lille,2025
2259E1730601X,2259E1730601X,50.64633196226162,3.060150059054612,5984.2,1261.3,1795.26,110.0,23.0,C,C,10 Rue Maracci 59800 Lille,10,Rue Maracci,59800.0,Lille,59350_5852_00010,10 Rue Maracci,Lille,59800,2010.0,,8.697045034309264,7.140690732758816,4.709530201312334,3.1780538303479458,Lille,2025
2259E2917146G,2259E2917146G,50.637978030006366,3.069396961982844,3916.3,256.0,1174.89,61.2,4.0,C,A,5 Rue du Lombard 59800 Lille,5,Rue du Lombard,59800.0,Lille,59350_5660_00005,5 Lombard,Lille,59160,1948.0,64.0,8.273157919959475,5.54907608489522,4.130354999745133,1.6094379124341003,Lille,2025
2259E2171723D,2259E2171723D,43.87548601319343,5.397483060354858,4548.4,330.9,1364.5199999999998,121.0,8.0,E,B,Place Jean Jaurès 84400 Apt,,,84400.0,Apt,84003_0510,198 rue Jean Jaures appt 2ième étage,Lille,59160,,,8.422750635117762,5.804833718725929,4.804021044733257,2.1972245773362196,Lille,2025
2259E1560032O,2259E1560032O,50.65333998467205,3.0846290117234885,10542.1,766.0,3162.63,142.0,10.0,E,B,566 Avenue de la Republique (Lille) 59800 Lille,566,Avenue de la Republique (Lille),59800.0,Lille,59350_7464_00566,"566 Avenue de la Republique (Lille)
Bat 12, Etage 4, Appt Gauche",Lille,59800,1973.0,7181.0,9.263226896498296,6.642486801367256,4.962844630259907,2.3978952727983707,Lille,2025
2259E1992663F,2259E1992663F,50.61830698090212,3.060298050452466,6923.4,520.6,2077.02,171.0,12.0,F,C,85 Rue de Bapaume 59000 Lille,85,Rue de Bapaume,59000.0,Lille,59350_0531_00085,85 Rue de Bapaume,Lille,59000,,,8.842806684702575,6.256901010612443,5.147494476813453,2.5649493574615367,Lille,2025
2259E2917136W,2259E2917136W,50.637978030006366,3.069396961982844,1750.7,108.0,525.21,64.8,4.0,C,A,5 Rue du Lombard 59800 Lille,5,Rue du Lombard,59800.0,Lille,59350_5660_00005,5 Lombard,Lille,59160,1948.0,27.0,7.468342023957602,4.6913478822291435,4.186619838331271,1.6094379124341003,Lille,2025
2259E1816267T,2259E1816267T,50.622938015466126,3.0367819322757774,9422.1,644.0,2826.63,131.7,9.0,E,B,110 Rue d'Isly 59000 Lille,110,Rue d'Isly,59000.0,Lille,59350_4706_00110,110 Rue d'Isly,Lille,59000,1945.0,71.6,9.150919400481975,6.4692503167957724,4.888090941338162,2.302585092994046,Lille,2025
2259E2917152M,2259E2917152M,50.637978030006366,3.069396961982844,2758.2,177.1,827.4599999999999,62.3,4.0,C,A,5 Rue du Lombard 59800 Lille,5,Rue du Lombard,59800.0,Lille,59350_5660_00005,5 Lombard,Lille,59160,1948.0,44.3,7.922696061622631,5.182345190295616,4.147885329150131,1.6094379124341003,Lille,2025
2259E2917145F,2259E2917145F,50.637978030006366,3.069396961982844,1711.2,114.0,513.36,90.1,6.0,C,A,5 Rue du Lombard 59800 Lille,5,Rue du Lombard,59800.0,Lille,59350_5660_00005,5 Lombard,Lille,59160,1948.0,19.0,7.445534372308385,4.74493212836325,4.511957804265912,1.9459101490553132,Lille,2025
2259E2917147H,2259E2917147H,50.637978030006366,3.069396961982844,3029.1,182.0,908.7299999999999,66.6,4.0,C,A,5 Rue du Lombard 59800 Lille,5,Rue du Lombard,59800.0,Lille,59350_5660_00005,5 Lombard,Lille,59160,1948.0,45.5,8.016350901259148,5.209486152841421,4.213607983048918,1.6094379124341003,Lille,2025
2259E2072779P,2259E2072779P,50.61919398946468,3.0412870667543888,11904.9,3449.6,3571.47,265.7,77.0,F,F,Boulevard de Metz 59000 Lille,90,boulevard de metz,59000.0,Lille,59350_6079,90 boulevard de metz,Lille,59000,1963.0,44.8,9.384789354551572,8.146303407947764,5.586124431187969,4.356708826689592,Lille,2025
2259E1991659P,2259E1991659P,50.61830698090212,3.060298050452466,6923.4,520.6,2077.02,171.0,12.0,F,C,85 Rue de Bapaume 59000 Lille,85,Rue de Bapaume,59000.0,Lille,59350_0531_00085,85 Rue de Bapaume,Lille,59000,,,8.842806684702575,6.256901010612443,5.147494476813453,2.5649493574615367,Lille,2025
2359E3936072T,2359E3936072T,50.61815796107811,3.0923329617426214,6602.0,1384.4,1980.6,91.0,19.0,C,C,342 Allee des Peupliers 59000 Lille,342,Allee des Peupliers,59000.0,Lille,59350_4p7ft1_00342,342 Rue des Peupliers,Lille,59800,1983.0,1499.0,8.79527937019457,7.233744185588505,4.5217885770490405,2.995732273553991,Lille,2025
2359E2355104H,2359E2355104H,50.621971033903606,3.044676932486129,3605.9,246.5,1081.77,87.8,6.0,D,B,5 Rue de Mexico 59000 Lille,5,Rue de Mexico,59000.0,Lille,59350_6098_00005,5 Rue Mexico,Lille,59000,1945.0,41.1,8.190603956648973,5.511410582008745,4.486386649998124,1.9459101490553132,Lille,2025
2359E3148243Q,2359E3148243Q,50.632316991637744,3.1020130532794306,5854.7,1212.0,1756.4099999999999,82.0,17.0,C,C,Rue Desaugiers 59800 Lille,,Rue Desaugiers,59800.0,Lille,59350_2444,278 Rue des Peupliers,Lille,59800,,1720.0,8.675170824820675,7.10085190894405,4.418840607796598,2.8903717578961645,Lille,2025
2359E3148222V,2359E3148222V,50.632316991637744,3.1020130532794306,5199.7,1079.8,1559.9099999999999,85.0,17.0,C,C,Rue Desaugiers 59800 Lille,,Rue Desaugiers,59800.0,Lille,59350_2444,278 Rue des Peupliers,Lille,59800,,1720.0,8.556548510894297,6.985456786645989,4.454347296253507,2.8903717578961645,Lille,2025
2359E3166013C,2359E3166013C,50.63543295939914,3.088173028383546,10428.2,3879.1,3128.46,198.9,74.0,F,F,43 Rue de Bouvines 59800 Lille,43,Rue de Bouvines,59800.0,Lille,59350_1108_00043,43 Rue de Bouvines,Lille,59800,1983.0,52.4,9.252364843231415,8.263616205481073,5.297817241506355,4.31748811353631,Lille,2025
2359E3428237Q,2359E3428237Q,50.632316991637744,3.1020130532794306,9554.8,2027.0,2866.4399999999996,119.0,25.0,C,C,Rue Desaugiers 59800 Lille,,Rue Desaugiers,59800.0,Lille,59350_2444,392 Rue des Peupliers,Lille,59800,,1190.0,9.164903578967575,7.614805364711073,4.787491742782046,3.258096538021482,Lille,2025
2359E3428233M,2359E3428233M,50.632316991637744,3.1020130532794306,9795.7,2078.0,2938.71,119.0,25.0,C,C,Rue Desaugiers 59800 Lille,,Rue Desaugiers,59800.0,Lille,59350_2444,392 Rue des Peupliers,Lille,59800,,1190.0,9.189800873256928,7.639642287858013,4.787491742782046,3.258096538021482,Lille,2025
2359E4136631O,2359E4136631O,50.643830022524845,3.0915240500347334,119717.3,8845.3,35915.19,91.5,6.7,D,B,172 Rue Saint-Druon 59800 Lille,172,Rue Saint-Druon,59800.0,Lille,59350_7739_00172,172 Rue Saint Druon - Bâtiment III,Lille,59800,2010.0,1307.9,11.692896762066285,9.087754571486498,4.52720864451838,2.0412203288596382,Lille,2025
2359E3148217Q,2359E3148217Q,50.632316991637744,3.1020130532794306,8182.1,1702.1,2454.63,90.0,18.0,C,C,Rue Desaugiers 59800 Lille,,Rue Desaugiers,59800.0,Lille,59350_2444,278 Rue des Peupliers,Lille,59800,,1720.0,9.009826330909757,7.44020539884479,4.51085950651685,2.9444389791664403,Lille,2025
2359E3654930P,2359E3654930P,50.618694993172646,3.0709080592198585,15226.5,4295.2,4567.95,198.5,56.0,E,E,Rue de Mulhouse 59000 Lille,,Rue de Mulhouse,59000.0,Lille,59350_6309,Rue de Mulhouse,Lille,59000,1945.0,76.7,9.630858282710639,8.365486190039876,5.295814236329918,4.04305126783455,Lille,2025
2359E3654383O,2359E3654383O,50.61961098080101,3.0316950453264484,12903.6,2773.8,3871.08,214.0,46.0,D,D,Avenue Verhaeren 59000 Lille,,Avenue Verhaeren,59000.0,Lille,59350_9034,Avenue Verhaeren,Lille,59000,1945.0,60.3,9.46533911593425,7.928333951511147,5.3706380281276624,3.8501476017100584,Lille,2025
2359E3909827I,2359E3909827I,50.61815796107811,3.0923329617426214,156022.0,32925.1,46806.6,104.0,21.0,C,C,342 Allee des Peupliers 59000 Lille,342,Allee des Peupliers,59000.0,Lille,59350_4p7ft1_00342,342 Rue des Peupliers,Lille,59800,1983.0,1499.0,11.957758711261507,10.402020935316882,4.653960350157523,3.091042453358316,Lille,2025
2359E3150917M,2359E3150917M,50.61919398946468,3.0412870667543888,17462.3,4708.4,5238.69,430.2,116.0,G,G,Boulevard de Metz 59000 Lille,,Boulevard de Metz,59000.0,Lille,59350_6079,Boulevard de Metz,Lille,59000,1964.0,40.6,9.76785681497112,8.457315790360823,6.066572019594787,4.762173934797756,Lille,2025
2359E3428255I,2359E3428255I,50.632316991637744,3.1020130532794306,9617.3,2037.1,2885.1899999999996,115.0,24.0,C,C,Rue Desaugiers 59800 Lille,,Rue Desaugiers,59800.0,Lille,59350_2444,392 Rue des Peupliers,Lille,59800,,1190.0,9.171422812867071,7.619773280292334,4.7535901911063645,3.2188758248682006,Lille,2025
2359E4136636T,2359E4136636T,50.643830022524845,3.0915240500347334,142378.4,10513.7,42713.52,96.7,7.1,D,B,172 Rue Saint-Druon 59800 Lille,172,Rue Saint-Druon,59800.0,Lille,59350_7739_00172,172 Rue Saint Druon - Bâtiment IV,Lille,59800,2010.0,1473.1,11.866250604573974,9.260529557059321,4.581901559048737,2.0918640616783932,Lille,2025
2359E3428270X,2359E3428270X,50.632316991637744,3.1020130532794306,8329.2,1757.3,2498.76,106.0,22.0,C,C,Rue Desaugiers 59800 Lille,,Rue Desaugiers,59800.0,Lille,59350_2444,392 Rue des Peupliers,Lille,59800,,1190.0,9.027642744476504,7.472102712150493,4.672828834461906,3.1354942159291497,Lille,2025
2359E3936062J,2359E3936062J,50.61815796107811,3.0923329617426214,3182.2,669.1,954.6599999999999,88.0,18.0,C,C,342 Allee des Peupliers 59000 Lille,342,Allee des Peupliers,59000.0,Lille,59350_4p7ft1_00342,342 Rue des Peupliers,Lille,59800,1983.0,1499.0,8.06564225911272,6.507426954979125,4.48863636973214,2.9444389791664403,Lille,2025
2359E3148245S,2359E3148245S,50.632316991637744,3.1020130532794306,2947.1,612.9,884.13,81.0,17.0,C,C,Rue Desaugiers 59800 Lille,,Rue Desaugiers,59800.0,Lille,59350_2444,278 Rue des Peupliers,Lille,59800,,1720.0,7.988916174036491,6.419832048433451,4.406719247264253,2.8903717578961645,Lille,2025
2359E3936089K,2359E3936089K,50.61815796107811,3.0923329617426214,5767.0,1212.4,1730.1,94.0,19.0,C,C,342 Allee des Peupliers 59000 Lille,342,Allee des Peupliers,59000.0,Lille,59350_4p7ft1_00342,342 Rue des Peupliers,Lille,59800,1983.0,1499.0,8.660080678964786,7.101181615508198,4.553876891600541,2.995732273553991,Lille,2025
2359E2826290V,2359E2826290V,50.61707099440881,3.0930230004274817,7266.5,1505.1,2179.95,85.0,17.0,C,C,190 Allee des Peupliers 59000 Lille,190,Allee des Peupliers,59000.0,Lille,59350_4p7ft1_00190,190 Rue des Peupliers,Lille,59800,,1190.0,8.891167632433032,7.317278807217803,4.454347296253507,2.8903717578961645,Lille,2025
2359E3936093O,2359E3936093O,50.61815796107811,3.0923329617426214,5111.3,1067.6,1533.39,83.0,17.0,C,C,342 Allee des Peupliers 59000 Lille,342,Allee des Peupliers,59000.0,Lille,59350_4p7ft1_00342,342 Rue des Peupliers,Lille,59800,1983.0,1499.0,8.539404679781457,6.974104659523671,4.430816798843313,2.8903717578961645,Lille,2025
2359E4007027U,2359E4007027U,50.619491992807696,3.065901060607591,3931.6,281.0,1179.48,77.0,5.0,C,A,Rue Courmont 59000 Lille,,Rue Courmont,59000.0,Lille,59350_1944,Résidence Courmont - 4P rue Courmont - Porte 5,Lille,59000,2004.0,2518.6,8.277056063725457,5.641907070938114,4.356708826689592,1.791759469228055,Lille,2025
2359E2826319Y,2359E2826319Y,50.61707099440881,3.0930230004274817,7324.2,1542.4,2197.2599999999998,112.0,23.0,C,C,190 Allee des Peupliers 59000 Lille,190,Allee des Peupliers,59000.0,Lille,59350_4p7ft1_00190,190 Rue des Peupliers,Lille,59800,,1190.0,8.899075737266793,7.341743054023503,4.727387818712341,3.1780538303479458,Lille,2025
2359E3148271S,2359E3148271S,50.632316991637744,3.1020130532794306,5559.0,1159.1,1667.7,91.0,19.0,C,C,Rue Desaugiers 59800 Lille,,Rue Desaugiers,59800.0,Lille,59350_2444,278 Rue des Peupliers,Lille,59800,,1720.0,8.623353387244627,7.056261487281361,4.5217885770490405,2.995732273553991,Lille,2025
2359E2555451Y,2359E2555451Y,50.62092397723523,3.0459329344884023,14541.3,3141.1,4362.389999999999,219.0,47.0,D,D,Cite Sainte-Marie 59000 Lille,,Cite Sainte-Marie,59000.0,Lille,59350_mup656,16 rue du maire André,Lille,59000,,,9.58481692289681,8.052646645170974,5.393627546352362,3.871201010907891,Lille,2025
2359E3148208H,2359E3148208H,50.632316991637744,3.1020130532794306,11090.3,2366.9,3327.0899999999997,156.0,33.0,D,D,Rue Desaugiers 59800 Lille,,Rue Desaugiers,59800.0,Lille,59350_2444,278 Rue des Peupliers,Lille,59800,,1720.0,9.31391629619754,7.769758765382466,5.056245805348308,3.5263605246161616,Lille,2025
2359E3096317M,2359E3096317M,50.62383402802735,3.052484018906875,3003.7,211.4,901.1099999999999,66.0,4.0,C,A,7 Rue Guillaume Apollinaire 59000 Lille,7,Rue Guillaume Apollinaire,59000.0,Lille,59350_4238_00007,7 rue G. Apollinaire - Porte 12,Lille,59000,1992.0,,8.007933008374952,5.358471289367784,4.204692619390966,1.6094379124341003,Lille,2025
2359E4136628L,2359E4136628L,50.643830022524845,3.0915240500347334,116889.5,8615.1,35066.85,105.0,7.7,D,B,172 Rue Saint-Druon 59800 Lille,172,Rue Saint-Druon,59800.0,Lille,59350_7739_00172,172 Rue Saint Druon - Bâtiment II,Lille,59800,2010.0,1113.3,11.668992878118546,9.061387825082706,4.663439094112067,2.163323025660538,Lille,2025
2359E4399974D,2359E4399974D,50.61961098080101,3.0316950453264484,13601.8,2981.6,4080.5399999999995,282.8,62.0,E,E,Avenue Verhaeren 59000 Lille,,Avenue Verhaeren,59000.0,Lille,59350_9034,Avenue Verhaeren,Lille,59000,1945.0,48.1,9.518030932886221,8.000550682328681,5.648269764725942,4.143134726391533,Lille,2025
2359E3148238L,2359E3148238L,50.632316991637744,3.1020130532794306,7585.6,1571.8,2275.68,85.0,17.0,C,C,Rue Desaugiers 59800 Lille,,Rue Desaugiers,59800.0,Lille,59350_2444,278 Rue des Peupliers,Lille,59800,,1720.0,8.934138812187328,7.360612749392902,4.454347296253507,2.8903717578961645,Lille,2025
2359E3936051Y,2359E3936051Y,50.61815796107811,3.0923329617426214,9347.9,1971.7,2804.37,105.0,22.0,C,C,342 Allee des Peupliers 59000 Lille,342,Allee des Peupliers,59000.0,Lille,59350_4p7ft1_00342,342 Rue des Peupliers,Lille,59800,1983.0,1499.0,9.14301396830295,7.587158441749823,4.663439094112067,3.1354942159291497,Lille,2025
2359E3428258L,2359E3428258L,50.632316991637744,3.1020130532794306,8681.7,1838.1,2604.51,114.0,24.0,C,C,Rue Desaugiers 59800 Lille,,Rue Desaugiers,59800.0,Lille,59350_2444,392 Rue des Peupliers,Lille,59800,,1190.0,9.069087819193127,7.517031600504935,4.74493212836325,3.2188758248682006,Lille,2025
2359E3293937G,2359E3293937G,50.61961098080101,3.0316950453264484,13112.0,2804.1,3933.6,205.7,44.0,D,D,Avenue Verhaeren 59000 Lille,,Avenue Verhaeren,59000.0,Lille,59350_9034,Avenue Verhaeren,Lille,59000,1945.0,63.7,9.481359383531425,7.939194467945214,5.331268466687723,3.8066624897703196,Lille,2025
2359E3148205E,2359E3148205E,50.632316991637744,3.1020130532794306,8996.0,1904.9,2698.7999999999997,126.0,26.0,C,C,Rue Desaugiers 59800 Lille,,Rue Desaugiers,59800.0,Lille,59350_2444,278 Rue des Peupliers,Lille,59800,,1720.0,9.104646467417119,7.552709616940597,4.844187086458591,3.295836866004329,Lille,2025
2359E3772911I,2359E3772911I,50.631213016042196,3.024773991140401,4935.6,994.8,1480.68,74.4,15.0,C,C,Allee Lucie et Raymond Aubrac 59000 Lille,,Allee Lucie et Raymond Aubrac,59000.0,Lille,59350_5739,31 Allee Lucie et Raymond Aubrac,Lille,59000,2016.0,66.3,8.504432114113623,6.903546434208082,4.32280727501391,2.772588722239781,Lille,2025
2359E2244341E,2359E2244341E,50.62441103132871,2.9604529549075385,21936.1,4804.2,6580.829999999999,193.2,42.3,D,D,6 Rue de la Pommeraie 59320 Englos,6,Rue de la Pommeraie,59320.0,Englos,59195_0103_00006,8 rue du Calvaire,Lille,59000,1950.0,,9.995934546423754,8.47745394384722,5.268888555857225,3.768152635008444,Lille,2025
2359E3654174N,2359E3654174N,50.61961098080101,3.0316950453264484,10290.9,2212.1,3087.27,214.0,46.0,D,D,Avenue Verhaeren 59000 Lille,,Avenue Verhaeren,59000.0,Lille,59350_9034,Avenue Verhaeren,Lille,59000,1945.0,48.1,9.239112457069938,7.702149526558366,5.3706380281276624,3.8501476017100584,Lille,2025
2359E4492466N,2359E4492466N,50.621971033903606,3.044676932486129,3910.7,264.5,1173.2099999999998,103.5,7.0,D,B,5 Rue de Mexico 59000 Lille,5,Rue de Mexico,59000.0,Lille,59350_6098_00005,5 Rue Mexico,Lille,59000,1945.0,37.8,8.271727341097536,5.581614840681993,4.6491870714048655,2.0794415416798357,Lille,2025
2359E3936028B,2359E3936028B,50.61815796107811,3.0923329617426214,7052.2,1483.9,2115.66,97.0,20.0,C,C,342 Allee des Peupliers 59000 Lille,342,Allee des Peupliers,59000.0,Lille,59350_4p7ft1_00342,342 Rue des Peupliers,Lille,59800,1983.0,1499.0,8.861236693533769,7.303102708902016,4.584967478670572,3.044522437723423,Lille,2025
2359E3148268P,2359E3148268P,50.632316991637744,3.1020130532794306,5128.4,1065.3,1538.5199999999998,85.0,17.0,C,C,Rue Desaugiers 59800 Lille,,Rue Desaugiers,59800.0,Lille,59350_2444,278 Rue des Peupliers,Lille,59800,,1720.0,8.542743972260244,6.971949991024133,4.454347296253507,2.8903717578961645,Lille,2025
2359E3072476N,2359E3072476N,50.632316991637744,3.1020130532794306,177685.9,37273.7,53305.77,103.0,21.0,C,C,Rue Desaugiers 59800 Lille,,Rue Desaugiers,59800.0,Lille,59350_2444,278 Rue des Peupliers,Lille,59800,,1720.0,12.087778291672917,10.526070091310814,4.6443908991413725,3.091042453358316,Lille,2025
2359E3148200Z,2359E3148200Z,50.632316991637744,3.1020130532794306,10979.2,2321.6,3293.76,124.0,26.0,C,C,Rue Desaugiers 59800 Lille,,Rue Desaugiers,59800.0,Lille,59350_2444,278 Rue des Peupliers,Lille,59800,,1720.0,9.30384892983388,7.750442526811657,4.8283137373023015,3.295836866004329,Lille,2025
2359E3428231K,2359E3428231K,50.632316991637744,3.1020130532794306,10137.8,2156.5,3041.3399999999997,126.0,26.0,C,C,Rue Desaugiers 59800 Lille,,Rue Desaugiers,59800.0,Lille,59350_2444,392 Rue des Peupliers,Lille,59800,,1190.0,9.2241249269468,7.676705422957583,4.844187086458591,3.295836866004329,Lille,2025
2359E3936084F,2359E3936084F,50.61815796107811,3.0923329617426214,7500.5,1582.9,2250.15,104.0,21.0,C,C,342 Allee des Peupliers 59000 Lille,342,Allee des Peupliers,59000.0,Lille,59350_4p7ft1_00342,342 Rue des Peupliers,Lille,59800,1983.0,1499.0,8.922858279527068,7.367645439068375,4.653960350157523,3.091042453358316,Lille,2025
2359E3104510P,2359E3104510P,50.63342102680212,3.024887964398116,2892.2,574.4,867.66,90.6,18.0,C,C,3 Rue Kant 59000 Lille,3,Rue Kant,59000.0,Lille,59350_5199_00003,3 Rue Kant,Lille,59000,2014.0,31.9,7.9701184349751255,6.355065451117447,4.517431271680085,2.9444389791664403,Lille,2025
2359E3936039M,2359E3936039M,50.61815796107811,3.0923329617426214,5810.9,1222.1,1743.2699999999998,95.0,20.0,C,C,342 Allee des Peupliers 59000 Lille,342,Allee des Peupliers,59000.0,Lille,59350_4p7ft1_00342,342 Rue des Peupliers,Lille,59800,1983.0,1499.0,8.66766281876101,7.1091438984933175,4.564348191467836,3.044522437723423,Lille,2025
2359E3148278Z,2359E3148278Z,50.632316991637744,3.1020130532794306,7705.9,1620.4,2311.77,108.0,22.0,C,C,Rue Desaugiers 59800 Lille,,Rue Desaugiers,59800.0,Lille,59350_2444,278 Rue des Peupliers,Lille,59800,,1720.0,8.94987131047648,7.391045252553607,4.6913478822291435,3.1354942159291497,Lille,2025
2359E3936112H,2359E3936112H,50.61815796107811,3.0923329617426214,7757.6,1639.7,2327.28,107.0,22.0,C,C,342 Allee des Peupliers 59000 Lille,342,Allee des Peupliers,59000.0,Lille,59350_4p7ft1_00342,342 Rue des Peupliers,Lille,59800,1983.0,1499.0,8.956557184529862,7.402878259020837,4.68213122712422,3.1354942159291497,Lille,2025
2359E2826312R,2359E2826312R,50.61707099440881,3.0930230004274817,8174.9,1714.0,2452.47,104.0,21.0,C,C,190 Allee des Peupliers 59000 Lille,190,Allee des Peupliers,59000.0,Lille,59350_4p7ft1_00190,190 Rue des Peupliers,Lille,59800,,1190.0,9.008946081448922,7.44716835960004,4.653960350157523,3.091042453358316,Lille,2025
2359E3549152F,2359E3549152F,50.61961098080101,3.0316950453264484,12163.6,2653.2,3649.08,201.7,44.0,D,D,Avenue Verhaeren 59000 Lille,,Avenue Verhaeren,59000.0,Lille,59350_9034,Avenue Verhaeren,Lille,59000,1945.0,60.3,9.406285373460419,7.883898570003149,5.311727053457954,3.8066624897703196,Lille,2025
2359E3206401M,2359E3206401M,50.63676102404178,3.0195959944960755,10274.4,2168.9,3082.3199999999997,137.4,29.0,C,C,Rue Pierre Mendès France 59000 Lille,,Rue Pierre Mendès France,59000.0,Lille,59355_1603,Rue Pierre Mendès France,Lille,59000,1989.0,74.8,9.237507968047094,7.682436362523345,4.93014804318357,3.4011973816621555,Lille,2025
2359E3148255C,2359E3148255C,50.632316991637744,3.1020130532794306,6844.1,1430.3,2053.23,96.0,20.0,C,C,Rue Desaugiers 59800 Lille,,Rue Desaugiers,59800.0,Lille,59350_2444,278 Rue des Peupliers,Lille,59800,,1720.0,8.831288346819635,7.266338401190171,4.574710978503383,3.044522437723423,Lille,2025
2359E2323335K,2359E2323335K,50.631213016042196,3.024773991140401,3635.2,543.8,1090.56,80.2,12.0,C,C,Allee Lucie et Raymond Aubrac 59000 Lille,,Allee Lucie et Raymond Aubrac,59000.0,Lille,59350_5739,31 Allee Lucie et Raymond Aubrac,Lille,59000,2016.0,45.3,8.198694459285173,6.300418754835302,4.396915247167632,2.5649493574615367,Lille,2025
2359E3936056D,2359E3936056D,50.61815796107811,3.0923329617426214,7146.6,1505.9,2143.98,100.0,21.0,C,C,342 Allee des Peupliers 59000 Lille,342,Allee des Peupliers,59000.0,Lille,59350_4p7ft1_00342,342 Rue des Peupliers,Lille,59800,1983.0,1499.0,8.874531915004507,7.3178098394241085,4.61512051684126,3.091042453358316,Lille,2025
2359E3936021U,2359E3936021U,50.61815796107811,3.0923329617426214,6602.0,1384.4,1980.6,91.0,19.0,C,C,342 Allee des Peupliers 59000 Lille,342,Allee des Peupliers,59000.0,Lille,59350_4p7ft1_00342,342 Rue des Peupliers,Lille,59800,1983.0,1499.0,8.79527937019457,7.233744185588505,4.5217885770490405,2.995732273553991,Lille,2025
2359E2826297C,2359E2826297C,50.61707099440881,3.0930230004274817,6247.6,1286.6,1874.28,78.0,16.0,C,C,190 Allee des Peupliers 59000 Lille,190,Allee des Peupliers,59000.0,Lille,59350_4p7ft1_00190,190 Rue des Peupliers,Lille,59800,,1190.0,8.7401127176387,7.160535299424653,4.3694478524670215,2.833213344056216,Lille,2025
2359E4131706D,2359E4131706D,50.61337002531492,3.062275976057399,9237.9,1981.3,2771.37,146.0,31.0,D,D,18 Rue du Faubourg d'Arras 59000 Lille,18,Rue du Faubourg d'Arras,59000.0,Lille,59350_3303_00018,18 rue du Faubourg d'Arras - Appartement 62,Lille,59000,1994.0,2684.0,9.131178109929952,7.5920130656961655,4.990432586778736,3.4657359027997265,Lille,2025
2359E2361244L,2359E2361244L,50.621971033903606,3.044676932486129,11359.0,2431.2,3407.7,112.1,24.0,C,C,5 Rue de Mexico 59000 Lille,5,Rue de Mexico,59000.0,Lille,59350_6098_00005,5 Rue Mexico,Lille,59000,1945.0,101.3,9.337853692275143,7.796551476546899,4.728272383122075,3.2188758248682006,Lille,2025
2359E3011067Q,2359E3011067Q,50.61961098080101,3.0316950453264484,12404.2,2653.2,3721.26,205.7,44.0,D,D,Avenue Verhaeren 59000 Lille,,Avenue Verhaeren,59000.0,Lille,59350_9034,Avenue Verhaeren,Lille,59000,1945.0,60.3,9.425871018527172,7.883898570003149,5.331268466687723,3.8066624897703196,Lille,2025
2359E3148273U,2359E3148273U,50.632316991637744,3.1020130532794306,10765.9,2273.3,3229.77,120.0,25.0,C,C,Rue Desaugiers 59800 Lille,,Rue Desaugiers,59800.0,Lille,59350_2444,278 Rue des Peupliers,Lille,59800,,1720.0,9.284231892134432,7.729427591730368,4.795790545596741,3.258096538021482,Lille,2025
2359E3738144D,2359E3738144D,50.645801037475536,3.0594390660496273,11386.5,2749.1,3415.95,236.1,57.0,E,E,Rue du Metz 59800 Lille,,Rue du Metz,59800.0,Lille,59350_6168,Rue du Metz,Lille,59800,1964.0,48.2,9.340271541568214,7.91939255363584,5.46848199307136,4.060443010546419,Lille,2025
2359E3428267U,2359E3428267U,50.632316991637744,3.1020130532794306,8170.4,1713.3,2451.12,96.0,20.0,C,C,Rue Desaugiers 59800 Lille,,Rue Desaugiers,59800.0,Lille,59350_2444,392 Rue des Peupliers,Lille,59800,,1190.0,9.008395531802966,7.446760113013435,4.574710978503383,3.044522437723423,Lille,2025
2359E3428271Y,2359E3428271Y,50.632316991637744,3.1020130532794306,8544.5,1802.6,2563.35,106.0,22.0,C,C,Rue Desaugiers 59800 Lille,,Rue Desaugiers,59800.0,Lille,59350_2444,392 Rue des Peupliers,Lille,59800,,1190.0,9.05316010758856,7.4975399465469295,4.672828834461906,3.1354942159291497,Lille,2025
2359E3148289K,2359E3148289K,50.632316991637744,3.1020130532794306,8342.1,1760.7,2502.63,117.0,24.0,C,C,Rue Desaugiers 59800 Lille,,Rue Desaugiers,59800.0,Lille,59350_2444,278 Rue des Peupliers,Lille,59800,,1720.0,9.02919012892637,7.4740345309330944,4.770684624465665,3.2188758248682006,Lille,2025
2359E3148230D,2359E3148230D,50.632316991637744,3.1020130532794306,8204.8,1708.4,2461.4399999999996,92.0,19.0,C,C,Rue Desaugiers 59800 Lille,,Rue Desaugiers,59800.0,Lille,59350_2444,278 Rue des Peupliers,Lille,59800,,1720.0,9.012596500294688,7.4438977107319175,4.532599493153256,2.995732273553991,Lille,2025
2359E3936125U,2359E3936125U,50.61815796107811,3.0923329617426214,8076.9,1710.2,2423.0699999999997,112.0,23.0,C,C,342 Allee des Peupliers 59000 Lille,342,Allee des Peupliers,59000.0,Lille,59350_4p7ft1_00342,342 Rue des Peupliers,Lille,59800,1983.0,1499.0,8.996887216744927,7.444950157768196,4.727387818712341,3.1780538303479458,Lille,2025
2359E4136639W,2359E4136639W,50.643830022524845,3.0915240500347334,150230.7,11090.4,45069.21,99.5,7.3,D,B,172 Rue Saint-Druon 59800 Lille,172,Rue Saint-Druon,59800.0,Lille,59350_7739_00172,172 Rue Saint Druon - Bâtiment V,Lille,59800,2010.0,1509.4,11.919934047974605,9.31392531223256,4.61015772749913,2.1162555148025524,Lille,2025
2359E2556321K,2359E2556321K,50.62092397723523,3.0459329344884023,3539.3,258.8,1061.79,154.0,11.0,E,B,Cite Sainte-Marie 59000 Lille,,Cite Sainte-Marie,59000.0,Lille,59350_mup656,16 rue du maire André,Lille,59000,,,8.171966748299813,5.559912104236499,5.043425116919247,2.4849066497880004,Lille,2025
2359E3887813Q,2359E3887813Q,50.61919398946468,3.0412870667543888,11261.3,2749.1,3378.39,233.5,57.0,E,E,Boulevard de Metz 59000 Lille,,Boulevard de Metz,59000.0,Lille,59350_6079,Boulevard de Metz,Lille,59000,1964.0,48.2,9.329216143712303,7.91939255363584,5.457455587886334,4.060443010546419,Lille,2025
2359E2826287S,2359E2826287S,50.61707099440881,3.0930230004274817,6111.2,1256.6,1833.36,76.0,15.0,C,C,190 Allee des Peupliers 59000 Lille,190,Allee des Peupliers,59000.0,Lille,59350_4p7ft1_00190,190 Rue des Peupliers,Lille,59800,,1190.0,8.718042052824076,7.136960421674942,4.343805421853684,2.772588722239781,Lille,2025
2359E3936019S,2359E3936019S,50.61815796107811,3.0923329617426214,10220.2,2184.8,3066.06,143.0,30.0,D,D,342 Allee des Peupliers 59000 Lille,342,Allee des Peupliers,59000.0,Lille,59350_4p7ft1_00342,342 Rue des Peupliers,Lille,59800,1983.0,1499.0,9.232219273694625,7.689737173242573,4.969813299576001,3.4339872044851463,Lille,2025
2359E3637516V,2359E3637516V,50.618101011699586,3.0664589700991924,9893.5,2170.0,2968.0499999999997,282.0,61.0,E,E,Cite Lievrauw 59000 Lille,,Cite Lievrauw,59000.0,Lille,59350_ugqgpy,76 rue Thumesnil - Cité Lievrauw,Lille,59000,1979.0,1603.0,9.199734326188958,7.682943169878292,5.645446897643238,4.127134385045092,Lille,2025
2359E3936098T,2359E3936098T,50.61815796107811,3.0923329617426214,10533.9,2233.7,3160.1699999999996,118.0,25.0,C,C,342 Allee des Peupliers 59000 Lille,342,Allee des Peupliers,59000.0,Lille,59350_4p7ft1_00342,342 Rue des Peupliers,Lille,59800,1983.0,1499.0,9.262448834024278,7.71186226985034,4.77912349311153,3.258096538021482,Lille,2025
2359E2557998X,2359E2557998X,50.62092397723523,3.0459329344884023,3525.1,257.6,1057.53,137.0,10.0,E,B,Cite Sainte-Marie 59000 Lille,,Cite Sainte-Marie,59000.0,Lille,59350_mup656,16 rue du maire André,Lille,59000,,,8.167947723304382,5.555282466337757,4.927253685157205,2.3978952727983707,Lille,2025
2359E3936033G,2359E3936033G,50.61815796107811,3.0923329617426214,5996.9,1263.2,1799.07,98.0,20.0,C,C,342 Allee des Peupliers 59000 Lille,342,Allee des Peupliers,59000.0,Lille,59350_4p7ft1_00342,342 Rue des Peupliers,Lille,59800,1983.0,1499.0,8.699164686945897,7.142194790038198,4.59511985013459,3.044522437723423,Lille,2025
2359E4399646N,2359E4399646N,50.61919398946468,3.0412870667543888,13475.5,3395.0,4042.6499999999996,190.5,48.0,D,D,Boulevard de Metz 59000 Lille,,Boulevard de Metz,59000.0,Lille,59350_6079,Boulevard de Metz,Lille,59000,1960.0,70.7,9.508702706836067,8.130353547431238,5.2548878086207,3.8918202981106265,Lille,2025
2359E3148249W,2359E3148249W,50.632316991637744,3.1020130532794306,6399.1,1332.1,1919.73,90.0,18.0,C,C,Rue Desaugiers 59800 Lille,,Rue Desaugiers,59800.0,Lille,59350_2444,278 Rue des Peupliers,Lille,59800,,1720.0,8.764068894225694,7.195262336119631,4.51085950651685,2.9444389791664403,Lille,2025
2359E2826308N,2359E2826308N,50.61707099440881,3.0930230004274817,6965.6,1438.8,2089.68,81.0,16.0,C,C,190 Allee des Peupliers 59000 Lille,190,Allee des Peupliers,59000.0,Lille,59350_4p7ft1_00190,190 Rue des Peupliers,Lille,59800,,1190.0,8.848882579861016,7.272259494035202,4.406719247264253,2.833213344056216,Lille,2025
2359E2826314T,2359E2826314T,50.61707099440881,3.0930230004274817,5897.6,1209.5,1769.28,73.0,15.0,C,C,190 Allee des Peupliers 59000 Lille,190,Allee des Peupliers,59000.0,Lille,59350_4p7ft1_00190,190 Rue des Peupliers,Lille,59800,,1190.0,8.682470313600934,7.098788776378113,4.30406509320417,2.772588722239781,Lille,2025
2359E3428278F,2359E3428278F,50.632316991637744,3.1020130532794306,7610.5,1601.5,2283.15,101.0,21.0,C,C,Rue Desaugiers 59800 Lille,,Rue Desaugiers,59800.0,Lille,59350_2444,392 Rue des Peupliers,Lille,59800,,1190.0,8.937415540499309,7.379320188794825,4.624972813284271,3.091042453358316,Lille,2025
2359E2554630J,2359E2554630J,50.62092397723523,3.0459329344884023,13499.5,2923.1,4049.85,205.0,44.0,D,D,Cite Sainte-Marie 59000 Lille,,Cite Sainte-Marie,59000.0,Lille,59350_mup656,16 rue du maire André,Lille,59000,,,9.510482000777703,7.980742020011274,5.327876168789581,3.8066624897703196,Lille,2025
2359E3738729Q,2359E3738729Q,50.645801037475536,3.0594390660496273,11370.9,2749.1,3411.27,235.8,57.0,E,E,Rue du Metz 59800 Lille,,Rue du Metz,59800.0,Lille,59350_6168,Rue du Metz,Lille,59800,1964.0,48.2,9.338900679204263,7.91939255363584,5.46721590300985,4.060443010546419,Lille,2025
2359E3148258F,2359E3148258F,50.632316991637744,3.1020130532794306,8263.9,1719.0,2479.1699999999996,90.0,18.0,C,C,Rue Desaugiers 59800 Lille,,Rue Desaugiers,59800.0,Lille,59350_2444,278 Rue des Peupliers,Lille,59800,,1720.0,9.019772910968378,7.450079569807499,4.51085950651685,2.9444389791664403,Lille,2025
2359E3936044R,2359E3936044R,50.61815796107811,3.0923329617426214,8851.4,1862.0,2655.4199999999996,99.0,20.0,C,C,342 Allee des Peupliers 59000 Lille,342,Allee des Peupliers,59000.0,Lille,59350_4p7ft1_00342,342 Rue des Peupliers,Lille,59800,1983.0,1499.0,9.088443887678256,7.529943370601589,4.605170185988092,3.044522437723423,Lille,2025
2359E3936068P,2359E3936068P,50.61815796107811,3.0923329617426214,7009.0,1475.5,2102.7,98.0,20.0,C,C,342 Allee des Peupliers 59000 Lille,342,Allee des Peupliers,59000.0,Lille,59350_4p7ft1_00342,342 Rue des Peupliers,Lille,59800,1983.0,1499.0,8.855092980028635,7.297429701183978,4.59511985013459,3.044522437723423,Lille,2025
2359E3148275W,2359E3148275W,50.632316991637744,3.1020130532794306,9921.2,2087.0,2976.36,111.0,23.0,C,C,Rue Desaugiers 59800 Lille,,Rue Desaugiers,59800.0,Lille,59350_2444,278 Rue des Peupliers,Lille,59800,,1720.0,9.202529949884205,7.643961949002529,4.718498871295094,3.1780538303479458,Lille,2025
2359E2826302H,2359E2826302H,50.61707099440881,3.0930230004274817,6648.2,1375.0,1994.4599999999998,83.0,17.0,C,C,190 Allee des Peupliers 59000 Lille,190,Allee des Peupliers,59000.0,Lille,59350_4p7ft1_00190,190 Rue des Peupliers,Lille,59800,,1190.0,8.802251825661305,7.226936018493289,4.430816798843313,2.8903717578961645,Lille,2025
2359E3148220T,2359E3148220T,50.632316991637744,3.1020130532794306,6570.6,1370.0,1971.18,92.0,19.0,C,C,Rue Desaugiers 59800 Lille,,Rue Desaugiers,59800.0,Lille,59350_2444,278 Rue des Peupliers,Lille,59800,,1720.0,8.790512613032181,7.223295679562314,4.532599493153256,2.995732273553991,Lille,2025
2359E4492617I,2359E4492617I,50.621971033903606,3.044676932486129,7982.3,532.5,2394.69,104.9,7.0,D,B,5 Rue de Mexico 59000 Lille,5,Rue de Mexico,59000.0,Lille,59350_6098_00005,5 Rue Mexico,Lille,59000,1945.0,76.1,8.98510713879689,6.279459070741808,4.662495252607361,2.0794415416798357,Lille,2025
2359E2826299E,2359E2826299E,50.61707099440881,3.0930230004274817,9261.3,1955.9,2778.39,121.0,25.0,C,C,190 Allee des Peupliers 59000 Lille,190,Allee des Peupliers,59000.0,Lille,59350_4p7ft1_00190,190 Rue des Peupliers,Lille,59800,,1190.0,9.133707676928577,7.57911686747016,4.804021044733257,3.258096538021482,Lille,2025
2359E3738491M,2359E3738491M,50.618694993172646,3.0709080592198585,16121.3,4525.3,4836.389999999999,210.2,59.0,E,E,Rue de Mulhouse 59000 Lille,,Rue de Mulhouse,59000.0,Lille,59350_6309,Rue de Mulhouse,Lille,59000,1945.0,76.7,9.687958685783554,8.417660107691027,5.352805551832106,4.0943445622221,Lille,2025
2359E3148226Z,2359E3148226Z,50.632316991637744,3.1020130532794306,5481.9,1142.1,1644.57,89.0,18.0,C,C,Rue Desaugiers 59800 Lille,,Rue Desaugiers,59800.0,Lille,59350_2444,278 Rue des Peupliers,Lille,59800,,1720.0,8.609389437046959,7.041499149031733,4.499809670330265,2.9444389791664403,Lille,2025
2359E3148264L,2359E3148264L,50.632316991637744,3.1020130532794306,6490.0,1353.4,1947.0,92.0,19.0,C,C,Rue Desaugiers 59800 Lille,,Rue Desaugiers,59800.0,Lille,59350_2444,278 Rue des Peupliers,Lille,59800,,1720.0,8.778171881033469,7.211113830818926,4.532599493153256,2.995732273553991,Lille,2025
2359E3936120P,2359E3936120P,50.61815796107811,3.0923329617426214,3559.1,752.3,1067.73,98.0,20.0,C,C,342 Allee des Peupliers 59000 Lille,342,Allee des Peupliers,59000.0,Lille,59350_4p7ft1_00342,342 Rue des Peupliers,Lille,59800,1983.0,1499.0,8.177543913339203,6.624463554831649,4.59511985013459,3.044522437723423,Lille,2025
2359E2826284P,2359E2826284P,50.61707099440881,3.0930230004274817,8897.8,1868.4,2669.3399999999997,108.0,22.0,C,C,190 Allee des Peupliers 59000 Lille,190,Allee des Peupliers,59000.0,Lille,59350_4p7ft1_00190,190 Rue des Peupliers,Lille,59800,,1190.0,9.093671715168979,7.533372802748483,4.6913478822291435,3.1354942159291497,Lille,2025
2359E3148207G,2359E3148207G,50.632316991637744,3.1020130532794306,4588.1,974.8,1376.43,127.0,27.0,C,C,Rue Desaugiers 59800 Lille,,Rue Desaugiers,59800.0,Lille,59350_2444,278 Rue des Peupliers,Lille,59800,,1720.0,8.43143920539733,6.883257647381737,4.852030263919617,3.332204510175204,Lille,2025
2359E2826317W,2359E2826317W,50.61707099440881,3.0930230004274817,7627.9,1597.0,2288.37,101.0,21.0,C,C,190 Allee des Peupliers 59000 Lille,190,Allee des Peupliers,59000.0,Lille,59350_4p7ft1_00190,190 Rue des Peupliers,Lille,59800,,1190.0,8.939698946126486,7.37650812632622,4.624972813284271,3.091042453358316,Lille,2025
2359E3148282D,2359E3148282D,50.632316991637744,3.1020130532794306,3861.0,814.4,1158.3,107.0,22.0,C,C,Rue Desaugiers 59800 Lille,,Rue Desaugiers,59800.0,Lille,59350_2444,278 Rue des Peupliers,Lille,59800,,1720.0,8.258940462988459,6.703678790385153,4.68213122712422,3.1354942159291497,Lille,2025
2359E2873211M,2359E2873211M,50.60695999448593,3.0441240021006517,6971.3,1466.2,2091.39,99.8,21.0,C,C,5 Rue de Cannes 59000 Lille,5,Rue de Cannes,59000.0,Lille,59350_1259_00005,5 Rue de Cannes,Lille,59000,2015.0,69.8,8.849700434974077,7.2911111015022,4.613138355637268,3.091042453358316,Lille,2025
2359E3428252F,2359E3428252F,50.632316991637744,3.1020130532794306,8403.1,1771.2,2520.93,105.0,22.0,C,C,Rue Desaugiers 59800 Lille,,Rue Desaugiers,59800.0,Lille,59350_2444,392 Rue des Peupliers,Lille,59800,,1190.0,9.036474960989766,7.479976991613202,4.663439094112067,3.1354942159291497,Lille,2025
2359E3072062P,2359E3072062P,50.632316991637744,3.1020130532794306,181487.8,38136.2,54446.34,105.0,22.0,C,C,Rue Desaugiers 59800 Lille,,Rue Desaugiers,59800.0,Lille,59350_2444,278 Rue des Peupliers,Lille,59800,,1720.0,12.108949222794045,10.548945462720633,4.663439094112067,3.1354942159291497,Lille,2025
2359E3428246Z,2359E3428246Z,50.632316991637744,3.1020130532794306,8329.2,1757.3,2498.76,106.0,22.0,C,C,Rue Desaugiers 59800 Lille,,Rue Desaugiers,59800.0,Lille,59350_2444,392 Rue des Peupliers,Lille,59800,,1190.0,9.027642744476504,7.472102712150493,4.672828834461906,3.1354942159291497,Lille,2025
2359E3099690F,2359E3099690F,50.61833504342089,3.0621729484476305,11976.1,2363.0,3592.83,182.5,36.0,D,D,39 Rue Louis Bergot 59000 Lille,39,Rue Louis Bergot,59000.0,Lille,59350_5695_00039,39 Rue Louis Bergot,Lille,59000,1987.0,65.6,9.39075177224888,7.768110378525988,5.212214667494625,3.6109179126442243,Lille,2025
2359E3428264R,2359E3428264R,50.632316991637744,3.1020130532794306,9411.0,1995.0,2823.2999999999997,117.0,24.0,C,C,Rue Desaugiers 59800 Lille,,Rue Desaugiers,59800.0,Lille,59350_2444,392 Rue des Peupliers,Lille,59800,,1190.0,9.149740749847252,7.59890045687141,4.770684624465665,3.2188758248682006,Lille,2025
2359E2826315U,2359E2826315U,50.61707099440881,3.0930230004274817,6725.1,1388.2,2017.53,81.0,16.0,C,C,190 Allee des Peupliers 59000 Lille,190,Allee des Peupliers,59000.0,Lille,59350_4p7ft1_00190,190 Rue des Peupliers,Lille,59800,,1190.0,8.81375075986736,7.236483320869919,4.406719247264253,2.833213344056216,Lille,2025
2359E3169193K,2359E3169193K,50.632316991637744,3.1020130532794306,133512.2,28238.8,40053.66,112.0,23.0,C,C,Rue Desaugiers 59800 Lille,,Rue Desaugiers,59800.0,Lille,59350_2444,392 Rue des Peupliers,Lille,59800,,1190.0,11.801955628338986,10.248487609429125,4.727387818712341,3.1780538303479458,Lille,2025
2359E3654475C,2359E3654475C,50.62157297991344,3.0743339595058115,7160.7,1512.9,2148.21,194.1,41.0,D,D,Rue de Trévise 59000 Lille,,Rue de Trévise,59000.0,Lille,59350_8749,Rue de Trévise,Lille,59000,1975.0,36.9,8.876502661940208,7.322444381617833,5.273512247629066,3.7376696182833684,Lille,2025
2359E3148293O,2359E3148293O,50.632316991637744,3.1020130532794306,5881.0,1261.2,1764.3,168.0,36.0,D,D,Rue Desaugiers 59800 Lille,,Rue Desaugiers,59800.0,Lille,59350_2444,278 Rue des Peupliers,Lille,59800,,1720.0,8.67965211911394,7.140611509150139,5.1298987149230735,3.6109179126442243,Lille,2025
2359E2552240L,2359E2552240L,50.62092397723523,3.0459329344884023,24899.8,5456.3,7469.94,279.0,61.0,E,E,Cite Sainte-Marie 59000 Lille,,Cite Sainte-Marie,59000.0,Lille,59350_mup656,16 rue du maire André,Lille,59000,,,10.122655210450745,8.604709440936281,5.634789603169249,4.127134385045092,Lille,2025
2359E3428280H,2359E3428280H,50.632316991637744,3.1020130532794306,8375.1,1783.8,2512.53,128.0,27.0,C,C,Rue Desaugiers 59800 Lille,,Rue Desaugiers,59800.0,Lille,59350_2444,392 Rue des Peupliers,Lille,59800,,1190.0,9.033137691352076,7.487061643118323,4.859812404361672,3.332204510175204,Lille,2025
2359E3166345W,2359E3166345W,50.632316991637744,3.1020130532794306,104566.2,21790.7,31369.859999999997,88.0,18.0,C,C,Rue Desaugiers 59800 Lille,,Rue Desaugiers,59800.0,Lille,59350_2444,392 Rue des Peupliers,Lille,59800,,1186.0,11.557585205912062,9.989284442334656,4.48863636973214,2.9444389791664403,Lille,2025
2359E3428242V,2359E3428242V,50.632316991637744,3.1020130532794306,8170.4,1713.3,2451.12,96.0,20.0,C,C,Rue Desaugiers 59800 Lille,,Rue Desaugiers,59800.0,Lille,59350_2444,392 Rue des Peupliers,Lille,59800,,1190.0,9.008395531802966,7.446760113013435,4.574710978503383,3.044522437723423,Lille,2025
2359E3428276D,2359E3428276D,50.632316991637744,3.1020130532794306,10381.5,2206.8,3114.45,125.0,26.0,C,C,Rue Desaugiers 59800 Lille,,Rue Desaugiers,59800.0,Lille,59350_2444,392 Rue des Peupliers,Lille,59800,,1190.0,9.247876975504909,7.6997518235842515,4.836281906951478,3.295836866004329,Lille,2025
2359E4400070V,2359E4400070V,50.61961098080101,3.0316950453264484,9322.1,2012.9,2796.63,245.4,53.0,E,E,Avenue Verhaeren 59000 Lille,,Avenue Verhaeren,59000.0,Lille,59350_9034,Avenue Verhaeren,Lille,59000,1945.0,38.0,9.140250470400275,7.607828419612815,5.506956231659364,3.9889840465642745,Lille,2025
2359E3738550T,2359E3738550T,50.61961098080101,3.0316950453264484,13121.6,2832.4,3936.48,199.2,43.0,D,D,Avenue Verhaeren 59000 Lille,,Avenue Verhaeren,59000.0,Lille,59350_9034,Avenue Verhaeren,Lille,59000,1945.0,65.9,9.482091213596561,7.949232682945251,5.29931686688112,3.784189633918261,Lille,2025
2359E3936106B,2359E3936106B,50.61815796107811,3.0923329617426214,10012.2,2118.4,3003.6600000000003,112.0,23.0,C,C,342 Allee des Peupliers 59000 Lille,342,Allee des Peupliers,59000.0,Lille,59350_4p7ft1_00342,342 Rue des Peupliers,Lille,59800,1983.0,1499.0,9.21165950154208,7.658888308740735,4.727387818712341,3.1780538303479458,Lille,2025
2359E2826272D,2359E2826272D,50.61707099440881,3.0930230004274817,8922.3,1876.3,2676.6899999999996,111.0,23.0,C,C,190 Allee des Peupliers 59000 Lille,190,Allee des Peupliers,59000.0,Lille,59350_4p7ft1_00190,190 Rue des Peupliers,Lille,59800,,1190.0,9.09642111231447,7.537589853330316,4.718498871295094,3.1780538303479458,Lille,2025
2359E3936025Y,2359E3936025Y,50.61815796107811,3.0923329617426214,9941.1,2100.5,2982.33,109.0,23.0,C,C,342 Allee des Peupliers 59000 Lille,342,Allee des Peupliers,59000.0,Lille,59350_4p7ft1_00342,342 Rue des Peupliers,Lille,59800,1983.0,1499.0,9.204533544942395,7.650406654445171,4.700480365792417,3.1780538303479458,Lille,2025
2359E3936078Z,2359E3936078Z,50.61815796107811,3.0923329617426214,9941.1,2100.5,2982.33,109.0,23.0,C,C,342 Allee des Peupliers 59000 Lille,342,Allee des Peupliers,59000.0,Lille,59350_4p7ft1_00342,342 Rue des Peupliers,Lille,59800,1983.0,1499.0,9.204533544942395,7.650406654445171,4.700480365792417,3.1780538303479458,Lille,2025
2359E4276103W,2359E4276103W,50.63543295939914,3.088173028383546,5319.1,757.0,1595.73,119.4,17.0,C,C,43 Rue de Bouvines 59800 Lille,43,Rue de Bouvines,59800.0,Lille,59350_1108_00043,43 Rue de Bouvines,Lille,59800,1983.0,44.5,8.57924737915151,6.630683385642372,4.79081953287472,2.8903717578961645,Lille,2025
2359E3148215O,2359E3148215O,50.632316991637744,3.1020130532794306,6844.1,1430.3,2053.23,96.0,20.0,C,C,Rue Desaugiers 59800 Lille,,Rue Desaugiers,59800.0,Lille,59350_2444,278 Rue des Peupliers,Lille,59800,,1720.0,8.831288346819635,7.266338401190171,4.574710978503383,3.044522437723423,Lille,2025
2359E2826298D,2359E2826298D,50.61707099440881,3.0930230004274817,6820.7,1409.3,2046.2099999999998,82.0,16.0,C,C,190 Allee des Peupliers 59000 Lille,190,Allee des Peupliers,59000.0,Lille,59350_4p7ft1_00190,190 Rue des Peupliers,Lille,59800,,1190.0,8.827863986637855,7.251557726698194,4.418840607796598,2.833213344056216,Lille,2025
2359E4326036J,2359E4326036J,50.62743696731962,3.088645040484516,9952.5,2146.6,2985.75,163.0,35.0,D,D,Rue du Long Pot 59800 Lille,,Rue du Long Pot,59800.0,Lille,59350_5665,"68B rue du Long Pot
2éme étage - Porte 9",Lille,59000,1987.0,2612.0,9.205679527093988,7.672106218548414,5.099866427824199,3.58351893845611,Lille,2025
2359E2826295A,2359E2826295A,50.61707099440881,3.0930230004274817,7081.6,1472.9,2124.48,90.0,18.0,C,C,190 Allee des Peupliers 59000 Lille,190,Allee des Peupliers,59000.0,Lille,59350_4p7ft1_00190,190 Rue des Peupliers,Lille,59800,,1190.0,8.86539635091315,7.295667227842713,4.51085950651685,2.9444389791664403,Lille,2025
2359E3206479M,2359E3206479M,50.63676102404178,3.0195959944960755,7688.9,1572.7,2306.6699999999996,112.4,23.0,C,C,Rue Pierre Mendès France 59000 Lille,,Rue Pierre Mendès France,59000.0,Lille,59355_1603,Rue Pierre Mendès France,Lille,59000,1989.0,68.4,8.947663058513967,7.361184813606819,4.730921391293652,3.1780538303479458,Lille,2025
2359E4492379E,2359E4492379E,50.621971033903606,3.044676932486129,3643.9,234.9,1093.17,108.6,7.0,D,B,5 Rue de Mexico 59000 Lille,5,Rue de Mexico,59000.0,Lille,59350_6098_00005,5 Rue Mexico,Lille,59000,1945.0,33.6,8.201084209224167,5.463407986413629,4.696837374513915,2.0794415416798357,Lille,2025
2359E2056319O,2359E2056319O,50.64787301590285,3.086033935172902,19015.7,5544.7,5704.71,212.0,62.0,E,E,148 Rue de La Louvière 59800 Lille,148,Rue de La Louvière,59800.0,Lille,59350_5279_00148,"148 Rue de La Louvière
rés. du Ballon",Lille,59800,1963.0,1001.0,9.853072819468954,8.620778131672614,5.3612921657094255,4.143134726391533,Lille,2025
2359E1453775U,2359E1453775U,50.64961500235384,3.096149940330276,10767.8,2395.6,3230.3399999999997,180.0,40.0,D,D,84 Rue Jules Vallès 59800 Lille,84,Rue Jules Vallès,59800.0,Lille,59350_5123_00084,84 Rue Jules Vallès appartement 6,Lille,59800,,,9.284408343329883,7.781806345248416,5.198497031265826,3.713572066704308,Lille,2025
2359E2196230T,2359E2196230T,50.62970503279121,3.0521120204825904,3965.1,247.9,1189.53,80.0,5.0,D,A,5 Rue Sainte-Barbe 59800 Lille,5,Rue Sainte-Barbe,59800.0,Lille,59350_8114_00005,5 Rue Sainte-Barbe,Lille,59800,1992.0,49.6,8.2855385230836,5.517051209373546,4.394449154672439,1.791759469228055,Lille,2025
2359E0680111M,2359E0680111M,50.61919398946468,3.0412870667543888,10517.9,2156.4,3155.37,175.6,36.0,D,D,Boulevard de Metz 59000 Lille,,Boulevard de Metz,59000.0,Lille,59350_6079,Boulevard de Metz,Lille,59000,1948.0,59.9,9.260928918086995,7.676659071941328,5.173887288169859,3.6109179126442243,Lille,2025
2359E2032966J,2359E2032966J,50.62406098172336,3.100875978766677,5143.6,386.2,1543.0800000000002,101.0,7.0,D,B,31 Rue des Écoles (Hellemmes-Lille) 59260 Lille,31,Rue des Écoles (Hellemmes-Lille),59260.0,Lille,59350_2956_00031,31 Rue des Écoles (Hellemmes-Lille),Lille,59260,,,8.545702899861952,5.9589413554024215,4.624972813284271,2.0794415416798357,Lille,2025
2359E1924649I,2359E1924649I,50.628427013331375,3.033943955774917,4537.1,963.5,1361.13,84.0,17.0,C,C,Rue de Crimée 59000 Lille,,Rue de Crimée,59000.0,Lille,59350_2001,14 rue de crimée,Lille,59000,2014.0,,8.420263701236264,6.871609832345784,4.442651256490317,2.8903717578961645,Lille,2025
2359E0164596Z,2359E0164596Z,50.650381043841435,3.0870000483939513,9775.7,2176.0,2932.71,228.0,50.0,E,E,Carriere de la Funquee 59800 Lille,,Carriere de la Funquee,59800.0,Lille,59350_3699,"2-42 Carrière de la Funquée 
Parc St Maur rés.Breteuil",Lille,59800,1968.0,20569.0,9.187757282775925,7.685703061234547,5.43372200355424,3.9318256327243257,Lille,2025
2359E1470468V,2359E1470468V,50.61961098080101,3.0316950453264484,17041.9,3688.5,5112.570000000001,263.4,57.0,E,E,Avenue Verhaeren 59000 Lille,,Avenue Verhaeren,59000.0,Lille,59350_9034,Avenue Verhaeren,Lille,59000,1945.0,64.7,9.743488973696435,8.213246226498422,5.577463107977531,4.060443010546419,Lille,2025
2359E1389491I,2359E1389491I,50.62246497099393,3.051003001384837,3631.2,266.6,1089.36,107.0,7.0,D,B,102 Rue Jules Guesde (Lille) 59000 Lille,102,Rue Jules Guesde (Lille),59000.0,Lille,59350_0dtg17_00102,102 Rue Jules Guesde appartement 39,Lille,59000,,,8.197593804284399,5.589493328254074,4.68213122712422,2.0794415416798357,Lille,2025
2359E0727698T,2359E0727698T,50.61961098080101,3.0316950453264484,21354.4,4671.8,6406.320000000001,324.5,71.0,F,F,Avenue Verhaeren 59000 Lille,,Avenue Verhaeren,59000.0,Lille,59350_9034,Avenue Verhaeren,Lille,59000,1945.0,65.8,9.969059914076496,8.449513742726099,5.785362461648624,4.276666119016055,Lille,2025
2359E1359294X,2359E1359294X,50.631213016042196,3.024773991140401,5870.8,1205.2,1761.24,97.4,20.0,C,C,Allee Lucie et Raymond Aubrac 59000 Lille,,Allee Lucie et Raymond Aubrac,59000.0,Lille,59350_5739,31 Lucie et Raymond Aubrac,Lille,59000,2016.0,60.3,8.677916509768794,7.095230201016887,4.589040804058207,3.044522437723423,Lille,2025
2259E3218294W,2259E3218294W,50.62106013754309,3.055748345085144,21304.6,4784.2,6391.379999999999,347.4,78.0,F,F,61 Rue de la Justice 59000 Lille,61,Rue de la Justice,59000.0,Lille,59350_5195_00061,61 Rue de la Justice,Lille,59000,1960.0,,9.966725227940652,8.473283100296749,5.853351244978348,4.3694478524670215,Lille,2025
2359E0546876B,2359E0546876B,50.64770500477396,3.058063037197564,4684.4,340.1,1405.32,91.0,6.0,D,B,85 Rue de la Cense au Ble 59800 Lille,85,Rue de la Cense au Ble,59800.0,Lille,59350_1411_00085,85 rue de la Cense aux Bles,Lille,59000,1998.0,,8.452206569896685,5.8321756894246,4.5217885770490405,1.9459101490553132,Lille,2025
2359E0189238T,2359E0189238T,50.61961098080101,3.0316950453264484,21510.9,4708.5,6453.27,333.5,73.0,F,F,Avenue Verhaeren 59000 Lille,,Avenue Verhaeren,59000.0,Lille,59350_9034,Avenue Verhaeren,Lille,59000,1945.0,64.5,9.976361549369654,8.457337024262872,5.8126368795682835,4.30406509320417,Lille,2025
2359E1616002H,2359E1616002H,50.62157297991344,3.0743339595058115,16406.2,3586.8,4921.86,233.3,51.0,E,E,Rue de Trévise 59000 Lille,,Rue de Trévise,59000.0,Lille,59350_8749,Rue de Trévise,Lille,59000,1975.0,70.3,9.705475541859522,8.18529448026499,5.45660234551375,3.9512437185814275,Lille,2025
2359E1857879G,2359E1857879G,50.632632036407855,3.00574993961914,12862.2,2808.6,3858.66,126.0,27.0,C,C,Rue de la Liberté 59000 Lille,,Rue de la Liberté,59000.0,Lille,59355_1250,"112 Boulevard de la Liberté
3-ème étage. Porte 8",Lille,59000,,,9.462125800430202,7.940797403440797,4.844187086458591,3.332204510175204,Lille,2025
2459E1804478K,2459E1804478K,50.61816603646113,3.0545779494082375,338035.6,24516.4,101410.68,103.0,7.0,D,B,47 Boulevard de Strasbourg 59000 Lille,47,Boulevard de Strasbourg,59000.0,Lille,59350_8479_00047,47 bd de Strasbourg Lille,Lille,59000,1994.0,3270.0,12.730909452626532,10.107138348538875,4.6443908991413725,2.0794415416798357,Lille,2025
2459E1012630S,2459E1012630S,50.61961100100428,3.0701460424729357,8379.4,1788.5,2513.8199999999997,215.5,46.0,D,D,77 Rue de Fontenoy 59000 Lille,77,Rue de Fontenoy,59000.0,Lille,59350_3499_00077,77 Rue de Fontenoy,Lille,59000,1979.0,38.9,9.033650925033857,7.4896915302060805,5.377590547442544,3.8501476017100584,Lille,2025
2459E0303660Q,2459E0303660Q,50.63599903605836,3.0943049313513606,4947.0,1061.0,1484.1,72.7,15.5,C,C,2 Rue Saint-Just 59800 Lille,2,Rue Saint-Just,59800.0,Lille,59350_7899_00002,2 Rue Saint-Just,Lille,59800,,2483.1,8.506738733512378,6.967909201801884,4.300002799195291,2.803360380906535,Lille,2025
2459E1813539X,2459E1813539X,50.61707099440881,3.0930230004274817,5770.9,1188.0,1731.2699999999998,76.0,15.0,C,C,190 Allee des Peupliers 59000 Lille,190,Allee des Peupliers,59000.0,Lille,59350_4p7ft1_00190,190-216 Rue des Peupliers,Lille,59800,,2234.0,8.660756594726356,7.080867896690782,4.343805421853684,2.772588722239781,Lille,2025
2459E0303649F,2459E0303649F,50.63599903605836,3.0943049313513606,4947.0,1061.0,1484.1,72.7,15.5,C,C,2 Rue Saint-Just 59800 Lille,2,Rue Saint-Just,59800.0,Lille,59350_7899_00002,2 Rue Saint-Just,Lille,59800,,2483.1,8.506738733512378,6.967909201801884,4.300002799195291,2.803360380906535,Lille,2025
2459E0303637T,2459E0303637T,50.63599903605836,3.0943049313513606,5762.9,1250.3,1728.87,101.7,22.0,C,C,2 Rue Saint-Just 59800 Lille,2,Rue Saint-Just,59800.0,Lille,59350_7899_00002,2 Rue Saint-Just,Lille,59800,,2483.1,8.659369607905765,7.131938289871009,4.631812116934513,3.1354942159291497,Lille,2025
2459E1813543B,2459E1813543B,50.61707099440881,3.0930230004274817,9436.5,2009.6,2830.95,145.0,30.0,D,D,190 Allee des Peupliers 59000 Lille,190,Allee des Peupliers,59000.0,Lille,59350_4p7ft1_00190,190-216 Rue des Peupliers,Lille,59800,,2234.0,9.15244639355728,7.6061884639713195,4.983606621708336,3.4339872044851463,Lille,2025
2459E0303651H,2459E0303651H,50.63599903605836,3.0943049313513606,4494.8,967.8,1348.44,78.9,16.9,C,C,2 Rue Saint-Just 59800 Lille,2,Rue Saint-Just,59800.0,Lille,59350_7899_00002,2 Rue Saint-Just,Lille,59800,,2483.1,8.41089890659832,6.876058192238882,4.380775852772229,2.884800712846709,Lille,2025
2459E0303640W,2459E0303640W,50.63599903605836,3.0943049313513606,4928.5,1057.0,1478.55,72.7,15.5,C,C,2 Rue Saint-Just 59800 Lille,2,Rue Saint-Just,59800.0,Lille,59350_7899_00002,2 Rue Saint-Just,Lille,59800,,2483.1,8.502992842015097,6.964135612418245,4.300002799195291,2.803360380906535,Lille,2025
2459E0303677H,2459E0303677H,50.63599903605836,3.0943049313513606,4494.8,967.8,1348.44,78.9,16.9,C,C,2 Rue Saint-Just 59800 Lille,2,Rue Saint-Just,59800.0,Lille,59350_7899_00002,2 Rue Saint-Just,Lille,59800,,2483.1,8.41089890659832,6.876058192238882,4.380775852772229,2.884800712846709,Lille,2025
2459E0303669Z,2459E0303669Z,50.63599903605836,3.0943049313513606,4947.0,1061.0,1484.1,72.7,15.5,C,C,2 Rue Saint-Just 59800 Lille,2,Rue Saint-Just,59800.0,Lille,59350_7899_00002,2 Rue Saint-Just,Lille,59800,,2483.1,8.506738733512378,6.967909201801884,4.300002799195291,2.803360380906535,Lille,2025
2459E0303662S,2459E0303662S,50.63599903605836,3.0943049313513606,4494.8,967.8,1348.44,78.9,16.9,C,C,2 Rue Saint-Just 59800 Lille,2,Rue Saint-Just,59800.0,Lille,59350_7899_00002,2 Rue Saint-Just,Lille,59800,,2483.1,8.41089890659832,6.876058192238882,4.380775852772229,2.884800712846709,Lille,2025
2459E1813547F,2459E1813547F,50.61707099440881,3.0930230004274817,7612.5,1585.9,2283.75,92.0,19.0,C,C,190 Allee des Peupliers 59000 Lille,190,Allee des Peupliers,59000.0,Lille,59350_4p7ft1_00190,190-216 Rue des Peupliers,Lille,59800,,2234.0,8.937678266280788,7.369537706568797,4.532599493153256,2.995732273553991,Lille,2025
2459E0303679J,2459E0303679J,50.63599903605836,3.0943049313513606,4947.0,1061.0,1484.1,72.7,15.5,C,C,2 Rue Saint-Just 59800 Lille,2,Rue Saint-Just,59800.0,Lille,59350_7899_00002,2 Rue Saint-Just,Lille,59800,,2483.1,8.506738733512378,6.967909201801884,4.300002799195291,2.803360380906535,Lille,2025
2459E1813526K,2459E1813526K,50.61707099440881,3.0930230004274817,6088.3,1254.4,1826.49,78.0,16.0,C,C,190 Allee des Peupliers 59000 Lille,190,Allee des Peupliers,59000.0,Lille,59350_4p7ft1_00190,190-216 Rue des Peupliers,Lille,59800,,2234.0,8.714288411568809,7.135209525883432,4.3694478524670215,2.833213344056216,Lille,2025
2459E0303676G,2459E0303676G,50.63599903605836,3.0943049313513606,4475.0,963.6,1342.5,79.0,17.0,C,C,2 Rue Saint-Just 59800 Lille,2,Rue Saint-Just,59800.0,Lille,59350_7899_00002,2 Rue Saint-Just,Lille,59800,,2483.1,8.406485069431817,6.871713507634872,4.382026634673881,2.8903717578961645,Lille,2025
2459E0303643Z,2459E0303643Z,50.63599903605836,3.0943049313513606,4475.0,963.6,1342.5,79.0,17.0,C,C,2 Rue Saint-Just 59800 Lille,2,Rue Saint-Just,59800.0,Lille,59350_7899_00002,2 Rue Saint-Just,Lille,59800,,2483.1,8.406485069431817,6.871713507634872,4.382026634673881,2.8903717578961645,Lille,2025
2459E1812861V,2459E1812861V,50.61707099440881,3.0930230004274817,212351.9,44322.8,63705.56999999999,95.0,19.0,C,C,190 Allee des Peupliers 59000 Lille,190,Allee des Peupliers,59000.0,Lille,59350_4p7ft1_00190,190-216 Rue des Peupliers,Lille,59800,,2234.0,12.266004792347012,10.699277057817898,4.564348191467836,2.995732273553991,Lille,2025
2459E1813591X,2459E1813591X,50.61707099440881,3.0930230004274817,6104.6,1255.5,1831.38,76.0,15.0,C,C,190 Allee des Peupliers 59000 Lille,190,Allee des Peupliers,59000.0,Lille,59350_4p7ft1_00190,190-216 Rue des Peupliers,Lille,59800,,2234.0,8.716961661813913,7.136085356983647,4.343805421853684,2.772588722239781,Lille,2025
2459E1158776S,2459E1158776S,50.63503404211492,3.023127010839927,33695.8,7294.7,10108.74,534.0,115.0,G,G,100 Avenue de Bretagne 59000 Lille,100,Avenue de Bretagne,59000.0,Lille,59350_1136_00100,23 Rue Chevreul,Lille,59000,,140.0,10.425158156342281,8.89504041248773,6.282266746896006,4.7535901911063645,Lille,2025
2459E0654215N,2459E0654215N,47.42378296518939,-0.5251510248247261,2855.9,202.2,856.77,84.0,5.0,D,A,13 Rue Rouget de l'Isle 49130 Les Ponts-de-Cé,13,Rue Rouget de l'Isle,49130.0,Les Ponts-de-Cé,49246_0840_00013,"13 Rue Degland
Résidence Rouget de l'Isle
Appartement B21Bis",Lille,59000,1994.0,3807.0,7.95749239986811,5.314190715704327,4.442651256490317,1.791759469228055,Lille,2025
2459E1813545D,2459E1813545D,50.61707099440881,3.0930230004274817,5996.1,1232.8,1798.8300000000002,75.0,15.0,C,C,190 Allee des Peupliers 59000 Lille,190,Allee des Peupliers,59000.0,Lille,59350_4p7ft1_00190,190-216 Rue des Peupliers,Lille,59800,,2234.0,8.699031298033653,7.117854116775538,4.330733340286331,2.772588722239781,Lille,2025
2459E1095818G,2459E1095818G,50.63503404211492,3.023127010839927,56972.2,12448.2,17091.66,406.0,88.0,G,F,100 Avenue de Bretagne 59000 Lille,100,Avenue de Bretagne,59000.0,Lille,59350_1136_00100,23 Rue Chevreul,Lille,59000,,,10.95033626081096,9.42941164280017,6.008813185442595,4.48863636973214,Lille,2025
2459E0303641X,2459E0303641X,50.63599903605836,3.0943049313513606,5366.0,1154.3,1609.8,78.9,16.9,C,C,2 Rue Saint-Just 59800 Lille,2,Rue Saint-Just,59800.0,Lille,59350_7899_00002,2 Rue Saint-Just,Lille,59800,,2483.1,8.588024372176829,7.052115329488973,4.380775852772229,2.884800712846709,Lille,2025
2459E0303650G,2459E0303650G,50.63599903605836,3.0943049313513606,4475.0,963.6,1342.5,79.0,17.0,C,C,2 Rue Saint-Just 59800 Lille,2,Rue Saint-Just,59800.0,Lille,59350_7899_00002,2 Rue Saint-Just,Lille,59800,,2483.1,8.406485069431817,6.871713507634872,4.382026634673881,2.8903717578961645,Lille,2025
2459E1813579L,2459E1813579L,50.61707099440881,3.0930230004274817,5951.6,1226.7,1785.48,78.0,16.0,C,C,190 Allee des Peupliers 59000 Lille,190,Allee des Peupliers,59000.0,Lille,59350_4p7ft1_00190,190-216 Rue des Peupliers,Lille,59800,,2234.0,8.691583377883912,7.1128977791867944,4.3694478524670215,2.833213344056216,Lille,2025
2459E1813563V,2459E1813563V,50.61707099440881,3.0930230004274817,6299.9,1298.6,1889.9699999999998,78.0,16.0,C,C,190 Allee des Peupliers 59000 Lille,190,Allee des Peupliers,59000.0,Lille,59350_4p7ft1_00190,190-216 Rue des Peupliers,Lille,59800,,2234.0,8.74844775931937,7.169811803794945,4.3694478524670215,2.833213344056216,Lille,2025
2459E0303689T,2459E0303689T,50.63599903605836,3.0943049313513606,6302.2,1370.3,1890.6599999999999,111.2,24.1,C,C,2 Rue Saint-Just 59800 Lille,2,Rue Saint-Just,59800.0,Lille,59350_7899_00002,2 Rue Saint-Just,Lille,59800,,2483.1,8.748812719931479,7.223514474005809,4.720282993088596,3.2228678461377385,Lille,2025
2459E0303653J,2459E0303653J,50.63599903605836,3.0943049313513606,4947.0,1061.0,1484.1,72.7,15.5,C,C,2 Rue Saint-Just 59800 Lille,2,Rue Saint-Just,59800.0,Lille,59350_7899_00002,2 Rue Saint-Just,Lille,59800,,2483.1,8.506738733512378,6.967909201801884,4.300002799195291,2.803360380906535,Lille,2025
2459E0303665V,2459E0303665V,50.63599903605836,3.0943049313513606,4475.0,963.6,1342.5,79.0,17.0,C,C,2 Rue Saint-Just 59800 Lille,2,Rue Saint-Just,59800.0,Lille,59350_7899_00002,2 Rue Saint-Just,Lille,59800,,2483.1,8.406485069431817,6.871713507634872,4.382026634673881,2.8903717578961645,Lille,2025
2459E1471328Y,2459E1471328Y,50.62948096815416,3.1105629561690082,24532.5,5486.3,7359.75,187.0,41.0,D,D,Sentier Fénelon 59260 Lille,,Sentier Fénelon,59260.0,Lille,59350_3363,183 rue fenelon,Lille,59260,,,10.107794809504043,8.61019161024999,5.236441962829949,3.7376696182833684,Lille,2025
2459E0608985X,2459E0608985X,50.62150396404633,3.0801080599123036,6718.1,2306.5,2015.43,101.9,35.0,D,D,Rue Georges Clémenceau (Lille) 59000 Lille,,Rue Georges Clémenceau (Lille),59000.0,Lille,59350_3878,Rue Georges Clémenceau (Lille),Lille,59000,1969.0,65.9,8.812709495976534,7.743919966377007,4.633757642840004,3.58351893845611,Lille,2025
2459E0907086I,2459E0907086I,50.63188095558976,3.09295194346942,42125.7,9372.2,12637.71,253.0,56.0,E,E,Rue Pierre Legrand 59800 Lille,,Rue Pierre Legrand,59800.0,Lille,59350_6879,"Presbytère de Fives-Lille
331 rue Pierre Legrand",Lille,59800,,,10.648437022923464,9.145609832404253,5.537334267018537,4.04305126783455,Lille,2025
2459E0303681L,2459E0303681L,50.63599903605836,3.0943049313513606,4475.0,963.6,1342.5,79.0,17.0,C,C,2 Rue Saint-Just 59800 Lille,2,Rue Saint-Just,59800.0,Lille,59350_7899_00002,2 Rue Saint-Just,Lille,59800,,2483.1,8.406485069431817,6.871713507634872,4.382026634673881,2.8903717578961645,Lille,2025
2459E0303655L,2459E0303655L,50.63599903605836,3.0943049313513606,4475.0,963.6,1342.5,79.0,17.0,C,C,2 Rue Saint-Just 59800 Lille,2,Rue Saint-Just,59800.0,Lille,59350_7899_00002,2 Rue Saint-Just,Lille,59800,,2483.1,8.406485069431817,6.871713507634872,4.382026634673881,2.8903717578961645,Lille,2025
2459E0303657N,2459E0303657N,50.63599903605836,3.0943049313513606,4494.8,967.8,1348.44,78.9,16.9,C,C,2 Rue Saint-Just 59800 Lille,2,Rue Saint-Just,59800.0,Lille,59350_7899_00002,2 Rue Saint-Just,Lille,59800,,2483.1,8.41089890659832,6.876058192238882,4.380775852772229,2.884800712846709,Lille,2025
2459E0303671B,2459E0303671B,50.63599903605836,3.0943049313513606,4494.8,967.8,1348.44,78.9,16.9,C,C,2 Rue Saint-Just 59800 Lille,2,Rue Saint-Just,59800.0,Lille,59350_7899_00002,2 Rue Saint-Just,Lille,59800,,2483.1,8.41089890659832,6.876058192238882,4.380775852772229,2.884800712846709,Lille,2025
2459E1813531P,2459E1813531P,50.61707099440881,3.0930230004274817,6837.0,1417.2,2051.1,85.0,17.0,C,C,190 Allee des Peupliers 59000 Lille,190,Allee des Peupliers,59000.0,Lille,59350_4p7ft1_00190,190-216 Rue des Peupliers,Lille,59800,,2234.0,8.830250570199247,7.257143740869896,4.454347296253507,2.8903717578961645,Lille,2025
2459E0303636S,2459E0303636S,50.63599903605836,3.0943049313513606,6168.3,1333.0,1850.49,90.9,19.6,C,C,2 Rue Saint-Just 59800 Lille,2,Rue Saint-Just,59800.0,Lille,59350_7899_00002,2 Rue Saint-Just,Lille,59800,,2483.1,8.72734065827524,7.195937226475569,4.520701029361642,3.0252910757955354,Lille,2025
2459E0303666W,2459E0303666W,50.63599903605836,3.0943049313513606,4494.8,967.8,1348.44,78.9,16.9,C,C,2 Rue Saint-Just 59800 Lille,2,Rue Saint-Just,59800.0,Lille,59350_7899_00002,2 Rue Saint-Just,Lille,59800,,2483.1,8.41089890659832,6.876058192238882,4.380775852772229,2.884800712846709,Lille,2025
2459E1813481R,2459E1813481R,50.61707099440881,3.0930230004274817,8676.5,1817.0,2602.95,102.0,21.0,C,C,190 Allee des Peupliers 59000 Lille,190,Allee des Peupliers,59000.0,Lille,59350_4p7ft1_00190,190-216 Rue des Peupliers,Lille,59800,,2234.0,9.068488747735941,7.505492274737424,4.634728988229636,3.091042453358316,Lille,2025
2459E1813523H,2459E1813523H,50.61707099440881,3.0930230004274817,8459.2,1769.1,2537.76,99.0,20.0,C,C,190 Allee des Peupliers 59000 Lille,190,Allee des Peupliers,59000.0,Lille,59350_4p7ft1_00190,190-216 Rue des Peupliers,Lille,59800,,2234.0,9.043128092982771,7.478791321147111,4.605170185988092,3.044522437723423,Lille,2025
2459E0303682M,2459E0303682M,50.63599903605836,3.0943049313513606,6296.2,1368.7,1888.86,110.5,24.0,C,C,2 Rue Saint-Just 59800 Lille,2,Rue Saint-Just,59800.0,Lille,59350_7899_00002,2 Rue Saint-Just,Lille,59800,,2483.1,8.747860369140474,7.222347016740776,4.7140245909001735,3.2188758248682006,Lille,2025
2459E1223123P,2459E1223123P,50.64315695856247,3.0916499835157265,11453.7,757.7,3436.11,105.8,7.0,D,B,Rue Saint-Druon 59800 Lille,,Rue Saint-Druon,59800.0,Lille,59350_7739,Rue Saint-Druon,Lille,59800,2006.0,,9.34615540510772,6.6316064423440295,4.6709579265260945,2.0794415416798357,Lille,2025
2459E0994886G,2459E0994886G,50.62991897359925,3.047662945846786,7426.7,1584.1,2228.0099999999998,176.0,37.0,D,D,5 Place Philippe de Girard 59800 Lille,5,Place Philippe de Girard,59800.0,Lille,59350_6804_00005,"5 Place Philippe de Girard
rés.Philippe de Girard",Lille,59800,1970.0,4974.0,8.912971533934858,7.368402775803847,5.176149732573829,3.6375861597263857,Lille,2025
2459E1813445H,2459E1813445H,50.61707099440881,3.0930230004274817,10529.4,2232.2,3158.8199999999997,131.0,27.0,C,C,190 Allee des Peupliers 59000 Lille,190,Allee des Peupliers,59000.0,Lille,59350_4p7ft1_00190,190-216 Rue des Peupliers,Lille,59800,,2234.0,9.262021591111198,7.711190813436206,4.882801922586371,3.332204510175204,Lille,2025
2459E1813554M,2459E1813554M,50.61707099440881,3.0930230004274817,6562.6,1362.8,1968.78,87.0,18.0,C,C,190 Allee des Peupliers 59000 Lille,190,Allee des Peupliers,59000.0,Lille,59350_4p7ft1_00190,190-216 Rue des Peupliers,Lille,59800,,2234.0,8.789294511900996,7.218030200086552,4.477336814478207,2.9444389791664403,Lille,2025
2459E0303675F,2459E0303675F,50.63599903605836,3.0943049313513606,4947.0,1061.0,1484.1,72.7,15.5,C,C,2 Rue Saint-Just 59800 Lille,2,Rue Saint-Just,59800.0,Lille,59350_7899_00002,2 Rue Saint-Just,Lille,59800,,2483.1,8.506738733512378,6.967909201801884,4.300002799195291,2.803360380906535,Lille,2025
2459E0303638U,2459E0303638U,50.63599903605836,3.0943049313513606,4494.8,967.8,1348.44,78.9,16.9,C,C,2 Rue Saint-Just 59800 Lille,2,Rue Saint-Just,59800.0,Lille,59350_7899_00002,2 Rue Saint-Just,Lille,59800,,2483.1,8.41089890659832,6.876058192238882,4.380775852772229,2.884800712846709,Lille,2025
2459E0303648E,2459E0303648E,50.63599903605836,3.0943049313513606,4928.5,1057.0,1478.55,72.7,15.5,C,C,2 Rue Saint-Just 59800 Lille,2,Rue Saint-Just,59800.0,Lille,59350_7899_00002,2 Rue Saint-Just,Lille,59800,,2483.1,8.502992842015097,6.964135612418245,4.300002799195291,2.803360380906535,Lille,2025
2459E1813535T,2459E1813535T,50.61707099440881,3.0930230004274817,7743.3,1613.5,2322.99,93.0,19.0,C,C,190 Allee des Peupliers 59000 Lille,190,Allee des Peupliers,59000.0,Lille,59350_4p7ft1_00190,190-216 Rue des Peupliers,Lille,59800,,2234.0,8.954712367875473,7.38678059019833,4.543294782270004,2.995732273553991,Lille,2025
2459E1813570C,2459E1813570C,50.61707099440881,3.0930230004274817,9674.0,2048.4,2902.2,127.0,26.0,C,C,190 Allee des Peupliers 59000 Lille,190,Allee des Peupliers,59000.0,Lille,59350_4p7ft1_00190,190-216 Rue des Peupliers,Lille,59800,,2234.0,9.177300517897983,7.6253023463656175,4.852030263919617,3.295836866004329,Lille,2025
2459E0303634Q,2459E0303634Q,50.63599903605836,3.0943049313513606,5741.9,1245.6,1722.57,101.5,22.0,C,C,2 Rue Saint-Just 59800 Lille,2,Rue Saint-Just,59800.0,Lille,59350_7899_00002,2 Rue Saint-Just,Lille,59800,,2483.1,8.65571958821052,7.12817512437475,4.629862798578463,3.1354942159291497,Lille,2025
2459E1813551J,2459E1813551J,50.61707099440881,3.0930230004274817,7091.3,1474.6,2127.39,89.0,18.0,C,C,190 Allee des Peupliers 59000 Lille,190,Allee des Peupliers,59000.0,Lille,59350_4p7ft1_00190,190-216 Rue des Peupliers,Lille,59800,,2234.0,8.866764967483862,7.296819965722521,4.499809670330265,2.9444389791664403,Lille,2025
2459E0303670A,2459E0303670A,50.63599903605836,3.0943049313513606,4475.0,963.6,1342.5,79.0,17.0,C,C,2 Rue Saint-Just 59800 Lille,2,Rue Saint-Just,59800.0,Lille,59350_7899_00002,2 Rue Saint-Just,Lille,59800,,2483.1,8.406485069431817,6.871713507634872,4.382026634673881,2.8903717578961645,Lille,2025
2459E1852551J,2459E1852551J,50.63651198838657,3.021238037668948,9147.2,689.1,2744.1600000000003,111.0,8.0,E,B,58 Rue du Marais de Lomme 59000 Lille,58,Rue du Marais de Lomme,59000.0,Lille,59350_5860_00058,58 Rue du marais de Lomme,Lille,59000,,,9.121312417605916,6.536836514626557,4.718498871295094,2.1972245773362196,Lille,2025
2459E1813474K,2459E1813474K,50.61707099440881,3.0930230004274817,6386.1,1317.6,1915.83,79.0,16.0,C,C,190 Allee des Peupliers 59000 Lille,190,Allee des Peupliers,59000.0,Lille,59350_4p7ft1_00190,190-216 Rue des Peupliers,Lille,59800,,2234.0,8.762035610241904,7.184325846679199,4.382026634673881,2.833213344056216,Lille,2025
2459E0303664U,2459E0303664U,50.63599903605836,3.0943049313513606,4947.0,1061.0,1484.1,72.7,15.5,C,C,2 Rue Saint-Just 59800 Lille,2,Rue Saint-Just,59800.0,Lille,59350_7899_00002,2 Rue Saint-Just,Lille,59800,,2483.1,8.506738733512378,6.967909201801884,4.300002799195291,2.803360380906535,Lille,2025
2459E1813565X,2459E1813565X,50.61707099440881,3.0930230004274817,5951.6,1226.7,1785.48,78.0,16.0,C,C,190 Allee des Peupliers 59000 Lille,190,Allee des Peupliers,59000.0,Lille,59350_4p7ft1_00190,190-216 Rue des Peupliers,Lille,59800,,2234.0,8.691583377883912,7.1128977791867944,4.3694478524670215,2.833213344056216,Lille,2025
2459E0303685P,2459E0303685P,50.63599903605836,3.0943049313513606,6929.0,1502.3,2078.7,102.2,22.1,C,C,2 Rue Saint-Just 59800 Lille,2,Rue Saint-Just,59800.0,Lille,59350_7899_00002,2 Rue Saint-Just,Lille,59800,,2483.1,8.84361509218395,7.3154179706337885,4.636668853047462,3.139832617527748,Lille,2025
2459E0303663T,2459E0303663T,50.63599903605836,3.0943049313513606,4928.5,1057.0,1478.55,72.7,15.5,C,C,2 Rue Saint-Just 59800 Lille,2,Rue Saint-Just,59800.0,Lille,59350_7899_00002,2 Rue Saint-Just,Lille,59800,,2483.1,8.502992842015097,6.964135612418245,4.300002799195291,2.803360380906535,Lille,2025
2459E0303645B,2459E0303645B,50.63599903605836,3.0943049313513606,4494.8,967.8,1348.44,78.9,16.9,C,C,2 Rue Saint-Just 59800 Lille,2,Rue Saint-Just,59800.0,Lille,59350_7899_00002,2 Rue Saint-Just,Lille,59800,,2483.1,8.41089890659832,6.876058192238882,4.380775852772229,2.884800712846709,Lille,2025
2459E1813519D,2459E1813519D,50.61707099440881,3.0930230004274817,9980.2,2111.0,2994.06,124.0,26.0,C,C,190 Allee des Peupliers 59000 Lille,190,Allee des Peupliers,59000.0,Lille,59350_4p7ft1_00190,190-216 Rue des Peupliers,Lille,59800,,2234.0,9.208458602558164,7.655390644826152,4.8283137373023015,3.295836866004329,Lille,2025
2459E0303673D,2459E0303673D,50.63599903605836,3.0943049313513606,4928.5,1057.0,1478.55,72.7,15.5,C,C,2 Rue Saint-Just 59800 Lille,2,Rue Saint-Just,59800.0,Lille,59350_7899_00002,2 Rue Saint-Just,Lille,59800,,2483.1,8.502992842015097,6.964135612418245,4.300002799195291,2.803360380906535,Lille,2025
2459E0303446K,2459E0303446K,50.63599903605836,3.0943049313513606,200635.3,43214.4,60190.59,80.8,17.4,C,C,2 Rue Saint-Just 59800 Lille,2,Rue Saint-Just,59800.0,Lille,59350_7899_00002,2 Rue Saint-Just,Lille,59800,,2483.1,12.20924909526782,10.673952192189256,4.404277243608702,2.91235066461494,Lille,2025
2459E1813496G,2459E1813496G,50.61707099440881,3.0930230004274817,6793.4,1407.5,2038.0199999999998,84.0,17.0,C,C,190 Allee des Peupliers 59000 Lille,190,Allee des Peupliers,59000.0,Lille,59350_4p7ft1_00190,190-216 Rue des Peupliers,Lille,59800,,2234.0,8.823854022465799,7.2502805873164275,4.442651256490317,2.8903717578961645,Lille,2025
2459E1813489Z,2459E1813489Z,50.61707099440881,3.0930230004274817,6088.3,1254.4,1826.49,78.0,16.0,C,C,190 Allee des Peupliers 59000 Lille,190,Allee des Peupliers,59000.0,Lille,59350_4p7ft1_00190,190-216 Rue des Peupliers,Lille,59800,,2234.0,8.714288411568809,7.135209525883432,4.3694478524670215,2.833213344056216,Lille,2025
2459E0303661R,2459E0303661R,50.63599903605836,3.0943049313513606,4475.0,963.6,1342.5,79.0,17.0,C,C,2 Rue Saint-Just 59800 Lille,2,Rue Saint-Just,59800.0,Lille,59350_7899_00002,2 Rue Saint-Just,Lille,59800,,2483.1,8.406485069431817,6.871713507634872,4.382026634673881,2.8903717578961645,Lille,2025
2459E0303686Q,2459E0303686Q,50.63599903605836,3.0943049313513606,6959.5,1508.9,2087.85,102.3,22.1,C,C,2 Rue Saint-Just 59800 Lille,2,Rue Saint-Just,59800.0,Lille,59350_7899_00002,2 Rue Saint-Just,Lille,59800,,2483.1,8.848006589828621,7.319798702450424,4.637637376125593,3.139832617527748,Lille,2025
2459E0091204G,2459E0091204G,50.65245797900537,3.089920973248445,15999.8,3576.1,4799.94,222.0,49.0,D,D,139 Rue du Buisson 59800 Lille,139,Rue du Buisson,59800.0,Lille,59350_1194_00139,"139 Rue du Buisson
rés.les Peupliers",Lille,59800,1969.0,3850.0,9.68039399997196,8.182307695256279,5.407171771460119,3.912023005428146,Lille,2025
2459E1813585R,2459E1813585R,50.61707099440881,3.0930230004274817,11567.7,2456.5,3470.31,137.0,29.0,C,C,190 Allee des Peupliers 59000 Lille,190,Allee des Peupliers,59000.0,Lille,59350_4p7ft1_00190,190-216 Rue des Peupliers,Lille,59800,,2234.0,9.356058454324353,7.8068998520213215,4.927253685157205,3.4011973816621555,Lille,2025
2459E0303668Y,2459E0303668Y,50.63599903605836,3.0943049313513606,4928.5,1057.0,1478.55,72.7,15.5,C,C,2 Rue Saint-Just 59800 Lille,2,Rue Saint-Just,59800.0,Lille,59350_7899_00002,2 Rue Saint-Just,Lille,59800,,2483.1,8.502992842015097,6.964135612418245,4.300002799195291,2.803360380906535,Lille,2025
2459E0796953L,2459E0796953L,50.63503404211492,3.023127010839927,43481.2,9449.5,13044.359999999999,430.0,93.0,G,F,100 Avenue de Bretagne 59000 Lille,100,Avenue de Bretagne,59000.0,Lille,59350_1136_00100,100 Avenue de Bretagne,Lille,59000,,,10.680106937931193,9.153822929141011,6.066108090103747,4.543294782270004,Lille,2025
2459E1803730Q,2459E1803730Q,50.61816603646113,3.0545779494082375,338035.6,24516.4,101410.68,103.0,7.0,D,B,47 Boulevard de Strasbourg 59000 Lille,47,Boulevard de Strasbourg,59000.0,Lille,59350_8479_00047,47 bd de Strasbourg Lille,Lille,59000,1994.0,3270.0,12.730909452626532,10.107138348538875,4.6443908991413725,2.0794415416798357,Lille,2025
2459E1186739F,2459E1186739F,50.63133195761162,3.069726980938001,23732.3,3853.7,7119.69,173.0,28.0,D,C,Rue Alexandre Desrousseaux (Lille) 59800 Lille,,Rue Alexandre Desrousseaux (Lille),59800.0,Lille,59350_0152,52 Ter rue Alexandre Desrousseaux,Lille,59160,,,10.074634404236589,8.257048461957545,5.159055299214529,3.367295829986474,Lille,2025
2459E1813466C,2459E1813466C,50.61707099440881,3.0930230004274817,10660.7,2258.8,3198.21,130.0,27.0,C,C,190 Allee des Peupliers 59000 Lille,190,Allee des Peupliers,59000.0,Lille,59350_4p7ft1_00190,190-216 Rue des Peupliers,Lille,59800,,2234.0,9.274413159676772,7.723031592775146,4.875197323201151,3.332204510175204,Lille,2025
2459E0303652I,2459E0303652I,50.63599903605836,3.0943049313513606,4928.5,1057.0,1478.55,72.7,15.5,C,C,2 Rue Saint-Just 59800 Lille,2,Rue Saint-Just,59800.0,Lille,59350_7899_00002,2 Rue Saint-Just,Lille,59800,,2483.1,8.502992842015097,6.964135612418245,4.300002799195291,2.803360380906535,Lille,2025
2459E1222535Z,2459E1222535Z,50.62050898524167,3.0721799569902677,10797.3,2307.7,3239.1899999999996,173.1,37.0,D,D,5b Rue de Trévise 59000 Lille,5b,Rue de Trévise,59000.0,Lille,59350_8749_00005_b,5b Rue de Trévise,Lille,59000,1975.0,62.4,9.287143993315057,7.744439874538278,5.159629846774143,3.6375861597263857,Lille,2025
2459E1813568A,2459E1813568A,50.61707099440881,3.0930230004274817,8200.2,1713.1,2460.06,97.0,20.0,C,C,190 Allee des Peupliers 59000 Lille,190,Allee des Peupliers,59000.0,Lille,59350_4p7ft1_00190,190-216 Rue des Peupliers,Lille,59800,,2234.0,9.012035764008893,7.446643440513011,4.584967478670572,3.044522437723423,Lille,2025
2459E1222457Z,2459E1222457Z,50.62050898524167,3.0721799569902677,9324.8,2035.8,2797.4399999999996,265.7,58.0,E,E,5b Rue de Trévise 59000 Lille,5b,Rue de Trévise,59000.0,Lille,59350_8749_00005_b,5b Rue de Trévise,Lille,59000,1975.0,35.1,9.140540031716908,7.619135227803142,5.586124431187969,4.07753744390572,Lille,2025
2459E0114623Z,2459E0114623Z,50.62751097986885,3.0538109886780864,3372.0,239.3,1011.5999999999999,86.0,6.0,D,A,54 Rue de Flandre 59000 Lille,54,Rue de Flandre,59000.0,Lille,59350_3423_00054,54 RUE DE FLANDRE,Lille,59000,,,8.12355783506165,5.481888142742423,4.465908118654584,1.9459101490553132,Lille,2025
2459E1813588U,2459E1813588U,50.61707099440881,3.0930230004274817,7041.9,1466.1,2112.5699999999997,91.0,19.0,C,C,190 Allee des Peupliers 59000 Lille,190,Allee des Peupliers,59000.0,Lille,59350_4p7ft1_00190,190-216 Rue des Peupliers,Lille,59800,,2234.0,8.859775296149651,7.291042942145598,4.5217885770490405,2.995732273553991,Lille,2025
2459E1832698U,2459E1832698U,50.628593003912265,3.041981062028805,336813.1,51057.3,101043.93,199.3,30.2,D,D,20 Place du Maréchal Leclerc (Lille) 59800 Lille,20,Place du Maréchal Leclerc (Lille),59800.0,Lille,59350_5905_00020,20 Place du Maréchal Leclerc (Lille),Lille,59800,1948.0,1689.7,12.727286425082086,10.840723396077482,5.299816242671772,3.4404180948154366,Lille,2025
2459E1813573F,2459E1813573F,50.61707099440881,3.0930230004274817,7353.9,1528.8,2206.1699999999996,89.0,18.0,C,C,190 Allee des Peupliers 59000 Lille,190,Allee des Peupliers,59000.0,Lille,59350_4p7ft1_00190,190-216 Rue des Peupliers,Lille,59800,,2234.0,8.903122036750043,7.332892286887765,4.499809670330265,2.9444389791664403,Lille,2025
2459E1813511V,2459E1813511V,50.61707099440881,3.0930230004274817,5797.6,1192.7,1739.28,76.0,15.0,C,C,190 Allee des Peupliers 59000 Lille,190,Allee des Peupliers,59000.0,Lille,59350_4p7ft1_00190,190-216 Rue des Peupliers,Lille,59800,,2234.0,8.66537178808749,7.084813006100993,4.343805421853684,2.772588722239781,Lille,2025
2459E0303635R,2459E0303635R,50.63599903605836,3.0943049313513606,5294.1,1146.1,1588.23,93.8,20.3,C,C,2 Rue Saint-Just 59800 Lille,2,Rue Saint-Just,59800.0,Lille,59350_7899_00002,2 Rue Saint-Just,Lille,59800,,2483.1,8.57453714359844,7.044992297287222,4.551769409260976,3.0587070727153796,Lille,2025
2459E1813506Q,2459E1813506Q,50.61707099440881,3.0930230004274817,7696.8,1603.3,2309.04,92.0,19.0,C,C,190 Allee des Peupliers 59000 Lille,190,Allee des Peupliers,59000.0,Lille,59350_4p7ft1_00190,190-216 Rue des Peupliers,Lille,59800,,2234.0,8.948689852731958,7.38044280335703,4.532599493153256,2.995732273553991,Lille,2025
2459E0303678I,2459E0303678I,50.63599903605836,3.0943049313513606,4928.5,1057.0,1478.55,72.7,15.5,C,C,2 Rue Saint-Just 59800 Lille,2,Rue Saint-Just,59800.0,Lille,59350_7899_00002,2 Rue Saint-Just,Lille,59800,,2483.1,8.502992842015097,6.964135612418245,4.300002799195291,2.803360380906535,Lille,2025
2259E1926417H,2259E1926417H,50.6291369727288,3.0747420491380284,15229.9,3375.0,4568.969999999999,270.8,60.0,E,E,59 Boulevard Louis XIV 59000 Lille,59,Boulevard Louis XIV,59000.0,Lille,59350_wo6d5x_00059,59 Boulevard Louis XIV,Lille,59000,1945.0,56.3,9.631081538036863,8.124446855715847,5.605066501717044,4.110873864173311,Lille,2025
2259E2243845B,2259E2243845B,50.62723903216653,3.055497965076419,14992.8,3228.4,4497.839999999999,202.0,43.0,D,D,32 Rue Manuel 59000 Lille,32,Rue Manuel,59000.0,Lille,59350_5846_00032,32 Rue Manuel,Lille,59000,1994.0,1104.0,9.615392061305245,8.08005164044752,5.313205979041787,3.784189633918261,Lille,2025
2259E2243810S,2259E2243810S,50.62723903216653,3.055497965076419,10623.5,2257.4,3187.0499999999997,149.0,31.0,D,D,32 Rue Manuel 59000 Lille,32,Rue Manuel,59000.0,Lille,59350_5846_00032,32 Rue Manuel,Lille,59000,1994.0,1104.0,9.270917933861787,7.7224118769392796,5.0106352940962555,3.4657359027997265,Lille,2025
2259E2433691V,2259E2433691V,50.627665003300564,3.0549860008976375,7357.8,550.3,2207.34,141.0,10.0,E,B,65 Rue de Flandres 59000 Lille,65,Rue de Flandres,59000.0,Lille,59350_3423_00065,65 Rue de Flandre,Lille,59000,1999.0,2538.0,8.903652154951628,6.312279125595638,4.955827057601261,2.3978952727983707,Lille,2025
2259E2073873R,2259E2073873R,50.61205698971226,3.0535570582090577,10365.9,2297.1,3109.77,126.0,28.0,C,C,194 Rue de lâ€ Europe (Lille) 59000 Lille,194,Rue de lâ€ Europe (Lille),59000.0,Lille,59350_3246_00194,194 Rue de l'Europe (Lille),Lille,59000,2015.0,,9.2463733172845,7.73983797356286,4.844187086458591,3.367295829986474,Lille,2025
2259E2243834Q,2259E2243834Q,50.62723903216653,3.055497965076419,18756.0,4004.7,5626.8,167.0,35.0,D,D,32 Rue Manuel 59000 Lille,32,Rue Manuel,59000.0,Lille,59350_5846_00032,32 Rue Manuel,Lille,59000,1994.0,1104.0,9.839322295060342,8.295473625753045,5.123963979403259,3.58351893845611,Lille,2025
2259E2189722K,2259E2189722K,50.627344991171036,3.0549560220828686,10769.5,2317.2,3230.85,199.0,42.0,D,D,2 Rue de Bone 59000 Lille,2,Rue de Bone,59000.0,Lille,59350_0988_00002,2 Rue de Bône,Lille,59000,1994.0,1010.0,9.284566194328155,7.7485463014546445,5.298317366548036,3.7612001156935624,Lille,2025
2259E2243816Y,2259E2243816Y,50.62723903216653,3.055497965076419,8040.6,1719.3,2412.18,167.0,35.0,D,D,32 Rue Manuel 59000 Lille,32,Rue Manuel,59000.0,Lille,59350_5846_00032,32 Rue Manuel,Lille,59000,1994.0,1104.0,8.992383347349273,7.450253973202994,5.123963979403259,3.58351893845611,Lille,2025
2259E2189719H,2259E2189719H,50.627344991171036,3.0549560220828686,9025.1,1924.5,2707.53,161.0,34.0,D,D,2 Rue de Bone 59000 Lille,2,Rue de Bone,59000.0,Lille,59350_0988_00002,2 Rue de Bône,Lille,59000,1994.0,1010.0,9.107875659430382,7.562940953254963,5.087596335232384,3.5553480614894135,Lille,2025
2259E2244202U,2259E2244202U,50.62723903216653,3.055497965076419,181650.5,38780.0,54495.15,164.0,35.0,D,D,32 Rue Manuel 59000 Lille,32,Rue Manuel,59000.0,Lille,59350_5846_00032,32 Rue Manuel,Lille,59000,1994.0,1104.0,12.10984529525357,10.565685714952057,5.10594547390058,3.58351893845611,Lille,2025
2259E2243762W,2259E2243762W,50.62723903216653,3.055497965076419,7293.1,1555.6,2187.93,158.0,33.0,D,D,32 Rue Manuel 59000 Lille,32,Rue Manuel,59000.0,Lille,59350_5846_00032,32 Rue Manuel,Lille,59000,1994.0,1104.0,8.894821081173193,7.3502592345252875,5.0689042022202315,3.5263605246161616,Lille,2025
2259E3095218E,2259E3095218E,50.626200965179294,3.0438409583969808,4035.7,297.0,1210.7099999999998,128.0,9.0,E,B,33 Rue Deschodt 59800 Lille,33,Rue Deschodt,59800.0,Lille,59350_2482_00033,33 Rue Deschodt,Lille,59800,,,8.30318280548325,5.697093486505405,4.859812404361672,2.302585092994046,Lille,2025
2259E2189743F,2259E2189743F,50.627344991171036,3.0549560220828686,13801.4,2970.2,4140.42,202.0,43.0,D,D,2 Rue de Bone 59000 Lille,2,Rue de Bone,59000.0,Lille,59350_0988_00002,2 Rue de Bône,Lille,59000,1994.0,1010.0,9.532597769067655,7.996721190598441,5.313205979041787,3.784189633918261,Lille,2025
2259E2243823F,2259E2243823F,50.62723903216653,3.055497965076419,8586.7,1836.3,2576.01,168.0,36.0,D,D,32 Rue Manuel 59000 Lille,32,Rue Manuel,59000.0,Lille,59350_5846_00032,32 Rue Manuel,Lille,59000,1994.0,1104.0,9.058086225924615,7.5160523816256894,5.1298987149230735,3.6109179126442243,Lille,2025
2259E2189704S,2259E2189704S,50.627344991171036,3.0549560220828686,179198.8,38368.8,53759.63999999999,177.0,37.0,D,D,2 Rue de Bone 59000 Lille,2,Rue de Bone,59000.0,Lille,59350_0988_00002,2 Rue de Bône,Lille,59000,1994.0,1010.0,12.096256663450916,10.55502597082189,5.181783550292085,3.6375861597263857,Lille,2025
2259E2243807P,2259E2243807P,50.62723903216653,3.055497965076419,7634.9,1625.3,2290.47,152.0,32.0,D,D,32 Rue Manuel 59000 Lille,32,Rue Manuel,59000.0,Lille,59350_5846_00032,32 Rue Manuel,Lille,59000,1994.0,1104.0,8.94061608889818,7.394062774934402,5.030437921392435,3.4965075614664802,Lille,2025
2259E2230450W,2259E2230450W,50.64454601431432,3.0547380227095173,7315.0,1560.0,2194.5,187.6,40.0,D,D,118 Rue Royale 59800 Lille,118,Rue Royale,59800.0,Lille,59350_7649_00118,118 Rue Royale,Lille,59800,1945.0,39.0,8.897819009510757,7.353081920515432,5.239628370199357,3.713572066704308,Lille,2025
2259E2243779N,2259E2243779N,50.62723903216653,3.055497965076419,6030.6,1283.6,1809.18,150.0,32.0,D,D,32 Rue Manuel 59000 Lille,32,Rue Manuel,59000.0,Lille,59350_5846_00032,32 Rue Manuel,Lille,59000,1994.0,1104.0,8.70476759449164,7.158202664823692,5.017279836814924,3.4965075614664802,Lille,2025
2259E2189717F,2259E2189717F,50.627344991171036,3.0549560220828686,5969.6,1274.2,1790.88,161.0,34.0,D,D,2 Rue de Bone 59000 Lille,2,Rue de Bone,59000.0,Lille,59350_0988_00002,2 Rue de Bône,Lille,59000,1994.0,1010.0,8.69460270384917,7.150858308035951,5.087596335232384,3.5553480614894135,Lille,2025
2259E2334551T,2259E2334551T,50.64239202431687,3.0905179921603425,25366.9,5663.8,7610.07,181.0,40.0,D,D,231 Rue du Faubourg de Roubaix 59800 Lille,231,Rue du Faubourg de Roubaix,59800.0,Lille,59350_3316_00231,231 Rue du Faubourg de Roubaix,Lille,59800,,,10.141239874236273,8.642026868337565,5.204006687076795,3.713572066704308,Lille,2025
2259E2189714C,2259E2189714C,50.627344991171036,3.0549560220828686,9094.1,1936.5,2728.23,156.0,33.0,D,D,2 Rue de Bone 59000 Lille,2,Rue de Bone,59000.0,Lille,59350_0988_00002,2 Rue de Bône,Lille,59000,1994.0,1010.0,9.115491085944004,7.569153761227502,5.056245805348308,3.5263605246161616,Lille,2025
2259E2189751N,2259E2189751N,50.627344991171036,3.0549560220828686,8588.3,1838.8,2576.49,175.0,37.0,D,D,2 Rue de Bone 59000 Lille,2,Rue de Bone,59000.0,Lille,59350_0988_00002,2 Rue de Bône,Lille,59000,1994.0,1010.0,9.058272521553029,7.517412149043057,5.170483995038151,3.6375861597263857,Lille,2025
2159E1046087K,2159E1046087K,50.62444198225538,3.065287932218685,4849.6,350.0,1454.88,138.6,10.0,E,B,162 Rue Barthelemy Delespaul 59000 Lille,162,Rue Barthelemy Delespaul,59000.0,Lille,59350_0594_00162,162 Rue Barthelemy Delespaul,Lille,59000,1945.0,35.0,8.486857687620118,5.860786223465865,4.938781190328272,2.3978952727983707,Lille,2025
2259E2189711Z,2259E2189711Z,50.627344991171036,3.0549560220828686,5597.3,1199.4,1679.19,174.0,37.0,D,D,2 Rue de Bone 59000 Lille,2,Rue de Bone,59000.0,Lille,59350_0988_00002,2 Rue de Bône,Lille,59000,1994.0,1010.0,8.630218259207536,7.090410113566212,5.1647859739235145,3.6375861597263857,Lille,2025
2259E2243841X,2259E2243841X,50.62723903216653,3.055497965076419,7784.6,1658.8,2335.38,155.0,33.0,D,D,32 Rue Manuel 59000 Lille,32,Rue Manuel,59000.0,Lille,59350_5846_00032,32 Rue Manuel,Lille,59000,1994.0,1104.0,8.960031152589204,7.414452392164348,5.049856007249537,3.5263605246161616,Lille,2025
2259E2189715D,2259E2189715D,50.627344991171036,3.0549560220828686,7173.4,1523.0,2152.02,146.0,31.0,D,D,2 Rue de Bone 59000 Lille,2,Rue de Bone,59000.0,Lille,59350_0988_00002,2 Rue de Bône,Lille,59000,1994.0,1010.0,8.878274413437786,7.329093736246592,4.990432586778736,3.4657359027997265,Lille,2025
2259E2243756Q,2259E2243756Q,50.62723903216653,3.055497965076419,9809.0,2077.1,2942.7,140.0,29.0,C,C,32 Rue Manuel 59000 Lille,32,Rue Manuel,59000.0,Lille,59350_5846_00032,32 Rue Manuel,Lille,59000,1994.0,1104.0,9.191157552559408,7.639209293696669,4.948759890378168,3.4011973816621555,Lille,2025
2259E2041300W,2259E2041300W,50.618634978266996,3.078188970167484,15005.9,4263.6,4501.7699999999995,232.3,66.0,E,E,4 Rue Maxime Gorki 59000 Lille,4,Rue Maxime Gorki,59000.0,Lille,59350_6027_00004,4 Rue Maxime Gorki,Lille,59000,1969.0,64.6,9.61626537431678,8.358103668892134,5.452325179027384,4.204692619390966,Lille,2025
2259E2243770E,2259E2243770E,50.62723903216653,3.055497965076419,8360.0,1785.6,2508.0,163.0,35.0,D,D,32 Rue Manuel 59000 Lille,32,Rue Manuel,59000.0,Lille,59350_5846_00032,32 Rue Manuel,Lille,59000,1994.0,1104.0,9.031333316150057,7.488069651267739,5.099866427824199,3.58351893845611,Lille,2025
2259E2154557X,2259E2154557X,50.619198983709815,3.0613349623298536,10777.7,2341.1,3233.31,165.7,36.0,D,D,167 Rue d’Artois 59000 Lille,167,Rue d’Artois,59000.0,Lille,59350_0391_00167,167 Rue d'Artois,Lille,59000,1945.0,65.0,9.285327243498962,7.758803241794355,5.116195789756748,3.6109179126442243,Lille,2025
2259E2189731T,2259E2189731T,50.627344991171036,3.0549560220828686,15835.8,3390.5,4750.74,179.0,38.0,D,D,2 Rue de Bone 59000 Lille,2,Rue de Bone,59000.0,Lille,59350_0988_00002,2 Rue de Bône,Lille,59000,1994.0,1010.0,9.670091624757568,8.129027580386134,5.19295685089021,3.6635616461296463,Lille,2025
2259E2189747J,2259E2189747J,50.627344991171036,3.0549560220828686,10906.8,2347.8,3272.0399999999995,201.0,43.0,D,D,2 Rue de Bone 59000 Lille,2,Rue de Bone,59000.0,Lille,59350_0988_00002,2 Rue de Bône,Lille,59000,1994.0,1010.0,9.297233408630538,7.761659838420196,5.308267697401205,3.784189633918261,Lille,2025
2259E2189736Y,2259E2189736Y,50.627344991171036,3.0549560220828686,10986.0,2365.5,3295.7999999999997,203.0,43.0,D,D,2 Rue de Bone 59000 Lille,2,Rue de Bone,59000.0,Lille,59350_0988_00002,2 Rue de Bône,Lille,59000,1994.0,1010.0,9.30446803470088,7.7691673493463025,5.318119993844216,3.784189633918261,Lille,2025
2259E2346051B,2259E2346051B,50.62416501025491,3.060367016337855,3307.3,160.7,992.19,80.0,3.0,C,A,57 Rue Barthelemy Delespaul 59000 Lille,57,Rue Barthelemy Delespaul,59000.0,Lille,59350_0594_00057,57 Rue Barthelemy Delespaul,Lille,59000,,,8.104189741269773,5.085742766583061,4.394449154672439,1.3862943611198906,Lille,2025
2259E2243791Z,2259E2243791Z,50.62723903216653,3.055497965076419,8750.9,1872.9,2625.27,171.0,36.0,D,D,32 Rue Manuel 59000 Lille,32,Rue Manuel,59000.0,Lille,59350_5846_00032,32 Rue Manuel,Lille,59000,1994.0,1104.0,9.077026098636704,7.53577709958162,5.147494476813453,3.6109179126442243,Lille,2025
2259E2189726O,2259E2189726O,50.627344991171036,3.0549560220828686,7328.4,1557.6,2198.52,149.0,31.0,D,D,2 Rue de Bone 59000 Lille,2,Rue de Bone,59000.0,Lille,59350_0988_00002,2 Rue de Bône,Lille,59000,1994.0,1010.0,8.89964893614155,7.351543261409461,5.0106352940962555,3.4657359027997265,Lille,2025
2259E2189739B,2259E2189739B,50.627344991171036,3.0549560220828686,7328.4,1557.6,2198.52,149.0,31.0,D,D,2 Rue de Bone 59000 Lille,2,Rue de Bone,59000.0,Lille,59350_0988_00002,2 Rue de Bône,Lille,59000,1994.0,1010.0,8.89964893614155,7.351543261409461,5.0106352940962555,3.4657359027997265,Lille,2025
2259E2189733V,2259E2189733V,50.627344991171036,3.0549560220828686,11815.2,2526.9,3544.56,173.0,37.0,D,D,2 Rue de Bone 59000 Lille,2,Rue de Bone,59000.0,Lille,59350_0988_00002,2 Rue de Bône,Lille,59000,1994.0,1010.0,9.37722675026973,7.835144197522325,5.159055299214529,3.6375861597263857,Lille,2025
2259E2189742E,2259E2189742E,50.627344991171036,3.0549560220828686,15356.9,3283.6,4607.07,174.0,37.0,D,D,2 Rue de Bone 59000 Lille,2,Rue de Bone,59000.0,Lille,59350_0988_00002,2 Rue de Bône,Lille,59000,1994.0,1010.0,9.639385278604802,8.09700015790346,5.1647859739235145,3.6375861597263857,Lille,2025
2259E2189755R,2259E2189755R,50.627344991171036,3.0549560220828686,17807.3,3828.8,5342.19,200.0,43.0,D,D,2 Rue de Bone 59000 Lille,2,Rue de Bone,59000.0,Lille,59350_0988_00002,2 Rue de Bône,Lille,59000,1994.0,1010.0,9.787419919734614,8.250567861490067,5.303304908059076,3.784189633918261,Lille,2025
2259E1947261Z,2259E1947261Z,50.61866597663804,3.0568390370605742,14773.3,2568.8,4431.99,229.0,39.0,E,D,6 Rue Henri Nogueres 59000 Lille,6,Rue Henri Nogueres,59000.0,Lille,59350_4478_00006,"6 Rue Henri Noguère
APPARTEMENT 1",Lille,59000,1991.0,1172.0,9.600644463825393,7.851583353849381,5.438079308923196,3.6888794541139363,Lille,2025
2259E2189721J,2259E2189721J,50.627344991171036,3.0549560220828686,11815.2,2526.9,3544.56,173.0,37.0,D,D,2 Rue de Bone 59000 Lille,2,Rue de Bone,59000.0,Lille,59350_0988_00002,2 Rue de Bône,Lille,59000,1994.0,1010.0,9.37722675026973,7.835144197522325,5.159055299214529,3.6375861597263857,Lille,2025
2259E2243851H,2259E2243851H,50.62723903216653,3.055497965076419,21615.2,4629.9,6484.56,180.0,38.0,D,D,32 Rue Manuel 59000 Lille,32,Rue Manuel,59000.0,Lille,59350_5846_00032,32 Rue Manuel,Lille,59000,1994.0,1104.0,9.981198312562803,8.440506512639315,5.198497031265826,3.6635616461296463,Lille,2025
2259E2243778M,2259E2243778M,50.62723903216653,3.055497965076419,17887.7,3810.8,5366.31,159.0,34.0,D,D,32 Rue Manuel 59000 Lille,32,Rue Manuel,59000.0,Lille,59350_5846_00032,32 Rue Manuel,Lille,59000,1994.0,1104.0,9.791924507568423,8.245856797500542,5.075173815233827,3.5553480614894135,Lille,2025
2259E2243783R,2259E2243783R,50.62723903216653,3.055497965076419,7072.3,1506.3,2121.69,153.0,32.0,D,D,32 Rue Manuel 59000 Lille,32,Rue Manuel,59000.0,Lille,59350_5846_00032,32 Rue Manuel,Lille,59000,1994.0,1104.0,8.864082410953417,7.318075249816483,5.0369526024136295,3.4965075614664802,Lille,2025
2259E2243798G,2259E2243798G,50.62723903216653,3.055497965076419,18412.6,3928.0,5523.78,164.0,35.0,D,D,32 Rue Manuel 59000 Lille,32,Rue Manuel,59000.0,Lille,59350_5846_00032,32 Rue Manuel,Lille,59000,1994.0,1104.0,9.820844801009484,8.27614021955846,5.10594547390058,3.58351893845611,Lille,2025
2259E2334541J,2259E2334541J,50.64239202431687,3.0905179921603425,23358.0,5210.9,7007.4,166.0,37.0,D,D,231 Rue du Faubourg de Roubaix 59800 Lille,231,Rue du Faubourg de Roubaix,59800.0,Lille,59350_3316_00231,231 Rue du Faubourg de Roubaix,Lille,59800,,,10.058737627806687,8.558699751567964,5.117993812416755,3.6375861597263857,Lille,2025
2259E2045462Y,2259E2045462Y,50.637794021131825,3.0815639894870865,32239.4,7140.0,9671.82,379.3,84.0,F,F,21 Rue Eugene Jacquet 59800 Lille,21,Rue Eugene Jacquet,59800.0,Lille,59350_3227_00021,21 Rue Eugene Jacquet,Lille,59800,1945.0,85.0,10.380975603491489,8.87360810154911,5.940960414934214,4.442651256490317,Lille,2025
2259E1971474G,2259E1971474G,50.629964038028994,3.098090053924389,4863.5,357.6,1459.05,136.0,10.0,E,B,288 Rue Pierre Legrand 59800 Lille,288,Rue Pierre Legrand,59800.0,Lille,59350_6879_00288,288 Rue Pierre Legrand,Lille,59800,2001.0,35.8,8.489719214415482,5.8822075611710325,4.919980925828125,2.3978952727983707,Lille,2025
2259E3043443V,2259E3043443V,50.6272210230546,3.0535929797948773,8426.2,1799.0,2527.86,134.0,28.0,C,C,71 Rue de Flandres 59000 Lille,71,Rue de Flandres,59000.0,Lille,59350_3423_00071,"71 Rue de Flandre
Apt31",Lille,59000,1996.0,2569.0,9.039219848729125,7.495541943884256,4.90527477843843,3.367295829986474,Lille,2025
2359E1470117I,2359E1470117I,50.62241504216484,3.0657609998099815,7732.3,1648.0,2319.69,150.1,32.0,D,D,9a Rue de Wattignies 59000 Lille,9a,Rue de Wattignies,59000.0,Lille,59350_9313_00009_a,9a Rue de Wattignies,Lille,59000,1989.0,51.5,8.953290958632175,7.407924322559599,5.017941869278694,3.4965075614664802,Lille,2025
2359E1386179Y,2359E1386179Y,50.61212796757613,3.0529550116538315,7662.2,1647.1,2298.66,88.0,19.0,C,C,24 Rue Marguerite Duras 59000 Lille,24,Rue Marguerite Duras,59000.0,Lille,59350_5916_00024,"24 Rue Marguerite Duras
Etage 1 Appartement 112",Lille,59000,,,8.944184930068682,7.407378388240134,4.48863636973214,2.995732273553991,Lille,2025
2359E1959306H,2359E1959306H,50.618256007020015,3.0635339624798323,11345.3,2427.9,3403.5899999999997,215.0,46.0,D,D,228 Rue d'Arras 59000 Lille,228,Rue d'Arras,59000.0,Lille,59350_0376_00228,228 Rue d'Arras,Lille,59000,1987.0,52.8,9.336646978573443,7.795193758949263,5.375278407684165,3.8501476017100584,Lille,2025
2359E0188574F,2359E0188574F,50.63802498790527,3.087919051457827,2369.0,165.0,710.6999999999999,157.9,11.0,E,B,35 Cite Saint Maurice 59800 Lille,35,Cite Saint Maurice,59800.0,Lille,59350_7959_00035,35 Cite Saint Maurice,Lille,59800,1945.0,15.0,7.7706452341291765,5.111987788356544,5.0682750735426705,2.4849066497880004,Lille,2025
2359E1840072J,2359E1840072J,50.61973596457861,3.0793220384255595,14477.1,4094.4,4343.13,222.8,63.0,E,E,6 Rue Alfred Naquet 59000 Lille,6,Rue Alfred Naquet,59000.0,Lille,59350_0177_00006,6 Rue Alfred Naquet,Lille,59000,1967.0,65.0,9.58039244186059,8.31761967161446,5.4107527958778245,4.1588830833596715,Lille,2025
2359E0680268N,2359E0680268N,50.61770300622827,3.045301986321467,11576.5,2500.4,3472.95,217.6,47.0,E,D,78 Rue Leon Blum 59000 Lille,78,Rue Leon Blum,59000.0,Lille,59350_5509_00078,78 Rue Leon Blum,Lille,59000,1948.0,53.2,9.356818838354908,7.8246058541148065,5.387243575742438,3.871201010907891,Lille,2025
2359E1616170T,2359E1616170T,50.620438961244986,3.0794189340949205,25136.9,7227.0,7541.07,382.6,110.0,G,G,9 Rue Édouard Herriot 59000 Lille,9,Rue Édouard Herriot,59000.0,Lille,59350_2979_00009,9 Rue Édouard Herriot,Lille,59000,1961.0,65.7,10.132131946435658,8.885717651712119,5.949600343009283,4.709530201312334,Lille,2025
2359E1412758F,2359E1412758F,50.62136296467604,3.064055059137232,6555.2,1393.7,1966.56,127.0,27.0,C,C,13q Rue Lamartine (Lille) 59000 Lille,13q,Rue Lamartine (Lille),59000.0,Lille,59350_5292_00013_q,13q Rue Lamartine (Lille),Lille,59000,2013.0,51.6,8.788166445804755,7.240434617364649,4.852030263919617,3.332204510175204,Lille,2025
2359E1897287Y,2359E1897287Y,50.64405998259858,3.0901159417037074,5263.5,386.3,1579.05,85.0,6.0,D,B,19 Rue Fermat 59800 Lille,19,Rue Fermat,59800.0,Lille,59350_3381_00019,"19 Rue Fermat
N19",Lille,59800,,,8.568741453296814,5.959199586520707,4.454347296253507,1.9459101490553132,Lille,2025
2359E0329800Z,2359E0329800Z,50.6366659839881,3.085660961104532,16219.3,3634.1,4865.79,318.0,71.0,F,F,24 Rue Rabelais (Lille) 59800 Lille,24,Rue Rabelais (Lille),59800.0,Lille,59350_7329_00024,"24 Rue Rabelais (Lille), Appt RdC",Lille,59800,,,9.6940188231827,8.198391899905587,5.765191102784844,4.276666119016055,Lille,2025
2359E0188702D,2359E0188702D,50.63802498790527,3.087919051457827,2334.0,168.0,700.1999999999999,166.7,12.0,E,B,35 Cite Saint Maurice 59800 Lille,35,Cite Saint Maurice,59800.0,Lille,59350_7959_00035,35 Cite Saint Maurice,Lille,59800,1945.0,14.0,7.755767170102998,5.1298987149230735,5.122176668829163,2.5649493574615367,Lille,2025
2359E1837804D,2359E1837804D,50.63635798236503,3.0127820411387223,24131.0,3473.8,7239.3,246.0,35.0,E,D,38 Rue Denis Papin (Lomme) 59000 Lille,38,Rue Denis Papin (Lomme),59000.0,Lille,59355_0440_00038,38 Rue Denis Papin,Lille,59000,,,10.091294039560653,8.153292202385765,5.5093883366279774,3.58351893845611,Lille,2025
2359E2012328P,2359E2012328P,50.618285975599555,3.0774499643350586,21691.1,2457.0,6507.329999999999,344.3,39.0,F,D,9 Rue Charles Delesalle 59000 Lille,9,Rue Charles Delesalle,59000.0,Lille,59350_1502_00009,9 Rue Charles Delesalle,Lille,59000,1967.0,63.0,9.984703417944793,7.80710329012598,5.844413604395947,3.6888794541139363,Lille,2025
2359E0016250J,2359E0016250J,50.62550603554742,3.050122064360725,13647.1,1043.8,4094.13,170.0,13.0,F,C,22 Rue des Sarrazins 59000 Lille,22,Rue des Sarrazins,59000.0,Lille,59350_8224_00022,22 Rue des Sarrazins,Lille,59000,,,9.521355596785508,6.951580758522167,5.14166355650266,2.6390573296152584,Lille,2025
2359E0792072R,2359E0792072R,50.623594979381,3.0491230219852437,3903.1,806.7,1170.9299999999998,62.9,13.0,C,C,9b Rue d’Arcole 59000 Lille,9b,Rue d’Arcole,59000.0,Lille,59350_0349_00009_b,9b Rue d’Arcole,Lille,59000,2016.0,62.1,8.26978256195903,6.6941907024482505,4.157319361383489,2.6390573296152584,Lille,2025
2359E1973395E,2359E1973395E,50.624300987889434,3.0595919481796097,13781.6,1009.6,4134.48,273.0,20.0,G,C,66 Rue Barthélemy Delespaul 59000 Lille,66,Rue Barthélemy Delespaul,59000.0,Lille,59350_0594_00066,66 Rue Barthélemy Delespaul,Lille,59000,1945.0,50.5,9.531162206015242,6.918299492857808,5.6131281063880705,3.044522437723423,Lille,2025
2359E1616259E,2359E1616259E,50.622241996597616,3.0742290031828627,11365.1,3175.2,3409.53,175.4,49.0,D,D,27c Rue Jean Jaurès (Lille) 59000 Lille,27c,Rue Jean Jaurès (Lille),59000.0,Lille,59350_4931_00027_c,27c Rue Jean Jaurès (Lille),Lille,59000,1948.0,64.8,9.338390519988344,8.063440792676547,5.172754143572691,3.912023005428146,Lille,2025
2359E0860896T,2359E0860896T,50.63839704415531,3.0798369657733016,3109.8,220.2,932.94,86.0,6.0,D,A,35 Rue de Prague 59800 Lille,35,Rue de Prague,59800.0,Lille,59350_7137_00035,"35 Rue de Prague
rés.Art city",Lille,59800,2004.0,,8.042635206820789,5.39906726964818,4.465908118654584,1.9459101490553132,Lille,2025
2359E0188759I,2359E0188759I,50.618020017265614,3.07323603730376,8088.5,1720.0,2426.5499999999997,202.2,43.0,D,D,49 Boulevard de Belfort 59000 Lille,49,Boulevard de Belfort,59000.0,Lille,59350_0728_00049,49 Boulevard de Belfort,Lille,59000,1981.0,40.0,8.998322203445392,7.450660796211539,5.314190715704327,3.784189633918261,Lille,2025
2359E1959120D,2359E1959120D,50.62225602405361,3.074032931429403,14161.1,3944.0,4248.33,179.5,50.0,E,E,27b Rue Jean Jaurès (Lille) 59000 Lille,27b,Rue Jean Jaurès (Lille),59000.0,Lille,59350_4931_00027_b,27b Rue Jean Jaurès (Lille),Lille,59000,1973.0,78.9,9.558324661336345,8.280204233279974,5.195730777772936,3.9318256327243257,Lille,2025
2359E1412522D,2359E1412522D,50.620843031911605,3.06291201336576,15933.5,3391.8,4780.05,159.7,34.0,D,D,19 Rue Monge 59000 Lille,19,Rue Monge,59000.0,Lille,59350_6180_00019,19 Rue Monge,Lille,59000,1989.0,,9.676241848888179,8.12941081816038,5.0795392727434665,3.5553480614894135,Lille,2025
2359E0680488Z,2359E0680488Z,50.618712990571034,3.0443160151917605,16607.6,4410.0,4982.28,338.9,90.0,F,F,80 Boulevard de Metz 59000 Lille,80,Boulevard de Metz,59000.0,Lille,59350_6079_00080,80 Boulevard de Metz,Lille,59000,1960.0,49.0,9.717675912480674,8.39185670010494,5.828651456702071,4.51085950651685,Lille,2025
2359E0330399A,2359E0330399A,50.6366659839881,3.085660961104532,5516.6,1216.0,1654.98,245.0,54.0,E,E,24 Rue Rabelais (Lille) 59800 Lille,24,Rue Rabelais (Lille),59800.0,Lille,59350_7329_00024,"24 Rue Rabelais (Lille), Appt 2e étage",Lille,59800,,,8.615698262117082,7.104144092987527,5.5053315359323625,4.007333185232471,Lille,2025
2359E1412258Z,2359E1412258Z,50.61919295967925,3.0353180380819116,8789.0,1062.5,2636.7,140.6,17.0,D,C,3 Rue du Professeur Lamaze 59000 Lille,3,Rue du Professeur Lamaze,59000.0,Lille,59350_7214_00003,3 Rue du Professeur Lamaze,Lille,59000,1960.0,62.5,9.081369990679223,6.969320634640292,4.953006181259619,2.8903717578961645,Lille,2025
2359E1328528P,2359E1328528P,50.6175139838514,3.077317023734994,14211.3,4030.0,4263.389999999999,218.6,62.0,E,E,8 Rue Aristide Briand 59000 Lille,8,Rue Aristide Briand,59000.0,Lille,59350_0353_00008,8 Rue Aristide Briand,Lille,59000,1948.0,65.0,9.561863065840166,8.301769763117166,5.391807709635375,4.143134726391533,Lille,2025
2359E0188493C,2359E0188493C,50.63802498790527,3.087919051457827,2844.3,208.0,853.2900000000001,177.8,13.0,E,C,35 Cite Saint Maurice 59800 Lille,35,Cite Saint Maurice,59800.0,Lille,59350_7959_00035,35 Cite Saint Maurice,Lille,59800,1945.0,16.0,7.953423789155822,5.342334251964811,5.186267862739414,2.6390573296152584,Lille,2025
2359E1917972N,2359E1917972N,50.62206402213196,3.0625199484118557,3954.8,291.3,1186.44,111.0,8.0,D,B,10 Rue de Seclin 59000 Lille,10,Rue de Seclin,59000.0,Lille,59350_8259_00010,10 Rue de Seclin,Lille,59000,,,8.282938135347308,5.6777806721172,4.718498871295094,2.1972245773362196,Lille,2025
2359E1959156N,2359E1959156N,50.62218803402712,3.0742729383849903,5327.0,1450.7,1598.1,161.6,44.0,D,D,27h Rue Jean Jaurès (Lille) 59000 Lille,27h,Rue Jean Jaurès (Lille),59000.0,Lille,59350_4931_00027_h,27h Rue Jean Jaurès (Lille),Lille,59000,1948.0,33.0,8.580731212220226,7.280490562467382,5.0912931971137105,3.8066624897703196,Lille,2025
2359E1557306T,2359E1557306T,50.62263103096302,3.0341640658090054,9241.9,2050.6,2772.5699999999997,196.0,43.0,D,D,55 Rue Violette 59000 Lille,55,Rue Violette,59000.0,Lille,59350_9224_00055,55 Rue Violette,Lille,59000,,,9.131610968208092,7.626375255515113,5.2832037287379885,3.784189633918261,Lille,2025
2359E1328543E,2359E1328543E,50.6175139838514,3.077317023734994,14211.3,4030.0,4263.389999999999,218.6,62.0,E,E,8 Rue Aristide Briand 59000 Lille,8,Rue Aristide Briand,59000.0,Lille,59350_0353_00008,8 Rue Aristide Briand,Lille,59000,1948.0,65.0,9.561863065840166,8.301769763117166,5.391807709635375,4.143134726391533,Lille,2025
2359E0509470J,2359E0509470J,50.6366659839881,3.085660961104532,5898.6,1301.1,1769.5800000000002,213.0,47.0,D,D,24 Rue Rabelais (Lille) 59800 Lille,24,Rue Rabelais (Lille),59800.0,Lille,59350_7329_00024,"24 Rue Rabelais (Lille), Appt 2e étage",Lille,59800,,,8.682639830985348,7.171733624734682,5.365976015021851,3.871201010907891,Lille,2025
2359E0330138Z,2359E0330138Z,50.6366659839881,3.085660961104532,8949.9,1992.7,2684.97,311.0,69.0,E,E,24 Rue Rabelais (Lille) 59800 Lille,24,Rue Rabelais (Lille),59800.0,Lille,59350_7329_00024,"24 Rue Rabelais (Lille), Appt 1er étage",Lille,59800,,,9.099509364872436,7.597747487848781,5.7430031878094825,4.248495242049359,Lille,2025
2359E3495132N,2359E3495132N,50.630209965144886,3.0867149430015086,11013.2,841.0,3303.96,146.0,11.0,F,C,2 Rue Schubert 59800 Lille,2,Rue Schubert,59800.0,Lille,59350_8244_00002,2 Rue Schubert,Lille,59800,,,9.306940628364659,6.7357800142423265,4.990432586778736,2.4849066497880004,Lille,2025
2359E4136622F,2359E4136622F,50.64397002893709,3.091753931520482,62170.0,4601.8,18651.0,96.4,7.1,D,B,6 Rue Saint-Luc 59800 Lille,6,Rue Saint-Luc,59800.0,Lille,59350_7924_00006,6 Rue Saint-Luc - Bâtiment B1,Lille,59800,2010.0,645.0,11.037643932062444,8.434420092949303,4.578826210648489,2.0918640616783932,Lille,2025
2359E3738409I,2359E3738409I,50.61799703748431,3.062939059681431,7388.5,1530.0,2216.5499999999997,144.9,30.0,D,D,7 Boulevard d'Alsace 59000 Lille,7,Boulevard d'Alsace,59000.0,Lille,59350_0224_00007,7 Boulevard d'Alsace,Lille,59000,1987.0,51.0,8.907815352654627,7.333676395657684,4.98292145552874,3.4339872044851463,Lille,2025
2359E3542546D,2359E3542546D,50.62733702657398,3.050903966902222,12349.5,926.6,3704.85,119.0,8.0,E,B,12 Rue du Marché 59000 Lille,12,Rue du Marché,59000.0,Lille,59350_5893_00012,12 RUE DU GUESCLIN,Lille,59000,,2487.0,9.421451827066553,6.832600605381376,4.787491742782046,2.1972245773362196,Lille,2025
2359E3154241I,2359E3154241I,50.62046596455757,3.066454057983138,9841.8,2035.2,2952.5399999999995,164.4,34.0,D,D,10 Rue de la Plaine 59000 Lille,10,Rue de la Plaine,59000.0,Lille,59350_6924_00010,10 Rue de la Plaine,Lille,59000,2001.0,,9.194495502414345,7.618840604673095,5.108366782589591,3.5553480614894135,Lille,2025
2359E3150761M,2359E3150761M,50.61853998319411,3.076679021831963,9400.7,1956.1,2820.21,139.4,29.0,C,C,33 Rue Jean Zay 59000 Lille,33,Rue Jean Zay,59000.0,Lille,59350_4988_00033,33 Rue Jean Zay,Lille,59000,2001.0,67.5,9.148645802970343,7.579219064710923,4.944495491591711,3.4011973816621555,Lille,2025
2359E3751863U,2359E3751863U,50.6211700080917,3.0484209402154057,5278.9,381.8,1583.6699999999998,86.0,6.0,D,B,44 Rue Paul Lafargue 59000 Lille,44,Rue Paul Lafargue,59000.0,Lille,59350_6673_00044,44 RUE PAUL LAFARGUE,Lille,59000,,,8.571662437127015,5.947512659578799,4.465908118654584,1.9459101490553132,Lille,2025
2359E4150166D,2359E4150166D,50.622565987215474,3.066944954273807,5509.5,1053.6,1652.85,115.0,22.0,D,C,1 Rue de Wazemmes 59000 Lille,1,Rue de Wazemmes,59000.0,Lille,59350_9329_00001,1 Rue de Wazemmes,Lille,59000,1989.0,47.9,8.614410642131597,6.960916827096369,4.7535901911063645,3.1354942159291497,Lille,2025
2359E4315800R,2359E4315800R,50.6300739987597,3.090000968524003,7026.3,532.9,2107.89,187.0,14.0,G,C,3b Rue des Noirs 59800 Lille,3b,Rue des Noirs,59800.0,Lille,59350_6398_00003_b,3 bis Rue des noirs Appt2,Lille,59800,,,8.857557842752794,6.280208555506141,5.236441962829949,2.70805020110221,Lille,2025
2359E4136618B,2359E4136618B,50.64397002893709,3.091753931520482,41202.3,3067.2,12360.69,104.2,7.7,D,B,6 Rue Saint-Luc 59800 Lille,6,Rue Saint-Luc,59800.0,Lille,59350_7924_00006,6 Rue Saint-Luc - Bâtiment A2,Lille,59800,2010.0,395.4,10.626273629217396,8.028846349410673,4.65586330030361,2.163323025660538,Lille,2025
2359E3695756V,2359E3695756V,50.62774299159451,3.0553870615330037,6459.1,481.3,1937.73,129.0,9.0,E,B,11 Rue d'Alger 59000 Lille,11,Rue d'Alger,59000.0,Lille,59350_0182_00011,11 RUE D'ALGER,Lille,59000,,,8.773400076532997,6.178566327074926,4.867534450455582,2.302585092994046,Lille,2025
2359E4150820H,2359E4150820H,50.62046596455757,3.066454057983138,9025.8,1855.7,2707.74,150.8,31.0,D,D,10 Rue de la Plaine 59000 Lille,10,Rue de la Plaine,59000.0,Lille,59350_6924_00010,10 Rue de la Plaine,Lille,59000,2001.0,,9.107953209297754,7.526555997413426,5.02256386496153,3.4657359027997265,Lille,2025
2359E4136624H,2359E4136624H,50.64397002893709,3.091753931520482,63311.0,4679.3,18993.3,97.6,7.2,D,B,6 Rue Saint-Luc 59800 Lille,6,Rue Saint-Luc,59800.0,Lille,59350_7924_00006,6 Rue Saint-Luc - Bâtiment B2,Lille,59800,2010.0,648.9,11.055830163625206,8.451117489421314,4.591071261608589,2.1041341542702074,Lille,2025
2359E4335674B,2359E4335674B,50.6300739987597,3.090000968524003,6784.8,513.8,2035.44,181.0,13.0,F,C,3b Rue des Noirs 59800 Lille,3b,Rue des Noirs,59800.0,Lille,59350_6398_00003_b,3 bis Rue des noirs Appt2,Lille,59800,,,8.822587472466589,6.243778475721972,5.204006687076795,2.6390573296152584,Lille,2025
2359E3761340H,2359E3761340H,50.62172996541809,3.0665450288884055,13266.1,2475.0,3979.83,176.9,33.0,D,D,110 Rue d'Arras 59000 Lille,110,Rue d'Arras,59000.0,Lille,59350_0376_00110,110 Rue d'Arras,Lille,59000,1999.0,75.0,9.493042565387567,7.814399633804487,5.18122159467179,3.5263605246161616,Lille,2025
2359E4303433A,2359E4303433A,50.6300739987597,3.090000968524003,3793.1,278.7,1137.9299999999998,116.0,8.0,E,B,3b Rue des Noirs 59800 Lille,3b,Rue des Noirs,59800.0,Lille,59350_6398_00003_b,3 bis Rue des noirs Appt 1,Lille,59800,,,8.241202507554041,5.633717600207914,4.762173934797756,2.1972245773362196,Lille,2025
2359E4453458F,2359E4453458F,50.63531095907417,3.024673002212791,15594.5,3490.2,4678.349999999999,259.0,58.0,E,E,63 Avenue de Bretagne 59000 Lille,63,Avenue de Bretagne,59000.0,Lille,59350_1136_00063,"63 Avenue de Bretagne
1er étage",Lille,59000,,,9.654737690086135,8.15800079563875,5.560681631015528,4.07753744390572,Lille,2025
2359E3638568H,2359E3638568H,50.61944097699394,3.0659780156144505,3932.0,281.8,1179.6,91.0,6.0,D,B,4j Rue Courmont 59000 Lille,4j,Rue Courmont,59000.0,Lille,59350_1944_00004_j,4 J rue Courmont - Résidence Courmont - Porte 12,Lille,59000,1996.0,1281.0,8.27715777243181,5.644739934022418,4.5217885770490405,1.9459101490553132,Lille,2025
2359E2784713S,2359E2784713S,50.644030010917746,3.014419041455823,4630.4,991.2,1389.12,112.1,24.0,C,C,435 Avenue de Dunkerque (Lomme) 59000 Lille,435,Avenue de Dunkerque (Lomme),59000.0,Lille,59355_0510_00435,435 Avenue de Dunkerque (Lomme),Lille,59000,2015.0,41.3,8.440614477183862,6.899924699866949,4.728272383122075,3.2188758248682006,Lille,2025
2359E3557746T,2359E3557746T,50.620999039894365,3.0479720312299796,4903.3,351.8,1470.99,79.0,5.0,D,A,2 Rue Grimaretz 59000 Lille,2,Rue Grimaretz,59000.0,Lille,59350_4184_00002,2 RUE DES GRIMARETZ,Lille,59000,,3513.0,8.497867650296348,5.865901324132636,4.382026634673881,1.791759469228055,Lille,2025
2359E3344099O,2359E3344099O,50.60543495606757,3.053638988054663,8326.5,1788.3,2497.95,129.0,27.0,C,C,280 Rue Richard Wagner 59000 Lille,280,Rue Richard Wagner,59000.0,Lille,59350_7499_00280,280 rue richard wagner,Lille,59000,,,9.027318570067834,7.489579760897816,4.867534450455582,3.332204510175204,Lille,2025
2359E4454705E,2359E4454705E,50.63531095907417,3.024673002212791,5129.7,377.5,1538.9099999999999,122.0,8.0,E,B,63 Avenue de Bretagne 59000 Lille,63,Avenue de Bretagne,59000.0,Lille,59350_1136_00063,"63 Avenue de Bretagne
2eme étage",Lille,59000,,,8.54299738109777,5.936216072877503,4.812184355372417,2.1972245773362196,Lille,2025
2359E3294144F,2359E3294144F,50.62247000587109,3.0747290253943707,11115.3,3085.2,3334.5899999999997,162.1,45.0,D,D,27g Rue Jean Jaurès (Lille) 59000 Lille,27g,Rue Jean Jaurès (Lille),59000.0,Lille,59350_4931_00027_g,27g Rue Jean Jaurès (Lille),Lille,59000,1948.0,68.6,9.316167778623447,8.034695839637104,5.094363509626968,3.828641396489095,Lille,2025
2359E3595921A,2359E3595921A,50.61943697832886,3.0653939979583638,6360.9,468.7,1908.2699999999998,120.0,8.0,E,B,4d Rue Courmont 59000 Lille,4d,Rue Courmont,59000.0,Lille,59350_1944_00004_d,"4 D RUE DE COURMONT
RESIDENCE COURMONT
4éme ETAGE / PORTE 41",Lille,59000,1996.0,1289.0,8.758082353857985,6.15209419303295,4.795790545596741,2.1972245773362196,Lille,2025
2359E3596114L,2359E3596114L,50.62774299159451,3.0553870615330037,4027.7,283.1,1208.31,64.0,4.0,C,A,11 Rue d'Alger 59000 Lille,11,Rue d'Alger,59000.0,Lille,59350_0182_00011,11 RUE D'ALGER,Lille,59000,,2538.0,8.30119902225524,5.649326288860142,4.174387269895637,1.6094379124341003,Lille,2025
2359E4006979Y,2359E4006979Y,50.621055965126494,3.0613589545345072,2667.7,186.9,800.31,80.0,5.0,C,A,107 Rue d'Artois 59000 Lille,107,Rue d'Artois,59000.0,Lille,59350_0391_00107,107 rue d'Artois - Appartement 12,Lille,59000,1993.0,1424.0,7.889346741438428,5.23590990641942,4.394449154672439,1.791759469228055,Lille,2025
2359E3737827Y,2359E3737827Y,50.62107704377687,3.070028038739954,8497.0,1733.4,2549.1,98.0,20.0,C,C,55 Rue Philippe de Comines 59000 Lille,55,Rue Philippe de Comines,59000.0,Lille,59350_6799_00055,55 Rue Philippe de Comines,Lille,59000,1989.0,86.7,9.047586120674756,7.4584168112453275,4.59511985013459,3.044522437723423,Lille,2025
2359E4136602L,2359E4136602L,50.64397002893709,3.091753931520482,22966.0,1723.1,6889.8,129.9,9.7,E,B,6 Rue Saint-Luc 59800 Lille,6,Rue Saint-Luc,59800.0,Lille,59350_7924_00006,6 Rue Saint-Luc - Batiment A1,Lille,59800,2010.0,176.8,10.041813682016414,7.452460454181805,4.874433672915854,2.3702437414678603,Lille,2025
2359E2226726R,2359E2226726R,50.6330359779407,3.0128249378496856,3352.8,691.9,1005.84,82.4,17.0,C,C,6 Rue Victor Schoelcher 59160 Lille,6,Rue Victor Schoelcher,59160.0,Lille,59350_9670_00006,6 Rue Victor Schoelcher,Lille,59160,2015.0,40.7,8.117849310313009,6.5408856886333355,4.423648309364701,2.8903717578961645,Lille,2025
2359E4399833S,2359E4399833S,50.62137796421611,3.0624460196399768,7131.1,1385.4,2139.33,102.9,20.0,C,C,20 Rue de Seclin 59000 Lille,20,Rue de Seclin,59000.0,Lille,59350_8259_00020,20 Rue de Seclin,Lille,59000,1994.0,69.3,8.872361000197127,7.234465738401396,4.6434288981051814,3.044522437723423,Lille,2025
2359E2541712N,2359E2541712N,50.61798904371081,3.062596974975877,11278.1,2438.5,3383.43,245.1,53.0,E,E,5 Boulevard d'Alsace 59000 Lille,5,Boulevard d'Alsace,59000.0,Lille,59350_0224_00005,5 Boulevard d'Alsace,Lille,59000,1987.0,46.0,9.330706734634838,7.799548379255892,5.50573795739701,3.9889840465642745,Lille,2025
2359E4399548T,2359E4399548T,50.61798904371081,3.062596974975877,11518.0,2508.0,3455.4,229.6,50.0,E,E,5 Boulevard d'Alsace 59000 Lille,5,Boulevard d'Alsace,59000.0,Lille,59350_0224_00005,5 Boulevard d'Alsace,Lille,59000,1987.0,50.2,9.351753124926507,7.827639546366422,5.440684607834958,3.9318256327243257,Lille,2025
2359E3575465G,2359E3575465G,50.62733702657398,3.050903966902222,14825.8,2794.8,4447.74,143.0,27.0,D,C,12 Rue du Marché 59000 Lille,12,Rue du Marché,59000.0,Lille,59350_5893_00012,12 RUE DU GUESCLIN,Lille,59000,,2487.0,9.604191633021674,7.935873570037028,4.969813299576001,3.332204510175204,Lille,2025
2359E2541634N,2359E2541634N,50.620157009999126,3.070930013485714,12340.1,2676.4,3702.0299999999997,184.4,40.0,D,D,3b Rue de Trévise 59000 Lille,3b,Rue de Trévise,59000.0,Lille,59350_8749_00003_b,3b Rue de Trévise,Lille,59000,1975.0,66.9,9.420690434491418,7.892601453351797,5.2225156531317545,3.713572066704308,Lille,2025
2359E4314242T,2359E4314242T,50.6300739987597,3.090000968524003,4139.3,306.1,1241.79,127.0,9.0,E,B,3b Rue des Noirs 59800 Lille,3b,Rue des Noirs,59800.0,Lille,59350_6398_00003_b,3 bis Rue des noirs Appt 1,Lille,59800,,,8.328523527962105,5.727173427446777,4.852030263919617,2.302585092994046,Lille,2025
2359E4276429K,2359E4276429K,50.61980201586183,3.070078032853891,12920.5,2759.8,3876.1499999999996,196.6,42.0,D,D,75 Rue de Fontenoy 59000 Lille,75,Rue de Fontenoy,59000.0,Lille,59350_3499_00075,75 Rue de Fontenoy,Lille,59000,1979.0,65.7,9.466647869668824,7.923275771783794,5.286244785313768,3.7612001156935624,Lille,2025
2359E4150465Q,2359E4150465Q,50.62380697270314,3.081769964713358,4609.9,640.5,1382.9699999999998,100.8,14.0,C,C,100 Avenue Denis Cordonnier 59000 Lille,100,Avenue Denis Cordonnier,59000.0,Lille,59350_2398_00100,100 Avenue Denis Cordonnier,Lille,59000,2013.0,45.8,8.436178344701961,6.463809184055691,4.623010104116422,2.70805020110221,Lille,2025
2359E3751800J,2359E3751800J,50.6211700080917,3.0484209402154057,5521.9,401.0,1656.57,90.0,6.0,D,B,44 Rue Paul Lafargue 59000 Lille,44,Rue Paul Lafargue,59000.0,Lille,59350_6673_00044,44 RUE PAUL LAFARGUE,Lille,59000,,,8.616658363635514,5.996452088619021,4.51085950651685,1.9459101490553132,Lille,2025
2359E4452451M,2359E4452451M,50.63531095907417,3.024673002212791,14015.6,3134.5,4204.68,269.0,60.0,E,E,63 Avenue de Bretagne 59000 Lille,63,Avenue de Bretagne,59000.0,Lille,59350_1136_00063,"63 Avenue de Bretagne
RDC",Lille,59000,,,9.547997620479105,8.050543929983075,5.598421958998375,4.110873864173311,Lille,2025
2359E3957680V,2359E3957680V,50.61798904371081,3.062596974975877,11843.1,2576.0,3552.93,257.5,56.0,E,E,5 Boulevard d'Alsace 59000 Lille,5,Boulevard d'Alsace,59000.0,Lille,59350_0224_00005,5 Boulevard d'Alsace,Lille,59000,1987.0,46.0,9.379585132279388,7.854381210652365,5.554895693948484,4.04305126783455,Lille,2025
2359E2541988D,2359E2541988D,50.61792901790487,3.0434490647176036,16990.2,4064.1,5097.06,388.8,93.0,G,F,62 Rue Léon Blum 59000 Lille,62,Rue Léon Blum,59000.0,Lille,59350_5509_00062,62 Rue Léon Blum,Lille,59000,1948.0,43.7,9.740450841954036,8.310193621925333,5.96563378707346,4.543294782270004,Lille,2025
2359E3543487I,2359E3543487I,50.627361959678865,3.0535019873040365,3084.6,218.2,925.3799999999999,102.0,7.0,D,B,56 Rue de Flandre 59000 Lille,56,Rue de Flandre,59000.0,Lille,59350_3423_00056,56 RUE DE FLANDRE,Lille,59000,,,8.034501406894018,5.389984555073861,4.634728988229636,2.0794415416798357,Lille,2025
2359E3100237G,2359E3100237G,50.62060000142994,3.0625619987991297,5790.8,1195.7,1737.24,116.2,24.0,C,C,39 Rue de Seclin 59000 Lille,39,Rue de Seclin,59000.0,Lille,59350_8259_00039,39 Rue de Seclin,Lille,59000,1986.0,49.8,8.664198403082624,7.087323047579471,4.763881877142913,3.2188758248682006,Lille,2025
2359E3756113G,2359E3756113G,50.620999039894365,3.0479720312299796,5962.3,440.3,1788.69,108.0,8.0,D,B,2 Rue Grimaretz 59000 Lille,2,Rue Grimaretz,59000.0,Lille,59350_4184_00002,2 RUE DES GRIMARETZ,Lille,59000,,3513.0,8.693379298104109,6.089724916275501,4.6913478822291435,2.1972245773362196,Lille,2025
2459E0394377T,2459E0394377T,50.614119993111224,3.074548049560359,4606.0,685.4,1381.8,219.0,32.0,D,C,50 Rue Armand Carrel 59000 Lille,50,Rue Armand Carrel,59000.0,Lille,59350_0363_00050,50 Rue Armand Carrel / 60 rue du jardin des plantes,Lille,59000,,3658.0,8.435332164935916,6.531460548173753,5.393627546352362,3.4965075614664802,Lille,2025
2459E0393947F,2459E0393947F,50.614119993111224,3.074548049560359,4441.4,661.1,1332.4199999999998,222.0,33.0,D,C,50 Rue Armand Carrel 59000 Lille,50,Rue Armand Carrel,59000.0,Lille,59350_0363_00050,50 Rue Armand Carrel / 60 rue du jardin des plantes,Lille,59000,,3658.0,8.398950049927397,6.495416601930801,5.407171771460119,3.5263605246161616,Lille,2025
2459E0394944O,2459E0394944O,50.614119993111224,3.074548049560359,7240.7,1073.8,2172.21,195.0,29.0,D,C,50 Rue Armand Carrel 59000 Lille,50,Rue Armand Carrel,59000.0,Lille,59350_0363_00050,50 Rue Armand Carrel / 60 rue du jardin des plantes,Lille,59000,,3658.0,8.887611264446834,6.979889876741336,5.278114659230517,3.4011973816621555,Lille,2025
2459E0394990I,2459E0394990I,50.614119993111224,3.074548049560359,7240.7,1073.8,2172.21,195.0,29.0,D,C,50 Rue Armand Carrel 59000 Lille,50,Rue Armand Carrel,59000.0,Lille,59350_0363_00050,50 Rue Armand Carrel / 60 rue du jardin des plantes,Lille,59000,,3658.0,8.887611264446834,6.979889876741336,5.278114659230517,3.4011973816621555,Lille,2025
2459E0394811L,2459E0394811L,50.614119993111224,3.074548049560359,7240.7,1073.8,2172.21,195.0,29.0,D,C,50 Rue Armand Carrel 59000 Lille,50,Rue Armand Carrel,59000.0,Lille,59350_0363_00050,50 Rue Armand Carrel / 60 rue du jardin des plantes,Lille,59000,,3658.0,8.887611264446834,6.979889876741336,5.278114659230517,3.4011973816621555,Lille,2025
2459E0394652I,2459E0394652I,50.614119993111224,3.074548049560359,7240.7,1073.8,2172.21,195.0,29.0,D,C,50 Rue Armand Carrel 59000 Lille,50,Rue Armand Carrel,59000.0,Lille,59350_0363_00050,50 Rue Armand Carrel / 60 rue du jardin des plantes,Lille,59000,,3658.0,8.887611264446834,6.979889876741336,5.278114659230517,3.4011973816621555,Lille,2025
2459E0395093H,2459E0395093H,50.614119993111224,3.074548049560359,7240.7,1073.8,2172.21,195.0,29.0,D,C,50 Rue Armand Carrel 59000 Lille,50,Rue Armand Carrel,59000.0,Lille,59350_0363_00050,50 Rue Armand Carrel / 60 rue du jardin des plantes,Lille,59000,,3658.0,8.887611264446834,6.979889876741336,5.278114659230517,3.4011973816621555,Lille,2025
2459E1966737D,2459E1966737D,50.637222988071706,3.0531070679989663,12789.6,2762.3,3836.88,148.0,32.0,D,D,12 Rue Macquart 59800 Lille,12,Rue Macquart,59800.0,Lille,59350_5766_00012,12 Rue Macquart,Lille,59800,,2000.0,9.456465805122297,7.9241808966623,5.003946305945459,3.4965075614664802,Lille,2025
2459E0394243P,2459E0394243P,50.614119993111224,3.074548049560359,4441.4,661.1,1332.4199999999998,222.0,33.0,D,C,50 Rue Armand Carrel 59000 Lille,50,Rue Armand Carrel,59000.0,Lille,59350_0363_00050,50 Rue Armand Carrel / 60 rue du jardin des plantes,Lille,59000,,3658.0,8.398950049927397,6.495416601930801,5.407171771460119,3.5263605246161616,Lille,2025
2459E0409693V,2459E0409693V,50.62057098693034,3.07668903441504,6681.5,749.1,2004.4499999999998,133.8,15.0,D,C,11 Rue Desaix 59000 Lille,11,Rue Desaix,59000.0,Lille,59350_2441_00011,11 Rue Desaix,Lille,59000,1945.0,49.9,8.807247448013074,6.620206530975591,4.9037921984782065,2.772588722239781,Lille,2025
2459E0394145V,2459E0394145V,50.614119993111224,3.074548049560359,5594.0,831.0,1678.2,207.0,30.0,D,C,50 Rue Armand Carrel 59000 Lille,50,Rue Armand Carrel,59000.0,Lille,59350_0363_00050,50 Rue Armand Carrel / 60 rue du jardin des plantes,Lille,59000,,3658.0,8.629628620746026,6.723832440821209,5.337538079701318,3.4339872044851463,Lille,2025
2459E0393990W,2459E0393990W,50.614119993111224,3.074548049560359,5758.7,855.3,1727.61,205.0,30.0,D,C,50 Rue Armand Carrel 59000 Lille,50,Rue Armand Carrel,59000.0,Lille,59350_0363_00050,50 Rue Armand Carrel / 60 rue du jardin des plantes,Lille,59000,,3658.0,8.658640669000219,6.752620782032146,5.327876168789581,3.4339872044851463,Lille,2025
2459E0394447L,2459E0394447L,50.614119993111224,3.074548049560359,4935.4,733.9,1480.62,214.0,31.0,D,C,50 Rue Armand Carrel 59000 Lille,50,Rue Armand Carrel,59000.0,Lille,59350_0363_00050,50 Rue Armand Carrel / 60 rue du jardin des plantes,Lille,59000,,3658.0,8.504391599579028,6.599734435534826,5.3706380281276624,3.4657359027997265,Lille,2025
2459E0394574I,2459E0394574I,50.614119993111224,3.074548049560359,5264.7,782.5,1579.4099999999999,210.0,31.0,D,C,50 Rue Armand Carrel 59000 Lille,50,Rue Armand Carrel,59000.0,Lille,59350_0363_00050,50 Rue Armand Carrel / 60 rue du jardin des plantes,Lille,59000,,3658.0,8.568969369196834,6.6637710617960755,5.351858133476067,3.4657359027997265,Lille,2025
2459E0394687R,2459E0394687R,50.614119993111224,3.074548049560359,7076.0,1049.6,2122.7999999999997,196.0,29.0,D,C,50 Rue Armand Carrel 59000 Lille,50,Rue Armand Carrel,59000.0,Lille,59350_0363_00050,50 Rue Armand Carrel / 60 rue du jardin des plantes,Lille,59000,,3658.0,8.864605368075784,6.957116708519861,5.2832037287379885,3.4011973816621555,Lille,2025
2459E0393803R,2459E0393803R,50.614119993111224,3.074548049560359,4441.4,661.1,1332.4199999999998,222.0,33.0,D,C,50 Rue Armand Carrel 59000 Lille,50,Rue Armand Carrel,59000.0,Lille,59350_0363_00050,50 Rue Armand Carrel / 60 rue du jardin des plantes,Lille,59000,,3658.0,8.398950049927397,6.495416601930801,5.407171771460119,3.5263605246161616,Lille,2025
2459E0393780U,2459E0393780U,50.614119993111224,3.074548049560359,9534.3,1412.0,2860.2899999999995,186.0,27.0,D,C,50 Rue Armand Carrel 59000 Lille,50,Rue Armand Carrel,59000.0,Lille,59350_0363_00050,50 Rue Armand Carrel / 60 rue du jardin des plantes,Lille,59000,,3658.0,9.162755980570507,7.253470382684528,5.231108616854587,3.332204510175204,Lille,2025
2459E0394055J,2459E0394055J,50.614119993111224,3.074548049560359,7405.3,1098.1,2221.59,194.0,28.0,D,C,50 Rue Armand Carrel 59000 Lille,50,Rue Armand Carrel,59000.0,Lille,59350_0363_00050,50 Rue Armand Carrel / 60 rue du jardin des plantes,Lille,59000,,3658.0,8.910086268349605,7.002246942074855,5.272999558563747,3.367295829986474,Lille,2025
2459E0394310E,2459E0394310E,50.614119993111224,3.074548049560359,9687.3,1434.5,2906.1899999999996,186.0,27.0,D,C,50 Rue Armand Carrel 59000 Lille,50,Rue Armand Carrel,59000.0,Lille,59350_0363_00050,50 Rue Armand Carrel / 60 rue du jardin des plantes,Lille,59000,,3658.0,9.17867425089717,7.269268499561119,5.231108616854587,3.332204510175204,Lille,2025
2459E0394046A,2459E0394046A,50.614119993111224,3.074548049560359,7240.7,1073.8,2172.21,195.0,29.0,D,C,50 Rue Armand Carrel 59000 Lille,50,Rue Armand Carrel,59000.0,Lille,59350_0363_00050,50 Rue Armand Carrel / 60 rue du jardin des plantes,Lille,59000,,3658.0,8.887611264446834,6.979889876741336,5.278114659230517,3.4011973816621555,Lille,2025
2459E0394030K,2459E0394030K,50.614119993111224,3.074548049560359,10299.4,1524.5,3089.8199999999997,183.0,27.0,D,C,50 Rue Armand Carrel 59000 Lille,50,Rue Armand Carrel,59000.0,Lille,59350_0363_00050,50 Rue Armand Carrel / 60 rue du jardin des plantes,Lille,59000,,3658.0,9.239938008415127,7.3300775041567245,5.214935757608986,3.332204510175204,Lille,2025
2459E0394599H,2459E0394599H,50.614119993111224,3.074548049560359,7240.7,1073.8,2172.21,195.0,29.0,D,C,50 Rue Armand Carrel 59000 Lille,50,Rue Armand Carrel,59000.0,Lille,59350_0363_00050,50 Rue Armand Carrel / 60 rue du jardin des plantes,Lille,59000,,3658.0,8.887611264446834,6.979889876741336,5.278114659230517,3.4011973816621555,Lille,2025
2459E0394780G,2459E0394780G,50.614119993111224,3.074548049560359,6088.0,903.9,1826.3999999999999,202.0,30.0,D,C,50 Rue Armand Carrel 59000 Lille,50,Rue Armand Carrel,59000.0,Lille,59350_0363_00050,50 Rue Armand Carrel / 60 rue du jardin des plantes,Lille,59000,,3658.0,8.714239143608575,6.807824440357088,5.313205979041787,3.4339872044851463,Lille,2025
2459E0393838A,2459E0393838A,50.614119993111224,3.074548049560359,11064.4,1637.0,3319.3199999999997,181.0,26.0,D,C,50 Rue Armand Carrel 59000 Lille,50,Rue Armand Carrel,59000.0,Lille,59350_0363_00050,50 Rue Armand Carrel / 60 rue du jardin des plantes,Lille,59000,,3658.0,9.311578401854348,7.401231264413015,5.204006687076795,3.295836866004329,Lille,2025
2459E1306988E,2459E1306988E,50.632484960945916,3.0576870401752076,5868.8,435.3,1760.64,131.0,9.0,E,B,33 Rue Jacquemars Giélée 59800 Lille,33,Rue Jacquemars Giélée,59800.0,Lille,59350_4722_00033,"33 Rue Jacquemars Gielée
2EM ETAGE",Lille,59800,,,8.677575840691437,6.078330080129564,4.882801922586371,2.302585092994046,Lille,2025
2459E0394674E,2459E0394674E,50.614119993111224,3.074548049560359,9840.4,1457.0,2952.12,185.0,27.0,D,C,50 Rue Armand Carrel 59000 Lille,50,Rue Armand Carrel,59000.0,Lille,59350_0363_00050,50 Rue Armand Carrel / 60 rue du jardin des plantes,Lille,59000,,3658.0,9.194353256348734,7.284820912568604,5.225746673713202,3.332204510175204,Lille,2025
2459E0394465D,2459E0394465D,50.614119993111224,3.074548049560359,9993.4,1479.5,2998.02,185.0,27.0,D,C,50 Rue Armand Carrel 59000 Lille,50,Rue Armand Carrel,59000.0,Lille,59350_0363_00050,50 Rue Armand Carrel / 60 rue du jardin des plantes,Lille,59000,,3658.0,9.20978021511762,7.300135147541646,5.225746673713202,3.332204510175204,Lille,2025
2459E0393825N,2459E0393825N,50.614119993111224,3.074548049560359,4441.4,661.1,1332.4199999999998,222.0,33.0,D,C,50 Rue Armand Carrel 59000 Lille,50,Rue Armand Carrel,59000.0,Lille,59350_0363_00050,50 Rue Armand Carrel / 60 rue du jardin des plantes,Lille,59000,,3658.0,8.398950049927397,6.495416601930801,5.407171771460119,3.5263605246161616,Lille,2025
2459E1489640G,2459E1489640G,50.63130102611267,3.10340504964049,8005.1,1740.1,2401.53,138.0,30.0,D,D,65 Rue du Bois d'Annappes 59800 Lille,65,Rue du Bois d'Annappes,59800.0,Lille,59350_0938_00065,65 rue du bois d'Annapes,Lille,59800,,395.0,8.987959030106538,7.462272376372553,4.9344739331306915,3.4339872044851463,Lille,2025
2459E0394489B,2459E0394489B,50.614119993111224,3.074548049560359,6911.4,1025.3,2073.4199999999996,197.0,29.0,D,C,50 Rue Armand Carrel 59000 Lille,50,Rue Armand Carrel,59000.0,Lille,59350_0363_00050,50 Rue Armand Carrel / 60 rue du jardin des plantes,Lille,59000,,3658.0,8.841072179179836,6.933715380651669,5.288267030694535,3.4011973816621555,Lille,2025
2459E0394795V,2459E0394795V,50.614119993111224,3.074548049560359,5429.4,806.8,1628.82,208.0,31.0,D,C,50 Rue Armand Carrel 59000 Lille,50,Rue Armand Carrel,59000.0,Lille,59350_0363_00050,50 Rue Armand Carrel / 60 rue du jardin des plantes,Lille,59000,,3658.0,8.599768075039908,6.694314503129313,5.342334251964811,3.4657359027997265,Lille,2025
2459E0393954M,2459E0393954M,50.614119993111224,3.074548049560359,4441.4,661.1,1332.4199999999998,222.0,33.0,D,C,50 Rue Armand Carrel 59000 Lille,50,Rue Armand Carrel,59000.0,Lille,59350_0363_00050,50 Rue Armand Carrel / 60 rue du jardin des plantes,Lille,59000,,3658.0,8.398950049927397,6.495416601930801,5.407171771460119,3.5263605246161616,Lille,2025
2459E0394822W,2459E0394822W,50.614119993111224,3.074548049560359,10146.4,1502.0,3043.9199999999996,184.0,27.0,D,C,50 Rue Armand Carrel 59000 Lille,50,Rue Armand Carrel,59000.0,Lille,59350_0363_00050,50 Rue Armand Carrel / 60 rue du jardin des plantes,Lille,59000,,3658.0,9.224972794020495,7.315218389752975,5.220355825078324,3.332204510175204,Lille,2025
2459E0393765F,2459E0393765F,50.614119993111224,3.074548049560359,11064.4,1637.0,3319.3199999999997,181.0,26.0,D,C,50 Rue Armand Carrel 59000 Lille,50,Rue Armand Carrel,59000.0,Lille,59350_0363_00050,50 Rue Armand Carrel / 60 rue du jardin des plantes,Lille,59000,,3658.0,9.311578401854348,7.401231264413015,5.204006687076795,3.295836866004329,Lille,2025
2459E1489638E,2459E1489638E,50.63130102611267,3.10340504964049,7387.0,1603.6,2216.1,127.0,27.0,C,C,65 Rue du Bois d'Annappes 59800 Lille,65,Rue du Bois d'Annappes,59800.0,Lille,59350_0938_00065,65 rue du bois d'Annapes,Lille,59800,,395.0,8.90761234131913,7.380629783319556,4.852030263919617,3.332204510175204,Lille,2025
2459E0394396M,2459E0394396M,50.614119993111224,3.074548049560359,6582.0,976.7,1974.6,199.0,29.0,D,C,50 Rue Armand Carrel 59000 Lille,50,Rue Armand Carrel,59000.0,Lille,59350_0363_00050,50 Rue Armand Carrel / 60 rue du jardin des plantes,Lille,59000,,3658.0,8.792245847467877,6.885202874511625,5.298317366548036,3.4011973816621555,Lille,2025
2459E1652441V,2459E1652441V,50.64243200425717,3.056280954681346,5112.3,374.8,1533.69,85.0,6.0,D,B,92 Rue Royale 59800 Lille,92,Rue Royale,59800.0,Lille,59350_7649_00092,"92 Rue Royale
rés.les Hesperides, Hotel Flandre",Lille,59800,,,8.539600267327065,5.929057086979365,4.454347296253507,1.9459101490553132,Lille,2025
2459E1271753Z,2459E1271753Z,50.63130102611267,3.10340504964049,52590.5,11431.4,15777.15,133.0,28.0,C,C,65 Rue du Bois d'Annappes 59800 Lille,65,Rue du Bois d'Annappes,59800.0,Lille,59350_0938_00065,65 rue du bois d'Annapes,Lille,59800,,395.0,10.87030978870943,9.344206708500733,4.897839799950911,3.367295829986474,Lille,2025
2459E0393735B,2459E0393735B,50.614119993111224,3.074548049560359,4441.4,661.1,1332.4199999999998,222.0,33.0,D,C,50 Rue Armand Carrel 59000 Lille,50,Rue Armand Carrel,59000.0,Lille,59350_0363_00050,50 Rue Armand Carrel / 60 rue du jardin des plantes,Lille,59000,,3658.0,8.398950049927397,6.495416601930801,5.407171771460119,3.5263605246161616,Lille,2025
2459E0394717V,2459E0394717V,50.614119993111224,3.074548049560359,5264.7,782.5,1579.4099999999999,210.0,31.0,D,C,50 Rue Armand Carrel 59000 Lille,50,Rue Armand Carrel,59000.0,Lille,59350_0363_00050,50 Rue Armand Carrel / 60 rue du jardin des plantes,Lille,59000,,3658.0,8.568969369196834,6.6637710617960755,5.351858133476067,3.4657359027997265,Lille,2025
2459E0394834I,2459E0394834I,50.614119993111224,3.074548049560359,4935.4,733.9,1480.62,214.0,31.0,D,C,50 Rue Armand Carrel 59000 Lille,50,Rue Armand Carrel,59000.0,Lille,59350_0363_00050,50 Rue Armand Carrel / 60 rue du jardin des plantes,Lille,59000,,3658.0,8.504391599579028,6.599734435534826,5.3706380281276624,3.4657359027997265,Lille,2025
2459E0394408Y,2459E0394408Y,50.614119993111224,3.074548049560359,5264.7,782.5,1579.4099999999999,210.0,31.0,D,C,50 Rue Armand Carrel 59000 Lille,50,Rue Armand Carrel,59000.0,Lille,59350_0363_00050,50 Rue Armand Carrel / 60 rue du jardin des plantes,Lille,59000,,3658.0,8.568969369196834,6.6637710617960755,5.351858133476067,3.4657359027997265,Lille,2025
2459E1675895X,2459E1675895X,50.6275730210431,3.0697969628145603,55961.3,4259.8,16788.39,220.3,16.7,G,C,13 Boulevard Jean-Baptiste Lebas 59000 Lille,13,Boulevard Jean-Baptiste Lebas,59000.0,Lille,59350_4828_00013,13 Boulevard Jean-Baptiste Lebas,Lille,59000,1945.0,254.0,10.932433528721079,8.357212215059668,5.399519247057004,2.8735646395797834,Lille,2025
2459E0394698C,2459E0394698C,50.614119993111224,3.074548049560359,7076.0,1049.6,2122.7999999999997,196.0,29.0,D,C,50 Rue Armand Carrel 59000 Lille,50,Rue Armand Carrel,59000.0,Lille,59350_0363_00050,50 Rue Armand Carrel / 60 rue du jardin des plantes,Lille,59000,,3658.0,8.864605368075784,6.957116708519861,5.2832037287379885,3.4011973816621555,Lille,2025
2459E0394178C,2459E0394178C,50.614119993111224,3.074548049560359,13359.5,1974.4,4007.85,175.0,25.0,D,C,50 Rue Armand Carrel 59000 Lille,50,Rue Armand Carrel,59000.0,Lille,59350_0363_00050,50 Rue Armand Carrel / 60 rue du jardin des plantes,Lille,59000,,3658.0,9.500057871540033,7.588526188474027,5.170483995038151,3.258096538021482,Lille,2025
2459E0650499P,2459E0650499P,50.645852963622325,3.094054991765791,18389.8,4004.9,5516.94,195.0,42.0,D,D,5 Rue Saint-Luc 59800 Lille,5,Rue Saint-Luc,59800.0,Lille,59350_7924_00005,"5 Rue Saint-Luc , garage rue Gassendi",Lille,59800,,,9.819605818555395,8.295523553358027,5.278114659230517,3.7612001156935624,Lille,2025
2459E0395032Y,2459E0395032Y,50.614119993111224,3.074548049560359,5264.7,782.5,1579.4099999999999,210.0,31.0,D,C,50 Rue Armand Carrel 59000 Lille,50,Rue Armand Carrel,59000.0,Lille,59350_0363_00050,50 Rue Armand Carrel / 60 rue du jardin des plantes,Lille,59000,,3658.0,8.568969369196834,6.6637710617960755,5.351858133476067,3.4657359027997265,Lille,2025
2459E0394437B,2459E0394437B,50.614119993111224,3.074548049560359,7570.0,1122.4,2271.0,194.0,28.0,D,C,50 Rue Armand Carrel 59000 Lille,50,Rue Armand Carrel,59000.0,Lille,59350_0363_00050,50 Rue Armand Carrel / 60 rue du jardin des plantes,Lille,59000,,3658.0,8.932080438103307,7.0241150800983325,5.272999558563747,3.367295829986474,Lille,2025
2459E0394868Q,2459E0394868Q,50.614119993111224,3.074548049560359,4770.7,709.6,1431.2099999999998,216.0,32.0,D,C,50 Rue Armand Carrel 59000 Lille,50,Rue Armand Carrel,59000.0,Lille,59350_0363_00050,50 Rue Armand Carrel / 60 rue du jardin des plantes,Lille,59000,,3658.0,8.470457914519063,6.566109683586927,5.37989735354046,3.4965075614664802,Lille,2025
2459E0393904O,2459E0393904O,50.614119993111224,3.074548049560359,4441.4,661.1,1332.4199999999998,222.0,33.0,D,C,50 Rue Armand Carrel 59000 Lille,50,Rue Armand Carrel,59000.0,Lille,59350_0363_00050,50 Rue Armand Carrel / 60 rue du jardin des plantes,Lille,59000,,3658.0,8.398950049927397,6.495416601930801,5.407171771460119,3.5263605246161616,Lille,2025
2459E0394020A,2459E0394020A,50.614119993111224,3.074548049560359,5429.4,806.8,1628.82,208.0,31.0,D,C,50 Rue Armand Carrel 59000 Lille,50,Rue Armand Carrel,59000.0,Lille,59350_0363_00050,50 Rue Armand Carrel / 60 rue du jardin des plantes,Lille,59000,,3658.0,8.599768075039908,6.694314503129313,5.342334251964811,3.4657359027997265,Lille,2025
2459E0394204C,2459E0394204C,50.614119993111224,3.074548049560359,11064.4,1637.0,3319.3199999999997,181.0,26.0,D,C,50 Rue Armand Carrel 59000 Lille,50,Rue Armand Carrel,59000.0,Lille,59350_0363_00050,50 Rue Armand Carrel / 60 rue du jardin des plantes,Lille,59000,,3658.0,9.311578401854348,7.401231264413015,5.204006687076795,3.295836866004329,Lille,2025
2459E0394922S,2459E0394922S,50.614119993111224,3.074548049560359,10146.4,1502.0,3043.9199999999996,184.0,27.0,D,C,50 Rue Armand Carrel 59000 Lille,50,Rue Armand Carrel,59000.0,Lille,59350_0363_00050,50 Rue Armand Carrel / 60 rue du jardin des plantes,Lille,59000,,3658.0,9.224972794020495,7.315218389752975,5.220355825078324,3.332204510175204,Lille,2025
2459E0394626I,2459E0394626I,50.614119993111224,3.074548049560359,9993.4,1479.5,2998.02,185.0,27.0,D,C,50 Rue Armand Carrel 59000 Lille,50,Rue Armand Carrel,59000.0,Lille,59350_0363_00050,50 Rue Armand Carrel / 60 rue du jardin des plantes,Lille,59000,,3658.0,9.20978021511762,7.300135147541646,5.225746673713202,3.332204510175204,Lille,2025
2459E0394753F,2459E0394753F,50.614119993111224,3.074548049560359,7076.0,1049.6,2122.7999999999997,196.0,29.0,D,C,50 Rue Armand Carrel 59000 Lille,50,Rue Armand Carrel,59000.0,Lille,59350_0363_00050,50 Rue Armand Carrel / 60 rue du jardin des plantes,Lille,59000,,3658.0,8.864605368075784,6.957116708519861,5.2832037287379885,3.4011973816621555,Lille,2025
2459E1159537Z,2459E1159537Z,50.6234920393135,3.0553180430038833,35531.3,7710.3,10659.390000000001,461.0,100.0,G,G,23 Rue Chevreul 59000 Lille,23,Rue Chevreul,59000.0,Lille,59350_1664_00023,23 Rue Chevreul,Lille,59000,,,10.478197420947499,8.950442064535896,6.135564891081739,4.61512051684126,Lille,2025
2459E0394847V,2459E0394847V,50.614119993111224,3.074548049560359,10146.4,1502.0,3043.9199999999996,184.0,27.0,D,C,50 Rue Armand Carrel 59000 Lille,50,Rue Armand Carrel,59000.0,Lille,59350_0363_00050,50 Rue Armand Carrel / 60 rue du jardin des plantes,Lille,59000,,3658.0,9.224972794020495,7.315218389752975,5.220355825078324,3.332204510175204,Lille,2025
2459E0394160K,2459E0394160K,50.614119993111224,3.074548049560359,6746.7,1001.0,2024.0099999999998,198.0,29.0,D,C,50 Rue Armand Carrel 59000 Lille,50,Rue Armand Carrel,59000.0,Lille,59350_0363_00050,50 Rue Armand Carrel / 60 rue du jardin des plantes,Lille,59000,,3658.0,8.816956985060518,6.90975328164481,5.293304824724492,3.4011973816621555,Lille,2025
2459E1489634A,2459E1489634A,50.63130102611267,3.10340504964049,7334.8,1591.4,2200.44,124.0,26.0,C,C,65 Rue du Bois d'Annappes 59800 Lille,65,Rue du Bois d'Annappes,59800.0,Lille,59350_0938_00065,65 rue du bois d'Annapes,Lille,59800,,395.0,8.90052175075114,7.372997591126162,4.8283137373023015,3.295836866004329,Lille,2025
2459E1489633Z,2459E1489633Z,50.63130102611267,3.10340504964049,4642.0,1014.9,1392.6,171.0,37.0,D,D,65 Rue du Bois d'Annappes 59800 Lille,65,Rue du Bois d'Annappes,59800.0,Lille,59350_0938_00065,65 rue du bois d'Annapes,Lille,59800,,395.0,8.443115988019922,6.923530198097499,5.147494476813453,3.6375861597263857,Lille,2025
2459E0394294O,2459E0394294O,50.614119993111224,3.074548049560359,4441.4,661.1,1332.4199999999998,222.0,33.0,D,C,50 Rue Armand Carrel 59000 Lille,50,Rue Armand Carrel,59000.0,Lille,59350_0363_00050,50 Rue Armand Carrel / 60 rue du jardin des plantes,Lille,59000,,3658.0,8.398950049927397,6.495416601930801,5.407171771460119,3.5263605246161616,Lille,2025
2459E1489639F,2459E1489639F,50.63130102611267,3.10340504964049,6207.5,1350.6,1862.25,137.0,30.0,D,D,65 Rue du Bois d'Annappes 59800 Lille,65,Rue du Bois d'Annappes,59800.0,Lille,59350_0938_00065,65 rue du bois d'Annapes,Lille,59800,,395.0,8.733674599856897,7.209044354840135,4.927253685157205,3.4339872044851463,Lille,2025
2459E0394616Y,2459E0394616Y,50.614119993111224,3.074548049560359,5264.7,782.5,1579.4099999999999,210.0,31.0,D,C,50 Rue Armand Carrel 59000 Lille,50,Rue Armand Carrel,59000.0,Lille,59350_0363_00050,50 Rue Armand Carrel / 60 rue du jardin des plantes,Lille,59000,,3658.0,8.568969369196834,6.6637710617960755,5.351858133476067,3.4657359027997265,Lille,2025
2459E0393691J,2459E0393691J,50.614119993111224,3.074548049560359,9534.3,1412.0,2860.2899999999995,186.0,27.0,D,C,50 Rue Armand Carrel 59000 Lille,50,Rue Armand Carrel,59000.0,Lille,59350_0363_00050,50 Rue Armand Carrel / 60 rue du jardin des plantes,Lille,59000,,3658.0,9.162755980570507,7.253470382684528,5.231108616854587,3.332204510175204,Lille,2025
2459E0393941Z,2459E0393941Z,50.614119993111224,3.074548049560359,6417.4,952.4,1925.2199999999998,200.0,29.0,D,C,50 Rue Armand Carrel 59000 Lille,50,Rue Armand Carrel,59000.0,Lille,59350_0363_00050,50 Rue Armand Carrel / 60 rue du jardin des plantes,Lille,59000,,3658.0,8.766924144439447,6.860034542770725,5.303304908059076,3.4011973816621555,Lille,2025
2459E0556083F,2459E0556083F,50.64409701282777,3.085855985694035,3693.7,265.2,1108.11,79.0,5.0,D,A,45b Rue de La Louvière 59800 Lille,45b,Rue de La Louvière,59800.0,Lille,59350_5279_00045_b,45B Rue de La Louvière,Lille,59800,,,8.214654639287774,5.5842479059610115,4.382026634673881,1.791759469228055,Lille,2025
2459E0394009P,2459E0394009P,50.614119993111224,3.074548049560359,6746.7,1001.0,2024.0099999999998,198.0,29.0,D,C,50 Rue Armand Carrel 59000 Lille,50,Rue Armand Carrel,59000.0,Lille,59350_0363_00050,50 Rue Armand Carrel / 60 rue du jardin des plantes,Lille,59000,,3658.0,8.816956985060518,6.90975328164481,5.293304824724492,3.4011973816621555,Lille,2025
2459E0394430U,2459E0394430U,50.614119993111224,3.074548049560359,7734.7,1146.7,2320.41,193.0,28.0,D,C,50 Rue Armand Carrel 59000 Lille,50,Rue Armand Carrel,59000.0,Lille,59350_0363_00050,50 Rue Armand Carrel / 60 rue du jardin des plantes,Lille,59000,,3658.0,8.95360125665005,7.045515218686623,5.267858159063328,3.367295829986474,Lille,2025
2459E0394253Z,2459E0394253Z,50.614119993111224,3.074548049560359,9534.3,1412.0,2860.2899999999995,186.0,27.0,D,C,50 Rue Armand Carrel 59000 Lille,50,Rue Armand Carrel,59000.0,Lille,59350_0363_00050,50 Rue Armand Carrel / 60 rue du jardin des plantes,Lille,59000,,3658.0,9.162755980570507,7.253470382684528,5.231108616854587,3.332204510175204,Lille,2025
2459E0531283J,2459E0531283J,50.62127700685724,3.0624360191701534,8417.2,1897.2,2525.1600000000003,150.8,34.0,D,D,22 Rue de Seclin 59000 Lille,22,Rue de Seclin,59000.0,Lille,59350_8259_00022,22 Rue de Seclin,Lille,59000,1994.0,55.8,9.038151307660781,7.548661347696392,5.02256386496153,3.5553480614894135,Lille,2025
2459E0394558S,2459E0394558S,50.614119993111224,3.074548049560359,5758.7,855.3,1727.61,205.0,30.0,D,C,50 Rue Armand Carrel 59000 Lille,50,Rue Armand Carrel,59000.0,Lille,59350_0363_00050,50 Rue Armand Carrel / 60 rue du jardin des plantes,Lille,59000,,3658.0,8.658640669000219,6.752620782032146,5.327876168789581,3.4339872044851463,Lille,2025
2459E0394517D,2459E0394517D,50.614119993111224,3.074548049560359,6911.4,1025.3,2073.4199999999996,197.0,29.0,D,C,50 Rue Armand Carrel 59000 Lille,50,Rue Armand Carrel,59000.0,Lille,59350_0363_00050,50 Rue Armand Carrel / 60 rue du jardin des plantes,Lille,59000,,3658.0,8.841072179179836,6.933715380651669,5.288267030694535,3.4011973816621555,Lille,2025
2459E0394643Z,2459E0394643Z,50.614119993111224,3.074548049560359,7240.7,1073.8,2172.21,195.0,29.0,D,C,50 Rue Armand Carrel 59000 Lille,50,Rue Armand Carrel,59000.0,Lille,59350_0363_00050,50 Rue Armand Carrel / 60 rue du jardin des plantes,Lille,59000,,3658.0,8.887611264446834,6.979889876741336,5.278114659230517,3.4011973816621555,Lille,2025
2459E0394099B,2459E0394099B,50.614119993111224,3.074548049560359,6252.7,928.2,1875.81,201.0,29.0,D,C,50 Rue Armand Carrel 59000 Lille,50,Rue Armand Carrel,59000.0,Lille,59350_0363_00050,50 Rue Armand Carrel / 60 rue du jardin des plantes,Lille,59000,,3658.0,8.740928567567575,6.834324000896254,5.308267697401205,3.4011973816621555,Lille,2025
2459E0394122Y,2459E0394122Y,50.614119993111224,3.074548049560359,6417.4,952.4,1925.2199999999998,200.0,29.0,D,C,50 Rue Armand Carrel 59000 Lille,50,Rue Armand Carrel,59000.0,Lille,59350_0363_00050,50 Rue Armand Carrel / 60 rue du jardin des plantes,Lille,59000,,3658.0,8.766924144439447,6.860034542770725,5.303304908059076,3.4011973816621555,Lille,2025
2459E0394929Z,2459E0394929Z,50.614119993111224,3.074548049560359,4770.7,709.6,1431.2099999999998,216.0,32.0,D,C,50 Rue Armand Carrel 59000 Lille,50,Rue Armand Carrel,59000.0,Lille,59350_0363_00050,50 Rue Armand Carrel / 60 rue du jardin des plantes,Lille,59000,,3658.0,8.470457914519063,6.566109683586927,5.37989735354046,3.4965075614664802,Lille,2025
2459E1489635B,2459E1489635B,50.63130102611267,3.10340504964049,5732.8,1245.8,1719.84,127.0,27.0,C,C,65 Rue du Bois d'Annappes 59800 Lille,65,Rue du Bois d'Annappes,59800.0,Lille,59350_0938_00065,65 rue du bois d'Annapes,Lille,59800,,395.0,8.654133766169851,7.128335547893182,4.852030263919617,3.332204510175204,Lille,2025
2459E0394499L,2459E0394499L,50.614119993111224,3.074548049560359,4935.4,733.9,1480.62,214.0,31.0,D,C,50 Rue Armand Carrel 59000 Lille,50,Rue Armand Carrel,59000.0,Lille,59350_0363_00050,50 Rue Armand Carrel / 60 rue du jardin des plantes,Lille,59000,,3658.0,8.504391599579028,6.599734435534826,5.3706380281276624,3.4657359027997265,Lille,2025
2459E0394540A,2459E0394540A,50.614119993111224,3.074548049560359,5923.4,879.6,1777.0199999999998,204.0,30.0,D,C,50 Rue Armand Carrel 59000 Lille,50,Rue Armand Carrel,59000.0,Lille,59350_0363_00050,50 Rue Armand Carrel / 60 rue du jardin des plantes,Lille,59000,,3658.0,8.686834695052818,6.780603493321654,5.3230099791384085,3.4339872044851463,Lille,2025
2459E0393919D,2459E0393919D,50.614119993111224,3.074548049560359,11064.4,1637.0,3319.3199999999997,181.0,26.0,D,C,50 Rue Armand Carrel 59000 Lille,50,Rue Armand Carrel,59000.0,Lille,59350_0363_00050,50 Rue Armand Carrel / 60 rue du jardin des plantes,Lille,59000,,3658.0,9.311578401854348,7.401231264413015,5.204006687076795,3.295836866004329,Lille,2025
2459E0394762O,2459E0394762O,50.614119993111224,3.074548049560359,6252.7,928.2,1875.81,201.0,29.0,D,C,50 Rue Armand Carrel 59000 Lille,50,Rue Armand Carrel,59000.0,Lille,59350_0363_00050,50 Rue Armand Carrel / 60 rue du jardin des plantes,Lille,59000,,3658.0,8.740928567567575,6.834324000896254,5.308267697401205,3.4011973816621555,Lille,2025
2459E0394350S,2459E0394350S,50.614119993111224,3.074548049560359,4441.4,661.1,1332.4199999999998,222.0,33.0,D,C,50 Rue Armand Carrel 59000 Lille,50,Rue Armand Carrel,59000.0,Lille,59350_0363_00050,50 Rue Armand Carrel / 60 rue du jardin des plantes,Lille,59000,,3658.0,8.398950049927397,6.495416601930801,5.407171771460119,3.5263605246161616,Lille,2025
2459E0394358A,2459E0394358A,50.614119993111224,3.074548049560359,6911.4,1025.3,2073.4199999999996,197.0,29.0,D,C,50 Rue Armand Carrel 59000 Lille,50,Rue Armand Carrel,59000.0,Lille,59350_0363_00050,50 Rue Armand Carrel / 60 rue du jardin des plantes,Lille,59000,,3658.0,8.841072179179836,6.933715380651669,5.288267030694535,3.4011973816621555,Lille,2025
2459E0394337F,2459E0394337F,50.614119993111224,3.074548049560359,4441.4,661.1,1332.4199999999998,222.0,33.0,D,C,50 Rue Armand Carrel 59000 Lille,50,Rue Armand Carrel,59000.0,Lille,59350_0363_00050,50 Rue Armand Carrel / 60 rue du jardin des plantes,Lille,59000,,3658.0,8.398950049927397,6.495416601930801,5.407171771460119,3.5263605246161616,Lille,2025
2459E0394610S,2459E0394610S,50.614119993111224,3.074548049560359,7240.7,1073.8,2172.21,195.0,29.0,D,C,50 Rue Armand Carrel 59000 Lille,50,Rue Armand Carrel,59000.0,Lille,59350_0363_00050,50 Rue Armand Carrel / 60 rue du jardin des plantes,Lille,59000,,3658.0,8.887611264446834,6.979889876741336,5.278114659230517,3.4011973816621555,Lille,2025
2459E0394040U,2459E0394040U,50.614119993111224,3.074548049560359,7240.7,1073.8,2172.21,195.0,29.0,D,C,50 Rue Armand Carrel 59000 Lille,50,Rue Armand Carrel,59000.0,Lille,59350_0363_00050,50 Rue Armand Carrel / 60 rue du jardin des plantes,Lille,59000,,3658.0,8.887611264446834,6.979889876741336,5.278114659230517,3.4011973816621555,Lille,2025
2459E0394527N,2459E0394527N,50.614119993111224,3.074548049560359,6088.0,903.9,1826.3999999999999,202.0,30.0,D,C,50 Rue Armand Carrel 59000 Lille,50,Rue Armand Carrel,59000.0,Lille,59350_0363_00050,50 Rue Armand Carrel / 60 rue du jardin des plantes,Lille,59000,,3658.0,8.714239143608575,6.807824440357088,5.313205979041787,3.4339872044851463,Lille,2025
2459E0394281B,2459E0394281B,50.614119993111224,3.074548049560359,4606.0,685.4,1381.8,219.0,32.0,D,C,50 Rue Armand Carrel 59000 Lille,50,Rue Armand Carrel,59000.0,Lille,59350_0363_00050,50 Rue Armand Carrel / 60 rue du jardin des plantes,Lille,59000,,3658.0,8.435332164935916,6.531460548173753,5.393627546352362,3.4965075614664802,Lille,2025
2459E1647023L,2459E1647023L,50.621055965126494,3.0613589545345072,1771.4,124.6,531.42,93.0,6.0,C,A,107 Rue d'Artois 59000 Lille,107,Rue d'Artois,59000.0,Lille,59350_0391_00107,107 rue d'Artois - Appartement 6,Lille,59000,,,7.480089839325334,4.833102254034098,4.543294782270004,1.9459101490553132,Lille,2025
2459E0394233F,2459E0394233F,50.614119993111224,3.074548049560359,4441.4,661.1,1332.4199999999998,222.0,33.0,D,C,50 Rue Armand Carrel 59000 Lille,50,Rue Armand Carrel,59000.0,Lille,59350_0363_00050,50 Rue Armand Carrel / 60 rue du jardin des plantes,Lille,59000,,3658.0,8.398950049927397,6.495416601930801,5.407171771460119,3.5263605246161616,Lille,2025
2459E0395124M,2459E0395124M,50.614119993111224,3.074548049560359,9993.4,1479.5,2998.02,185.0,27.0,D,C,50 Rue Armand Carrel 59000 Lille,50,Rue Armand Carrel,59000.0,Lille,59350_0363_00050,50 Rue Armand Carrel / 60 rue du jardin des plantes,Lille,59000,,3658.0,9.20978021511762,7.300135147541646,5.225746673713202,3.332204510175204,Lille,2025
2459E0531434E,2459E0531434E,50.61794098609062,3.0725670079422582,6461.1,1352.9,1938.33,186.3,39.0,D,D,53 Boulevard de Belfort 59000 Lille,53,Boulevard de Belfort,59000.0,Lille,59350_0728_00053,53 Boulevard de Belfort,Lille,59000,1981.0,34.7,8.773709621349818,7.210744595501065,5.2327116094500425,3.6888794541139363,Lille,2025
2459E0394887J,2459E0394887J,50.614119993111224,3.074548049560359,9993.4,1479.5,2998.02,185.0,27.0,D,C,50 Rue Armand Carrel 59000 Lille,50,Rue Armand Carrel,59000.0,Lille,59350_0363_00050,50 Rue Armand Carrel / 60 rue du jardin des plantes,Lille,59000,,3658.0,9.20978021511762,7.300135147541646,5.225746673713202,3.332204510175204,Lille,2025
2459E0394078G,2459E0394078G,50.614119993111224,3.074548049560359,7076.0,1049.6,2122.7999999999997,196.0,29.0,D,C,50 Rue Armand Carrel 59000 Lille,50,Rue Armand Carrel,59000.0,Lille,59350_0363_00050,50 Rue Armand Carrel / 60 rue du jardin des plantes,Lille,59000,,3658.0,8.864605368075784,6.957116708519861,5.2832037287379885,3.4011973816621555,Lille,2025
2459E0394590Y,2459E0394590Y,50.614119993111224,3.074548049560359,9993.4,1479.5,2998.02,185.0,27.0,D,C,50 Rue Armand Carrel 59000 Lille,50,Rue Armand Carrel,59000.0,Lille,59350_0363_00050,50 Rue Armand Carrel / 60 rue du jardin des plantes,Lille,59000,,3658.0,9.20978021511762,7.300135147541646,5.225746673713202,3.332204510175204,Lille,2025
2459E0394369L,2459E0394369L,50.614119993111224,3.074548049560359,6417.4,952.4,1925.2199999999998,200.0,29.0,D,C,50 Rue Armand Carrel 59000 Lille,50,Rue Armand Carrel,59000.0,Lille,59350_0363_00050,50 Rue Armand Carrel / 60 rue du jardin des plantes,Lille,59000,,3658.0,8.766924144439447,6.860034542770725,5.303304908059076,3.4011973816621555,Lille,2025
2459E0394506S,2459E0394506S,50.614119993111224,3.074548049560359,7240.7,1073.8,2172.21,195.0,29.0,D,C,50 Rue Armand Carrel 59000 Lille,50,Rue Armand Carrel,59000.0,Lille,59350_0363_00050,50 Rue Armand Carrel / 60 rue du jardin des plantes,Lille,59000,,3658.0,8.887611264446834,6.979889876741336,5.278114659230517,3.4011973816621555,Lille,2025
2459E0394383Z,2459E0394383Z,50.614119993111224,3.074548049560359,9381.3,1389.5,2814.39,187.0,27.0,D,C,50 Rue Armand Carrel 59000 Lille,50,Rue Armand Carrel,59000.0,Lille,59350_0363_00050,50 Rue Armand Carrel / 60 rue du jardin des plantes,Lille,59000,,3658.0,9.146580214501672,7.23741867367402,5.236441962829949,3.332204510175204,Lille,2025
2459E0394972Q,2459E0394972Q,50.614119993111224,3.074548049560359,6582.0,976.7,1974.6,199.0,29.0,D,C,50 Rue Armand Carrel 59000 Lille,50,Rue Armand Carrel,59000.0,Lille,59350_0363_00050,50 Rue Armand Carrel / 60 rue du jardin des plantes,Lille,59000,,3658.0,8.792245847467877,6.885202874511625,5.298317366548036,3.4011973816621555,Lille,2025
2459E0394659P,2459E0394659P,50.614119993111224,3.074548049560359,5264.7,782.5,1579.4099999999999,210.0,31.0,D,C,50 Rue Armand Carrel 59000 Lille,50,Rue Armand Carrel,59000.0,Lille,59350_0363_00050,50 Rue Armand Carrel / 60 rue du jardin des plantes,Lille,59000,,3658.0,8.568969369196834,6.6637710617960755,5.351858133476067,3.4657359027997265,Lille,2025
2459E1307124K,2459E1307124K,50.632484960945916,3.0576870401752076,5807.3,431.1,1742.19,136.0,10.0,E,B,33 Rue Jacquemars Giélée 59800 Lille,33,Rue Jacquemars Giélée,59800.0,Lille,59350_4722_00033,"33 Rue Jacquemars Gielée
2EM ETAGE",Lille,59800,,,8.667043208063228,6.068657042937888,4.919980925828125,2.3978952727983707,Lille,2025
2459E1294965T,2459E1294965T,50.632484960945916,3.0576870401752076,5721.0,424.2,1716.3,134.0,9.0,E,B,33 Rue Jacquemars Giélée 59800 Lille,33,Rue Jacquemars Giélée,59800.0,Lille,59350_4722_00033,"33 Rue Jacquemars Gielée
2EM ETAGE",Lille,59800,,,8.652073673610056,6.052559646467793,4.90527477843843,2.302585092994046,Lille,2025
2459E0394736O,2459E0394736O,50.614119993111224,3.074548049560359,7076.0,1049.6,2122.7999999999997,196.0,29.0,D,C,50 Rue Armand Carrel 59000 Lille,50,Rue Armand Carrel,59000.0,Lille,59350_0363_00050,50 Rue Armand Carrel / 60 rue du jardin des plantes,Lille,59000,,3658.0,8.864605368075784,6.957116708519861,5.2832037287379885,3.4011973816621555,Lille,2025
2459E0394818S,2459E0394818S,50.614119993111224,3.074548049560359,7240.7,1073.8,2172.21,195.0,29.0,D,C,50 Rue Armand Carrel 59000 Lille,50,Rue Armand Carrel,59000.0,Lille,59350_0363_00050,50 Rue Armand Carrel / 60 rue du jardin des plantes,Lille,59000,,3658.0,8.887611264446834,6.979889876741336,5.278114659230517,3.4011973816621555,Lille,2025
2459E0394420K,2459E0394420K,50.614119993111224,3.074548049560359,10911.4,1614.5,3273.4199999999996,181.0,26.0,D,C,50 Rue Armand Carrel 59000 Lille,50,Rue Armand Carrel,59000.0,Lille,59350_0363_00050,50 Rue Armand Carrel / 60 rue du jardin des plantes,Lille,59000,,3658.0,9.297655036302892,7.387399785264553,5.204006687076795,3.295836866004329,Lille,2025
2459E2076688A,2459E2076688A,50.63362796811449,3.014048051376834,6135.5,1299.6,1840.6499999999999,66.0,14.0,C,C,14 Rue Victor Schoelcher 59160 Lille,14,Rue Victor Schoelcher,59160.0,Lille,59350_9670_00014,14 Rue Victor Schoelcher,Lille,59160,,2000.0,8.722009826037564,7.170580975435051,4.204692619390966,2.70805020110221,Lille,2025
2459E0394316K,2459E0394316K,50.614119993111224,3.074548049560359,7734.7,1146.7,2320.41,193.0,28.0,D,C,50 Rue Armand Carrel 59000 Lille,50,Rue Armand Carrel,59000.0,Lille,59350_0363_00050,50 Rue Armand Carrel / 60 rue du jardin des plantes,Lille,59000,,3658.0,8.95360125665005,7.045515218686623,5.267858159063328,3.367295829986474,Lille,2025
2459E0393930O,2459E0393930O,50.614119993111224,3.074548049560359,6746.7,1001.0,2024.0099999999998,198.0,29.0,D,C,50 Rue Armand Carrel 59000 Lille,50,Rue Armand Carrel,59000.0,Lille,59350_0363_00050,50 Rue Armand Carrel / 60 rue du jardin des plantes,Lille,59000,,3658.0,8.816956985060518,6.90975328164481,5.293304824724492,3.4011973816621555,Lille,2025
2459E0395106U,2459E0395106U,50.614119993111224,3.074548049560359,5100.0,758.2,1530.0,212.0,31.0,D,C,50 Rue Armand Carrel 59000 Lille,50,Rue Armand Carrel,59000.0,Lille,59350_0363_00050,50 Rue Armand Carrel / 60 rue du jardin des plantes,Lille,59000,,3658.0,8.537191877922927,6.632265247295718,5.3612921657094255,3.4657359027997265,Lille,2025
2459E0393854Q,2459E0393854Q,50.614119993111224,3.074548049560359,9534.3,1412.0,2860.2899999999995,186.0,27.0,D,C,50 Rue Armand Carrel 59000 Lille,50,Rue Armand Carrel,59000.0,Lille,59350_0363_00050,50 Rue Armand Carrel / 60 rue du jardin des plantes,Lille,59000,,3658.0,9.162755980570507,7.253470382684528,5.231108616854587,3.332204510175204,Lille,2025
2459E0394327V,2459E0394327V,50.614119993111224,3.074548049560359,5758.7,855.3,1727.61,205.0,30.0,D,C,50 Rue Armand Carrel 59000 Lille,50,Rue Armand Carrel,59000.0,Lille,59350_0363_00050,50 Rue Armand Carrel / 60 rue du jardin des plantes,Lille,59000,,3658.0,8.658640669000219,6.752620782032146,5.327876168789581,3.4339872044851463,Lille,2025
2459E0393879P,2459E0393879P,50.614119993111224,3.074548049560359,4441.4,661.1,1332.4199999999998,222.0,33.0,D,C,50 Rue Armand Carrel 59000 Lille,50,Rue Armand Carrel,59000.0,Lille,59350_0363_00050,50 Rue Armand Carrel / 60 rue du jardin des plantes,Lille,59000,,3658.0,8.398950049927397,6.495416601930801,5.407171771460119,3.5263605246161616,Lille,2025
2459E1645379F,2459E1645379F,50.64494596068031,3.0585429599927374,13788.4,1036.2,4136.5199999999995,98.0,7.0,D,B,38 Rue de Jemmapes 59800 Lille,38,Rue de Jemmapes,59800.0,Lille,59350_5031_00038,38 Rue de Jemmapes,Lille,59800,,5000.0,9.531655460051066,6.944280053664509,4.59511985013459,2.0794415416798357,Lille,2025
2459E0393749P,2459E0393749P,50.614119993111224,3.074548049560359,4441.4,661.1,1332.4199999999998,222.0,33.0,D,C,50 Rue Armand Carrel 59000 Lille,50,Rue Armand Carrel,59000.0,Lille,59350_0363_00050,50 Rue Armand Carrel / 60 rue du jardin des plantes,Lille,59000,,3658.0,8.398950049927397,6.495416601930801,5.407171771460119,3.5263605246161616,Lille,2025
2459E0394266M,2459E0394266M,50.614119993111224,3.074548049560359,11064.4,1637.0,3319.3199999999997,181.0,26.0,D,C,50 Rue Armand Carrel 59000 Lille,50,Rue Armand Carrel,59000.0,Lille,59350_0363_00050,50 Rue Armand Carrel / 60 rue du jardin des plantes,Lille,59000,,3658.0,9.311578401854348,7.401231264413015,5.204006687076795,3.295836866004329,Lille,2025
2459E0395012E,2459E0395012E,50.614119993111224,3.074548049560359,6582.0,976.7,1974.6,199.0,29.0,D,C,50 Rue Armand Carrel 59000 Lille,50,Rue Armand Carrel,59000.0,Lille,59350_0363_00050,50 Rue Armand Carrel / 60 rue du jardin des plantes,Lille,59000,,3658.0,8.792245847467877,6.885202874511625,5.298317366548036,3.4011973816621555,Lille,2025
2459E0394475N,2459E0394475N,50.614119993111224,3.074548049560359,7076.0,1049.6,2122.7999999999997,196.0,29.0,D,C,50 Rue Armand Carrel 59000 Lille,50,Rue Armand Carrel,59000.0,Lille,59350_0363_00050,50 Rue Armand Carrel / 60 rue du jardin des plantes,Lille,59000,,3658.0,8.864605368075784,6.957116708519861,5.2832037287379885,3.4011973816621555,Lille,2025
2459E0394856E,2459E0394856E,50.614119993111224,3.074548049560359,10452.4,1547.0,3135.72,183.0,27.0,D,C,50 Rue Armand Carrel 59000 Lille,50,Rue Armand Carrel,59000.0,Lille,59350_0363_00050,50 Rue Armand Carrel / 60 rue du jardin des plantes,Lille,59000,,3658.0,9.254682563326918,7.344719054149673,5.214935757608986,3.332204510175204,Lille,2025
2459E0395065F,2459E0395065F,50.614119993111224,3.074548049560359,4935.4,733.9,1480.62,214.0,31.0,D,C,50 Rue Armand Carrel 59000 Lille,50,Rue Armand Carrel,59000.0,Lille,59350_0363_00050,50 Rue Armand Carrel / 60 rue du jardin des plantes,Lille,59000,,3658.0,8.504391599579028,6.599734435534826,5.3706380281276624,3.4657359027997265,Lille,2025
2459E0395051R,2459E0395051R,50.614119993111224,3.074548049560359,6911.4,1025.3,2073.4199999999996,197.0,29.0,D,C,50 Rue Armand Carrel 59000 Lille,50,Rue Armand Carrel,59000.0,Lille,59350_0363_00050,50 Rue Armand Carrel / 60 rue du jardin des plantes,Lille,59000,,3658.0,8.841072179179836,6.933715380651669,5.288267030694535,3.4011973816621555,Lille,2025
2459E0374993F,2459E0374993F,50.614119993111224,3.074548049560359,716528.5,106269.0,214958.55,195.0,29.0,D,C,50 Rue Armand Carrel 59000 Lille,50,Rue Armand Carrel,59000.0,Lille,59350_0363_00050,50 Rue Armand Carrel,Lille,59000,,3658.0,13.482174697768471,11.57373830436674,5.278114659230517,3.4011973816621555,Lille,2025
2459E0394902Y,2459E0394902Y,50.614119993111224,3.074548049560359,7076.0,1049.6,2122.7999999999997,196.0,29.0,D,C,50 Rue Armand Carrel 59000 Lille,50,Rue Armand Carrel,59000.0,Lille,59350_0363_00050,50 Rue Armand Carrel / 60 rue du jardin des plantes,Lille,59000,,3658.0,8.864605368075784,6.957116708519861,5.2832037287379885,3.4011973816621555,Lille,2025
2459E0393970C,2459E0393970C,50.614119993111224,3.074548049560359,7734.7,1146.7,2320.41,193.0,28.0,D,C,50 Rue Armand Carrel 59000 Lille,50,Rue Armand Carrel,59000.0,Lille,59350_0363_00050,50 Rue Armand Carrel / 60 rue du jardin des plantes,Lille,59000,,3658.0,8.95360125665005,7.045515218686623,5.267858159063328,3.367295829986474,Lille,2025
2459E1489637D,2459E1489637D,50.63130102611267,3.10340504964049,5732.8,1245.8,1719.84,127.0,27.0,C,C,65 Rue du Bois d'Annappes 59800 Lille,65,Rue du Bois d'Annappes,59800.0,Lille,59350_0938_00065,65 rue du bois d'Annapes,Lille,59800,,395.0,8.654133766169851,7.128335547893182,4.852030263919617,3.332204510175204,Lille,2025
2459E0395081V,2459E0395081V,50.614119993111224,3.074548049560359,9993.4,1479.5,2998.02,185.0,27.0,D,C,50 Rue Armand Carrel 59000 Lille,50,Rue Armand Carrel,59000.0,Lille,59350_0363_00050,50 Rue Armand Carrel / 60 rue du jardin des plantes,Lille,59000,,3658.0,9.20978021511762,7.300135147541646,5.225746673713202,3.332204510175204,Lille,2025
2459E1489636C,2459E1489636C,50.63130102611267,3.10340504964049,7548.5,1639.2,2264.5499999999997,130.0,28.0,C,C,65 Rue du Bois d'Annappes 59800 Lille,65,Rue du Bois d'Annappes,59800.0,Lille,59350_0938_00065,65 rue du bois d'Annapes,Lille,59800,,395.0,8.929236614884525,7.402573464602311,4.875197323201151,3.367295829986474,Lille,2025
2159E0236463A,2159E0236463A,50.627665003300564,3.0549860008976375,7279.1,555.0,2183.73,111.0,8.0,E,B,65 Rue de Flandres 59000 Lille,65,Rue de Flandres,59000.0,Lille,59350_3423_00065,"02000007
65 Rue de Flandre",Lille,59000,1978.0,,8.892899877360126,6.320768294250582,4.718498871295094,2.1972245773362196,Lille,2025
2159E0318844N,2159E0318844N,50.627344991171036,3.0549560220828686,7461.8,1591.4,2238.54,142.0,30.0,D,D,2 Rue de Bone 59000 Lille,2,Rue de Bone,59000.0,Lille,59350_0988_00002,"01720007
2 Rue de Bône",Lille,59000,1989.0,,8.917685957897843,7.372997591126162,4.962844630259907,3.4339872044851463,Lille,2025
2159E0813839U,2159E0813839U,50.6467519904033,3.0570210088482956,3267.2,203.6,980.1599999999999,80.3,5.0,D,D,55 Rue Saint Sebastien 59800 Lille,55,Rue Saint Sebastien,59800.0,Lille,59350_8069_00055,55 Rue Saint Sebastien,Lille,59800,2010.0,40.7,8.091994653617684,5.321056853517526,4.398146016553765,1.791759469228055,Lille,2025
2159E0385698V,2159E0385698V,50.62723903216653,3.055497965076419,9258.3,2002.1,2777.49,185.0,40.0,D,D,32 Rue Manuel 59000 Lille,32,Rue Manuel,59000.0,Lille,59350_5846_00032,"01720024
32 Rue Manuel",Lille,59000,1989.0,,9.133383730830374,7.602451259531933,5.225746673713202,3.713572066704308,Lille,2025
2159E0670244X,2159E0670244X,50.631631339392634,3.0878312412795403,3549.1,266.2,1064.73,142.5,10.6,E,B,24 Rue du Long Pot 59800 Lille,24,Rue du Long Pot,59800.0,Lille,59350_5665_00024,24 RUE DU LONG POT,Lille,59800,1930.0,,8.174731051086807,5.58799744166249,4.966335035199676,2.451005098112319,Lille,2025
2159E0847038R,2159E0847038R,50.63948002091878,3.0681399463277232,17650.4,3926.2,5295.12,368.6,82.0,F,F,52 Boulevard Carnot 59800 Lille,52,Boulevard Carnot,59800.0,Lille,59350_1302_00052,52 Boulevard Carnot,Lille,59800,1964.0,47.9,9.778570379329084,8.275681982743842,5.912421339767529,4.418840607796598,Lille,2025
2159E0154362H,2159E0154362H,50.621626008977564,3.044309979703784,30089.3,2346.3,9026.789999999999,334.0,26.0,G,C,8 Rue dâ€™Hondschoote 59000 Lille,8,Rue dâ€™Hondschoote,59000.0,Lille,59350_4523_00008,8 Rue d’Hondschoote,Lille,59000,1947.0,,10.311958139664121,7.761021010434842,5.814130531825066,3.295836866004329,Lille,2025
2159E0668674N,2159E0668674N,50.630347972898136,3.059830944569788,5989.2,433.8,1796.76,77.0,5.0,C,A,19 Rue dâ€™Inkermann 59000 Lille,19,Rue dâ€™Inkermann,59000.0,Lille,59350_4686_00019,19 Rue d’Inkermann,Lille,59000,1948.0,,8.697880079533732,6.0748861552470546,4.356708826689592,1.791759469228055,Lille,2025
2159E0348187C,2159E0348187C,50.61677482678943,3.029682188031738,24744.6,5100.8,7423.379999999999,163.9,33.7,D,D,35 Rue d’Emmerin 59000 Lille,35,Rue d’Emmerin,59000.0,Lille,59350_3101_00035,35 RUE D'EMMERIN,Lille,59000,1930.0,,10.116402974414717,8.537348697619802,5.105339229565553,3.5467396869528134,Lille,2025
2159E0153113G,2159E0153113G,50.61747598207983,3.0739959824265353,6746.9,1440.7,2024.0699999999997,103.8,22.1,C,C,5 Rue Armand Carrel 59000 Lille,5,Rue Armand Carrel,59000.0,Lille,59350_0363_00005,5 Rue Armand Carrel,Lille,59000,1995.0,65.0,8.816986624350363,7.273578251817858,4.6520537718869415,3.139832617527748,Lille,2025
2159E0423423U,2159E0423423U,50.631631339392634,3.0878312412795403,7689.5,573.7,2306.85,171.8,12.8,F,C,24 Rue du Long Pot 59800 Lille,24,Rue du Long Pot,59800.0,Lille,59350_5665_00024,24 RUE DU LONG POT,Lille,59800,1930.0,200.0,8.947741079891864,6.353848165513696,5.152134856369956,2.624668592163159,Lille,2025
2159E0517089I,2159E0517089I,50.65331402867986,3.090020048967506,28663.8,5994.8,8599.14,220.0,46.0,E,D,183 Rue du Buisson 59800 Lille,183,Rue du Buisson,59800.0,Lille,59350_1194_00183,183 Rue du Buisson,Lille,59800,1948.0,,10.263425168168308,8.698814503095798,5.3981627015177525,3.8501476017100584,Lille,2025
2159E0868300L,2159E0868300L,50.61814300170248,3.0603300158026054,7778.1,576.1,2333.43,162.0,12.0,F,F,90 Rue de Bapaume 59000 Lille,90,Rue de Bapaume,59000.0,Lille,59350_0531_00090,90 Rue de Bapaume,Lille,59000,1945.0,48.0,8.959195929246913,6.358015561716921,5.093750200806762,2.5649493574615367,Lille,2025
2159E0508543Q,2159E0508543Q,50.61863198276085,3.078385043851048,10267.5,2457.0,3080.25,163.0,39.0,D,D,6 Rue Maxime Gorki 59000 Lille,6,Rue Maxime Gorki,59000.0,Lille,59350_6027_00006,6 Rue Maxime Gorki,Lille,59000,1980.0,63.0,9.236836235780148,7.80710329012598,5.099866427824199,3.6888794541139363,Lille,2025
2159E0423107Q,2159E0423107Q,50.631631339392634,3.0878312412795403,5445.7,407.4,1633.7099999999998,218.7,16.3,G,C,24 Rue du Long Pot 59800 Lille,24,Rue du Long Pot,59800.0,Lille,59350_5665_00024,24 RUE DU LONG POT,Lille,59800,1930.0,,8.602765199678197,6.01224708629051,5.392262979390565,2.8507065015037334,Lille,2025
2159E0152866T,2159E0152866T,50.62127700685724,3.0624360191701534,6438.1,1252.0,1931.43,123.8,24.0,D,D,22 Rue de Seclin 59000 Lille,22,Rue de Seclin,59000.0,Lille,59350_8259_00022,22 22 rue de seclin 42,Lille,59000,1994.0,52.0,8.770144057779445,7.133295954896068,4.826712455935327,3.2188758248682006,Lille,2025
2159E0958045E,2159E0958045E,50.639797993190236,3.0916809680221364,30617.1,6768.0,9185.13,212.6,47.0,D,D,24 Rue Chappe 59800 Lille,24,Rue Chappe,59800.0,Lille,59350_1477_00024,24 rue Chateaubriand,Lille,59800,1945.0,144.0,10.329346616339341,8.820108644508608,5.36410510708604,3.871201010907891,Lille,2025
2159E0151399I,2159E0151399I,50.62082800754649,3.076991033861568,5720.0,1093.0,1716.0,130.0,24.8,D,D,21 Rue Desaix 59000 Lille,21,Rue Desaix,59000.0,Lille,59350_2441_00021,13 /21 rue Desaix,Lille,59000,1992.0,44.0,8.651898894268529,6.9975959829819265,4.875197323201151,3.250374491927572,Lille,2025
2159E0669951Q,2159E0669951Q,50.631631339392634,3.0878312412795403,4810.9,361.1,1443.2699999999998,107.5,8.0,D,B,24 Rue du Long Pot 59800 Lille,24,Rue du Long Pot,59800.0,Lille,59350_5665_00024,24 RUE DU LONG POT,Lille,59800,1930.0,,8.478847295498749,5.891920416771596,4.686750172980514,2.1972245773362196,Lille,2025
2159E0871584T,2159E0871584T,50.62192500190949,3.0530910354475087,4181.6,309.2,1254.48,143.0,10.0,E,B,173 Rue des Postes 59000 Lille,173,Rue des Postes,59000.0,Lille,59350_7099_00173,173 Rue des Postes,Lille,59000,1947.0,,8.338688341720408,5.737217250742439,4.969813299576001,2.3978952727983707,Lille,2025
2159E0518044B,2159E0518044B,50.62603198294703,3.102681020548716,15240.9,3312.7,4572.2699999999995,208.0,45.0,D,D,12 Rue des Forgerons 59260 Lille,12,Rue des Forgerons,59260.0,Lille,59350_3508_00012,12 Rue des Forgerons,Lille,59260,1948.0,,9.63180349338575,8.105820668843606,5.342334251964811,3.828641396489095,Lille,2025
2159E1000712F,2159E1000712F,50.63487402414321,3.048159978505118,19842.2,4341.1,5952.66,220.0,48.0,D,D,21b Rue de Solferino 59000 Lille,21b,Rue de Solferino,59000.0,Lille,59350_8364_00021_b,21b Rue de Solferino,Lille,59000,1948.0,3846.0,9.895616658155559,8.376113381034385,5.3981627015177525,3.8918202981106265,Lille,2025
2159E0319204J,2159E0319204J,50.6272210230546,3.0535929797948773,23308.2,5161.5,6992.46,339.0,75.0,F,F,71 Rue de Flandres 59000 Lille,71,Rue de Flandres,59000.0,Lille,59350_3423_00071,"01910002
71 Rue de Flandre",Lille,59000,1989.0,,10.056603411406536,8.549176237269288,5.8289456176102075,4.330733340286331,Lille,2025
2159E0030597C,2159E0030597C,50.61866597663804,3.0568390370605742,9057.9,1629.1,2717.37,164.0,29.0,D,C,6 Rue Henri Nogueres 59000 Lille,6,Rue Henri Nogueres,59000.0,Lille,59350_4478_00006,"01150003
6 Rue Henri NoguÃ¨res",Lille,59000,1947.0,,9.111502978862362,7.396396641612244,5.10594547390058,3.4011973816621555,Lille,2025
2159E0156588X,2159E0156588X,50.61470232603601,3.027010671172532,26786.8,6016.2,8036.039999999999,352.5,79.1,F,F,81 Rue de l’Epinette 59000 Lille,81,Rue de l’Epinette,59000.0,Lille,59350_3141_00081,81 RUE DE L'EPINETTE,Lille,59000,1930.0,,10.195701838972504,8.70237731382367,5.867883485336628,4.383275854074314,Lille,2025
2159E0154330B,2159E0154330B,50.621626008977564,3.044309979703784,8177.5,615.2,2453.25,90.0,6.0,D,B,8 Rue dâ€™Hondschoote 59000 Lille,8,Rue dâ€™Hondschoote,59000.0,Lille,59350_4523_00008,8 Rue d’Hondschoote,Lille,59000,1947.0,,9.00926403869858,6.423571586162567,4.51085950651685,1.9459101490553132,Lille,2025
2159E0627141C,2159E0627141C,50.635324985152394,3.060089038598184,5510.1,384.2,1653.03,114.7,8.0,E,E,70 Rue de l'Hopital Militaire 59800 Lille,70,Rue de l'Hopital Militaire,59800.0,Lille,59350_4534_00070,70 Rue de l'Hopital Militaire,Lille,59800,1945.0,48.0,8.614519519245734,5.953762679923971,4.751000634199631,2.1972245773362196,Lille,2025
2159E0512042F,2159E0512042F,50.64454601431432,3.0547380227095173,52724.0,16931.9,15817.199999999999,881.2,283.0,G,G,118 Rue Royale 59800 Lille,118,Rue Royale,59800.0,Lille,59350_7649_00118,118 Rue Royale,Lille,59800,1945.0,59.8,10.872845005346976,9.73701375401984,6.7824187876708395,5.648974238161206,Lille,2025
2259E1241552I,2259E1241552I,50.640448022150196,3.060424977981772,5144.6,382.3,1543.38,143.0,10.0,E,B,17 Rue des Trois Mollettes 59800 Lille,17,Rue des Trois Mollettes,59800.0,Lille,59350_8774_00017,"17 rue des illets 
Appt 1, RDC",Lille,59800,,,8.545897259544592,5.948817972386509,4.969813299576001,2.3978952727983707,Lille,2025
2259E0106312G,2259E0106312G,50.64411598697335,3.090107997516989,6448.9,480.0,1934.6699999999998,105.0,7.0,D,B,21 Rue Fermat 59800 Lille,21,Rue Fermat,59800.0,Lille,59350_3381_00021,21 Rue Fermat,Lille,59800,1948.0,,8.771819905793663,6.175867270105761,4.663439094112067,2.0794415416798357,Lille,2025
2259E0433648C,2259E0433648C,50.647286967386854,3.003400017821421,10188.7,766.7,3056.61,103.0,7.0,D,B,662 Avenue de Dunkerque (Lomme) 59000 Lille,662,Avenue de Dunkerque (Lomme),59000.0,Lille,59355_0510_00662,662 Avenue de Dunkerque (Lomme),Lille,59000,1947.0,,9.22913268515532,6.6433990318338525,4.6443908991413725,2.0794415416798357,Lille,2025
2259E1047648M,2259E1047648M,50.64581501505375,2.9845200621005534,20734.4,4264.5,6220.320000000001,218.0,44.0,E,D,11 Place du Marechal Leclerc (Lomme) 59000 Lille,11,Place du Marechal Leclerc (Lomme),59000.0,Lille,59355_1380_00011,7-9-11 Place Maréchal Leclerc,Lille,59000,,1809.0,9.939597663548186,8.35831468634875,5.389071729816501,3.8066624897703196,Lille,2025
2259E0742384O,2259E0742384O,50.605390959246606,3.0541009434159734,6617.7,1420.6,1985.31,142.0,30.0,D,D,205 Rue Marie Pape Carpantier 59000 Lille,205,Rue Marie Pape Carpantier,59000.0,Lille,59350_5924_00205,205 Rue Marie Pape Carpantier,Lille,59000,2006.0,,8.797654255024677,7.259538276840441,4.962844630259907,3.4339872044851463,Lille,2025
2259E0773300Q,2259E0773300Q,50.61561099298726,3.0301400702768184,20308.3,4558.0,6092.49,383.2,86.0,F,F,3 Rue de Norvege 59000 Lille,3,Rue de Norvege,59000.0,Lille,59350_6418_00003,3 rue de Norvège,Lille,59000,1961.0,,9.918834188200067,8.424858580213442,5.9511632503344565,4.465908118654584,Lille,2025
2259E0725095P,2259E0725095P,50.62180095686326,3.092700944586992,5661.1,417.6,1698.3300000000002,140.0,10.0,E,B,18 Rue de Saint Amand 59800 Lille,18,Rue de Saint Amand,59800.0,Lille,59350_7694_00018,18 rue de Saint-Amand,Lille,59800,1948.0,,8.641550127119555,6.0369158100119,4.948759890378168,2.3978952727983707,Lille,2025
2259E0374325L,2259E0374325L,50.61453995745096,3.0286970298979687,13607.2,3025.5,4082.16,146.0,32.0,D,D,117 Rue Destailleurs 59000 Lille,117,Rue Destailleurs,59000.0,Lille,59350_2541_00117,117 Rue Destailleurs,Lille,59000,1947.0,,9.518427831204614,8.015162115331742,4.990432586778736,3.4965075614664802,Lille,2025
2259E0949027J,2259E0949027J,50.6272210230546,3.0535929797948773,15273.4,3340.5,4582.0199999999995,224.0,49.0,D,D,71 Rue de Flandres 59000 Lille,71,Rue de Flandres,59000.0,Lille,59350_3423_00071,71 Rue de Flandre,Lille,59000,,,9.633933503399255,8.114175086951125,5.41610040220442,3.912023005428146,Lille,2025
2259E0361173P,2259E0361173P,50.62227402302085,3.0363940576063415,2384.4,168.3,715.32,101.0,7.0,D,B,75 Rue dâ€ Isly 59000 Lille,75,Rue dâ€ Isly,59000.0,Lille,59350_4706_00075,"Résidence Haussman
75 Rue d'Isly",Lille,59000,1947.0,,7.777122104144569,5.13167228913909,4.624972813284271,2.0794415416798357,Lille,2025
2259E0257468Y,2259E0257468Y,50.6261189899762,3.1113720125751216,2351.1,168.4,705.3299999999999,146.0,10.0,E,B,212 Rue Roger Salengro (Hellemmes-Lille) 59260 Lille,212,Rue Roger Salengro (Hellemmes-Lille),59260.0,Lille,59350_7554_00212,212 Rue Roger Salengro (Hellemmes-Lille),Lille,59260,1947.0,,7.763063825121498,5.132262782217954,4.990432586778736,2.3978952727983707,Lille,2025
2259E0206572K,2259E0206572K,50.62733702657398,3.050903966902222,2493.8,179.1,748.14,89.0,6.0,D,A,12 Rue du Marche 59000 Lille,12,Rue du Marche,59000.0,Lille,59350_5893_00012,12 Rue du Marche,Lille,59000,1947.0,,7.821963844651967,5.19351225218191,4.499809670330265,1.9459101490553132,Lille,2025
2259E0455195V,2259E0455195V,50.62906496334702,3.0508629670797873,3632.7,268.2,1089.81,157.0,11.0,E,B,97 Rue de Ratisbonne 59800 Lille,97,Rue de Ratisbonne,59800.0,Lille,59350_7399_00097,97 Rue de Ratisbonne,Lille,59800,1947.0,,8.198006691888496,5.595454597770573,5.062595033026967,2.4849066497880004,Lille,2025
2259E0853444C,2259E0853444C,50.627665003300564,3.0549860008976375,5364.2,394.6,1609.26,116.0,8.0,E,B,65 Rue de Flandres 59000 Lille,65,Rue de Flandres,59000.0,Lille,59350_3423_00065,65 Rue de Flandre,Lille,59000,1989.0,,8.587688933027936,5.980403599748557,4.762173934797756,2.1972245773362196,Lille,2025
2259E0131575X,2259E0131575X,50.62994402453914,3.0624119430143875,3472.2,224.1,1041.6599999999999,108.5,7.0,D,B,18 Rue Gauthier de Chatillon 59000 Lille,18,Rue Gauthier de Chatillon,59000.0,Lille,59350_3806_00018,18 Rue Gauthier de Chatillon,Lille,59000,1945.0,,8.15283163818649,5.4165447479126865,4.695924549256556,2.0794415416798357,Lille,2025
2259E0301165P,2259E0301165P,50.6247500360745,3.0464230205850553,7161.0,539.5,2148.2999999999997,137.0,10.0,E,B,53 Rue des Sarrazins 59000 Lille,53,Rue des Sarrazins,59000.0,Lille,59350_8224_00053,53 Rue des Sarrazins,Lille,59000,1948.0,,8.876544550558378,6.292494637079263,4.927253685157205,2.3978952727983707,Lille,2025
2259E0241772G,2259E0241772G,50.63508496586541,3.0697890591260655,17939.3,3916.8,5381.79,206.1,45.0,D,D,23 Rue du Molinel (Lille) 59800 Lille,21/23,Rue du Molinel (Lille),59800.0,Lille,59350_6170_00023,21/23 Rue du Molinel (Lille),Lille,59800,1900.0,87.0,9.794804857880996,8.2732855507493,5.333201768401539,3.828641396489095,Lille,2025
2259E0418846U,2259E0418846U,50.62854200503776,3.0614320143716016,10577.1,2072.5,3173.13,357.0,70.0,G,E,57 Rue Nicolas Leblanc 59000 Lille,57,Rue Nicolas Leblanc,59000.0,Lille,59350_6394_00057,57 Rue Nicolas Leblanc,Lille,59000,1947.0,361.0,9.266541105164148,7.636993279686436,5.8805329864007,4.2626798770413155,Lille,2025
2259E0358696I,2259E0358696I,50.63892796875239,3.0648810058422993,2576.8,185.4,773.0400000000001,128.0,9.0,D,B,29 Rue de la Clef 59800 Lille,29,Rue de la Clef,59800.0,Lille,59350_1726_00029,29 Rue de la Clef,Lille,59800,1947.0,,7.854691600970679,5.2278949022514904,4.859812404361672,2.302585092994046,Lille,2025
2259E1100064M,2259E1100064M,50.625615999283774,3.1004029459139364,9750.7,2163.8,2925.21,162.0,35.0,D,D,21 Rue Dordin 59260 Lille,21,Rue Dordin,59260.0,Lille,59350_2769_00021,"21 Rue Dordin
Maison n°9",Lille,59260,,,9.185196907767493,7.680083257416523,5.093750200806762,3.58351893845611,Lille,2025
2259E1460229Z,2259E1460229Z,50.62443400395347,3.0652709922688515,7078.9,501.1,2123.6699999999996,127.1,9.0,E,B,162 Rue Barthelemy Delespaul 59000 Lille,162,Rue Barthelemy Delespaul,59000.0,Lille,59350_0594_00162,162 Rue Barthelemy Delespaul,Lille,59000,1945.0,55.7,8.865015062294232,6.21879930304066,4.852811208902689,2.302585092994046,Lille,2025
2259E0176566I,2259E0176566I,50.64032497701883,3.0578049952502995,3873.7,276.6,1162.11,96.0,6.0,D,B,40 Rue Royale 59800 Lille,40,Rue Royale,59800.0,Lille,59350_7649_00040,40 Rue Royale,Lille,59800,1948.0,,8.262223519435576,5.62618122863265,4.574710978503383,1.9459101490553132,Lille,2025
2259E1241613R,2259E1241613R,50.640448022150196,3.060424977981772,5144.6,382.3,1543.38,143.0,10.0,E,B,17 Rue des Trois Mollettes 59800 Lille,17,Rue des Trois Mollettes,59800.0,Lille,59350_8774_00017,"17 rue des illets 
Appt 1, RDC",Lille,59800,,,8.545897259544592,5.948817972386509,4.969813299576001,2.3978952727983707,Lille,2025
2259E0257217H,2259E0257217H,50.6261189899762,3.1113720125751216,2096.2,151.3,628.8599999999999,131.0,9.0,D,B,212 Rue Roger Salengro (Hellemmes-Lille) 59260 Lille,212,Rue Roger Salengro (Hellemmes-Lille),59260.0,Lille,59350_7554_00212,212 Rue Roger Salengro (Hellemmes-Lille),Lille,59260,1947.0,,7.648358400698378,5.025852259901116,4.882801922586371,2.302585092994046,Lille,2025
2259E0329619Z,2259E0329619Z,50.63796800829512,3.056407049914365,11032.4,2385.7,3309.72,173.0,37.0,D,D,3 Square des Madelonnettes 59800 Lille,3,Square des Madelonnettes,59800.0,Lille,59350_5775_00003,29/3 Square des Madelonnettes,Lille,59800,1978.0,,9.308682314974863,7.7776669376694985,5.159055299214529,3.6375861597263857,Lille,2025
2159E1038379Y,2159E1038379Y,50.632154988451155,3.057660980676163,3648.7,254.9,1094.61,128.8,9.0,E,B,74 Rue Jean Sans Peur 59800 Lille,74,Rue Jean Sans Peur,59800.0,Lille,59350_4954_00074,74 Rue Jean Sans Peur,Lille,59800,1961.0,28.3,8.202400251417785,5.544786743165743,4.86599480426999,2.302585092994046,Lille,2025
2459E2932643J,2459E2932643J,50.61362996938978,3.073821058552619,9993.4,809.8,2998.02,185.0,14.0,D,C,60 Rue du Jardin des Plantes 59000 Lille,60,Rue du Jardin des Plantes,59000.0,Lille,59350_4797_00060,50 Rue Armand Carrel / 60 rue du jardin des plantes,Lille,59000,1991.0,3658.0,9.20978021511762,6.698021414577845,5.225746673713202,2.70805020110221,Lille,2025
2459E3241492E,2459E3241492E,50.617724004193235,3.092508067262955,6856.0,1437.7,2056.7999999999997,97.0,20.0,C,C,290 Allee des Peupliers 59000 Lille,290,Allee des Peupliers,59000.0,Lille,59350_4p7ft1_00290,278-290 Rue des Peupliers,Lille,59800,,3466.0,8.833025307284364,7.271495207042987,4.584967478670572,3.044522437723423,Lille,2025
2559E0892408V,2559E0892408V,50.629739015168475,3.0532409545662875,9570.9,687.2,2871.27,173.0,12.0,F,C,50 Rue Ratisbonne 59800 Lille,50,Rue Ratisbonne,59800.0,Lille,59350_7399_00050,30 bis Rue Ratisbonne,Lille,59800,,226.0,9.166587001836207,6.53407949336338,5.159055299214529,2.5649493574615367,Lille,2025
2459E3239404W,2459E3239404W,50.632316991637744,3.1020130532794306,8193.0,1716.9,2457.9,99.0,20.0,C,C,Rue Desaugiers 59800 Lille,,Rue Desaugiers,59800.0,Lille,59350_2444,190 -216 Rue des Peupliers,Lille,59800,,2346.0,9.011157458106817,7.4488578936323995,4.605170185988092,3.044522437723423,Lille,2025
2459E3617565N,2459E3617565N,50.627361959678865,3.0535019873040365,7725.7,1613.4,2317.71,96.0,20.0,C,C,56 Rue de Flandre 59000 Lille,56,Rue de Flandre,59000.0,Lille,59350_3423_00056,54-56 rue de Flandre et 17 rue de la vielle aventure,Lille,59000,1997.0,3387.3,8.952437142280175,7.386718649599344,4.574710978503383,3.044522437723423,Lille,2025
2559E1375554J,2559E1375554J,50.62928201175829,3.055362938647215,54446.4,9063.0,16333.92,214.4,35.6,E,D,9 Rue Henri Kolb 59000 Lille,9,Rue Henri Kolb,59000.0,Lille,59350_4469_00009,9 Henri Kolb,Lille,59000,1948.0,254.0,10.90499037699146,9.112065802707843,5.372496764722288,3.6000482404073204,Lille,2025
2559E0156383E,2559E0156383E,50.637000965027894,3.0224240346094837,111623.1,8094.8,33486.93,110.1,7.9,E,B,38 Rue du Marais de Lomme 59000 Lille,38,Rue du Marais de Lomme,59000.0,Lille,59350_5860_00038,38 Rue du Marais de Lomme,Lille,59000,1978.0,1014.0,11.62289225543633,8.999100687664797,4.7104306966455844,2.186051276738094,Lille,2025
2459E3241450O,2459E3241450O,50.617724004193235,3.092508067262955,9672.7,2037.6,2901.81,108.0,22.0,C,C,290 Allee des Peupliers 59000 Lille,290,Allee des Peupliers,59000.0,Lille,59350_4p7ft1_00290,278-290 Rue des Peupliers,Lille,59800,,3466.0,9.177166141944873,7.620018576734313,4.6913478822291435,3.1354942159291497,Lille,2025
2459E3207264S,2459E3207264S,50.632316991637744,3.1020130532794306,9623.3,2032.6,2886.99,108.0,22.0,C,C,Rue Desaugiers 59800 Lille,,Rue Desaugiers,59800.0,Lille,59350_2444,342-356 Rue des Peupliers,Lille,59800,,2624.0,9.1720464292385,7.61756290043519,4.6913478822291435,3.1354942159291497,Lille,2025
2459E3628624W,2459E3628624W,50.649787960212905,3.0976100566550615,8093.2,1746.7,2427.96,115.0,24.0,C,C,74c Rue Emile Vandenberghe 59800 Lille,74c,Rue Emile Vandenberghe,59800.0,Lille,59350_3092_00074_c,74C Rue Émile Vandenberghe,Lille,59800,1976.0,2264.1,8.99890303479201,7.466055916772316,4.7535901911063645,3.2188758248682006,Lille,2025
2459E2932485H,2459E2932485H,50.61362996938978,3.073821058552619,4935.4,400.6,1480.62,214.0,17.0,D,C,60 Rue du Jardin des Plantes 59000 Lille,60,Rue du Jardin des Plantes,59000.0,Lille,59350_4797_00060,50 Rue Armand Carrel / 60 rue du jardin des plantes,Lille,59000,1991.0,3658.0,8.504391599579028,5.995456568377519,5.3706380281276624,2.8903717578961645,Lille,2025
2459E1949412U,2459E1949412U,50.63391700057749,3.0271899382914853,7567.4,1598.7,2270.22,108.9,23.0,C,C,24 Quai de l'Ouest 59000 Lille,24,Quai de l'Ouest,59000.0,Lille,59350_6530_00024,24 Quai de l'Ouest,Lille,59000,2012.0,69.5,8.931736963457606,7.37757139064755,4.699570861409576,3.1780538303479458,Lille,2025
2459E4617254C,2459E4617254C,50.63442795576693,3.0507580524534044,1862.1,137.8,558.63,34.4,2.5,B,A,13 Square Rameau 59800 Lille,13,Square Rameau,59800.0,Lille,59350_7364_00013,13 Square Rameau,Lille,59800,,485.1,7.529997046026308,4.933034048072704,3.5667118201397288,1.252762968495368,Lille,2025
2459E3617641L,2459E3617641L,50.627361959678865,3.0535019873040365,7630.0,1573.9,2289.0,81.0,16.0,C,C,56 Rue de Flandre 59000 Lille,56,Rue de Flandre,59000.0,Lille,59350_3423_00056,54-56 rue de Flandre et 17 rue de la vielle aventure,Lille,59000,1997.0,3387.3,8.939974177289633,7.361947057180535,4.406719247264253,2.833213344056216,Lille,2025
2559E0908873C,2559E0908873C,50.62214203504134,3.069396950299966,3519.0,718.4,1055.7,88.2,18.0,C,C,15 Rue Victor Duruy 59000 Lille,15,Rue Victor Duruy,59000.0,Lille,59350_9114_00015,15 Rue Victor Duruy,Lille,59000,2014.0,39.9,8.166216268592143,6.578417531261524,4.490881039585964,2.9444389791664403,Lille,2025
2459E2932329H,2459E2932329H,50.61362996938978,3.073821058552619,6911.4,560.5,2073.4199999999996,197.0,16.0,D,C,60 Rue du Jardin des Plantes 59000 Lille,60,Rue du Jardin des Plantes,59000.0,Lille,59350_4797_00060,50 Rue Armand Carrel / 60 rue du jardin des plantes,Lille,59000,1991.0,3658.0,8.841072179179836,6.3306117741784975,5.288267030694535,2.833213344056216,Lille,2025
2459E3628551B,2459E3628551B,50.649787960212905,3.0976100566550615,8153.8,1762.1,2446.14,119.0,25.0,C,C,74c Rue Emile Vandenberghe 59800 Lille,74c,Rue Emile Vandenberghe,59800.0,Lille,59350_3092_00074_c,74C Rue Émile Vandenberghe,Lille,59800,1976.0,2264.1,9.006361989922985,7.474828902286714,4.787491742782046,3.258096538021482,Lille,2025
2459E3341603P,2459E3341603P,50.63687203613646,3.0610459545515423,53599.4,3950.5,16079.82,85.1,6.2,D,B,19 Rue Saint-Étienne 59800 Lille,19,Rue Saint-Étienne,59800.0,Lille,59350_7759_00019,19 Rue Saint-Étienne,Lille,59800,1945.0,630.0,10.889311809717615,8.28185053264503,4.455509411433685,1.9740810260220096,Lille,2025
2459E3657647D,2459E3657647D,50.62496798536364,3.0552800246311302,49454.5,3786.1,14836.349999999999,145.5,11.1,F,C,110 Rue des Postes 59000 Lille,110,Rue des Postes,59000.0,Lille,59350_7099_00110,110 des Postes,Lille,59000,1945.0,340.0,10.808828554324027,8.239355833679381,4.987025428457122,2.4932054526026954,Lille,2025
2459E3617596S,2459E3617596S,50.627361959678865,3.0535019873040365,9749.7,2013.2,2924.9100000000003,82.0,17.0,C,C,56 Rue de Flandre 59000 Lille,56,Rue de Flandre,59000.0,Lille,59350_3423_00056,54-56 rue de Flandre et 17 rue de la vielle aventure,Lille,59000,1997.0,3387.3,9.185094356286559,7.6079773732140445,4.418840607796598,2.8903717578961645,Lille,2025
2459E2932405F,2459E2932405F,50.61362996938978,3.073821058552619,9993.4,809.8,2998.02,185.0,14.0,D,C,60 Rue du Jardin des Plantes 59000 Lille,60,Rue du Jardin des Plantes,59000.0,Lille,59350_4797_00060,50 Rue Armand Carrel / 60 rue du jardin des plantes,Lille,59000,1991.0,3658.0,9.20978021511762,6.698021414577845,5.225746673713202,2.70805020110221,Lille,2025
2459E3007649F,2459E3007649F,50.62701600107826,3.1095309798385733,5939.1,1292.0,1781.73,134.0,29.0,C,C,Rue Roger Salengro 59260 Lille,,Rue Roger Salengro,59260.0,Lille,59350_7554,"336 Rue Roger Salengro
SQUARE FLANDRE",Lille,59260,,1824.0,8.689481247231818,7.164720378771857,4.90527477843843,3.4011973816621555,Lille,2025
2459E4279224Y,2459E4279224Y,50.62144400753086,3.074499950820299,19484.5,4286.8,5845.349999999999,278.0,61.0,E,E,Rue de Trévise 59000 Lille,,Rue de Trévise,59000.0,Lille,59350_8749,72 Rue de Trévise,Lille,59000,,1805.0,9.87742587820827,8.363529059871832,5.631211781821365,4.127134385045092,Lille,2025
2459E3008863X,2459E3008863X,50.62701600107826,3.1095309798385733,7361.9,1601.0,2208.5699999999997,141.0,30.0,D,D,Rue Roger Salengro 59260 Lille,,Rue Roger Salengro,59260.0,Lille,59350_7554,"336 Rue Roger Salengro
SQUARE FLANDRE",Lille,59260,,1000.0,8.904209155855872,7.379008127628304,4.955827057601261,3.4339872044851463,Lille,2025
2459E3207258M,2459E3207258M,50.632316991637744,3.1020130532794306,5817.5,1222.0,1745.25,95.0,20.0,C,C,Rue Desaugiers 59800 Lille,,Rue Desaugiers,59800.0,Lille,59350_2444,342-356 Rue des Peupliers,Lille,59800,,2624.0,8.668797775548132,7.109062135687172,4.564348191467836,3.044522437723423,Lille,2025
2459E3617590M,2459E3617590M,50.627361959678865,3.0535019873040365,15228.7,3229.1,4568.61,130.0,27.0,C,C,56 Rue de Flandre 59000 Lille,56,Rue de Flandre,59000.0,Lille,59350_3423_00056,54-56 rue de Flandre et 17 rue de la vielle aventure,Lille,59000,1997.0,3387.3,9.631002747730657,8.080268375489782,4.875197323201151,3.332204510175204,Lille,2025
2559E0379933G,2559E0379933G,50.63340295794164,3.064403988131798,6184.7,464.3,1855.4099999999999,167.0,12.0,F,C,28 Rue d'Amiens 59800 Lille,28,Rue d'Amiens,59800.0,Lille,59350_0247_00028,28 Rue d'Amiens,Lille,59800,,,8.72999545546378,6.142682358850603,5.123963979403259,2.5649493574615367,Lille,2025
2559E0249798B,2559E0249798B,50.64386498410415,3.062140062801252,905069.9,66710.8,271520.97,111.5,8.2,E,B,Rue du Pont Neuf 59800 Lille,,Rue du Pont Neuf,59800.0,Lille,59350_7034,Rue du Pont Neuf,Lille,59800,1948.0,8120.0,13.715768562154883,11.10813712780094,4.722953221644475,2.2192034840549946,Lille,2025
2459E3241537X,2459E3241537X,50.617724004193235,3.092508067262955,9974.0,2103.1,2992.2,110.0,23.0,C,C,290 Allee des Peupliers 59000 Lille,290,Allee des Peupliers,59000.0,Lille,59350_4p7ft1_00290,278-290 Rue des Peupliers,Lille,59800,,3466.0,9.207837241758064,7.651643101245266,4.709530201312334,3.1780538303479458,Lille,2025
2459E3628594S,2459E3628594S,50.649787960212905,3.0976100566550615,7067.7,1517.9,2120.31,100.0,21.0,C,C,74c Rue Emile Vandenberghe 59800 Lille,74c,Rue Emile Vandenberghe,59800.0,Lille,59350_3092_00074_c,74C Rue Émile Vandenberghe,Lille,59800,1976.0,2264.1,8.86343186645303,7.325741667643973,4.61512051684126,3.091042453358316,Lille,2025
2459E3628532I,2459E3628532I,50.649787960212905,3.0976100566550615,8355.7,1807.1,2506.71,122.0,26.0,C,C,74c Rue Emile Vandenberghe 59800 Lille,74c,Rue Emile Vandenberghe,59800.0,Lille,59350_3092_00074_c,74C Rue Émile Vandenberghe,Lille,59800,1976.0,2264.1,9.030818891307547,7.500031849157108,4.812184355372417,3.295836866004329,Lille,2025
2459E3628572W,2459E3628572W,50.649787960212905,3.0976100566550615,7038.0,1511.3,2111.4,100.0,21.0,C,C,74c Rue Emile Vandenberghe 59800 Lille,74c,Rue Emile Vandenberghe,59800.0,Lille,59350_3092_00074_c,74C Rue Émile Vandenberghe,Lille,59800,1976.0,2264.1,8.85922139360813,7.321386949756695,4.61512051684126,3.091042453358316,Lille,2025
2559E0213579A,2559E0213579A,50.62284803329294,3.0607000644005216,3353.3,192.2,1005.99,52.3,3.0,C,A,Rue de Wazemmes 59000 Lille,,Rue de Wazemmes,59000.0,Lille,59350_9329,143 Rue de Wazemmes,Lille,59000,2017.0,64.1,8.117998383821432,5.263725921778417,3.975936331171799,1.3862943611198906,Lille,2025
2559E1106513Q,2559E1106513Q,50.63204003856591,3.0649110512409976,989828.8,91610.9,296948.64,265.1,24.5,E,C,46 Rue du Plat 59800 Lille,46,Rue du Plat,59800.0,Lille,59350_6934_00046,46 Rue du Plat,Lille,59800,,3733.7,13.805288288139055,11.425316454888058,5.583872177983643,3.2386784521643803,Lille,2025
2459E3007620C,2459E3007620C,50.62701600107826,3.1095309798385733,7771.2,1696.3,2331.3599999999997,176.0,38.0,D,D,Rue Roger Salengro 59260 Lille,,Rue Roger Salengro,59260.0,Lille,59350_7554,"336 Rue Roger Salengro
SQUARE FLANDRE",Lille,59260,,1824.0,8.958308543568188,7.4367940321674855,5.176149732573829,3.6635616461296463,Lille,2025
2459E2077597Z,2459E2077597Z,50.63031003124145,3.038762961724594,26422.0,5294.5,7926.599999999999,124.8,25.0,C,C,19 Rue Lestiboudois 59800 Lille,19,Rue Lestiboudois,59800.0,Lille,59350_5578_00019,19 Rue Lestiboudois,Lille,59800,1930.0,,10.181990121970616,8.574612682283725,4.8346933442663405,3.258096538021482,Lille,2025
2459E2932386M,2459E2932386M,50.61362996938978,3.073821058552619,6911.4,560.5,2073.4199999999996,197.0,16.0,D,C,60 Rue du Jardin des Plantes 59000 Lille,60,Rue du Jardin des Plantes,59000.0,Lille,59350_4797_00060,50 Rue Armand Carrel / 60 rue du jardin des plantes,Lille,59000,1991.0,3658.0,8.841072179179836,6.3306117741784975,5.288267030694535,2.833213344056216,Lille,2025
2459E3991544I,2459E3991544I,50.63270800306212,3.043003971376429,110135.3,8222.6,33040.59,163.9,12.2,F,C,10 Rue Philippe-Laurent Roland 59800 Lille,10,Rue Philippe-Laurent Roland,59800.0,Lille,59350_6808_00010,10 Rue Philippe-Laurent Roland,Lille,59800,1971.0,672.0,11.609473968644059,9.014763348379779,5.105339229565553,2.580216829592325,Lille,2025
2459E2932205N,2459E2932205N,50.61362996938978,3.073821058552619,4441.4,360.6,1332.4199999999998,222.0,18.0,D,C,60 Rue du Jardin des Plantes 59000 Lille,60,Rue du Jardin des Plantes,59000.0,Lille,59350_4797_00060,50 Rue Armand Carrel / 60 rue du jardin des plantes,Lille,59000,1991.0,3658.0,8.398950049927397,5.890538628518022,5.407171771460119,2.9444389791664403,Lille,2025
2459E3617557F,2459E3617557F,50.627361959678865,3.0535019873040365,7676.2,1571.0,2302.8599999999997,73.0,15.0,C,C,56 Rue de Flandre 59000 Lille,56,Rue de Flandre,59000.0,Lille,59350_3423_00056,54-56 rue de Flandre et 17 rue de la vielle aventure,Lille,59000,1997.0,3387.3,8.946010176331724,7.360103972989152,4.30406509320417,2.772588722239781,Lille,2025
2459E2609215V,2459E2609215V,50.636197959759556,3.013734935377351,10765.7,1904.6,3229.71,123.0,21.0,C,C,24 Rue James Watt 59160 Lille,24,Rue James Watt,59160.0,Lille,59350_9485_00024,24 Rue James Watt,Lille,59160,,,9.284213316513078,7.5525521986010355,4.820281565605037,3.091042453358316,Lille,2025
2459E3241385B,2459E3241385B,50.617724004193235,3.092508067262955,9355.8,1989.8,2806.74,131.0,28.0,C,C,290 Allee des Peupliers 59000 Lille,290,Allee des Peupliers,59000.0,Lille,59350_4p7ft1_00290,278-290 Rue des Peupliers,Lille,59800,,3466.0,9.14385863067535,7.596291846984399,4.882801922586371,3.367295829986474,Lille,2025
2459E3239377V,2459E3239377V,50.632316991637744,3.1020130532794306,7743.3,1617.3,2322.99,94.0,19.0,C,C,Rue Desaugiers 59800 Lille,,Rue Desaugiers,59800.0,Lille,59350_2444,190 -216 Rue des Peupliers,Lille,59800,,2346.0,8.954712367875473,7.3891314945228395,4.553876891600541,2.995732273553991,Lille,2025
2459E1831481Z,2459E1831481Z,50.62854401266411,3.035637977491847,184617.5,13343.1,55385.25,82.1,5.9,D,A,2 Rue Michel Servet 59000 Lille,2,Rue Michel Servet,59000.0,Lille,59350_6109_00002,2 Rue Michel Servet,Lille,59000,1989.0,2250.0,12.126046812714256,9.498829618575245,4.420044701861403,1.9315214116032138,Lille,2025
2459E3628552C,2459E3628552C,50.649787960212905,3.0976100566550615,8227.9,1778.6,2468.37,120.0,26.0,C,C,74c Rue Emile Vandenberghe 59800 Lille,74c,Rue Emile Vandenberghe,59800.0,Lille,59350_3092_00074_c,74C Rue Émile Vandenberghe,Lille,59800,1976.0,2264.1,9.015407627387022,7.484143898931887,4.795790545596741,3.295836866004329,Lille,2025
2559E0201545E,2559E0201545E,50.62103596603701,3.0432179986255443,10986.5,2437.1,3295.95,288.5,64.0,E,E,195 Rue d'Iéna 59000 Lille,195,Rue d'Iéna,59000.0,Lille,59350_4658_00195,"195 B D'IENA - CITE D'IENA, Porte 005",Lille,59000,1948.0,,9.304513541993433,7.798974326427269,5.66815529701305,4.174387269895637,Lille,2025
2459E3207304G,2459E3207304G,50.632316991637744,3.1020130532794306,8754.6,1854.4,2626.38,113.0,24.0,C,C,Rue Desaugiers 59800 Lille,,Rue Desaugiers,59800.0,Lille,59350_2444,342-356 Rue des Peupliers,Lille,59800,,2624.0,9.077448774638999,7.525855585219171,4.736198448394496,3.2188758248682006,Lille,2025
2459E2932662C,2459E2932662C,50.61362996938978,3.073821058552619,5100.0,413.9,1530.0,212.0,17.0,D,C,60 Rue du Jardin des Plantes 59000 Lille,60,Rue du Jardin des Plantes,59000.0,Lille,59350_4797_00060,50 Rue Armand Carrel / 60 rue du jardin des plantes,Lille,59000,1991.0,3658.0,8.537191877922927,6.028037527338822,5.3612921657094255,2.8903717578961645,Lille,2025
2459E3241474M,2459E3241474M,50.617724004193235,3.092508067262955,6274.1,1320.0,1882.23,102.0,21.0,C,C,290 Allee des Peupliers 59000 Lille,290,Allee des Peupliers,59000.0,Lille,59350_4p7ft1_00290,278-290 Rue des Peupliers,Lille,59800,,3466.0,8.744344700127984,7.186144304522325,4.634728988229636,3.091042453358316,Lille,2025
2459E3241527N,2459E3241527N,50.617724004193235,3.092508067262955,9461.6,1989.7,2838.48,105.0,22.0,C,C,290 Allee des Peupliers 59000 Lille,290,Allee des Peupliers,59000.0,Lille,59350_4p7ft1_00290,278-290 Rue des Peupliers,Lille,59800,,3466.0,9.155102465721567,7.5962416146598875,4.663439094112067,3.1354942159291497,Lille,2025
2459E4279046C,2459E4279046C,50.62144400753086,3.074499950820299,25368.0,5603.5,7610.4,342.0,75.0,F,F,Rue de Trévise 59000 Lille,,Rue de Trévise,59000.0,Lille,59350_8749,72 Rue de Trévise,Lille,59000,,1805.0,10.141283235182652,8.63132512546115,5.8377304471659395,4.330733340286331,Lille,2025
2459E2932432G,2459E2932432G,50.61362996938978,3.073821058552619,9840.4,797.5,2952.12,185.0,15.0,D,C,60 Rue du Jardin des Plantes 59000 Lille,60,Rue du Jardin des Plantes,59000.0,Lille,59350_4797_00060,50 Rue Armand Carrel / 60 rue du jardin des plantes,Lille,59000,1991.0,3658.0,9.194353256348734,6.682734967655067,5.225746673713202,2.772588722239781,Lille,2025
2259E3241840M,2259E3241840M,50.64259102378946,3.056088065944645,10586.3,790.9,3175.89,155.7,11.6,F,C,Rue Royale 59800 Lille,,Rue Royale,59800.0,Lille,59350_7649,3/ 5/ 7 ROYALE,Lille,59800,1945.0,193.0,9.26741044858118,6.674435121216367,5.054333149361975,2.533696813957432,Lille,2025
2559E1034918Z,2559E1034918Z,50.64787301590285,3.086033935172902,16970.6,4882.0,5091.179999999999,189.0,54.0,E,E,148 Rue de La Louvière 59800 Lille,148,Rue de La Louvière,59800.0,Lille,59350_5279_00148,"148 Rue de La Louvière
rés. du Ballon",Lille,59800,1963.0,1001.0,9.739296637814455,8.49351506406166,5.247024072160486,4.007333185232471,Lille,2025
2459E3240046O,2459E3240046O,50.632316991637744,3.1020130532794306,3893.6,821.0,1168.08,108.0,22.0,C,C,Rue Desaugiers 59800 Lille,,Rue Desaugiers,59800.0,Lille,59350_2444,392-406 Rue des Peupliers,Lille,59800,,2918.0,8.267346257267478,6.71174039505618,4.6913478822291435,3.1354942159291497,Lille,2025
2559E0164240J,2559E0164240J,50.633236997760264,3.0678230210417263,6920673.8,662072.2,2076202.14,320.5,30.6,E,D,Rue Pierre Mauroy 59800 Lille,,Rue Pierre Mauroy,59800.0,Lille,59350_6895,Rue Pierre Mauroy,Lille,59800,1970.0,21592.8,15.750023837290493,13.403131402824416,5.772997543677674,3.4531571205928664,Lille,2025
2459E3207256K,2459E3207256K,50.632316991637744,3.1020130532794306,7951.7,1682.3,2385.5099999999998,110.0,23.0,C,C,Rue Desaugiers 59800 Lille,,Rue Desaugiers,59800.0,Lille,59350_2444,342-356 Rue des Peupliers,Lille,59800,,2624.0,8.981266772631171,7.428511431425036,4.709530201312334,3.1780538303479458,Lille,2025
2559E0075120R,2559E0075120R,50.643672010340985,3.0529050110905978,568957.9,127464.9,170687.37,191.4,42.8,D,D,Façade de l'Esplanade 59800 Lille,,Façade de l'Esplanade,59800.0,Lille,59350_3189,70-72 Façade de l'Esplanade,Lille,59800,1960.0,2973.0,13.251563478513672,11.755604156828834,5.259576538231606,3.7796338173824005,Lille,2025
2459E2932445T,2459E2932445T,50.61362996938978,3.073821058552619,5264.7,427.2,1579.4099999999999,210.0,17.0,D,C,60 Rue du Jardin des Plantes 59000 Lille,60,Rue du Jardin des Plantes,59000.0,Lille,59350_4797_00060,50 Rue Armand Carrel / 60 rue du jardin des plantes,Lille,59000,1991.0,3658.0,8.568969369196834,6.059590376155582,5.351858133476067,2.8903717578961645,Lille,2025
2459E3617573V,2459E3617573V,50.627361959678865,3.0535019873040365,7321.7,1492.4,2196.5099999999998,70.0,14.0,C,C,56 Rue de Flandre 59000 Lille,56,Rue de Flandre,59000.0,Lille,59350_3423_00056,54-56 rue de Flandre et 17 rue de la vielle aventure,Lille,59000,1997.0,3387.3,8.898734391405029,7.308810678601601,4.2626798770413155,2.70805020110221,Lille,2025
2459E3817009L,2459E3817009L,50.630217043452106,3.003616996671071,17419.5,3629.6,5225.849999999999,290.0,60.0,F,E,2 Rue Auguste Lamy 59160 Lille,2,Rue Auguste Lamy,59160.0,Lille,59350_9380_00002,"2 Rue Auguste Lamy
BATIMENT B - MYOSOTIS",Lille,59160,,957.4,9.765402952635224,8.197153202856331,5.673323267171493,4.110873864173311,Lille,2025
2459E4279304A,2459E4279304A,50.62144400753086,3.074499950820299,28244.8,6217.8,8473.439999999999,288.0,63.0,E,E,Rue de Trévise 59000 Lille,,Rue de Trévise,59000.0,Lille,59350_8749,72 Rue de Trévise,Lille,59000,,1805.0,10.248700052955353,8.735332241075586,5.666426688112432,4.1588830833596715,Lille,2025
2459E2932451Z,2459E2932451Z,50.61362996938978,3.073821058552619,7076.0,573.8,2122.7999999999997,196.0,15.0,D,C,60 Rue du Jardin des Plantes 59000 Lille,60,Rue du Jardin des Plantes,59000.0,Lille,59350_4797_00060,50 Rue Armand Carrel / 60 rue du jardin des plantes,Lille,59000,1991.0,3658.0,8.864605368075784,6.35402215420487,5.2832037287379885,2.772588722239781,Lille,2025
2459E3240004Y,2459E3240004Y,50.632316991637744,3.1020130532794306,8058.9,1689.6,2417.6699999999996,103.0,21.0,C,C,Rue Desaugiers 59800 Lille,,Rue Desaugiers,59800.0,Lille,59350_2444,392-406 Rue des Peupliers,Lille,59800,,2918.0,8.994656428475816,7.432838774494828,4.6443908991413725,3.091042453358316,Lille,2025
2459E3007631N,2459E3007631N,50.62701600107826,3.1095309798385733,7242.3,1579.6,2172.69,164.0,35.0,D,D,Rue Roger Salengro 59260 Lille,,Rue Roger Salengro,59260.0,Lille,59350_7554,"336 Rue Roger Salengro
SQUARE FLANDRE",Lille,59260,,1824.0,8.887832182638965,7.365559800770875,5.10594547390058,3.58351893845611,Lille,2025
2459E3241445J,2459E3241445J,50.617724004193235,3.092508067262955,7309.6,1549.2,2192.88,119.0,25.0,C,C,290 Allee des Peupliers 59000 Lille,290,Allee des Peupliers,59000.0,Lille,59350_4p7ft1_00290,278-290 Rue des Peupliers,Lille,59800,,3466.0,8.897080628718864,7.346139233847411,4.787491742782046,3.258096538021482,Lille,2025
2559E0486766F,2559E0486766F,50.62677797177577,3.032622978259562,5902.2,1040.6,1770.6599999999999,113.4,20.0,C,C,17 Rue de la Grande Brasserie 59000 Lille,17,Rue de la Grande Brasserie,59000.0,Lille,59350_4164_00017,17 Rue de la Grande Brasserie,Lille,59000,1989.0,52.0,8.683249855744156,6.9485132714543045,4.739701078945697,3.044522437723423,Lille,2025
2459E4617257F,2459E4617257F,50.63442795576693,3.0507580524534044,1938.1,143.4,581.43,32.9,2.4,B,A,13 Square Rameau 59800 Lille,13,Square Rameau,59800.0,Lille,59350_7364_00013,13 Square Rameau,Lille,59800,,485.1,7.569979226888572,4.972587226458726,3.5234150143864045,1.2237754316221157,Lille,2025
2559E1231840X,2559E1231840X,50.63809102708646,3.066253992381669,261471.1,45537.5,78441.33,290.5,50.5,G,E,16 Rue Léon Trulin 59800 Lille,16,Rue Léon Trulin,59800.0,Lille,59350_5523_00016,16 Rue de Trulin,Lille,59800,,900.0,12.47408286463449,10.726313400998844,5.675040005790547,3.9415818076696905,Lille,2025
2459E3628581F,2459E3628581F,50.649787960212905,3.0976100566550615,7067.7,1517.9,2120.31,100.0,21.0,C,C,74c Rue Emile Vandenberghe 59800 Lille,74c,Rue Emile Vandenberghe,59800.0,Lille,59350_3092_00074_c,74C Rue Émile Vandenberghe,Lille,59800,1976.0,2264.1,8.86343186645303,7.325741667643973,4.61512051684126,3.091042453358316,Lille,2025
2459E3239873X,2459E3239873X,50.632316991637744,3.1020130532794306,7021.1,1480.2,2106.33,113.0,23.0,C,C,Rue Desaugiers 59800 Lille,,Rue Desaugiers,59800.0,Lille,59350_2444,392-406 Rue des Peupliers,Lille,59800,,2918.0,8.856817597583968,7.300607849039458,4.736198448394496,3.1780538303479458,Lille,2025
2459E4297201J,2459E4297201J,50.62564997293738,3.0447510285787454,11157.9,2434.9,3347.37,282.0,61.0,E,E,2a Rue Deschodt 59800 Lille,2a,Rue Deschodt,59800.0,Lille,59350_2482_00002_a,"2a Rue Deschodt
rés. clos Gambetta",Lille,59800,1973.0,6729.0,9.31999266476908,7.798071577084056,5.645446897643238,4.127134385045092,Lille,2025
2459E3404964O,2459E3404964O,50.64851298280356,3.0091779716155895,15213.7,3348.1,4564.11,200.0,44.0,D,D,41 Rue Wulverick 59160 Lille,41,Rue Wulverick,59160.0,Lille,59350_9621_00041,41 rue Wulverick,Lille,59160,,,9.63001734475252,8.116446932008014,5.303304908059076,3.8066624897703196,Lille,2025
2459E3207312O,2459E3207312O,50.632316991637744,3.1020130532794306,12351.4,2635.7,3705.4199999999996,135.0,28.0,C,C,Rue Desaugiers 59800 Lille,,Rue Desaugiers,59800.0,Lille,59350_2444,342-356 Rue des Peupliers,Lille,59800,,2624.0,9.421605655159915,7.877283414238709,4.912654885736052,3.367295829986474,Lille,2025
2459E3239919R,2459E3239919R,50.632316991637744,3.1020130532794306,10039.1,2112.1,3011.73,111.0,23.0,C,C,Rue Desaugiers 59800 Lille,,Rue Desaugiers,59800.0,Lille,59350_2444,392-406 Rue des Peupliers,Lille,59800,,2918.0,9.21434235335548,7.655911342572882,4.718498871295094,3.1780538303479458,Lille,2025
2459E1997638Q,2459E1997638Q,50.63550704172146,3.0517919339744317,75939.7,7314.4,22781.91,156.3,15.0,F,C,133 Rue Jacquemars Giélée 59800 Lille,133,Rue Jacquemars Giélée,59800.0,Lille,59350_4722_00133,133 Rue Jacquemars Giélée,Lille,59800,1975.0,486.0,11.23770805154684,8.897736994119155,5.058154810064233,2.772588722239781,Lille,2025
2459E3240030Y,2459E3240030Y,50.632316991637744,3.1020130532794306,7345.8,1525.9,2203.74,88.0,18.0,C,C,Rue Desaugiers 59800 Lille,,Rue Desaugiers,59800.0,Lille,59350_2444,392-406 Rue des Peupliers,Lille,59800,,2918.0,8.90202012325438,7.330994815189466,4.48863636973214,2.9444389791664403,Lille,2025
2559E1090424V,2559E1090424V,50.62857897245958,3.0341850426519406,6704.0,1454.1,2011.1999999999998,122.0,26.4,C,C,14 Rue de Crimée 59000 Lille,14,Rue de Crimée,59000.0,Lille,59350_2001_00014,14 Rue de Crimée,Lille,59000,,,8.81060879571578,7.282829905766233,4.812184355372417,3.3105430133940246,Lille,2025
2459E4256602W,2459E4256602W,50.625093017699236,3.0608050615983697,111595.1,24733.7,33478.53,367.1,81.3,F,F,22 Rue de Lens 59000 Lille,22,Rue de Lens,59000.0,Lille,59350_5499_00022,22 Rue de Lens,Lille,59000,1945.0,304.0,11.622641382082154,10.115962395025493,5.908354640384975,4.410371107683024,Lille,2025
2559E0626961I,2559E0626961I,50.639442008282295,3.0562379481169084,72400.6,14595.8,21720.18,296.7,59.8,F,E,13 Rue Sainte Catherine 59800 Lille,13,Rue Sainte Catherine,59800.0,Lille,59350_8119_00013,13 Sainte Catherine,Lille,59800,1945.0,244.0,11.189983677577132,9.588557605591209,5.69608626802173,4.107589788972121,Lille,2025
2459E3628590O,2459E3628590O,50.649787960212905,3.0976100566550615,7038.0,1511.3,2111.4,100.0,21.0,C,C,74c Rue Emile Vandenberghe 59800 Lille,74c,Rue Emile Vandenberghe,59800.0,Lille,59350_3092_00074_c,74C Rue Émile Vandenberghe,Lille,59800,1976.0,2264.1,8.85922139360813,7.321386949756695,4.61512051684126,3.091042453358316,Lille,2025
2559E0602374R,2559E0602374R,50.63094796177725,3.0903109753034235,7314.5,536.3,2194.35,90.0,6.0,D,B,Rue Porret 59800 Lille,,Rue Porret,59800.0,Lille,59350_7064,"149 Rue Saint-André
2e etage porte 5",Lille,59800,2001.0,,8.897750663818217,6.2865565977347755,4.51085950651685,1.9459101490553132,Lille,2025
2459E3716714Y,2459E3716714Y,50.63075600821403,3.024954934960072,63274.4,9174.5,18982.32,165.0,24.0,E,C,Rue des Bois Blancs 59000 Lille,,Rue des Bois Blancs,59000.0,Lille,59350_0936,12 BIS RUE DES BOUCHERS,Lille,59000,,381.6,11.055251907005355,9.12429216735073,5.111987788356544,3.2188758248682006,Lille,2025
2559E0948909Y,2559E0948909Y,50.637791957017384,3.0815640566930735,23650.0,5219.9,7095.0,251.7,55.5,E,E,21 Rue Eugène Jacquet 59800 Lille,21,Rue Eugène Jacquet,59800.0,Lille,59350_3227_00021,21 RUE EUGENE JACQUET,Lille,59800,1930.0,,10.071160676324263,8.560425079808239,5.532203014394148,4.034240638152395,Lille,2025
2459E3617393X,2459E3617393X,50.627361959678865,3.0535019873040365,4198.8,870.3,1259.64,83.0,17.0,C,C,56 Rue de Flandre 59000 Lille,56,Rue de Flandre,59000.0,Lille,59350_3423_00056,54-56 rue de Flandre et 17 rue de la vielle aventure,Lille,59000,1997.0,3387.3,8.342792184090017,6.769986349237241,4.430816798843313,2.8903717578961645,Lille,2025
2459E1768219V,2459E1768219V,50.622390007661984,3.0597159424152633,27127.6,1944.2,8138.279999999999,134.3,9.6,E,B,101 Rue Gantois 59000 Lille,101,Rue Gantois,59000.0,Lille,59350_3749_00101,101 Rue Gantois,Lille,59000,1945.0,202.0,10.208343800930397,7.573120078529631,4.907494535176743,2.3608540011180215,Lille,2025
2459E3683290K,2459E3683290K,50.632344007362036,3.053402032670976,38558.9,2940.2,11567.67,178.1,13.5,F,C,5 Rue des Primeurs 59800 Lille,5,Rue des Primeurs,59800.0,Lille,59350_7194_00005,5 Rue des Primeurs,Lille,59800,,216.5,10.559968155360123,7.986572940322067,5.187944309066666,2.6741486494265287,Lille,2025
2459E4279092W,2459E4279092W,50.62144400753086,3.074499950820299,25686.3,5654.9,7705.889999999999,288.0,63.0,E,E,Rue de Trévise 59000 Lille,,Rue de Trévise,59000.0,Lille,59350_8749,72 Rue de Trévise,Lille,59000,,1805.0,10.153751985320202,8.640454527080648,5.666426688112432,4.1588830833596715,Lille,2025
2459E3239387F,2459E3239387F,50.632316991637744,3.1020130532794306,7918.4,1653.6,2375.52,94.0,19.0,C,C,Rue Desaugiers 59800 Lille,,Rue Desaugiers,59800.0,Lille,59350_2444,190 -216 Rue des Peupliers,Lille,59800,,2346.0,8.977070724362964,7.411314566756082,4.553876891600541,2.995732273553991,Lille,2025
2459E3240034C,2459E3240034C,50.632316991637744,3.1020130532794306,7661.7,1599.4,2298.5099999999998,95.0,19.0,C,C,Rue Desaugiers 59800 Lille,,Rue Desaugiers,59800.0,Lille,59350_2444,392-406 Rue des Peupliers,Lille,59800,,2918.0,8.944119681045763,7.37800887698308,4.564348191467836,2.995732273553991,Lille,2025
2459E3241522I,2459E3241522I,50.617724004193235,3.092508067262955,9991.9,2129.3,2997.5699999999997,138.0,29.0,C,C,290 Allee des Peupliers 59000 Lille,290,Allee des Peupliers,59000.0,Lille,59350_4p7ft1_00290,278-290 Rue des Peupliers,Lille,59800,,3466.0,9.209630119806816,7.664018093856158,4.9344739331306915,3.4011973816621555,Lille,2025
2459E3239968O,2459E3239968O,50.632316991637744,3.1020130532794306,8059.2,1683.5,2417.7599999999998,97.0,20.0,C,C,Rue Desaugiers 59800 Lille,,Rue Desaugiers,59800.0,Lille,59350_2444,392-406 Rue des Peupliers,Lille,59800,,2918.0,8.994693649088596,7.4292240628466075,4.584967478670572,3.044522437723423,Lille,2025
2459E3207295X,2459E3207295X,50.632316991637744,3.1020130532794306,9782.8,2081.4,2934.8399999999997,125.0,26.0,C,C,Rue Desaugiers 59800 Lille,,Rue Desaugiers,59800.0,Lille,59350_2444,342-356 Rue des Peupliers,Lille,59800,,2624.0,9.188483235620874,7.641276353680356,4.836281906951478,3.295836866004329,Lille,2025
2559E1429445C,2559E1429445C,50.644874993129484,3.057350973102827,105639.9,22322.9,31691.969999999998,366.8,77.5,F,F,76 Rue Saint André 59800 Lille,76,Rue Saint André,59800.0,Lille,59350_7709_00076,76 Saint-André,Lille,59800,1945.0,288.0,11.567800885874966,10.013413132414328,5.907539312170221,4.363098624788363,Lille,2025
2459E3241455T,2459E3241455T,50.617724004193235,3.092508067262955,4445.9,945.7,1333.7699999999998,123.0,26.0,C,C,290 Allee des Peupliers 59000 Lille,290,Allee des Peupliers,59000.0,Lille,59350_4p7ft1_00290,278-290 Rue des Peupliers,Lille,59800,,3466.0,8.399962503187924,6.852982253134845,4.820281565605037,3.295836866004329,Lille,2025
2559E0574069A,2559E0574069A,50.64670499612317,3.052047944231918,11554.2,2550.9,3466.26,202.0,44.0,D,D,Rue de la Porte d'Ypres 59800 Lille,,Rue de la Porte d'Ypres,59800.0,Lille,59350_7079,116 rue d'Arras 4ème étage porte 043,Lille,59800,,,9.35489083108314,7.844593458743952,5.313205979041787,3.8066624897703196,Lille,2025
2459E2932592K,2459E2932592K,50.61362996938978,3.073821058552619,6582.0,533.8,1974.6,199.0,16.0,D,C,60 Rue du Jardin des Plantes 59000 Lille,60,Rue du Jardin des Plantes,59000.0,Lille,59350_4797_00060,50 Rue Armand Carrel / 60 rue du jardin des plantes,Lille,59000,1991.0,3658.0,8.792245847467877,6.281892845227788,5.298317366548036,2.833213344056216,Lille,2025
2559E1090455A,2559E1090455A,50.62857897245958,3.0341850426519406,6704.0,1454.1,2011.1999999999998,122.0,26.4,C,C,14 Rue de Crimée Appartement B 11 ; 1 er étage bâtiment B 59000 Lille,14,Rue de Crimée,59000.0,Lille,59350_2001_00014,14 Rue de Crimée,Lille,59000,,,8.81060879571578,7.282829905766233,4.812184355372417,3.3105430133940246,Lille,2025
2459E3617472Y,2459E3617472Y,50.627361959678865,3.0535019873040365,6551.2,1367.3,1965.36,95.0,19.0,C,C,56 Rue de Flandre 59000 Lille,56,Rue de Flandre,59000.0,Lille,59350_3423_00056,54-56 rue de Flandre et 17 rue de la vielle aventure,Lille,59000,1997.0,3387.3,8.78755615009755,7.221324372385764,4.564348191467836,2.995732273553991,Lille,2025
2459E3008897F,2459E3008897F,50.62701600107826,3.1095309798385733,6106.3,1323.2,1831.89,113.0,24.0,C,C,Rue Roger Salengro 59260 Lille,,Rue Roger Salengro,59260.0,Lille,59350_7554,"336 Rue Roger Salengro
SQUARE FLANDRE",Lille,59260,,1000.0,8.71724005597271,7.188563782490745,4.736198448394496,3.2188758248682006,Lille,2025
2559E0493144N,2559E0493144N,50.62715000721475,3.113604046452364,18635.8,1424.9,5590.74,80.9,6.1,D,B,49 Rue Kléber 59000 Lille,49,Rue Kléber,59000.0,Lille,59350_27mgqm_00049,49 Faidherbe,Lille,59000,,230.2,9.832893399682202,7.262558472288074,4.405498990859024,1.9600947840472698,Lille,2025
2459E3617534I,2459E3617534I,50.627361959678865,3.0535019873040365,3275.4,679.8,982.62,84.0,17.0,C,C,56 Rue de Flandre 59000 Lille,56,Rue de Flandre,59000.0,Lille,59350_3423_00056,54-56 rue de Flandre et 17 rue de la vielle aventure,Lille,59000,1997.0,3387.3,8.094500537641448,6.523268577259164,4.442651256490317,2.8903717578961645,Lille,2025
2459E2932278I,2459E2932278I,50.61362996938978,3.073821058552619,6417.4,520.5,1925.2199999999998,200.0,16.0,D,C,60 Rue du Jardin des Plantes 59000 Lille,60,Rue du Jardin des Plantes,59000.0,Lille,59350_4797_00060,50 Rue Armand Carrel / 60 rue du jardin des plantes,Lille,59000,1991.0,3658.0,8.766924144439447,6.256709274440827,5.303304908059076,2.833213344056216,Lille,2025
2459E2932235R,2459E2932235R,50.61362996938978,3.073821058552619,6746.7,547.2,2024.0099999999998,198.0,16.0,D,C,60 Rue du Jardin des Plantes 59000 Lille,60,Rue du Jardin des Plantes,59000.0,Lille,59350_4797_00060,50 Rue Armand Carrel / 60 rue du jardin des plantes,Lille,59000,1991.0,3658.0,8.816956985060518,6.306640183868685,5.293304824724492,2.833213344056216,Lille,2025
2559E0494371S,2559E0494371S,50.628912964125284,3.1119850469713404,29743.5,2208.1,8923.05,129.2,9.5,E,B,49 Rue Faidherbe 59800 Lille,49,Rue Faidherbe,59800.0,Lille,59350_3276_00049,49 Faidherbe,Lille,59000,,230.2,10.3003995199329,7.700340471748139,4.869071729774468,2.3513752571634776,Lille,2025
2559E1090416N,2559E1090416N,50.62857897245958,3.0341850426519406,7144.1,1553.9,2143.23,130.0,28.2,C,C,14 Rue de Crimée 59000 Lille,14,Rue de Crimée,59000.0,Lille,59350_2001_00014,14 Rue de Crimée,Lille,59000,,,8.874182086067288,7.3491665138637705,4.875197323201151,3.374168709274236,Lille,2025
2459E2932331J,2459E2932331J,50.61362996938978,3.073821058552619,6417.4,520.5,1925.2199999999998,200.0,16.0,D,C,60 Rue du Jardin des Plantes 59000 Lille,60,Rue du Jardin des Plantes,59000.0,Lille,59350_4797_00060,50 Rue Armand Carrel / 60 rue du jardin des plantes,Lille,59000,1991.0,3658.0,8.766924144439447,6.256709274440827,5.303304908059076,2.833213344056216,Lille,2025
2459E4499576A,2459E4499576A,50.62069360232844,3.09715796311802,12584.8,2703.0,3775.4399999999996,135.2,29.0,C,C,97bis Rue Victor Hugo (Hellemmes-Lille) 59260 Lille,97bis,Rue Victor Hugo (Hellemmes-Lille),59260.0,Lille,59350_9124_00097_bis,97bis Rue Victor Hugo (Hellemmes-Lille),Lille,59260,,,9.440324473288445,7.902487437162855,4.9141243937154115,3.4011973816621555,Lille,2025
2459E3628586K,2459E3628586K,50.649787960212905,3.0976100566550615,7198.3,1547.0,2159.49,102.0,22.0,C,C,74c Rue Emile Vandenberghe 59800 Lille,74c,Rue Emile Vandenberghe,59800.0,Lille,59350_3092_00074_c,74C Rue Émile Vandenberghe,Lille,59800,1976.0,2264.1,8.881739078055539,7.344719054149673,4.634728988229636,3.1354942159291497,Lille,2025
2559E0645055G,2559E0645055G,50.647279972317065,3.0601780122141,3402.3,245.3,1020.69,109.0,7.0,D,B,60 Rue Saint-Sébastien 59800 Lille,60,Rue Saint-Sébastien,59800.0,Lille,59350_8069_00060,60 Rue Saint-Sébastien,Lille,59800,2010.0,,8.132500828123343,5.506550305126492,4.700480365792417,2.0794415416798357,Lille,2025
2459E3241478Q,2459E3241478Q,50.617724004193235,3.092508067262955,7774.5,1652.1,2332.35,127.0,27.0,C,C,290 Allee des Peupliers 59000 Lille,290,Allee des Peupliers,59000.0,Lille,59350_4p7ft1_00290,278-290 Rue des Peupliers,Lille,59800,,3466.0,8.958733043661391,7.4104075920589665,4.852030263919617,3.332204510175204,Lille,2025
2459E3207302E,2459E3207302E,50.632316991637744,3.1020130532794306,10552.1,2243.6,3165.63,124.0,26.0,C,C,Rue Desaugiers 59800 Lille,,Rue Desaugiers,59800.0,Lille,59350_2444,342-356 Rue des Peupliers,Lille,59800,,2624.0,9.264174934604588,7.716282610582155,4.8283137373023015,3.295836866004329,Lille,2025
2459E3617377H,2459E3617377H,50.627361959678865,3.0535019873040365,6509.3,1356.0,1952.79,92.0,19.0,C,C,56 Rue de Flandre 59000 Lille,56,Rue de Flandre,59000.0,Lille,59350_3423_00056,54-56 rue de Flandre et 17 rue de la vielle aventure,Lille,59000,1997.0,3387.3,8.781140817090137,7.213031659834869,4.532599493153256,2.995732273553991,Lille,2025
2459E3628565P,2459E3628565P,50.649787960212905,3.0976100566550615,7067.7,1517.9,2120.31,100.0,21.0,C,C,74c Rue Emile Vandenberghe 59800 Lille,74c,Rue Emile Vandenberghe,59800.0,Lille,59350_3092_00074_c,74C Rue Émile Vandenberghe,Lille,59800,1976.0,2264.1,8.86343186645303,7.325741667643973,4.61512051684126,3.091042453358316,Lille,2025
2459E2640398E,2459E2640398E,50.62436297465695,3.032934042161792,2561.5,181.4,768.4499999999999,82.0,5.0,C,A,153 Rue de La Bassée 59000 Lille,153,Rue de La Bassée,59000.0,Lille,59350_5230_00153,153 rue la bassée,Lille,59000,,,7.848738623446663,5.206202077640231,4.418840607796598,1.791759469228055,Lille,2025
2459E3239398Q,2459E3239398Q,50.632316991637744,3.1020130532794306,7575.3,1586.4,2272.59,98.0,20.0,C,C,Rue Desaugiers 59800 Lille,,Rue Desaugiers,59800.0,Lille,59350_2444,190 -216 Rue des Peupliers,Lille,59800,,2346.0,8.932780232814746,7.369852736656775,4.59511985013459,3.044522437723423,Lille,2025
2459E3241406W,2459E3241406W,50.617724004193235,3.092508067262955,10644.3,2252.7,3193.2899999999995,119.0,25.0,C,C,290 Allee des Peupliers 59000 Lille,290,Allee des Peupliers,59000.0,Lille,59350_4p7ft1_00290,278-290 Rue des Peupliers,Lille,59800,,3466.0,9.272873759175653,7.72032858902462,4.787491742782046,3.258096538021482,Lille,2025
2459E3207216W,2459E3207216W,50.632316991637744,3.1020130532794306,8441.0,1792.1,2532.2999999999997,118.0,25.0,C,C,Rue Desaugiers 59800 Lille,,Rue Desaugiers,59800.0,Lille,59350_2444,342-356 Rue des Peupliers,Lille,59800,,2624.0,9.040974526342444,7.491701244498318,4.77912349311153,3.258096538021482,Lille,2025
2459E3628604C,2459E3628604C,50.649787960212905,3.0976100566550615,7197.7,1546.9,2159.31,102.0,22.0,C,C,74c Rue Emile Vandenberghe 59800 Lille,74c,Rue Emile Vandenberghe,59800.0,Lille,59350_3092_00074_c,74C Rue Émile Vandenberghe,Lille,59800,1976.0,2264.1,8.881655733146474,7.344654452579832,4.634728988229636,3.1354942159291497,Lille,2025
2459E3617604A,2459E3617604A,50.627361959678865,3.0535019873040365,10852.2,2249.9,3255.6600000000003,87.0,18.0,C,C,56 Rue de Flandre 59000 Lille,56,Rue de Flandre,59000.0,Lille,59350_3423_00056,54-56 rue de Flandre et 17 rue de la vielle aventure,Lille,59000,1997.0,3387.3,9.292215246360621,7.7190854152197925,4.477336814478207,2.9444389791664403,Lille,2025
2459E3207292U,2459E3207292U,50.632316991637744,3.1020130532794306,10318.5,2194.2,3095.5499999999997,124.0,26.0,C,C,Rue Desaugiers 59800 Lille,,Rue Desaugiers,59800.0,Lille,59350_2444,342-356 Rue des Peupliers,Lille,59800,,2624.0,9.24179058824943,7.694028437531566,4.8283137373023015,3.295836866004329,Lille,2025
2459E2932336O,2459E2932336O,50.61362996938978,3.073821058552619,4606.0,373.9,1381.8,219.0,17.0,D,C,60 Rue du Jardin des Plantes 59000 Lille,60,Rue du Jardin des Plantes,59000.0,Lille,59350_4797_00060,50 Rue Armand Carrel / 60 rue du jardin des plantes,Lille,59000,1991.0,3658.0,8.435332164935916,5.926659323741866,5.393627546352362,2.8903717578961645,Lille,2025
2459E2600325X,2459E2600325X,50.64346596296153,3.0637939335507385,389992.6,28869.8,116997.77999999998,103.2,7.6,D,B,9 Rue des Pénitentes 59800 Lille,9,Rue des Pénitentes,59800.0,Lille,59350_6719_00009,9 Rue des Pénitentes,Lille,59800,,3778.5,12.873885607714769,10.270585982699101,4.646312129319266,2.151762203259462,Lille,2025
2559E1147030Z,2559E1147030Z,50.62991201229771,3.0592450211861553,138075.5,28453.4,41422.65,587.2,121.0,G,G,33 Rue d'Inkermann 59000 Lille,33,Rue d'Inkermann,59000.0,Lille,59350_4686_00033,33 Rue d'Inkermann,Lille,59000,,235.1,11.835563158371434,10.256058084889768,6.377067026119895,4.804021044733257,Lille,2025
2459E3207233N,2459E3207233N,50.632316991637744,3.1020130532794306,8309.2,1775.0,2492.76,136.0,29.0,C,C,Rue Desaugiers 59800 Lille,,Rue Desaugiers,59800.0,Lille,59350_2444,342-356 Rue des Peupliers,Lille,59800,,2624.0,9.025238954948568,7.4821189235521155,4.919980925828125,3.4011973816621555,Lille,2025
2459E3207249D,2459E3207249D,50.632316991637744,3.1020130532794306,8861.3,1885.4,2658.39,124.0,26.0,C,C,Rue Desaugiers 59800 Lille,,Rue Desaugiers,59800.0,Lille,59350_2444,342-356 Rue des Peupliers,Lille,59800,,2624.0,9.089561603589976,7.542425529783107,4.8283137373023015,3.295836866004329,Lille,2025
2459E3239930C,2459E3239930C,50.632316991637744,3.1020130532794306,6361.3,1334.4,1908.3899999999999,102.0,21.0,C,C,Rue Desaugiers 59800 Lille,,Rue Desaugiers,59800.0,Lille,59350_2444,392-406 Rue des Peupliers,Lille,59800,,2918.0,8.758145226180037,7.1969861514237685,4.634728988229636,3.091042453358316,Lille,2025
2559E0995456F,2559E0995456F,50.63798106086856,3.0561208069589796,139642.8,30321.9,41892.84,181.2,39.0,D,D,Rue de la Halloterie 59800 Lille,,Rue de la Halloterie,59800.0,Lille,59350_4332,Rue de la Halloterie,Lille,59800,1983.0,770.8,11.846850173681709,10.319658481620474,5.205104984825858,3.6888794541139363,Lille,2025
2459E3628627Z,2459E3628627Z,50.649787960212905,3.0976100566550615,6648.4,1437.6,1994.5199999999998,119.0,25.0,C,C,74c Rue Emile Vandenberghe 59800 Lille,74c,Rue Emile Vandenberghe,59800.0,Lille,59350_3092_00074_c,74C Rue Émile Vandenberghe,Lille,59800,1976.0,2264.1,8.80228190401542,7.271425697433256,4.787491742782046,3.258096538021482,Lille,2025
2459E1511221H,2459E1511221H,50.618712990571034,3.0443160151917605,7665.2,1738.1,2299.56,145.5,33.0,D,D,80 Boulevard de Metz 59000 Lille,80,Boulevard de Metz,59000.0,Lille,59350_6079_00080,80 Boulevard de Metz,Lille,59000,1960.0,52.7,8.944576334825333,7.461123017013797,4.987025428457122,3.5263605246161616,Lille,2025
2459E2932138Y,2459E2932138Y,50.61362996938978,3.073821058552619,716528.5,58103.4,214958.55,195.0,15.0,D,C,60 Rue du Jardin des Plantes 59000 Lille,60,Rue du Jardin des Plantes,59000.0,Lille,59350_4797_00060,50 Rue Armand Carrel / 60 rue du jardin des plantes,Lille,59000,1991.0,3658.0,13.482174697768471,10.969996671469936,5.278114659230517,2.772588722239781,Lille,2025
2459E3207235P,2459E3207235P,50.632316991637744,3.1020130532794306,8106.8,1730.1,2432.04,132.0,28.0,C,C,Rue Desaugiers 59800 Lille,,Rue Desaugiers,59800.0,Lille,59350_2444,342-356 Rue des Peupliers,Lille,59800,,2624.0,9.000581840272096,7.456512323582683,4.890349128221754,3.367295829986474,Lille,2025
2459E2932298C,2459E2932298C,50.61362996938978,3.073821058552619,11064.4,896.4,3319.3199999999997,181.0,14.0,D,C,60 Rue du Jardin des Plantes 59000 Lille,60,Rue du Jardin des Plantes,59000.0,Lille,59350_4797_00060,50 Rue Armand Carrel / 60 rue du jardin des plantes,Lille,59000,1991.0,3658.0,9.311578401854348,6.799501693541883,5.204006687076795,2.70805020110221,Lille,2025
2459E2932353F,2459E2932353F,50.61362996938978,3.073821058552619,5264.7,427.2,1579.4099999999999,210.0,17.0,D,C,60 Rue du Jardin des Plantes 59000 Lille,60,Rue du Jardin des Plantes,59000.0,Lille,59350_4797_00060,50 Rue Armand Carrel / 60 rue du jardin des plantes,Lille,59000,1991.0,3658.0,8.568969369196834,6.059590376155582,5.351858133476067,2.8903717578961645,Lille,2025
2459E3008885T,2459E3008885T,50.62701600107826,3.1095309798385733,5913.3,1281.8,1773.99,113.0,24.0,C,C,Rue Roger Salengro 59260 Lille,,Rue Roger Salengro,59260.0,Lille,59350_7554,"336 Rue Roger Salengro
SQUARE FLANDRE",Lille,59260,,1000.0,8.685128426214112,7.156800467819,4.736198448394496,3.2188758248682006,Lille,2025
2559E1377144N,2559E1377144N,50.62925198377834,3.0812340680481416,289052.4,19870.1,86715.72,91.0,6.0,D,B,19 Rue Berthe Morisot 59800 Lille,19,Rue Berthe Morisot,59800.0,Lille,59350_0804_00019,19 Rue Berthe Morisot,Lille,59000,2005.0,3142.6,12.574366725112261,9.897021693852516,4.5217885770490405,1.9459101490553132,Lille,2025
2559E0132990L,2559E0132990L,50.622569024740514,3.066636992480005,201801.4,31711.1,60540.42,97.3,15.2,C,C,5 Rue de Wazemmes 59000 Lille,5,Rue de Wazemmes,59000.0,Lille,59350_9329_00005,5 Rue de Wazemmes,Lille,59000,1989.0,2073.0,12.215044279794254,10.364453590505166,4.5880240271531205,2.785011242238338,Lille,2025
2459E2932483F,2459E2932483F,50.61362996938978,3.073821058552619,10146.4,822.2,3043.9199999999996,184.0,14.0,D,C,60 Rue du Jardin des Plantes 59000 Lille,60,Rue du Jardin des Plantes,59000.0,Lille,59350_4797_00060,50 Rue Armand Carrel / 60 rue du jardin des plantes,Lille,59000,1991.0,3658.0,9.224972794020495,6.71319918451984,5.220355825078324,2.70805020110221,Lille,2025
2459E2932219B,2459E2932219B,50.61362996938978,3.073821058552619,4441.4,360.6,1332.4199999999998,222.0,18.0,D,C,60 Rue du Jardin des Plantes 59000 Lille,60,Rue du Jardin des Plantes,59000.0,Lille,59350_4797_00060,50 Rue Armand Carrel / 60 rue du jardin des plantes,Lille,59000,1991.0,3658.0,8.398950049927397,5.890538628518022,5.407171771460119,2.9444389791664403,Lille,2025
2459E3207263R,2459E3207263R,50.632316991637744,3.1020130532794306,9361.2,1974.5,2808.36,105.0,22.0,C,C,Rue Desaugiers 59800 Lille,,Rue Desaugiers,59800.0,Lille,59350_2444,342-356 Rue des Peupliers,Lille,59800,,2624.0,9.144435584588464,7.588576809851445,4.663439094112067,3.1354942159291497,Lille,2025
2559E1172415I,2559E1172415I,50.63488696966783,3.0842910014068505,2907.0,198.0,872.1,88.1,6.0,D,A,16 Rue des Girondins 59800 Lille,16,Rue des Girondins,59800.0,Lille,59350_4024_00016,16 des Girondins,Lille,59800,1945.0,,7.97522083865341,5.293304824724492,4.489759334476764,1.9459101490553132,Lille,2025
2559E1169607I,2559E1169607I,50.63229766741757,3.090965752089597,13908.8,2715.5,4172.639999999999,139.6,27.0,C,C,8 Rue Brasseur 59800 Lille,8,Rue Brasseur,59800.0,Lille,59350_1126_00008,8 Rue Brasseur,Lille,59800,,,9.540348906668903,7.907099565991578,4.9459189793765646,3.332204510175204,Lille,2025
2459E2932412M,2459E2932412M,50.61362996938978,3.073821058552619,7240.7,587.1,2172.21,195.0,15.0,D,C,60 Rue du Jardin des Plantes 59000 Lille,60,Rue du Jardin des Plantes,59000.0,Lille,59350_4797_00060,50 Rue Armand Carrel / 60 rue du jardin des plantes,Lille,59000,1991.0,3658.0,8.887611264446834,6.3768970014659105,5.278114659230517,2.772588722239781,Lille,2025
2459E3628571V,2459E3628571V,50.649787960212905,3.0976100566550615,5935.0,1278.5,1780.5,106.0,22.0,C,C,74c Rue Emile Vandenberghe 59800 Lille,74c,Rue Emile Vandenberghe,59800.0,Lille,59350_3092_00074_c,74C Rue Émile Vandenberghe,Lille,59800,1976.0,2264.1,8.688790784847216,7.154224655599844,4.672828834461906,3.1354942159291497,Lille,2025
2459E3241529P,2459E3241529P,50.617724004193235,3.092508067262955,6472.1,1351.5,1941.63,91.0,19.0,C,C,290 Allee des Peupliers 59000 Lille,290,Allee des Peupliers,59000.0,Lille,59350_4p7ft1_00290,278-290 Rue des Peupliers,Lille,59800,,3466.0,8.77541040721345,7.209710010720636,4.5217885770490405,2.995732273553991,Lille,2025
2459E2932524U,2459E2932524U,50.61362996938978,3.073821058552619,9993.4,809.8,2998.02,185.0,14.0,D,C,60 Rue du Jardin des Plantes 59000 Lille,60,Rue du Jardin des Plantes,59000.0,Lille,59350_4797_00060,50 Rue Armand Carrel / 60 rue du jardin des plantes,Lille,59000,1991.0,3658.0,9.20978021511762,6.698021414577845,5.225746673713202,2.70805020110221,Lille,2025
2559E0538258R,2559E0538258R,50.63047203687078,3.0021999804336903,10783.6,2416.0,3235.08,1029.0,230.0,G,G,Rue de la Fraternité 59160 Lille,,Rue de la Fraternité,59160.0,Lille,59350_9456,150 Rue Anatole France,Lille,59160,,150.0,9.285874469586549,7.790282380703483,6.937314081223682,5.442417710521793,Lille,2025
2459E3628577B,2459E3628577B,50.649787960212905,3.0976100566550615,5585.9,1203.6,1675.7699999999998,106.0,22.0,C,C,74c Rue Emile Vandenberghe 59800 Lille,74c,Rue Emile Vandenberghe,59800.0,Lille,59350_3092_00074_c,74C Rue Émile Vandenberghe,Lille,59800,1976.0,2264.1,8.62817985060557,7.093902840609621,4.672828834461906,3.1354942159291497,Lille,2025
2259E3241838K,2259E3241838K,50.639131978305564,3.058506969541084,25306.2,1897.8,7591.86,131.1,9.8,E,B,3 Rue Royale 59800 Lille,3,Rue Royale,59800.0,Lille,59350_7649_00003,3 Rue Royale,Lille,59800,1945.0,193.0,10.138844219209224,7.548977386677163,4.883559211528279,2.379546134130174,Lille,2025
2459E3008868C,2459E3008868C,50.62701600107826,3.1095309798385733,5909.6,1281.0,1772.88,113.0,24.0,C,C,Rue Roger Salengro 59260 Lille,,Rue Roger Salengro,59260.0,Lille,59350_7554,"336 Rue Roger Salengro
SQUARE FLANDRE",Lille,59260,,1000.0,8.684502628089689,7.156176637480615,4.736198448394496,3.2188758248682006,Lille,2025
2459E2932383J,2459E2932383J,50.61362996938978,3.073821058552619,7240.7,587.1,2172.21,195.0,15.0,D,C,60 Rue du Jardin des Plantes 59000 Lille,60,Rue du Jardin des Plantes,59000.0,Lille,59350_4797_00060,50 Rue Armand Carrel / 60 rue du jardin des plantes,Lille,59000,1991.0,3658.0,8.887611264446834,6.3768970014659105,5.278114659230517,2.772588722239781,Lille,2025
2459E3008904M,2459E3008904M,50.62701600107826,3.1095309798385733,5400.2,1168.8,1620.06,103.0,22.0,C,C,Rue Roger Salengro 59260 Lille,,Rue Roger Salengro,59260.0,Lille,59350_7554,"336 Rue Roger Salengro
SQUARE FLANDRE",Lille,59260,,1000.0,8.594376430086887,7.064588073008926,4.6443908991413725,3.1354942159291497,Lille,2025
2459E3331094K,2459E3331094K,50.63651198838657,3.021238037668948,7353.1,551.8,2205.93,89.0,6.0,D,B,58 Rue du Marais de Lomme 59000 Lille,58,Rue du Marais de Lomme,59000.0,Lille,59350_5860_00058,58 Rue du marais de Lomme,Lille,59000,,,8.903013259810647,6.31499627245346,4.499809670330265,1.9459101490553132,Lille,2025
2459E2932666G,2459E2932666G,50.61362996938978,3.073821058552619,9993.4,809.8,2998.02,185.0,14.0,D,C,60 Rue du Jardin des Plantes 59000 Lille,60,Rue du Jardin des Plantes,59000.0,Lille,59350_4797_00060,50 Rue Armand Carrel / 60 rue du jardin des plantes,Lille,59000,1991.0,3658.0,9.20978021511762,6.698021414577845,5.225746673713202,2.70805020110221,Lille,2025
2459E2998904W,2459E2998904W,50.62701600107826,3.1095309798385733,267239.2,58191.6,80171.76,146.0,31.0,D,D,Rue Roger Salengro 59260 Lille,,Rue Roger Salengro,59260.0,Lille,59350_7554,"336 Rue Roger Salengro
SQUARE FLANDRE",Lille,59260,,1824.0,12.495903158430092,10.971513477869244,4.990432586778736,3.4657359027997265,Lille,2025
2459E4281089R,2459E4281089R,50.62500002423457,3.06826406477871,16905.2,1274.8,5071.56,167.4,12.6,F,C,66 Boulevard Jean-Baptiste Lebas 59000 Lille,66,Boulevard Jean-Baptiste Lebas,59000.0,Lille,59350_4828_00066,66 Jean-Baptiste Lebas,Lille,59000,1945.0,101.0,9.735435697538382,7.151328711807855,5.126342101808226,2.6100697927420065,Lille,2025
2459E2932442Q,2459E2932442Q,50.61362996938978,3.073821058552619,7076.0,573.8,2122.7999999999997,196.0,15.0,D,C,60 Rue du Jardin des Plantes 59000 Lille,60,Rue du Jardin des Plantes,59000.0,Lille,59350_4797_00060,50 Rue Armand Carrel / 60 rue du jardin des plantes,Lille,59000,1991.0,3658.0,8.864605368075784,6.35402215420487,5.2832037287379885,2.772588722239781,Lille,2025
2459E3617342Y,2459E3617342Y,50.627361959678865,3.0535019873040365,8940.3,1885.1,2682.0899999999997,114.0,24.0,C,C,56 Rue de Flandre 59000 Lille,56,Rue de Flandre,59000.0,Lille,59350_3423_00056,54-56 rue de Flandre et 17 rue de la vielle aventure,Lille,59000,1997.0,3387.3,9.098436271466234,7.542266484057125,4.74493212836325,3.2188758248682006,Lille,2025
2559E1118517I,2559E1118517I,50.63893796782098,3.0588619439678815,68092.6,5118.0,20427.780000000002,234.0,17.5,G,C,122 Rue Esquermoise 59800 Lille,122,Rue Esquermoise,59800.0,Lille,59350_3197_00122,122 Rue Esquermoise,Lille,59800,,291.0,11.128638508279263,8.540714386457584,5.459585514144159,2.917770732084279,Lille,2025
2459E3207309L,2459E3207309L,50.632316991637744,3.1020130532794306,9889.6,2100.2,2966.88,120.0,25.0,C,C,Rue Desaugiers 59800 Lille,,Rue Desaugiers,59800.0,Lille,59350_2444,342-356 Rue des Peupliers,Lille,59800,,2624.0,9.199340090117317,7.650263889079806,4.795790545596741,3.258096538021482,Lille,2025
2459E3617523X,2459E3617523X,50.627361959678865,3.0535019873040365,5980.0,1253.9,1794.0,101.0,21.0,C,C,56 Rue de Flandre 59000 Lille,56,Rue de Flandre,59000.0,Lille,59350_3423_00056,54-56 rue de Flandre et 17 rue de la vielle aventure,Lille,59000,1997.0,3387.3,8.696343057044556,7.134811167116262,4.624972813284271,3.091042453358316,Lille,2025
2559E0201751C,2559E0201751C,50.62103596603701,3.0432179986255443,10986.5,2437.1,3295.95,288.5,64.0,E,E,195 Rue d'Iéna 59000 Lille,195,Rue d'Iéna,59000.0,Lille,59350_4658_00195,"195 B D'IENA - CITE D'IENA, Porte 003",Lille,59000,1948.0,,9.304513541993433,7.798974326427269,5.66815529701305,4.174387269895637,Lille,2025
2459E4230313T,2459E4230313T,50.624294010694534,3.0523779845690027,279689.9,20467.4,83906.97,98.3,7.1,D,B,4 Rue Guillaume Apollinaire 59000 Lille,4,Rue Guillaume Apollinaire,59000.0,Lille,59350_4238_00004,4 Rue Guillaume Apollinaire,Lille,59000,1998.0,2844.8,12.541440343802003,9.926637512434828,4.598145571051127,2.0918640616783932,Lille,2025
2459E3239334E,2459E3239334E,50.632316991637744,3.1020130532794306,9169.4,1935.5,2750.8199999999997,114.0,24.0,C,C,Rue Desaugiers 59800 Lille,,Rue Desaugiers,59800.0,Lille,59350_2444,190 -216 Rue des Peupliers,Lille,59800,,2346.0,9.1237361848008,7.568637498954807,4.74493212836325,3.2188758248682006,Lille,2025
2459E3007608Q,2459E3007608Q,50.62701600107826,3.1095309798385733,5940.4,1292.3,1782.12,135.0,29.0,C,C,Rue Roger Salengro 59260 Lille,,Rue Roger Salengro,59260.0,Lille,59350_7554,"336 Rue Roger Salengro
SQUARE FLANDRE",Lille,59260,,1824.0,8.6897000748218,7.164952370421198,4.912654885736052,3.4011973816621555,Lille,2025
2459E3239974U,2459E3239974U,50.632316991637744,3.1020130532794306,9365.2,1975.7,2809.56,117.0,24.0,C,C,Rue Desaugiers 59800 Lille,,Rue Desaugiers,59800.0,Lille,59350_2444,392-406 Rue des Peupliers,Lille,59800,,2918.0,9.14486274334851,7.589184066587884,4.770684624465665,3.2188758248682006,Lille,2025
2459E3007611T,2459E3007611T,50.62701600107826,3.1095309798385733,5966.9,1298.1,1790.07,135.0,29.0,C,C,Rue Roger Salengro 59260 Lille,,Rue Roger Salengro,59260.0,Lille,59350_7554,"336 Rue Roger Salengro
SQUARE FLANDRE",Lille,59260,,1824.0,8.69415038571104,7.169426996001687,4.912654885736052,3.4011973816621555,Lille,2025
2459E2932377D,2459E2932377D,50.61362996938978,3.073821058552619,4935.4,400.6,1480.62,214.0,17.0,D,C,60 Rue du Jardin des Plantes 59000 Lille,60,Rue du Jardin des Plantes,59000.0,Lille,59350_4797_00060,50 Rue Armand Carrel / 60 rue du jardin des plantes,Lille,59000,1991.0,3658.0,8.504391599579028,5.995456568377519,5.3706380281276624,2.8903717578961645,Lille,2025
2459E4617252A,2459E4617252A,50.63442795576693,3.0507580524534044,1596.7,119.1,479.01,46.4,3.4,B,A,13 Square Rameau 59800 Lille,13,Square Rameau,59800.0,Lille,59350_7364_00013,13 Square Rameau,Lille,59800,,485.1,7.376320374033526,4.788324729085938,3.858622228701031,1.4816045409242156,Lille,2025
2459E3008876K,2459E3008876K,50.62701600107826,3.1095309798385733,5576.4,1206.5,1672.9199999999998,103.0,22.0,C,C,Rue Roger Salengro 59260 Lille,,Rue Roger Salengro,59260.0,Lille,59350_7554,"336 Rue Roger Salengro
SQUARE FLANDRE",Lille,59260,,1000.0,8.626477996966218,7.096307385526727,4.6443908991413725,3.1354942159291497,Lille,2025
2459E2985766O,2459E2985766O,50.61362996938978,3.073821058552619,5758.7,467.2,1727.61,205.0,16.0,D,C,60 Rue du Jardin des Plantes 59000 Lille,60,Rue du Jardin des Plantes,59000.0,Lille,59350_4797_00060,50 Rue Armand Carrel / 60 rue du jardin des plantes,Lille,59000,1991.0,3658.0,8.658640669000219,6.148895555056811,5.327876168789581,2.833213344056216,Lille,2025
2459E4279234I,2459E4279234I,50.62144400753086,3.074499950820299,38494.3,8500.8,11548.29,340.0,75.0,F,F,Rue de Trévise 59000 Lille,,Rue de Trévise,59000.0,Lille,59350_8749,72 Rue de Trévise,Lille,59000,,1805.0,10.558291434901681,9.048033184765309,5.831882477283517,4.330733340286331,Lille,2025
2459E3007602K,2459E3007602K,50.62701600107826,3.1095309798385733,5608.5,1219.0,1682.55,127.0,27.0,C,C,Rue Roger Salengro 59260 Lille,,Rue Roger Salengro,59260.0,Lille,59350_7554,"336 Rue Roger Salengro
SQUARE FLANDRE",Lille,59260,,1824.0,8.632216867985019,7.106606137727303,4.852030263919617,3.332204510175204,Lille,2025
2459E3816154O,2459E3816154O,50.655841968730684,3.0869190244935703,194799.5,40151.6,58439.85,295.2,60.8,F,E,671 Avenue de la République (Lille) 59800 Lille,671,Avenue de la République (Lille),59800.0,Lille,59350_7464_00671,669-671 Avenue de la République,Lille,59800,1945.0,660.0,12.179731236922391,10.600442474438902,5.6910349018336985,4.123903364463645,Lille,2025
2559E0666756X,2559E0666756X,50.619879989744625,3.031520009835178,14472.9,3164.4,4341.87,223.0,48.0,D,D,Avenue Verhaeren 59000 Lille,,Avenue Verhaeren,59000.0,Lille,59350_9034,7 L avenue Verhaeren 4ème étage porte 139,Lille,59000,,,9.580102306462038,8.060034708899183,5.4116460518550396,3.8918202981106265,Lille,2025
2459E3239954A,2459E3239954A,50.632316991637744,3.1020130532794306,3660.5,769.5,1098.1499999999999,101.0,21.0,C,C,Rue Desaugiers 59800 Lille,,Rue Desaugiers,59800.0,Lille,59350_2444,392-406 Rue des Peupliers,Lille,59800,,2918.0,8.205628178501124,6.64703965476017,4.624972813284271,3.091042453358316,Lille,2025
2459E4279216Q,2459E4279216Q,50.62144400753086,3.074499950820299,17615.1,3876.2,5284.53,279.0,61.0,E,E,Rue de Trévise 59000 Lille,,Rue de Trévise,59000.0,Lille,59350_8749,72 Rue de Trévise,Lille,59000,,1805.0,9.776568535603934,8.262868522618453,5.634789603169249,4.127134385045092,Lille,2025
2459E3204835H,2459E3204835H,50.630469986908885,3.050853948837596,30223.3,2204.3,9066.99,163.4,11.9,F,C,56 Rue des Stations 59800 Lille,56,Rue des Stations,59800.0,Lille,59350_8449_00056,56 Rue des Stations,Lille,59800,1945.0,185.0,10.316401515578741,7.698618833048152,5.10230248262208,2.5572273113676265,Lille,2025
2559E0280821G,2559E0280821G,50.61991702512246,3.0613450084012204,41110.8,4318.8,12333.24,76.8,8.0,C,B,147 Rue d'Artois 59000 Lille,147,Rue d'Artois,59000.0,Lille,59350_0391_00147,147 d'Artois,Lille,59000,2005.0,535.0,10.624050463900552,8.370964383870152,4.354141431184346,2.1972245773362196,Lille,2025
2459E3239364I,2459E3239364I,50.632316991637744,3.1020130532794306,7918.4,1653.6,2375.52,94.0,19.0,C,C,Rue Desaugiers 59800 Lille,,Rue Desaugiers,59800.0,Lille,59350_2444,190 -216 Rue des Peupliers,Lille,59800,,2346.0,8.977070724362964,7.411314566756082,4.553876891600541,2.995732273553991,Lille,2025
2559E1379095O,2559E1379095O,50.637993020372626,3.054454993940828,60169.7,4597.8,18050.91,273.5,20.8,G,C,13 Quai du Wault 59800 Lille,13,Quai du Wault,59800.0,Lille,59350_9325_00013,13 Quai du Wault,Lille,59800,1787.0,220.0,11.00494080185123,8.433550678879586,5.614951260949585,3.0819099697950434,Lille,2025
2459E3007648E,2459E3007648E,50.62701600107826,3.1095309798385733,5608.5,1219.0,1682.55,127.0,27.0,C,C,Rue Roger Salengro 59260 Lille,,Rue Roger Salengro,59260.0,Lille,59350_7554,"336 Rue Roger Salengro
SQUARE FLANDRE",Lille,59260,,1824.0,8.632216867985019,7.106606137727303,4.852030263919617,3.332204510175204,Lille,2025
2459E3239305B,2459E3239305B,50.632316991637744,3.1020130532794306,8006.0,1671.7,2401.7999999999997,94.0,19.0,C,C,Rue Desaugiers 59800 Lille,,Rue Desaugiers,59800.0,Lille,59350_2444,190 -216 Rue des Peupliers,Lille,59800,,2346.0,8.988071438072634,7.422194366317963,4.553876891600541,2.995732273553991,Lille,2025
2459E3628608G,2459E3628608G,50.649787960212905,3.0976100566550615,7067.7,1517.9,2120.31,100.0,21.0,C,C,74c Rue Emile Vandenberghe 59800 Lille,74c,Rue Emile Vandenberghe,59800.0,Lille,59350_3092_00074_c,74C Rue Émile Vandenberghe,Lille,59800,1976.0,2264.1,8.86343186645303,7.325741667643973,4.61512051684126,3.091042453358316,Lille,2025
2459E3007643Z,2459E3007643Z,50.62701600107826,3.1095309798385733,5635.3,1224.9,1690.59,128.0,27.0,C,C,Rue Roger Salengro 59260 Lille,,Rue Roger Salengro,59260.0,Lille,59350_7554,"336 Rue Roger Salengro
SQUARE FLANDRE",Lille,59260,,1824.0,8.63698310084254,7.111430547100949,4.859812404361672,3.332204510175204,Lille,2025
2459E3241488A,2459E3241488A,50.617724004193235,3.092508067262955,10450.5,2208.6,3135.15,116.0,24.0,C,C,290 Allee des Peupliers 59000 Lille,290,Allee des Peupliers,59000.0,Lille,59350_4p7ft1_00290,278-290 Rue des Peupliers,Lille,59800,,3466.0,9.254500787761838,7.700566782655027,4.762173934797756,3.2188758248682006,Lille,2025
2559E0146015K,2559E0146015K,50.63435003900971,3.033988033807344,287836.5,21266.8,86350.95,102.6,7.5,D,B,77 Avenue Marx Dormoy 59000 Lille,77,Avenue Marx Dormoy,59000.0,Lille,59350_5967_00077,77 à 85 Marx Dormoy,Lille,59000,1989.0,2805.6,12.570151363765875,9.964949470780878,4.640537329825382,2.1400661634962708,Lille,2025
2459E3173167H,2459E3173167H,50.632316991637744,3.1020130532794306,242223.4,50568.1,72667.01999999999,92.0,19.0,C,C,Rue Desaugiers 59800 Lille,,Rue Desaugiers,59800.0,Lille,59350_2444,342-356 Rue des Peupliers,Lille,59800,,2624.0,12.397619848214323,10.831095996802745,4.532599493153256,2.995732273553991,Lille,2025
2459E2932307L,2459E2932307L,50.61362996938978,3.073821058552619,9534.3,772.7,2860.2899999999995,186.0,15.0,D,C,60 Rue du Jardin des Plantes 59000 Lille,60,Rue du Jardin des Plantes,59000.0,Lille,59350_4797_00060,50 Rue Armand Carrel / 60 rue du jardin des plantes,Lille,59000,1991.0,3658.0,9.162755980570507,6.651184201555409,5.231108616854587,2.772588722239781,Lille,2025
2459E3007596E,2459E3007596E,50.62701600107826,3.1095309798385733,5608.5,1219.0,1682.55,127.0,27.0,C,C,Rue Roger Salengro 59260 Lille,,Rue Roger Salengro,59260.0,Lille,59350_7554,"336 Rue Roger Salengro
SQUARE FLANDRE",Lille,59260,,1824.0,8.632216867985019,7.106606137727303,4.852030263919617,3.332204510175204,Lille,2025
2459E3239983D,2459E3239983D,50.632316991637744,3.1020130532794306,7551.9,1570.2,2265.5699999999997,89.0,18.0,C,C,Rue Desaugiers 59800 Lille,,Rue Desaugiers,59800.0,Lille,59350_2444,392-406 Rue des Peupliers,Lille,59800,,2918.0,8.929686874453525,7.3595949376002014,4.499809670330265,2.9444389791664403,Lille,2025
2459E3239330A,2459E3239330A,50.632316991637744,3.1020130532794306,6912.5,1438.4,2073.75,88.0,18.0,C,C,Rue Desaugiers 59800 Lille,,Rue Desaugiers,59800.0,Lille,59350_2444,190 -216 Rue des Peupliers,Lille,59800,,2346.0,8.841231300828673,7.2719816390737035,4.48863636973214,2.9444389791664403,Lille,2025
2459E4375411L,2459E4375411L,50.647577020807965,3.061810002826322,529834.2,38076.5,158950.25999999998,80.9,5.8,D,A,110 Avenue du Peuple Belge 59800 Lille,110,Avenue du Peuple Belge,59800.0,Lille,59350_6774_00110,110 du Peuple Belge,Lille,59800,1996.0,6549.0,13.180321293779157,10.54737883548966,4.405498990859024,1.916922612182061,Lille,2025
2459E3628612K,2459E3628612K,50.649787960212905,3.0976100566550615,6988.5,1513.5,2096.5499999999997,125.0,27.0,C,C,74c Rue Emile Vandenberghe 59800 Lille,74c,Rue Emile Vandenberghe,59800.0,Lille,59350_3092_00074_c,74C Rue Émile Vandenberghe,Lille,59800,1976.0,2264.1,8.852164301911182,7.322840630467292,4.836281906951478,3.332204510175204,Lille,2025
2559E0609943U,2559E0609943U,50.638661972395695,3.057604948667827,68802.5,11834.4,20640.75,215.0,36.9,E,D,19 Rue de la Barre 59800 Lille,19,Rue de la Barre,59800.0,Lille,59350_0583_00019,19 de la Barre,Lille,59800,1945.0,320.0,11.139009894720518,9.378850319433555,5.375278407684165,3.634951112088381,Lille,2025
2459E3239372Q,2459E3239372Q,50.632316991637744,3.1020130532794306,6803.8,1418.1,2041.1399999999999,90.0,18.0,C,C,Rue Desaugiers 59800 Lille,,Rue Desaugiers,59800.0,Lille,59350_2444,190 -216 Rue des Peupliers,Lille,59800,,2346.0,8.825383524499369,7.257778146840492,4.51085950651685,2.9444389791664403,Lille,2025
2459E4279180G,2459E4279180G,50.62144400753086,3.074499950820299,41432.6,9142.2,12429.779999999999,326.0,71.0,F,F,Rue de Trévise 59000 Lille,,Rue de Trévise,59000.0,Lille,59350_8749,72 Rue de Trévise,Lille,59000,,1805.0,10.631847424851816,9.120765712583388,5.7899601708972535,4.276666119016055,Lille,2025
2459E3617652W,2459E3617652W,50.627361959678865,3.0535019873040365,8246.9,1704.8,2474.0699999999997,83.0,17.0,C,C,56 Rue de Flandre 59000 Lille,56,Rue de Flandre,59000.0,Lille,59350_3423_00056,54-56 rue de Flandre et 17 rue de la vielle aventure,Lille,59000,1997.0,3387.3,9.01771390147199,7.441789487885009,4.430816798843313,2.8903717578961645,Lille,2025
2459E2932390Q,2459E2932390Q,50.61362996938978,3.073821058552619,6088.0,493.9,1826.3999999999999,202.0,16.0,D,C,60 Rue du Jardin des Plantes 59000 Lille,60,Rue du Jardin des Plantes,59000.0,Lille,59350_4797_00060,50 Rue Armand Carrel / 60 rue du jardin des plantes,Lille,59000,1991.0,3658.0,8.714239143608575,6.204355721957841,5.313205979041787,2.833213344056216,Lille,2025
2459E3207254I,2459E3207254I,50.632316991637744,3.1020130532794306,9420.1,1985.1,2826.03,103.0,21.0,C,C,Rue Desaugiers 59800 Lille,,Rue Desaugiers,59800.0,Lille,59350_2444,342-356 Rue des Peupliers,Lille,59800,,2624.0,9.150707133576773,7.593928195804746,4.6443908991413725,3.091042453358316,Lille,2025
2459E2932282M,2459E2932282M,50.61362996938978,3.073821058552619,5594.0,453.9,1678.2,207.0,16.0,D,C,60 Rue du Jardin des Plantes 59000 Lille,60,Rue du Jardin des Plantes,59000.0,Lille,59350_4797_00060,50 Rue Armand Carrel / 60 rue du jardin des plantes,Lille,59000,1991.0,3658.0,8.629628620746026,6.120077614575958,5.337538079701318,2.833213344056216,Lille,2025
2459E3239318O,2459E3239318O,50.632316991637744,3.1020130532794306,6886.5,1435.2,2065.95,90.0,18.0,C,C,Rue Desaugiers 59800 Lille,,Rue Desaugiers,59800.0,Lille,59350_2444,190 -216 Rue des Peupliers,Lille,59800,,2346.0,8.83746345346117,7.269756015676217,4.51085950651685,2.9444389791664403,Lille,2025
2559E0496765U,2559E0496765U,50.629310040874785,3.005236966687592,6476.2,466.5,1942.86,70.0,5.0,C,A,Rue Alexandre Desrousseaux (Lomme) 59000 Lille,,Rue Alexandre Desrousseaux (Lomme),59000.0,Lille,59350_x5e4tl,50 Rue Alexandre Desrousseaux,Lille,59160,,,8.776043597199315,6.147399348728742,4.2626798770413155,1.791759469228055,Lille,2025
2559E0183001Y,2559E0183001Y,50.61855602171532,3.0722339994601415,30134.2,2233.3,9040.26,191.9,14.2,G,C,15 Place Fernig 59000 Lille,15,Place Fernig,59000.0,Lille,59350_3384_00015,15 Fernig,Lille,59000,1950.0,157.0,10.313449202696184,7.711683258885441,5.262171919911683,2.7212954278522306,Lille,2025
2459E2932323B,2459E2932323B,50.61362996938978,3.073821058552619,5758.7,467.2,1727.61,205.0,16.0,D,C,60 Rue du Jardin des Plantes 59000 Lille,60,Rue du Jardin des Plantes,59000.0,Lille,59350_4797_00060,50 Rue Armand Carrel / 60 rue du jardin des plantes,Lille,59000,1991.0,3658.0,8.658640669000219,6.148895555056811,5.327876168789581,2.833213344056216,Lille,2025
2459E3628598W,2459E3628598W,50.649787960212905,3.0976100566550615,7198.3,1547.0,2159.49,102.0,22.0,C,C,74c Rue Emile Vandenberghe 59800 Lille,74c,Rue Emile Vandenberghe,59800.0,Lille,59350_3092_00074_c,74C Rue Émile Vandenberghe,Lille,59800,1976.0,2264.1,8.881739078055539,7.344719054149673,4.634728988229636,3.1354942159291497,Lille,2025
2459E3241495H,2459E3241495H,50.617724004193235,3.092508067262955,8827.5,1874.1,2648.25,126.0,26.0,C,C,290 Allee des Peupliers 59000 Lille,290,Allee des Peupliers,59000.0,Lille,59350_4p7ft1_00290,278-290 Rue des Peupliers,Lille,59800,,3466.0,9.085740403742854,7.536417270315673,4.844187086458591,3.295836866004329,Lille,2025
2459E2942670A,2459E2942670A,50.638932962806486,3.0800089971223117,274835.1,19890.1,82450.52999999998,108.4,7.8,D,B,99 Rue de Prague 59800 Lille,99,Rue de Prague,59800.0,Lille,59350_7137_00099,99 Rue de Prague,Lille,59800,,2536.2,12.523930198970108,9.89802767449175,4.695010889987881,2.174751721484161,Lille,2025
2459E3007572G,2459E3007572G,50.62701600107826,3.1095309798385733,7566.2,1651.0,2269.8599999999997,171.0,37.0,D,D,Rue Roger Salengro 59260 Lille,,Rue Roger Salengro,59260.0,Lille,59350_7554,"336 Rue Roger Salengro
SQUARE FLANDRE",Lille,59260,,1824.0,8.93157839689896,7.409741954080923,5.147494476813453,3.6375861597263857,Lille,2025
2459E3793869L,2459E3793869L,50.62218302446143,3.076608967484338,9693.6,2127.8,2908.08,146.0,32.0,D,D,80 Rue de Trévise 59000 Lille,80,Rue de Trévise,59000.0,Lille,59350_8749_00080,80 Rue de Trévise,Lille,59000,1987.0,,9.179324308444993,7.6633137196634795,4.990432586778736,3.4965075614664802,Lille,2025
2559E0948084F,2559E0948084F,50.637791957017384,3.0815640566930735,22896.5,5060.4,6868.95,268.7,59.3,E,E,21 Rue Eugène Jacquet 59800 Lille,21,Rue Eugène Jacquet,59800.0,Lille,59350_3227_00021,21 RUE EUGENE JACQUET,Lille,59800,1930.0,,10.038783013277143,8.5293984038546,5.597310230145684,4.09933210373314,Lille,2025
2459E1511242C,2459E1511242C,50.61861104248403,3.07857403626679,10595.4,1537.0,3178.62,199.9,29.0,D,C,8 Rue Maxime Gorki 59000 Lille,8,Rue Maxime Gorki,59000.0,Lille,59350_6027_00008,8 Rue Maxime Gorki,Lille,59000,1948.0,53.0,9.268269599773818,7.338238150065589,5.302807271820889,3.4011973816621555,Lille,2025
2459E2932314S,2459E2932314S,50.61362996938978,3.073821058552619,4606.0,373.9,1381.8,219.0,17.0,D,C,60 Rue du Jardin des Plantes 59000 Lille,60,Rue du Jardin des Plantes,59000.0,Lille,59350_4797_00060,50 Rue Armand Carrel / 60 rue du jardin des plantes,Lille,59000,1991.0,3658.0,8.435332164935916,5.926659323741866,5.393627546352362,2.8903717578961645,Lille,2025
2559E0201829C,2559E0201829C,50.62103596603701,3.0432179986255443,12586.5,2779.8,3775.95,330.5,73.0,F,F,195 Rue d'Iéna 59000 Lille,195,Rue d'Iéna,59000.0,Lille,59350_4658_00195,"195 B D'IENA - CITE D'IENA, Porte 001",Lille,59000,1948.0,,9.440459537026818,7.930493935071073,5.803627809625917,4.30406509320417,Lille,2025
2459E3008862W,2459E3008862W,50.62701600107826,3.1095309798385733,7910.3,1721.9,2373.09,152.0,33.0,D,D,Rue Roger Salengro 59260 Lille,,Rue Roger Salengro,59260.0,Lille,59350_7554,"336 Rue Roger Salengro
SQUARE FLANDRE",Lille,59260,,1000.0,8.976047396183306,7.4517641965383605,5.030437921392435,3.5263605246161616,Lille,2025
2459E3007598G,2459E3007598G,50.62701600107826,3.1095309798385733,5635.3,1224.9,1690.59,128.0,27.0,C,C,Rue Roger Salengro 59260 Lille,,Rue Roger Salengro,59260.0,Lille,59350_7554,"336 Rue Roger Salengro
SQUARE FLANDRE",Lille,59260,,1824.0,8.63698310084254,7.111430547100949,4.859812404361672,3.332204510175204,Lille,2025
2459E3239887L,2459E3239887L,50.632316991637744,3.1020130532794306,7476.8,1569.7,2243.04,105.0,22.0,C,C,Rue Desaugiers 59800 Lille,,Rue Desaugiers,59800.0,Lille,59350_2444,392-406 Rue des Peupliers,Lille,59800,,2918.0,8.919693910060387,7.359276658848986,4.663439094112067,3.1354942159291497,Lille,2025
2459E2932397X,2459E2932397X,50.61362996938978,3.073821058552619,5758.7,467.2,1727.61,205.0,16.0,D,C,60 Rue du Jardin des Plantes 59000 Lille,60,Rue du Jardin des Plantes,59000.0,Lille,59350_4797_00060,50 Rue Armand Carrel / 60 rue du jardin des plantes,Lille,59000,1991.0,3658.0,8.658640669000219,6.148895555056811,5.327876168789581,2.833213344056216,Lille,2025
2459E3239393L,2459E3239393L,50.632316991637744,3.1020130532794306,8221.3,1730.6,2466.39,108.0,22.0,C,C,Rue Desaugiers 59800 Lille,,Rue Desaugiers,59800.0,Lille,59350_2444,190 -216 Rue des Peupliers,Lille,59800,,2346.0,9.014605254264806,7.456801115567825,4.6913478822291435,3.1354942159291497,Lille,2025
2459E3617539N,2459E3617539N,50.627361959678865,3.0535019873040365,4202.4,873.6,1260.7199999999998,87.0,18.0,C,C,56 Rue de Flandre 59000 Lille,56,Rue de Flandre,59000.0,Lille,59350_3423_00056,54-56 rue de Flandre et 17 rue de la vielle aventure,Lille,59000,1997.0,3387.3,8.343649000593311,6.77376663897882,4.477336814478207,2.9444389791664403,Lille,2025
2459E3628610I,2459E3628610I,50.649787960212905,3.0976100566550615,7198.3,1547.0,2159.49,102.0,22.0,C,C,74c Rue Emile Vandenberghe 59800 Lille,74c,Rue Emile Vandenberghe,59800.0,Lille,59350_3092_00074_c,74C Rue Émile Vandenberghe,Lille,59800,1976.0,2264.1,8.881739078055539,7.344719054149673,4.634728988229636,3.1354942159291497,Lille,2025
2459E4455899D,2459E4455899D,50.61789696768191,3.0688629519756967,97860.4,7274.0,29358.12,146.1,10.8,F,B,123 Boulevard d'Alsace 59000 Lille,123,Boulevard d'Alsace,59000.0,Lille,59350_0224_00123,123 d'Alsace,Lille,59000,1998.0,670.0,11.491307470892428,8.892199092039693,4.991112627607392,2.468099531471619,Lille,2025
2459E4617258G,2459E4617258G,50.63442795576693,3.0507580524534044,2333.8,174.1,700.14,36.1,2.6,B,A,13 Square Rameau 59800 Lille,13,Square Rameau,59800.0,Lille,59350_7364_00013,13 Square Rameau,Lille,59800,,485.1,7.755681513329636,5.165357239291806,3.6136169696133895,1.2809338454620642,Lille,2025
2459E3007590Y,2459E3007590Y,50.62701600107826,3.1095309798385733,7242.3,1579.6,2172.69,164.0,35.0,D,D,Rue Roger Salengro 59260 Lille,,Rue Roger Salengro,59260.0,Lille,59350_7554,"336 Rue Roger Salengro
SQUARE FLANDRE",Lille,59260,,1824.0,8.887832182638965,7.365559800770875,5.10594547390058,3.58351893845611,Lille,2025
2559E0221161Q,2559E0221161Q,50.637923043507165,3.06151800096783,181482.1,13665.4,54444.63,256.1,19.2,G,C,35 Rue Esquermoise 59800 Lille,35,Rue Esquermoise,59800.0,Lille,59350_3197_00035,35 Esquermoise,Lille,59800,1945.0,708.7,12.108917815404105,9.522695544632848,5.549465114271844,3.005682604407159,Lille,2025
2459E3207230K,2459E3207230K,50.632316991637744,3.1020130532794306,11235.2,2388.0,3370.56,123.0,26.0,C,C,Rue Desaugiers 59800 Lille,,Rue Desaugiers,59800.0,Lille,59350_2444,342-356 Rue des Peupliers,Lille,59800,,2624.0,9.326895987994519,7.77863014732581,4.820281565605037,3.295836866004329,Lille,2025
2459E3239912K,2459E3239912K,50.632316991637744,3.1020130532794306,8505.2,1772.1,2551.56,93.0,19.0,C,C,Rue Desaugiers 59800 Lille,,Rue Desaugiers,59800.0,Lille,59350_2444,392-406 Rue des Peupliers,Lille,59800,,2918.0,9.048550588351642,7.480484706062943,4.543294782270004,2.995732273553991,Lille,2025
2459E3241053H,2459E3241053H,50.617724004193235,3.092508067262955,405671.4,85838.3,121701.42,117.0,24.0,C,C,290 Allee des Peupliers 59000 Lille,290,Allee des Peupliers,59000.0,Lille,59350_4p7ft1_00290,278-290 Rue des Peupliers,Lille,59800,,3466.0,12.913301216315899,11.3602322225649,4.770684624465665,3.2188758248682006,Lille,2025
2459E4482184C,2459E4482184C,50.63291502178782,2.988254958961982,2941.8,217.9,882.5400000000001,112.0,8.0,D,B,Chemin de Sequedin 59160 Lille,,Chemin de Sequedin,59160.0,Lille,59350_9595,12 Chemin des Wattinettes,Lille,59160,,,7.98711678805811,5.388615004528817,4.727387818712341,2.1972245773362196,Lille,2025
2459E2932608A,2459E2932608A,50.61362996938978,3.073821058552619,5264.7,427.2,1579.4099999999999,210.0,17.0,D,C,60 Rue du Jardin des Plantes 59000 Lille,60,Rue du Jardin des Plantes,59000.0,Lille,59350_4797_00060,50 Rue Armand Carrel / 60 rue du jardin des plantes,Lille,59000,1991.0,3658.0,8.568969369196834,6.059590376155582,5.351858133476067,2.8903717578961645,Lille,2025
2459E2932295Z,2459E2932295Z,50.61362996938978,3.073821058552619,13359.5,1082.0,4007.85,175.0,14.0,D,C,60 Rue du Jardin des Plantes 59000 Lille,60,Rue du Jardin des Plantes,59000.0,Lille,59350_4797_00060,50 Rue Armand Carrel / 60 rue du jardin des plantes,Lille,59000,1991.0,3658.0,9.500057871540033,6.9874902470009905,5.170483995038151,2.70805020110221,Lille,2025
2559E0281007K,2559E0281007K,50.61964798579046,3.0598440156733764,40142.1,2989.6,12042.63,209.1,15.5,G,C,64 Rue de Condé 59000 Lille,64,Rue de Condé,59000.0,Lille,59350_1844_00064,64 de Condé,Lille,59000,1948.0,192.0,10.600205849064334,8.003229315149744,5.347583607850955,2.803360380906535,Lille,2025
2459E2932471T,2459E2932471T,50.61362996938978,3.073821058552619,5429.4,440.6,1628.82,208.0,16.0,D,C,60 Rue du Jardin des Plantes 59000 Lille,60,Rue du Jardin des Plantes,59000.0,Lille,59350_4797_00060,50 Rue Armand Carrel / 60 rue du jardin des plantes,Lille,59000,1991.0,3658.0,8.599768075039908,6.090404494962885,5.342334251964811,2.833213344056216,Lille,2025
2459E3937729N,2459E3937729N,50.64239800477049,3.066427056078653,49665.6,3780.9,14899.679999999998,163.4,12.4,F,C,50 Rue de Gand 59800 Lille,50,Rue de Gand,59800.0,Lille,59350_3739_00050,50 de Gand,Lille,59800,1990.0,304.0,10.813087953976707,8.237981807832345,5.10230248262208,2.5952547069568657,Lille,2025
2459E2932259P,2459E2932259P,50.61362996938978,3.073821058552619,5429.4,440.6,1628.82,208.0,16.0,D,C,60 Rue du Jardin des Plantes 59000 Lille,60,Rue du Jardin des Plantes,59000.0,Lille,59350_4797_00060,50 Rue Armand Carrel / 60 rue du jardin des plantes,Lille,59000,1991.0,3658.0,8.599768075039908,6.090404494962885,5.342334251964811,2.833213344056216,Lille,2025
2459E3007607P,2459E3007607P,50.62701600107826,3.1095309798385733,5635.3,1224.9,1690.59,128.0,27.0,C,C,Rue Roger Salengro 59260 Lille,,Rue Roger Salengro,59260.0,Lille,59350_7554,"336 Rue Roger Salengro
SQUARE FLANDRE",Lille,59260,,1824.0,8.63698310084254,7.111430547100949,4.859812404361672,3.332204510175204,Lille,2025
2459E3008912U,2459E3008912U,50.62701600107826,3.1095309798385733,8072.7,1757.7,2421.81,155.0,33.0,D,D,Rue Roger Salengro 59260 Lille,,Rue Roger Salengro,59260.0,Lille,59350_7554,"336 Rue Roger Salengro
SQUARE FLANDRE",Lille,59260,,1000.0,8.996367144418388,7.472330178742318,5.049856007249537,3.5263605246161616,Lille,2025
2459E2938800E,2459E2938800E,50.63931696309545,3.079458952222209,312112.2,23068.7,93633.66,114.1,8.4,E,B,81 Rue d'Athènes 59777 Lille,81,Rue d'Athènes,59777.0,Lille,59350_0416_00081,81 Rue d'Athènes,Lille,59777,,2735.6,12.651121221500993,10.046275347182078,4.745801315727837,2.2407096892759584,Lille,2025
2559E0146311U,2559E0146311U,50.63435003900971,3.033988033807344,70460.1,15294.2,21138.030000000002,181.5,39.3,D,D,77 Avenue Marx Dormoy 59000 Lille,77,Avenue Marx Dormoy,59000.0,Lille,59350_5967_00077,77 à 85 Marx Dormoy,Lille,59000,1989.0,388.2,11.162816063467947,9.635294332668193,5.206750173022546,3.696351468952637,Lille,2025
2459E3617568Q,2459E3617568Q,50.627361959678865,3.0535019873040365,7271.8,1518.0,2181.54,95.0,20.0,C,C,56 Rue de Flandre 59000 Lille,56,Rue de Flandre,59000.0,Lille,59350_3423_00056,54-56 rue de Flandre et 17 rue de la vielle aventure,Lille,59000,1997.0,3387.3,8.891896640807648,7.325807502595773,4.564348191467836,3.044522437723423,Lille,2025
2459E3240001V,2459E3240001V,50.632316991637744,3.1020130532794306,8033.9,1681.6,2410.1699999999996,100.0,21.0,C,C,Rue Desaugiers 59800 Lille,,Rue Desaugiers,59800.0,Lille,59350_2444,392-406 Rue des Peupliers,Lille,59800,,2918.0,8.99154983254345,7.428095495116713,4.61512051684126,3.091042453358316,Lille,2025
2459E4279165R,2459E4279165R,50.62144400753086,3.074499950820299,19468.5,4283.2,5840.55,278.0,61.0,E,E,Rue de Trévise 59000 Lille,,Rue de Trévise,59000.0,Lille,59350_8749,72 Rue de Trévise,Lille,59000,,1805.0,9.876604417502339,8.362689115818716,5.631211781821365,4.127134385045092,Lille,2025
2459E3241539Z,2459E3241539Z,50.617724004193235,3.092508067262955,4818.9,1028.2,1445.6699999999998,133.0,28.0,C,C,290 Allee des Peupliers 59000 Lille,290,Allee des Peupliers,59000.0,Lille,59350_4p7ft1_00290,278-290 Rue des Peupliers,Lille,59800,,3466.0,8.48050845994146,6.936537080407589,4.897839799950911,3.367295829986474,Lille,2025
2459E3238773P,2459E3238773P,50.632316991637744,3.1020130532794306,236658.1,49627.2,70997.43,100.0,21.0,C,C,Rue Desaugiers 59800 Lille,,Rue Desaugiers,59800.0,Lille,59350_2444,190 -216 Rue des Peupliers,Lille,59800,,2346.0,12.374375988007293,10.812314499537715,4.61512051684126,3.091042453358316,Lille,2025
2559E0865095I,2559E0865095I,50.62698197348198,3.090132000204317,4364.8,314.6,1309.44,104.0,7.0,D,B,33 Rue Ernest Mayer 59800 Lille,33,Rue Ernest Mayer,59800.0,Lille,59350_3163_00033,33 Rue Ernest Mayer,Lille,59800,1930.0,,8.381556727540262,5.75447558897172,4.653960350157523,2.0794415416798357,Lille,2025
2459E2932424Y,2459E2932424Y,50.61362996938978,3.073821058552619,7240.7,587.1,2172.21,195.0,15.0,D,C,60 Rue du Jardin des Plantes 59000 Lille,60,Rue du Jardin des Plantes,59000.0,Lille,59350_4797_00060,50 Rue Armand Carrel / 60 rue du jardin des plantes,Lille,59000,1991.0,3658.0,8.887611264446834,6.3768970014659105,5.278114659230517,2.772588722239781,Lille,2025
2459E2429889R,2459E2429889R,50.63379596871053,3.027048061140703,6173.5,1323.8,1852.05,92.0,19.0,C,C,24b Quai de l'Ouest 59000 Lille,24b,Quai de l'Ouest,59000.0,Lille,59350_6530_00024_b,24b Quai de l'Ouest,Lille,59160,2014.0,,8.728183186557876,7.189016783630995,4.532599493153256,2.995732273553991,Lille,2025
2459E3207236Q,2459E3207236Q,50.632316991637744,3.1020130532794306,9279.6,1956.4,2783.88,104.0,21.0,C,C,Rue Desaugiers 59800 Lille,,Rue Desaugiers,59800.0,Lille,59350_2444,342-356 Rue des Peupliers,Lille,59800,,2624.0,9.135681478862605,7.5793723409917195,4.653960350157523,3.091042453358316,Lille,2025
2459E2600669D,2459E2600669D,50.64338995875985,3.0629010290514773,138200.9,10241.8,41460.27,106.9,7.9,D,B,58 Avenue du Peuple Belge 59800 Lille,58,Avenue du Peuple Belge,59800.0,Lille,59350_6774_00058,58 Avenue du Peuple Belge,Lille,59800,,1293.3,11.836470938412228,9.234330298716278,4.681204872264089,2.186051276738094,Lille,2025
2459E3239310G,2459E3239310G,50.632316991637744,3.1020130532794306,8792.8,1852.1,2637.8399999999997,109.0,23.0,C,C,Rue Desaugiers 59800 Lille,,Rue Desaugiers,59800.0,Lille,59350_2444,190 -216 Rue des Peupliers,Lille,59800,,2346.0,9.081802206702967,7.524615191369963,4.700480365792417,3.1780538303479458,Lille,2025
2459E3007593B,2459E3007593B,50.62701600107826,3.1095309798385733,5940.4,1292.3,1782.12,135.0,29.0,C,C,Rue Roger Salengro 59260 Lille,,Rue Roger Salengro,59260.0,Lille,59350_7554,"336 Rue Roger Salengro
SQUARE FLANDRE",Lille,59260,,1824.0,8.6897000748218,7.164952370421198,4.912654885736052,3.4011973816621555,Lille,2025
2459E3241465D,2459E3241465D,50.617724004193235,3.092508067262955,4280.2,909.0,1284.06,118.0,25.0,C,C,290 Allee des Peupliers 59000 Lille,290,Allee des Peupliers,59000.0,Lille,59350_4p7ft1_00290,278-290 Rue des Peupliers,Lille,59800,,3466.0,8.36198862311022,6.813444599510896,4.77912349311153,3.258096538021482,Lille,2025
2459E2996582O,2459E2996582O,50.62701600107826,3.1095309798385733,130617.8,28352.9,39185.34,130.0,28.0,C,C,Rue Roger Salengro 59260 Lille,,Rue Roger Salengro,59260.0,Lille,59350_7554,"336 Rue Roger Salengro
SQUARE FLANDRE",Lille,59260,,1000.0,11.780038436459924,10.252519865832111,4.875197323201151,3.367295829986474,Lille,2025
2459E3008850K,2459E3008850K,50.62701600107826,3.1095309798385733,7906.3,1721.0,2371.89,152.0,33.0,D,D,Rue Roger Salengro 59260 Lille,,Rue Roger Salengro,59260.0,Lille,59350_7554,"336 Rue Roger Salengro
SQUARE FLANDRE",Lille,59260,,1000.0,8.975541662416063,7.451241684987676,5.030437921392435,3.5263605246161616,Lille,2025
2559E0142378N,2559E0142378N,50.63428397212951,3.045036986358517,335245.9,73561.7,100573.77,293.9,64.4,E,E,31 Rue de Calais 59800 Lille,31,Rue de Calais,59800.0,Lille,59350_1232_00031,31 de Calais,Lille,59800,1960.0,1140.7,12.72262255427045,11.205893382775487,5.6866363158212305,4.180522258463153,Lille,2025
2459E3007609R,2459E3007609R,50.62701600107826,3.1095309798385733,5608.5,1219.0,1682.55,127.0,27.0,C,C,Rue Roger Salengro 59260 Lille,,Rue Roger Salengro,59260.0,Lille,59350_7554,"336 Rue Roger Salengro
SQUARE FLANDRE",Lille,59260,,1824.0,8.632216867985019,7.106606137727303,4.852030263919617,3.332204510175204,Lille,2025
2559E0136459W,2559E0136459W,50.63385502658894,3.0925950705768663,381772.4,82099.6,114531.72,167.2,35.9,D,D,43 Rue de Lannoy 59800 Lille,43,Rue de Lannoy,59800.0,Lille,59350_5337_00043,43 Rue de Lannoy,Lille,59800,1978.0,2283.0,12.852582517862434,11.315700603574594,5.125153747538848,3.6082115510464816,Lille,2025
2459E3241434Y,2459E3241434Y,50.617724004193235,3.092508067262955,9867.1,2104.2,2960.13,140.0,30.0,D,D,290 Allee des Peupliers 59000 Lille,290,Allee des Peupliers,59000.0,Lille,59350_4p7ft1_00290,278-290 Rue des Peupliers,Lille,59800,,3466.0,9.197062611363608,7.652165753479624,4.948759890378168,3.4339872044851463,Lille,2025
2459E4599727Z,2459E4599727Z,50.63516103788466,3.0825630050715795,3930.7,359.9,1179.2099999999998,87.4,8.0,B,B,119 Rue Dumont d'Urville 59800 Lille,119,Rue Dumont d'Urville,59800.0,Lille,59350_2867_00119,119 Rue Dumont d'Urville,Lille,59800,2018.0,45.0,8.276827181306441,5.8886009116487426,4.481871969643598,2.1972245773362196,Lille,2025
2559E0645310B,2559E0645310B,50.6209880356811,3.061887038194279,311604.9,66872.2,93481.47,144.3,30.9,D,D,18 Rue Monge 59000 Lille,18,Rue Monge,59000.0,Lille,59350_6180_00018,18 Monge,Lille,59000,1993.0,2159.0,12.649494527330924,11.110553567948218,4.9788005705762375,3.462606009790799,Lille,2025
2459E2932266W,2459E2932266W,50.61362996938978,3.073821058552619,7240.7,587.1,2172.21,195.0,15.0,D,C,60 Rue du Jardin des Plantes 59000 Lille,60,Rue du Jardin des Plantes,59000.0,Lille,59350_4797_00060,50 Rue Armand Carrel / 60 rue du jardin des plantes,Lille,59000,1991.0,3658.0,8.887611264446834,6.3768970014659105,5.278114659230517,2.772588722239781,Lille,2025
2459E3206000C,2459E3206000C,50.632316991637744,3.1020130532794306,315692.5,66944.5,94707.75,120.0,25.0,C,C,Rue Desaugiers 59800 Lille,,Rue Desaugiers,59800.0,Lille,59350_2444,342-356 Rue des Peupliers,Lille,59800,,2624.0,12.662527085167193,11.111634134521275,4.795790545596741,3.258096538021482,Lille,2025
2459E3207311N,2459E3207311N,50.632316991637744,3.1020130532794306,9355.4,1985.3,2806.62,118.0,25.0,C,C,Rue Desaugiers 59800 Lille,,Rue Desaugiers,59800.0,Lille,59350_2444,342-356 Rue des Peupliers,Lille,59800,,2624.0,9.143815880103555,7.59402889059891,4.77912349311153,3.258096538021482,Lille,2025
2459E3239959F,2459E3239959F,50.632316991637744,3.1020130532794306,7091.3,1484.5,2127.39,99.0,20.0,C,C,Rue Desaugiers 59800 Lille,,Rue Desaugiers,59800.0,Lille,59350_2444,392-406 Rue des Peupliers,Lille,59800,,2918.0,8.866764967483862,7.303506694902662,4.605170185988092,3.044522437723423,Lille,2025
2459E3628576A,2459E3628576A,50.649787960212905,3.0976100566550615,7197.7,1546.9,2159.31,102.0,22.0,C,C,74c Rue Emile Vandenberghe 59800 Lille,74c,Rue Emile Vandenberghe,59800.0,Lille,59350_3092_00074_c,74C Rue Émile Vandenberghe,Lille,59800,1976.0,2264.1,8.881655733146474,7.344654452579832,4.634728988229636,3.1354942159291497,Lille,2025
2459E2985735J,2459E2985735J,50.61362996938978,3.073821058552619,5923.4,480.5,1777.0199999999998,204.0,16.0,D,C,60 Rue du Jardin des Plantes 59000 Lille,60,Rue du Jardin des Plantes,59000.0,Lille,59350_4797_00060,50 Rue Armand Carrel / 60 rue du jardin des plantes,Lille,59000,1991.0,3658.0,8.686834695052818,6.17690623123818,5.3230099791384085,2.833213344056216,Lille,2025
2559E1252019A,2559E1252019A,50.62110796164057,3.0611070661623807,4525.9,752.2,1357.7699999999998,128.8,21.4,D,C,134 Rue d'Artois Appt 2 59000 Lille,134,Rue d'Artois,59000.0,Lille,59350_0391_00134,134 Rue d'Artois,Lille,59000,,360.0,8.41779265750786,6.624330796782997,4.86599480426999,3.109060958860994,Lille,2025
2459E2932370W,2459E2932370W,50.61362996938978,3.073821058552619,9993.4,809.8,2998.02,185.0,14.0,D,C,60 Rue du Jardin des Plantes 59000 Lille,60,Rue du Jardin des Plantes,59000.0,Lille,59350_4797_00060,50 Rue Armand Carrel / 60 rue du jardin des plantes,Lille,59000,1991.0,3658.0,9.20978021511762,6.698021414577845,5.225746673713202,2.70805020110221,Lille,2025
2459E2932561F,2459E2932561F,50.61362996938978,3.073821058552619,4770.7,387.3,1431.2099999999998,216.0,17.0,D,C,60 Rue du Jardin des Plantes 59000 Lille,60,Rue du Jardin des Plantes,59000.0,Lille,59350_4797_00060,50 Rue Armand Carrel / 60 rue du jardin des plantes,Lille,59000,1991.0,3658.0,8.470457914519063,5.961778236737621,5.37989735354046,2.8903717578961645,Lille,2025
2459E3241507T,2459E3241507T,50.617724004193235,3.092508067262955,8149.1,1721.4,2444.73,113.0,23.0,C,C,290 Allee des Peupliers 59000 Lille,290,Allee des Peupliers,59000.0,Lille,59350_4p7ft1_00290,278-290 Rue des Peupliers,Lille,59800,,3466.0,9.005785476098284,7.451473946050153,4.736198448394496,3.1780538303479458,Lille,2025
2459E3617624U,2459E3617624U,50.627361959678865,3.0535019873040365,4739.0,988.2,1421.7,92.0,19.0,C,C,56 Rue de Flandre 59000 Lille,56,Rue de Flandre,59000.0,Lille,59350_3423_00056,54-56 rue de Flandre et 17 rue de la vielle aventure,Lille,59000,1997.0,3387.3,8.463792414689122,6.896896535647262,4.532599493153256,2.995732273553991,Lille,2025
2459E4279144W,2459E4279144W,50.62144400753086,3.074499950820299,32025.2,7103.5,9607.56,451.0,100.0,G,G,Rue de Trévise 59000 Lille,,Rue de Trévise,59000.0,Lille,59350_8749,72 Rue de Trévise,Lille,59000,,1805.0,10.37430959678892,8.86848366507813,6.113682179832232,4.61512051684126,Lille,2025
2459E3240049R,2459E3240049R,50.632316991637744,3.1020130532794306,7743.1,1627.3,2322.93,107.0,22.0,C,C,Rue Desaugiers 59800 Lille,,Rue Desaugiers,59800.0,Lille,59350_2444,392-406 Rue des Peupliers,Lille,59800,,2918.0,8.954686542096178,7.395291804770174,4.68213122712422,3.1354942159291497,Lille,2025
2459E3207226G,2459E3207226G,50.632316991637744,3.1020130532794306,6977.7,1466.1,2093.31,96.0,20.0,C,C,Rue Desaugiers 59800 Lille,,Rue Desaugiers,59800.0,Lille,59350_2444,342-356 Rue des Peupliers,Lille,59800,,2624.0,8.850617931992062,7.291042942145598,4.574710978503383,3.044522437723423,Lille,2025
2459E2932263T,2459E2932263T,50.61362996938978,3.073821058552619,7240.7,587.1,2172.21,195.0,15.0,D,C,60 Rue du Jardin des Plantes 59000 Lille,60,Rue du Jardin des Plantes,59000.0,Lille,59350_4797_00060,50 Rue Armand Carrel / 60 rue du jardin des plantes,Lille,59000,1991.0,3658.0,8.887611264446834,6.3768970014659105,5.278114659230517,2.772588722239781,Lille,2025
2459E3008888W,2459E3008888W,50.62701600107826,3.1095309798385733,5576.4,1206.5,1672.9199999999998,103.0,22.0,C,C,Rue Roger Salengro 59260 Lille,,Rue Roger Salengro,59260.0,Lille,59350_7554,"336 Rue Roger Salengro
SQUARE FLANDRE",Lille,59260,,1000.0,8.626477996966218,7.096307385526727,4.6443908991413725,3.1354942159291497,Lille,2025
2559E0967450B,2559E0967450B,50.64005296453858,3.0580080413676334,3370.4,241.3,1011.12,86.0,6.0,D,A,38 Rue Royale 59800 Lille,38,Rue Royale,59800.0,Lille,59350_7649_00038,38 Rue Royale,Lille,59800,,,8.123083367346208,5.49017662782248,4.465908118654584,1.9459101490553132,Lille,2025
2459E3007663T,2459E3007663T,50.62701600107826,3.1095309798385733,9038.0,1971.4,2711.4,173.0,37.0,D,D,Rue Roger Salengro 59260 Lille,,Rue Roger Salengro,59260.0,Lille,59350_7554,"336 Rue Roger Salengro
SQUARE FLANDRE",Lille,59260,,1824.0,9.109303827798412,7.587006354349971,5.159055299214529,3.6375861597263857,Lille,2025
2559E0493168L,2559E0493168L,50.62715000721475,3.113604046452364,42725.1,3227.0,12817.529999999999,162.5,12.2,F,C,49 Rue Kléber 59000 Lille,49,Rue Kléber,59000.0,Lille,59350_27mgqm_00049,49 Faidherbe,Lille,59000,,262.9,10.66256525370269,8.07961802938984,5.096812990337308,2.580216829592325,Lille,2025
2459E2932568M,2459E2932568M,50.61362996938978,3.073821058552619,7240.7,587.1,2172.21,195.0,15.0,D,C,60 Rue du Jardin des Plantes 59000 Lille,60,Rue du Jardin des Plantes,59000.0,Lille,59350_4797_00060,50 Rue Armand Carrel / 60 rue du jardin des plantes,Lille,59000,1991.0,3658.0,8.887611264446834,6.3768970014659105,5.278114659230517,2.772588722239781,Lille,2025
2459E3007597F,2459E3007597F,50.62701600107826,3.1095309798385733,5966.9,1298.1,1790.07,135.0,29.0,C,C,Rue Roger Salengro 59260 Lille,,Rue Roger Salengro,59260.0,Lille,59350_7554,"336 Rue Roger Salengro
SQUARE FLANDRE",Lille,59260,,1824.0,8.69415038571104,7.169426996001687,4.912654885736052,3.4011973816621555,Lille,2025
2559E0148473Y,2559E0148473Y,50.64832698640195,3.0632329818709945,734382.5,54083.1,220314.75,117.5,8.6,E,B,Rue Paul Ramadier 59800 Lille,,Rue Paul Ramadier,59800.0,Lille,59350_6689,15-17-19-21 Paul Ramadier,Lille,59800,1995.0,6251.0,13.506786650715762,10.898295521452606,4.774912960575186,2.2617630984737906,Lille,2025
2459E4522693D,2459E4522693D,50.62143996537615,3.0801250274966443,8949.4,3181.0,2684.8199999999997,135.0,48.0,D,D,Rue Georges Clemenceau (Lille) 59000 Lille,,Rue Georges Clemenceau (Lille),59000.0,Lille,59350_3878,Rue Georges Clemenceau (Lille),Lille,59000,1969.0,66.3,9.099453503007641,8.065265208897733,4.912654885736052,3.8918202981106265,Lille,2025
2459E3241509V,2459E3241509V,50.617724004193235,3.092508067262955,6274.1,1320.0,1882.23,102.0,21.0,C,C,290 Allee des Peupliers 59000 Lille,290,Allee des Peupliers,59000.0,Lille,59350_4p7ft1_00290,278-290 Rue des Peupliers,Lille,59800,,3466.0,8.744344700127984,7.186144304522325,4.634728988229636,3.091042453358316,Lille,2025
2459E2932305J,2459E2932305J,50.61362996938978,3.073821058552619,4441.4,360.6,1332.4199999999998,222.0,18.0,D,C,60 Rue du Jardin des Plantes 59000 Lille,60,Rue du Jardin des Plantes,59000.0,Lille,59350_4797_00060,50 Rue Armand Carrel / 60 rue du jardin des plantes,Lille,59000,1991.0,3658.0,8.398950049927397,5.890538628518022,5.407171771460119,2.9444389791664403,Lille,2025
2459E3008920C,2459E3008920C,50.62701600107826,3.1095309798385733,7530.3,1638.1,2259.09,144.0,31.0,D,D,Rue Roger Salengro 59260 Lille,,Rue Roger Salengro,59260.0,Lille,59350_7554,"336 Rue Roger Salengro
SQUARE FLANDRE",Lille,59260,,1000.0,8.926822948655177,7.401902589695315,4.976733742420574,3.4657359027997265,Lille,2025
2459E3960082G,2459E3960082G,50.63360799295036,3.0056620014950783,4134.8,299.8,1240.44,83.0,6.0,D,B,6 Rue Anatole France (Lomme) 59000 Lille,6,Rue Anatole France (Lomme),59000.0,Lille,59350_czvne7_00006,"06 Rue Anatole France
BATIMENT A",Lille,59160,,,8.32743605911966,5.706445592075685,4.430816798843313,1.9459101490553132,Lille,2025
2559E0929174X,2559E0929174X,50.63026800630418,3.0559950077728946,48874.1,3735.9,14662.23,212.5,16.2,G,C,6 Rue Ratisbonne 59800 Lille,6,Rue Ratisbonne,59800.0,Lille,59350_7399_00006,6 Ratisbonne,Lille,59800,1945.0,230.0,10.79702334332138,8.226011669694744,5.363636832668679,2.8449093838194073,Lille,2025
2459E2932318W,2459E2932318W,50.61362996938978,3.073821058552619,9687.3,785.1,2906.1899999999996,186.0,15.0,D,C,60 Rue du Jardin des Plantes 59000 Lille,60,Rue du Jardin des Plantes,59000.0,Lille,59350_4797_00060,50 Rue Armand Carrel / 60 rue du jardin des plantes,Lille,59000,1991.0,3658.0,9.17867425089717,6.6670840107997105,5.231108616854587,2.772588722239781,Lille,2025
2459E3617691J,2459E3617691J,50.627361959678865,3.0535019873040365,10276.9,2130.6,3083.0699999999997,87.0,18.0,C,C,56 Rue de Flandre 59000 Lille,56,Rue de Flandre,59000.0,Lille,59350_3423_00056,54-56 rue de Flandre et 17 rue de la vielle aventure,Lille,59000,1997.0,3387.3,9.237751237985481,7.664628150422627,4.477336814478207,2.9444389791664403,Lille,2025
2459E3617668M,2459E3617668M,50.627361959678865,3.0535019873040365,2222.3,456.7,666.69,72.0,14.0,C,C,56 Rue de Flandre 59000 Lille,56,Rue de Flandre,59000.0,Lille,59350_3423_00056,54-56 rue de Flandre et 17 rue de la vielle aventure,Lille,59000,1997.0,3387.3,7.706747857625423,6.126213947659596,4.290459441148391,2.70805020110221,Lille,2025
2559E0947979E,2559E0947979E,50.637791957017384,3.0815640566930735,22720.4,5021.2,6816.12,267.7,59.1,E,E,21 Rue Eugène Jacquet 59800 Lille,21,Rue Eugène Jacquet,59800.0,Lille,59350_3227_00021,21 RUE EUGENE JACQUET,Lille,59800,1930.0,,10.03106249065498,8.521623363695552,5.593595515621446,4.096009841541162,Lille,2025
2459E3628603B,2459E3628603B,50.649787960212905,3.0976100566550615,7038.0,1511.3,2111.4,100.0,21.0,C,C,74c Rue Emile Vandenberghe 59800 Lille,74c,Rue Emile Vandenberghe,59800.0,Lille,59350_3092_00074_c,74C Rue Émile Vandenberghe,Lille,59800,1976.0,2264.1,8.85922139360813,7.321386949756695,4.61512051684126,3.091042453358316,Lille,2025
2459E2932344W,2459E2932344W,50.61362996938978,3.073821058552619,9381.3,760.4,2814.39,187.0,15.0,D,C,60 Rue du Jardin des Plantes 59000 Lille,60,Rue du Jardin des Plantes,59000.0,Lille,59350_4797_00060,50 Rue Armand Carrel / 60 rue du jardin des plantes,Lille,59000,1991.0,3658.0,9.146580214501672,6.635158843948397,5.236441962829949,2.772588722239781,Lille,2025
2459E3241392I,2459E3241392I,50.617724004193235,3.092508067262955,10665.8,2256.2,3199.74,118.0,25.0,C,C,290 Allee des Peupliers 59000 Lille,290,Allee des Peupliers,59000.0,Lille,59350_4p7ft1_00290,278-290 Rue des Peupliers,Lille,59800,,3466.0,9.27489139303563,7.721880386094985,4.77912349311153,3.258096538021482,Lille,2025
2459E3628566Q,2459E3628566Q,50.649787960212905,3.0976100566550615,7198.3,1547.0,2159.49,102.0,22.0,C,C,74c Rue Emile Vandenberghe 59800 Lille,74c,Rue Emile Vandenberghe,59800.0,Lille,59350_3092_00074_c,74C Rue Émile Vandenberghe,Lille,59800,1976.0,2264.1,8.881739078055539,7.344719054149673,4.634728988229636,3.1354942159291497,Lille,2025
2459E3628483L,2459E3628483L,50.649787960212905,3.0976100566550615,245790.5,52948.2,73737.15,108.0,23.0,C,C,74c Rue Emile Vandenberghe 59800 Lille,74c,Rue Emile Vandenberghe,59800.0,Lille,59350_3092_00074_c,74C Rue Émile Vandenberghe,Lille,59800,1976.0,2264.1,12.412238894556006,10.877088242322404,4.6913478822291435,3.1780538303479458,Lille,2025
2559E0948395E,2559E0948395E,50.637791957017384,3.0815640566930735,18787.4,4134.2,5636.22,222.5,48.9,D,D,21 Rue Eugène Jacquet 59800 Lille,21,Rue Eugène Jacquet,59800.0,Lille,59350_3227_00021,21 RUE EUGENE JACQUET,Lille,59800,1930.0,,9.840994937105478,8.32729097388183,5.409411414053624,3.910021002757473,Lille,2025
2459E2932417R,2459E2932417R,50.61362996938978,3.073821058552619,9993.4,809.8,2998.02,185.0,14.0,D,C,60 Rue du Jardin des Plantes 59000 Lille,60,Rue du Jardin des Plantes,59000.0,Lille,59350_4797_00060,50 Rue Armand Carrel / 60 rue du jardin des plantes,Lille,59000,1991.0,3658.0,9.20978021511762,6.698021414577845,5.225746673713202,2.70805020110221,Lille,2025
2459E2932495R,2459E2932495R,50.61362996938978,3.073821058552619,10146.4,822.2,3043.9199999999996,184.0,14.0,D,C,60 Rue du Jardin des Plantes 59000 Lille,60,Rue du Jardin des Plantes,59000.0,Lille,59350_4797_00060,50 Rue Armand Carrel / 60 rue du jardin des plantes,Lille,59000,1991.0,3658.0,9.224972794020495,6.71319918451984,5.220355825078324,2.70805020110221,Lille,2025
2559E0281201W,2559E0281201W,50.626182040377195,3.0615699305383646,32748.7,2423.6,9824.61,147.9,10.9,F,B,83 Rue Brûle-Maison 59000 Lille,83,Rue Brûle-Maison,59000.0,Lille,59350_1163_00083,83 Brûle-Maison,Lille,59000,1988.0,221.5,10.396649080716099,7.793421841312483,5.003274939689963,2.4765384001174837,Lille,2025
2559E0494079M,2559E0494079M,50.62715000721475,3.113604046452364,28034.6,2064.9,8410.38,121.8,8.9,E,B,49 Rue Kléber 59000 Lille,49,Rue Kléber,59000.0,Lille,59350_27mgqm_00049,49 Faidherbe,Lille,59000,,230.2,10.241230410147912,7.633321245797583,4.810557015713042,2.2925347571405443,Lille,2025
2459E3007666W,2459E3007666W,50.62701600107826,3.1095309798385733,7419.8,1618.7,2225.94,168.0,36.0,D,D,Rue Roger Salengro 59260 Lille,,Rue Roger Salengro,59260.0,Lille,59350_7554,"336 Rue Roger Salengro
SQUARE FLANDRE",Lille,59260,,1824.0,8.912042147061213,7.389996225892351,5.1298987149230735,3.6109179126442243,Lille,2025
2459E3241460Y,2459E3241460Y,50.617724004193235,3.092508067262955,9801.5,2088.4,2940.45,138.0,29.0,C,C,290 Allee des Peupliers 59000 Lille,290,Allee des Peupliers,59000.0,Lille,59350_4p7ft1_00290,278-290 Rue des Peupliers,Lille,59800,,3466.0,9.190392734166487,7.644632222403407,4.9344739331306915,3.4011973816621555,Lille,2025
2459E3007638U,2459E3007638U,50.62701600107826,3.1095309798385733,6868.0,1492.5,2060.4,132.0,28.0,C,C,Rue Roger Salengro 59260 Lille,,Rue Roger Salengro,59260.0,Lille,59350_7554,"336 Rue Roger Salengro
SQUARE FLANDRE",Lille,59260,,1824.0,8.834773814213882,7.308877637656164,4.890349128221754,3.367295829986474,Lille,2025
2559E0541466B,2559E0541466B,50.6251929567792,3.066475971984027,279680.4,62375.4,83904.12000000001,543.6,121.2,G,G,291 Rue de Solférino 59000 Lille,291,Rue de Solférino,59000.0,Lille,59350_8364_00291,291 Rue de Solférino,Lille,59000,,514.5,12.541406377157603,11.040942277691716,6.300051580239659,4.805659046737495,Lille,2025
2459E3007604M,2459E3007604M,50.62701600107826,3.1095309798385733,5966.9,1298.1,1790.07,135.0,29.0,C,C,Rue Roger Salengro 59260 Lille,,Rue Roger Salengro,59260.0,Lille,59350_7554,"336 Rue Roger Salengro
SQUARE FLANDRE",Lille,59260,,1824.0,8.69415038571104,7.169426996001687,4.912654885736052,3.4011973816621555,Lille,2025
2459E3239338I,2459E3239338I,50.632316991637744,3.1020130532794306,8503.3,1784.3,2550.99,102.0,21.0,C,C,Rue Desaugiers 59800 Lille,,Rue Desaugiers,59800.0,Lille,59350_2444,190 -216 Rue des Peupliers,Lille,59800,,2346.0,9.04832719691601,7.487341747318916,4.634728988229636,3.091042453358316,Lille,2025
2559E0995398Z,2559E0995398Z,50.63798106086856,3.0561208069589796,283438.5,61611.2,85031.55,183.7,39.0,D,D,Rue de la Halloterie 59800 Lille,,Rue de la Halloterie,59800.0,Lille,59350_4332,Rue de la Halloterie,Lille,59800,1983.0,1542.6,12.554753975496025,11.028615181859966,5.218732887205194,3.6888794541139363,Lille,2025
2459E3628563N,2459E3628563N,50.649787960212905,3.0976100566550615,5585.9,1203.6,1675.7699999999998,106.0,22.0,C,C,74c Rue Emile Vandenberghe 59800 Lille,74c,Rue Emile Vandenberghe,59800.0,Lille,59350_3092_00074_c,74C Rue Émile Vandenberghe,Lille,59800,1976.0,2264.1,8.62817985060557,7.093902840609621,4.672828834461906,3.1354942159291497,Lille,2025
2459E3008866A,2459E3008866A,50.62701600107826,3.1095309798385733,7365.9,1601.9,2209.77,141.0,30.0,D,D,Rue Roger Salengro 59260 Lille,,Rue Roger Salengro,59260.0,Lille,59350_7554,"336 Rue Roger Salengro
SQUARE FLANDRE",Lille,59260,,1000.0,8.904752272544263,7.3795697676318355,4.955827057601261,3.4339872044851463,Lille,2025
2459E2932256M,2459E2932256M,50.61362996938978,3.073821058552619,6746.7,547.2,2024.0099999999998,198.0,16.0,D,C,60 Rue du Jardin des Plantes 59000 Lille,60,Rue du Jardin des Plantes,59000.0,Lille,59350_4797_00060,50 Rue Armand Carrel / 60 rue du jardin des plantes,Lille,59000,1991.0,3658.0,8.816956985060518,6.306640183868685,5.293304824724492,2.833213344056216,Lille,2025
2459E3617615L,2459E3617615L,50.627361959678865,3.0535019873040365,3495.9,735.0,1048.77,103.0,21.0,C,C,56 Rue de Flandre 59000 Lille,56,Rue de Flandre,59000.0,Lille,59350_3423_00056,54-56 rue de Flandre et 17 rue de la vielle aventure,Lille,59000,1997.0,3387.3,8.159632140715127,6.601230118728877,4.6443908991413725,3.091042453358316,Lille,2025
2459E3007660Q,2459E3007660Q,50.62701600107826,3.1095309798385733,6506.9,1412.8,1952.0699999999997,125.0,27.0,C,C,Rue Roger Salengro 59260 Lille,,Rue Roger Salengro,59260.0,Lille,59350_7554,"336 Rue Roger Salengro
SQUARE FLANDRE",Lille,59260,,1824.0,8.780772102517126,7.254036393736854,4.836281906951478,3.332204510175204,Lille,2025
2559E0948750V,2559E0948750V,50.637791957017384,3.0815640566930735,19423.0,4277.2,5826.9,229.4,50.5,E,E,21 Rue Eugène Jacquet 59800 Lille,21,Rue Eugène Jacquet,59800.0,Lille,59350_3227_00021,21 RUE EUGENE JACQUET,Lille,59800,1930.0,,9.874264693859224,8.361287639367704,5.439816928821736,3.9415818076696905,Lille,2025
2459E3617366W,2459E3617366W,50.627361959678865,3.0535019873040365,3850.7,811.1,1155.2099999999998,107.0,22.0,C,C,56 Rue de Flandre 59000 Lille,56,Rue de Flandre,59000.0,Lille,59350_3423_00056,54-56 rue de Flandre et 17 rue de la vielle aventure,Lille,59000,1997.0,3387.3,8.256269888265148,6.699623485288365,4.68213122712422,3.1354942159291497,Lille,2025
2559E0493071S,2559E0493071S,50.62715000721475,3.113604046452364,17889.1,1365.9,5366.73,77.7,5.9,C,A,49 Rue Kléber 59000 Lille,49,Rue Kléber,59000.0,Lille,59350_27mgqm_00049,49 Faidherbe,Lille,59000,,230.2,9.792002766202067,7.220300681158608,4.365643155423357,1.9315214116032138,Lille,2025
2459E2724140A,2459E2724140A,50.63235997899741,3.062447963303423,344549.0,77408.0,103364.7,246.1,55.2,E,E,3 Place Richebé 59800 Lille,3,Place Richebé,59800.0,Lille,59350_7504_00003,3 Place Richebé,Lille,59800,1945.0,1400.0,12.749994496785353,11.256858331887699,5.509793112994564,4.028916756899646,Lille,2025
2459E4617256E,2459E4617256E,50.63442795576693,3.0507580524534044,3338.8,250.9,1001.64,35.8,2.6,B,A,13 Square Rameau 59800 Lille,13,Square Rameau,59800.0,Lille,59350_7364_00013,13 Square Rameau,Lille,59800,,485.1,8.113666203938331,5.529032183358565,3.6054978451748854,1.2809338454620642,Lille,2025
2459E2449871F,2459E2449871F,50.63016302293553,3.013789017832576,9459.2,721.2,2837.76,132.0,10.0,E,B,250 Avenue Arthur Notebart 59160 Lille,250,Avenue Arthur Notebart,59160.0,Lille,59350_0389_00250,248 Avenue Arthur Notebart,Lille,59160,1989.0,,9.154848803471491,6.582302108843358,4.890349128221754,2.3978952727983707,Lille,2025
2459E3241400Q,2459E3241400Q,50.617724004193235,3.092508067262955,6164.8,1295.9,1849.44,101.0,21.0,C,C,290 Allee des Peupliers 59000 Lille,290,Allee des Peupliers,59000.0,Lille,59350_4p7ft1_00290,278-290 Rue des Peupliers,Lille,59800,,3466.0,8.72677317198102,7.167732080341696,4.624972813284271,3.091042453358316,Lille,2025
2459E3241427R,2459E3241427R,50.617724004193235,3.092508067262955,10068.2,2122.7,3020.46,110.0,23.0,C,C,290 Allee des Peupliers 59000 Lille,290,Allee des Peupliers,59000.0,Lille,59350_4p7ft1_00290,278-290 Rue des Peupliers,Lille,59800,,3466.0,9.217236538664023,7.660915129448253,4.709530201312334,3.1780538303479458,Lille,2025
2459E3556662C,2459E3556662C,50.62343201130455,3.038121961054227,12664.9,2760.2,3799.47,114.0,25.0,C,C,19bis Rue du Bazinghien 59000 Lille,19bis,Rue du Bazinghien,59000.0,Lille,59350_0662_00019_bis,"19bis Rue du Bazinghien 
RESIDENCE LE PARC D'ISLY",Lille,59000,,17028.0,9.446668621892833,7.92342064682932,4.74493212836325,3.258096538021482,Lille,2025
2459E3241447L,2459E3241447L,50.617724004193235,3.092508067262955,7589.0,1576.4,2276.7,85.0,17.0,C,C,290 Allee des Peupliers 59000 Lille,290,Allee des Peupliers,59000.0,Lille,59350_4p7ft1_00290,278-290 Rue des Peupliers,Lille,59800,,3466.0,8.934586870389676,7.36353320096389,4.454347296253507,2.8903717578961645,Lille,2025
2459E2416451V,2459E2416451V,50.63278703778774,3.0085889547296736,19493.0,4011.1,5847.9,180.0,37.0,D,D,29 Rue des Martyrs de la Résistance 59160 Lille,29,Rue des Martyrs de la Résistance,59160.0,Lille,59350_9538_00029,29 Rue des Martyrs de la Résistance,Lille,59160,,,9.877862004897155,8.297070073995524,5.198497031265826,3.6375861597263857,Lille,2025
2459E3007671B,2459E3007671B,50.62701600107826,3.1095309798385733,7393.7,1613.0,2218.1099999999997,168.0,36.0,D,D,Rue Roger Salengro 59260 Lille,,Rue Roger Salengro,59260.0,Lille,59350_7554,"336 Rue Roger Salengro
SQUARE FLANDRE",Lille,59260,,1824.0,8.90851880637068,7.3864708488298945,5.1298987149230735,3.6109179126442243,Lille,2025
2459E1831485D,2459E1831485D,50.62880096361793,3.0362039389925846,249593.1,17839.2,74877.93,71.3,5.0,C,A,6 Rue Michel Servet 59000 Lille,6,Rue Michel Servet,59000.0,Lille,59350_6109_00006,4-6 Rue Michel Servet,Lille,59000,1989.0,3500.0,12.42759127737752,9.789209616833492,4.280824129164719,1.791759469228055,Lille,2025
2459E2932371X,2459E2932371X,50.61362996938978,3.073821058552619,7076.0,573.8,2122.7999999999997,196.0,15.0,D,C,60 Rue du Jardin des Plantes 59000 Lille,60,Rue du Jardin des Plantes,59000.0,Lille,59350_4797_00060,50 Rue Armand Carrel / 60 rue du jardin des plantes,Lille,59000,1991.0,3658.0,8.864605368075784,6.35402215420487,5.2832037287379885,2.772588722239781,Lille,2025
2459E1704768K,2459E1704768K,50.62107704377687,3.070028038739954,5632.6,1136.5,1689.78,89.2,18.0,C,C,55 Rue Philippe de Comines 59000 Lille,55,Rue Philippe de Comines,59000.0,Lille,59350_6799_00055,55 Rue Philippe de Comines,Lille,59000,1989.0,63.1,8.636503948400788,7.036588150825105,4.502029427068578,2.9444389791664403,Lille,2025
2459E2932393T,2459E2932393T,50.61362996938978,3.073821058552619,5923.4,480.5,1777.0199999999998,204.0,16.0,D,C,60 Rue du Jardin des Plantes 59000 Lille,60,Rue du Jardin des Plantes,59000.0,Lille,59350_4797_00060,50 Rue Armand Carrel / 60 rue du jardin des plantes,Lille,59000,1991.0,3658.0,8.686834695052818,6.17690623123818,5.3230099791384085,2.833213344056216,Lille,2025
2459E3239878C,2459E3239878C,50.632316991637744,3.1020130532794306,7109.8,1499.8,2132.94,114.0,24.0,C,C,Rue Desaugiers 59800 Lille,,Rue Desaugiers,59800.0,Lille,59350_2444,392-406 Rue des Peupliers,Lille,59800,,2918.0,8.869370034048531,7.31375357825196,4.74493212836325,3.2188758248682006,Lille,2025
2459E3942171J,2459E3942171J,50.630217043452106,3.003616996671071,18842.1,4147.9,5652.629999999999,303.0,66.0,E,E,2 Rue Auguste Lamy 59160 Lille,2,Rue Auguste Lamy,59160.0,Lille,59350_9380_00002,"2 Rue Auguste Lamy
BATIMENT B - MYOSOTIS",Lille,59160,,1194.0,9.843902078118969,8.330598517849106,5.717027701406222,4.204692619390966,Lille,2025
2459E3617408M,2459E3617408M,50.627361959678865,3.0535019873040365,10558.6,2220.5,3167.58,110.0,23.0,C,C,56 Rue de Flandre 59000 Lille,56,Rue de Flandre,59000.0,Lille,59350_3423_00056,54-56 rue de Flandre et 17 rue de la vielle aventure,Lille,59000,1997.0,3387.3,9.264790677754954,7.705937922375963,4.709530201312334,3.1780538303479458,Lille,2025
2459E3617432K,2459E3617432K,50.627361959678865,3.0535019873040365,3508.3,717.3,1052.49,70.0,14.0,C,C,56 Rue de Flandre 59000 Lille,56,Rue de Flandre,59000.0,Lille,59350_3423_00056,54-56 rue de Flandre et 17 rue de la vielle aventure,Lille,59000,1997.0,3387.3,8.163171866371634,6.576887309080756,4.2626798770413155,2.70805020110221,Lille,2025
2459E2932243Z,2459E2932243Z,50.61362996938978,3.073821058552619,4441.4,360.6,1332.4199999999998,222.0,18.0,D,C,60 Rue du Jardin des Plantes 59000 Lille,60,Rue du Jardin des Plantes,59000.0,Lille,59350_4797_00060,50 Rue Armand Carrel / 60 rue du jardin des plantes,Lille,59000,1991.0,3658.0,8.398950049927397,5.890538628518022,5.407171771460119,2.9444389791664403,Lille,2025
2459E3241472K,2459E3241472K,50.617724004193235,3.092508067262955,10971.3,2322.6,3291.39,120.0,25.0,C,C,290 Allee des Peupliers 59000 Lille,290,Allee des Peupliers,59000.0,Lille,59350_4p7ft1_00290,278-290 Rue des Peupliers,Lille,59800,,3466.0,9.30312919400962,7.750872986118377,4.795790545596741,3.258096538021482,Lille,2025
2559E0838257C,2559E0838257C,50.643493970577055,2.991169992714502,5472.5,1183.4,1641.75,152.6,33.0,D,D,Rue Honoré de Balzac 59160 Lille,,Rue Honoré de Balzac,59160.0,Lille,59350_9655,75 Rue Balzac,Lille,59160,1948.0,35.9,8.607673544544612,7.076991596227436,5.034351820713572,3.5263605246161616,Lille,2025
2559E0140326P,2559E0140326P,50.618885018234636,3.0511189892075286,56647.5,5180.5,16994.25,235.0,21.0,G,C,286 Boulevard Victor Hugo 59000 Lille,286,Boulevard Victor Hugo,59000.0,Lille,59350_9119_00286,286 Boulevard Victor Hugo,Lille,59000,,240.9,10.944620787729601,8.552849868624271,5.4638318050256105,3.091042453358316,Lille,2025
2459E3207243X,2459E3207243X,50.632316991637744,3.1020130532794306,4136.8,878.9,1241.04,114.0,24.0,C,C,Rue Desaugiers 59800 Lille,,Rue Desaugiers,59800.0,Lille,59350_2444,342-356 Rue des Peupliers,Lille,59800,,2624.0,8.327919524609642,6.779808264651515,4.74493212836325,3.2188758248682006,Lille,2025
2459E3628550A,2459E3628550A,50.649787960212905,3.0976100566550615,6357.8,1377.7,1907.34,126.0,27.0,C,C,74c Rue Emile Vandenberghe 59800 Lille,74c,Rue Emile Vandenberghe,59800.0,Lille,59350_3092_00074_c,74C Rue Émile Vandenberghe,Lille,59800,1976.0,2264.1,8.757594959286717,7.228896305177583,4.844187086458591,3.332204510175204,Lille,2025
2459E2932269Z,2459E2932269Z,50.61362996938978,3.073821058552619,7405.3,600.5,2221.59,194.0,15.0,D,C,60 Rue du Jardin des Plantes 59000 Lille,60,Rue du Jardin des Plantes,59000.0,Lille,59350_4797_00060,50 Rue Armand Carrel / 60 rue du jardin des plantes,Lille,59000,1991.0,3658.0,8.910086268349605,6.399426535414734,5.272999558563747,2.772588722239781,Lille,2025
2559E1106716L,2559E1106716L,50.62794996083778,3.106437929842098,1006562.9,220625.1,301968.87,239.8,52.5,E,E,130 Rue Roger Salengro 59260 Lille,130,Rue Roger Salengro,59260.0,Lille,59350_7554_00130,130 Rue Roger Salengro,Lille,59260,,4197.5,13.822053009379088,12.304224692492964,5.483966713434666,3.979681653901961,Lille,2025
2459E2932355H,2459E2932355H,50.61362996938978,3.073821058552619,10911.4,884.1,3273.4199999999996,181.0,14.0,D,C,60 Rue du Jardin des Plantes 59000 Lille,60,Rue du Jardin des Plantes,59000.0,Lille,59350_4797_00060,50 Rue Armand Carrel / 60 rue du jardin des plantes,Lille,59000,1991.0,3658.0,9.297655036302892,6.785700632974831,5.204006687076795,2.70805020110221,Lille,2025
2459E3950373V,2459E3950373V,50.617497036506585,3.0725360386843446,35435.2,2634.2,10630.56,127.9,9.5,E,B,9 Avenue Louise Michel 59000 Lille,9,Avenue Louise Michel,59000.0,Lille,59350_5733_00009,9 Avenue Louise Michel,Lille,59000,1948.0,277.0,10.475489175493871,7.876714359423376,4.859036909945142,2.3513752571634776,Lille,2025
2459E2932272C,2459E2932272C,50.61362996938978,3.073821058552619,7076.0,573.8,2122.7999999999997,196.0,15.0,D,C,60 Rue du Jardin des Plantes 59000 Lille,60,Rue du Jardin des Plantes,59000.0,Lille,59350_4797_00060,50 Rue Armand Carrel / 60 rue du jardin des plantes,Lille,59000,1991.0,3658.0,8.864605368075784,6.35402215420487,5.2832037287379885,2.772588722239781,Lille,2025
2459E3207252G,2459E3207252G,50.632316991637744,3.1020130532794306,7497.0,1581.4,2249.1,104.0,21.0,C,C,Rue Desaugiers 59800 Lille,,Rue Desaugiers,59800.0,Lille,59350_2444,342-356 Rue des Peupliers,Lille,59800,,2624.0,8.922391597295857,7.366697960868447,4.653960350157523,3.091042453358316,Lille,2025
2459E3239991L,2459E3239991L,50.632316991637744,3.1020130532794306,7471.5,1563.6,2241.45,99.0,20.0,C,C,Rue Desaugiers 59800 Lille,,Rue Desaugiers,59800.0,Lille,59350_2444,392-406 Rue des Peupliers,Lille,59800,,2918.0,8.918984894158093,7.35538547925098,4.605170185988092,3.044522437723423,Lille,2025
2459E3240263X,2459E3240263X,50.632316991637744,3.1020130532794306,7027.4,1491.3,2108.22,125.0,26.0,C,C,Rue Desaugiers 59800 Lille,,Rue Desaugiers,59800.0,Lille,59350_2444,190 -216 Rue des Peupliers,Lille,59800,,2346.0,8.857714362883737,7.308073832937422,4.836281906951478,3.295836866004329,Lille,2025
2559E0167404B,2559E0167404B,50.639951965505716,3.055140014582404,75517.1,5567.2,22655.13,150.7,11.1,F,C,42 Rue Léonard Danel 59800 Lille,42,Rue Léonard Danel,59800.0,Lille,59350_5531_00042,42 Léonard Danel,Lille,59800,1993.0,501.0,11.232127641604587,8.624827120909394,5.021904886354487,2.4932054526026954,Lille,2025
2459E3241420K,2459E3241420K,50.617724004193235,3.092508067262955,7381.9,1552.9,2214.5699999999997,103.0,21.0,C,C,290 Allee des Peupliers 59000 Lille,290,Allee des Peupliers,59000.0,Lille,59350_4p7ft1_00290,278-290 Rue des Peupliers,Lille,59800,,3466.0,8.906921794337881,7.348523178792688,4.6443908991413725,3.091042453358316,Lille,2025
2459E3007599H,2459E3007599H,50.62701600107826,3.1095309798385733,5940.4,1292.3,1782.12,135.0,29.0,C,C,Rue Roger Salengro 59260 Lille,,Rue Roger Salengro,59260.0,Lille,59350_7554,"336 Rue Roger Salengro
SQUARE FLANDRE",Lille,59260,,1824.0,8.6897000748218,7.164952370421198,4.912654885736052,3.4011973816621555,Lille,2025
2459E4279123B,2459E4279123B,50.62144400753086,3.074499950820299,22603.0,4997.0,6780.9,358.0,79.0,F,F,Rue de Trévise 59000 Lille,,Rue de Trévise,59000.0,Lille,59350_8749,72 Rue de Trévise,Lille,59000,,1805.0,10.025882160749735,8.516793111394898,5.883322388488279,4.382026634673881,Lille,2025
2559E0948273M,2559E0948273M,50.637791957017384,3.0815640566930735,18137.2,3987.2,5441.16,215.3,47.3,D,D,21 Rue Eugène Jacquet 59800 Lille,21,Rue Eugène Jacquet,59800.0,Lille,59350_3227_00021,21 RUE EUGENE JACQUET,Lille,59800,1930.0,,9.805775490520764,8.291095280275592,5.376666332959013,3.877431560658527,Lille,2025
2559E1118466J,2559E1118466J,50.63893796782098,3.0588619439678815,68092.6,5118.0,20427.780000000002,234.0,17.5,G,C,122 Rue Esquermoise 59800 Lille,122,Rue Esquermoise,59800.0,Lille,59350_3197_00122,122 Rue Esquermoise,Lille,59800,,291.0,11.128638508279263,8.540714386457584,5.459585514144159,2.917770732084279,Lille,2025
2459E3007654K,2459E3007654K,50.62701600107826,3.1095309798385733,5635.3,1224.9,1690.59,128.0,27.0,C,C,Rue Roger Salengro 59260 Lille,,Rue Roger Salengro,59260.0,Lille,59350_7554,"336 Rue Roger Salengro
SQUARE FLANDRE",Lille,59260,,1824.0,8.63698310084254,7.111430547100949,4.859812404361672,3.332204510175204,Lille,2025
2459E2932238U,2459E2932238U,50.61362996938978,3.073821058552619,6417.4,520.5,1925.2199999999998,200.0,16.0,D,C,60 Rue du Jardin des Plantes 59000 Lille,60,Rue du Jardin des Plantes,59000.0,Lille,59350_4797_00060,50 Rue Armand Carrel / 60 rue du jardin des plantes,Lille,59000,1991.0,3658.0,8.766924144439447,6.256709274440827,5.303304908059076,2.833213344056216,Lille,2025
2459E2932503Z,2459E2932503Z,50.61362996938978,3.073821058552619,10452.4,847.0,3135.72,183.0,14.0,D,C,60 Rue du Jardin des Plantes 59000 Lille,60,Rue du Jardin des Plantes,59000.0,Lille,59350_4797_00060,50 Rue Armand Carrel / 60 rue du jardin des plantes,Lille,59000,1991.0,3658.0,9.254682563326918,6.742880635791903,5.214935757608986,2.70805020110221,Lille,2025
2459E3008883R,2459E3008883R,50.62701600107826,3.1095309798385733,5909.6,1281.0,1772.88,113.0,24.0,C,C,Rue Roger Salengro 59260 Lille,,Rue Roger Salengro,59260.0,Lille,59350_7554,"336 Rue Roger Salengro
SQUARE FLANDRE",Lille,59260,,1000.0,8.684502628089689,7.156176637480615,4.736198448394496,3.2188758248682006,Lille,2025
2459E3628615N,2459E3628615N,50.649787960212905,3.0976100566550615,8198.1,1770.1,2459.43,117.0,25.0,C,C,74c Rue Emile Vandenberghe 59800 Lille,74c,Rue Emile Vandenberghe,59800.0,Lille,59350_3092_00074_c,74C Rue Émile Vandenberghe,Lille,59800,1976.0,2264.1,9.011779671131142,7.479356101462587,4.770684624465665,3.258096538021482,Lille,2025
2459E3007658O,2459E3007658O,50.62701600107826,3.1095309798385733,6868.0,1492.5,2060.4,132.0,28.0,C,C,Rue Roger Salengro 59260 Lille,,Rue Roger Salengro,59260.0,Lille,59350_7554,"336 Rue Roger Salengro
SQUARE FLANDRE",Lille,59260,,1824.0,8.834773814213882,7.308877637656164,4.890349128221754,3.367295829986474,Lille,2025
2459E2932459H,2459E2932459H,50.61362996938978,3.073821058552619,6252.7,507.2,1875.81,201.0,16.0,D,C,60 Rue du Jardin des Plantes 59000 Lille,60,Rue du Jardin des Plantes,59000.0,Lille,59350_4797_00060,50 Rue Armand Carrel / 60 rue du jardin des plantes,Lille,59000,1991.0,3658.0,8.740928567567575,6.230875070886063,5.308267697401205,2.833213344056216,Lille,2025
2459E2932482E,2459E2932482E,50.61362996938978,3.073821058552619,7240.7,587.1,2172.21,195.0,15.0,D,C,60 Rue du Jardin des Plantes 59000 Lille,60,Rue du Jardin des Plantes,59000.0,Lille,59350_4797_00060,50 Rue Armand Carrel / 60 rue du jardin des plantes,Lille,59000,1991.0,3658.0,8.887611264446834,6.3768970014659105,5.278114659230517,2.772588722239781,Lille,2025
2559E1269021Y,2559E1269021Y,50.63229766741757,3.090965752089597,13908.8,2715.5,4172.639999999999,139.6,27.0,C,C,8 Rue Brasseur 59800 Lille,8,Rue Brasseur,59800.0,Lille,59350_1126_00008,8 Rue Brasseur,Lille,59800,,,9.540348906668903,7.907099565991578,4.9459189793765646,3.332204510175204,Lille,2025
2459E3240040I,2459E3240040I,50.632316991637744,3.1020130532794306,9471.2,1979.2,2841.36,98.0,20.0,C,C,Rue Desaugiers 59800 Lille,,Rue Desaugiers,59800.0,Lille,59350_2444,392-406 Rue des Peupliers,Lille,59800,,2918.0,9.156116471765737,7.590953128688414,4.59511985013459,3.044522437723423,Lille,2025
2459E2932553X,2459E2932553X,50.61362996938978,3.073821058552619,10146.4,822.2,3043.9199999999996,184.0,14.0,D,C,60 Rue du Jardin des Plantes 59000 Lille,60,Rue du Jardin des Plantes,59000.0,Lille,59350_4797_00060,50 Rue Armand Carrel / 60 rue du jardin des plantes,Lille,59000,1991.0,3658.0,9.224972794020495,6.71319918451984,5.220355825078324,2.70805020110221,Lille,2025
2459E2932358K,2459E2932358K,50.61362996938978,3.073821058552619,7734.7,627.1,2320.41,193.0,15.0,D,C,60 Rue du Jardin des Plantes 59000 Lille,60,Rue du Jardin des Plantes,59000.0,Lille,59350_4797_00060,50 Rue Armand Carrel / 60 rue du jardin des plantes,Lille,59000,1991.0,3658.0,8.95360125665005,6.442699389460335,5.267858159063328,2.772588722239781,Lille,2025
2459E2932181P,2459E2932181P,50.61362996938978,3.073821058552619,4441.4,360.6,1332.4199999999998,222.0,18.0,D,C,60 Rue du Jardin des Plantes 59000 Lille,60,Rue du Jardin des Plantes,59000.0,Lille,59350_4797_00060,50 Rue Armand Carrel / 60 rue du jardin des plantes,Lille,59000,1991.0,3658.0,8.398950049927397,5.890538628518022,5.407171771460119,2.9444389791664403,Lille,2025
2559E1168717C,2559E1168717C,50.6400079656999,3.0567309621373013,55057.1,4286.0,16517.129999999997,275.3,21.4,G,C,16 Rue Léonard Danel 59800 Lille,16,Rue Léonard Danel,59800.0,Lille,59350_5531_00016,16 L Danel,Lille,59800,1945.0,200.0,10.916144270291529,8.363342466597977,5.621487231929371,3.109060958860994,Lille,2025
2459E4522745D,2459E4522745D,50.621503957812884,3.065762064233501,4517.0,936.2,1355.1,149.6,31.0,C,C,9bis Rue de Wattignies 59000 Lille,9bis,Rue de Wattignies,59000.0,Lille,59350_9313_00009_bis,9bis Rue de Wattignies,Lille,59000,1988.0,30.2,8.415824697027949,6.842896706633641,5.014627315365793,3.4657359027997265,Lille,2025
2459E3241533T,2459E3241533T,50.617724004193235,3.092508067262955,8211.7,1737.8,2463.51,117.0,24.0,C,C,290 Allee des Peupliers 59000 Lille,290,Allee des Peupliers,59000.0,Lille,59350_4p7ft1_00290,278-290 Rue des Peupliers,Lille,59800,,3466.0,9.013437015616578,7.460950499114637,4.770684624465665,3.2188758248682006,Lille,2025
2459E2932184S,2459E2932184S,50.61362996938978,3.073821058552619,11064.4,896.4,3319.3199999999997,181.0,14.0,D,C,60 Rue du Jardin des Plantes 59000 Lille,60,Rue du Jardin des Plantes,59000.0,Lille,59350_4797_00060,50 Rue Armand Carrel / 60 rue du jardin des plantes,Lille,59000,1991.0,3658.0,9.311578401854348,6.799501693541883,5.204006687076795,2.70805020110221,Lille,2025
2459E3041048U,2459E3041048U,50.63182597300224,3.0030020552579177,18608.5,4156.8,5582.55,278.0,62.0,E,E,63 Rue de l'Égalité 59160 Lille,63,Rue de l'Égalité,59160.0,Lille,59350_9435_00063,63 Rue de l'Égalité,Lille,59160,,,9.831427481999706,8.332741367213014,5.631211781821365,4.143134726391533,Lille,2025
2459E3239360E,2459E3239360E,50.632316991637744,3.1020130532794306,6895.0,1435.8,2068.5,89.0,18.0,C,C,Rue Desaugiers 59800 Lille,,Rue Desaugiers,59800.0,Lille,59350_2444,190 -216 Rue des Peupliers,Lille,59800,,2346.0,8.83869681234353,7.270173697547935,4.499809670330265,2.9444389791664403,Lille,2025
2459E3936742O,2459E3936742O,50.62945100749694,3.0360899804277213,32435.2,6600.9,9730.56,223.0,45.0,E,D,6 Rue de Turenne 59000 Lille,6,Rue de Turenne,59000.0,Lille,59350_8789_00006,6 rue de turenne,Lille,59000,,,10.387030362033846,8.795112765373249,5.4116460518550396,3.828641396489095,Lille,2025
2459E3008917Z,2459E3008917Z,50.62701600107826,3.1095309798385733,7787.5,1693.7,2336.25,144.0,31.0,D,D,Rue Roger Salengro 59260 Lille,,Rue Roger Salengro,59260.0,Lille,59350_7554,"336 Rue Roger Salengro
SQUARE FLANDRE",Lille,59260,,1000.0,8.960403565766661,7.435261012999326,4.976733742420574,3.4657359027997265,Lille,2025
2559E0595981U,2559E0595981U,50.63047203687078,3.0021999804336903,2799.6,476.0,839.88,267.0,45.0,D,D,Rue de la Fraternité 59160 Lille,,Rue de la Fraternité,59160.0,Lille,59350_9456,150 Rue Anatole France,Lille,59160,,150.0,7.937588958921677,6.1675164908883415,5.5909869805108565,3.828641396489095,Lille,2025
2459E3617500A,2459E3617500A,50.627361959678865,3.0535019873040365,9008.4,1898.5,2702.52,113.0,23.0,C,C,56 Rue de Flandre 59000 Lille,56,Rue de Flandre,59000.0,Lille,59350_3423_00056,54-56 rue de Flandre et 17 rue de la vielle aventure,Lille,59000,1997.0,3387.3,9.106023755710186,7.54934597262768,4.736198448394496,3.1780538303479458,Lille,2025
2459E3207288Q,2459E3207288Q,50.632316991637744,3.1020130532794306,7993.9,1683.2,2398.1699999999996,101.0,21.0,C,C,Rue Desaugiers 59800 Lille,,Rue Desaugiers,59800.0,Lille,59350_2444,342-356 Rue des Peupliers,Lille,59800,,2624.0,8.986559117372446,7.429045952595891,4.624972813284271,3.091042453358316,Lille,2025
2459E4617251Z,2459E4617251Z,50.63442795576693,3.0507580524534044,3600.0,274.2,1080.0,64.5,4.9,C,A,13 Square Rameau 59800 Lille,13,Square Rameau,59800.0,Lille,59350_7364_00013,13 Square Rameau,Lille,59800,,485.1,8.188966863648876,5.617498106059188,4.182050142641207,1.7749523509116738,Lille,2025
2459E3207267V,2459E3207267V,50.632316991637744,3.1020130532794306,8015.5,1696.4,2404.65,111.0,23.0,C,C,Rue Desaugiers 59800 Lille,,Rue Desaugiers,59800.0,Lille,59350_2444,342-356 Rue des Peupliers,Lille,59800,,2624.0,8.989257196628891,7.436852947535576,4.718498871295094,3.1780538303479458,Lille,2025
2459E3241494G,2459E3241494G,50.617724004193235,3.092508067262955,3853.6,814.6,1156.08,107.0,22.0,C,C,290 Allee des Peupliers 59000 Lille,290,Allee des Peupliers,59000.0,Lille,59350_4p7ft1_00290,278-290 Rue des Peupliers,Lille,59800,,3466.0,8.257022519264952,6.7039240387003005,4.68213122712422,3.1354942159291497,Lille,2025
2459E3007642Y,2459E3007642Y,50.62701600107826,3.1095309798385733,5939.1,1292.0,1781.73,134.0,29.0,C,C,Rue Roger Salengro 59260 Lille,,Rue Roger Salengro,59260.0,Lille,59350_7554,"336 Rue Roger Salengro
SQUARE FLANDRE",Lille,59260,,1824.0,8.689481247231818,7.164720378771857,4.90527477843843,3.4011973816621555,Lille,2025
2459E2932535F,2459E2932535F,50.61362996938978,3.073821058552619,7076.0,573.8,2122.7999999999997,196.0,15.0,D,C,60 Rue du Jardin des Plantes 59000 Lille,60,Rue du Jardin des Plantes,59000.0,Lille,59350_4797_00060,50 Rue Armand Carrel / 60 rue du jardin des plantes,Lille,59000,1991.0,3658.0,8.864605368075784,6.35402215420487,5.2832037287379885,2.772588722239781,Lille,2025
2459E3008892A,2459E3008892A,50.62701600107826,3.1095309798385733,5403.9,1169.6,1621.1699999999998,103.0,22.0,C,C,Rue Roger Salengro 59260 Lille,,Rue Roger Salengro,59260.0,Lille,59350_7554,"336 Rue Roger Salengro
SQUARE FLANDRE",Lille,59260,,1000.0,8.595061228514552,7.06527171685712,4.6443908991413725,3.1354942159291497,Lille,2025
2459E3207286O,2459E3207286O,50.632316991637744,3.1020130532794306,10552.1,2243.6,3165.63,124.0,26.0,C,C,Rue Desaugiers 59800 Lille,,Rue Desaugiers,59800.0,Lille,59350_2444,342-356 Rue des Peupliers,Lille,59800,,2624.0,9.264174934604588,7.716282610582155,4.8283137373023015,3.295836866004329,Lille,2025
2559E0146142H,2559E0146142H,50.63435003900971,3.033988033807344,287836.5,21266.8,86350.95,102.6,7.5,D,B,77 Avenue Marx Dormoy 59000 Lille,77,Avenue Marx Dormoy,59000.0,Lille,59350_5967_00077,77 à 85 Marx Dormoy,Lille,59000,1989.0,2805.6,12.570151363765875,9.964949470780878,4.640537329825382,2.1400661634962708,Lille,2025
2459E2552819T,2459E2552819T,50.63659697067374,3.061238946342121,38475.2,2902.8,11542.56,226.3,17.0,G,C,42 Rue Nationale 59800 Lille,42,Rue Nationale,59800.0,Lille,59350_6350_00042,42 Rue Nationale,Lille,59800,1945.0,170.0,10.557795147304532,7.973775503049588,5.426270730858498,2.8903717578961645,Lille,2025
2459E3239323T,2459E3239323T,50.632316991637744,3.1020130532794306,8743.3,1841.2,2622.99,109.0,23.0,C,C,Rue Desaugiers 59800 Lille,,Rue Desaugiers,59800.0,Lille,59350_2444,190 -216 Rue des Peupliers,Lille,59800,,2346.0,9.076157338508448,7.518715788554135,4.700480365792417,3.1780538303479458,Lille,2025
2459E3007635R,2459E3007635R,50.62701600107826,3.1095309798385733,5939.1,1292.0,1781.73,134.0,29.0,C,C,Rue Roger Salengro 59260 Lille,,Rue Roger Salengro,59260.0,Lille,59350_7554,"336 Rue Roger Salengro
SQUARE FLANDRE",Lille,59260,,1824.0,8.689481247231818,7.164720378771857,4.90527477843843,3.4011973816621555,Lille,2025
2459E3617544S,2459E3617544S,50.627361959678865,3.0535019873040365,7709.8,1598.8,2312.94,87.0,18.0,C,C,56 Rue de Flandre 59000 Lille,56,Rue de Flandre,59000.0,Lille,59350_3423_00056,54-56 rue de Flandre et 17 rue de la vielle aventure,Lille,59000,1997.0,3387.3,8.950377222523436,7.377633900414722,4.477336814478207,2.9444389791664403,Lille,2025
2459E3617673R,2459E3617673R,50.627361959678865,3.0535019873040365,6230.6,1287.2,1869.18,82.0,16.0,C,C,56 Rue de Flandre 59000 Lille,56,Rue de Flandre,59000.0,Lille,59350_3423_00056,54-56 rue de Flandre et 17 rue de la vielle aventure,Lille,59000,1997.0,3387.3,8.737388400638274,7.161001174112791,4.418840607796598,2.833213344056216,Lille,2025
2459E3934194O,2459E3934194O,50.62945100749694,3.0360899804277213,32435.2,6600.9,9730.56,223.0,45.0,E,D,6 Rue de Turenne 59000 Lille,6,Rue de Turenne,59000.0,Lille,59350_8789_00006,6 rue de turenne,Lille,59000,,,10.387030362033846,8.795112765373249,5.4116460518550396,3.828641396489095,Lille,2025
2459E3617648S,2459E3617648S,50.627361959678865,3.0535019873040365,5558.7,1140.9,1667.61,75.0,15.0,C,C,56 Rue de Flandre 59000 Lille,56,Rue de Flandre,59000.0,Lille,59350_3423_00056,54-56 rue de Flandre et 17 rue de la vielle aventure,Lille,59000,1997.0,3387.3,8.623299428954374,7.040448820707603,4.330733340286331,2.772588722239781,Lille,2025
2459E3239339J,2459E3239339J,50.632316991637744,3.1020130532794306,294993.1,61781.9,88497.93,101.0,21.0,C,C,Rue Desaugiers 59800 Lille,,Rue Desaugiers,59800.0,Lille,59350_2444,392-406 Rue des Peupliers,Lille,59800,,2918.0,12.594710635121954,11.031381906128416,4.624972813284271,3.091042453358316,Lille,2025
2459E3239306C,2459E3239306C,50.632316991637744,3.1020130532794306,6976.5,1452.6,2092.95,89.0,18.0,C,C,Rue Desaugiers 59800 Lille,,Rue Desaugiers,59800.0,Lille,59350_2444,190 -216 Rue des Peupliers,Lille,59800,,2346.0,8.850445965410477,7.2817985170819615,4.499809670330265,2.9444389791664403,Lille,2025
2459E2932316U,2459E2932316U,50.61362996938978,3.073821058552619,4441.4,360.6,1332.4199999999998,222.0,18.0,D,C,60 Rue du Jardin des Plantes 59000 Lille,60,Rue du Jardin des Plantes,59000.0,Lille,59350_4797_00060,50 Rue Armand Carrel / 60 rue du jardin des plantes,Lille,59000,1991.0,3658.0,8.398950049927397,5.890538628518022,5.407171771460119,2.9444389791664403,Lille,2025
2559E0146397C,2559E0146397C,50.63435003900971,3.033988033807344,29802.5,6031.1,8940.75,110.2,22.3,C,C,77 Avenue Marx Dormoy 59000 Lille,77,Avenue Marx Dormoy,59000.0,Lille,59350_5967_00077,77 à 85 Marx Dormoy,Lille,59000,1989.0,270.4,10.302381115261253,8.704850487799712,4.711330381816482,3.1484533605716547,Lille,2025
2459E3239809L,2459E3239809L,50.632316991637744,3.1020130532794306,7813.3,1642.8,2343.99,108.0,22.0,C,C,Rue Desaugiers 59800 Lille,,Rue Desaugiers,59800.0,Lille,59350_2444,392-406 Rue des Peupliers,Lille,59800,,2918.0,8.963710667506653,7.4047659137143995,4.6913478822291435,3.1354942159291497,Lille,2025
2459E3617553B,2459E3617553B,50.627361959678865,3.0535019873040365,6868.1,1428.6,2060.43,90.0,18.0,C,C,56 Rue de Flandre 59000 Lille,56,Rue de Flandre,59000.0,Lille,59350_3423_00056,54-56 rue de Flandre et 17 rue de la vielle aventure,Lille,59000,1997.0,3387.3,8.834788372267761,7.265149963845218,4.51085950651685,2.9444389791664403,Lille,2025
2459E3239898W,2459E3239898W,50.632316991637744,3.1020130532794306,6376.0,1325.3,1912.8,88.0,18.0,C,C,Rue Desaugiers 59800 Lille,,Rue Desaugiers,59800.0,Lille,59350_2444,392-406 Rue des Peupliers,Lille,59800,,2918.0,8.760453046315272,7.190148389500307,4.48863636973214,2.9444389791664403,Lille,2025
2459E2932229L,2459E2932229L,50.61362996938978,3.073821058552619,11064.4,896.4,3319.3199999999997,181.0,14.0,D,C,60 Rue du Jardin des Plantes 59000 Lille,60,Rue du Jardin des Plantes,59000.0,Lille,59350_4797_00060,50 Rue Armand Carrel / 60 rue du jardin des plantes,Lille,59000,1991.0,3658.0,9.311578401854348,6.799501693541883,5.204006687076795,2.70805020110221,Lille,2025
2459E3239300W,2459E3239300W,50.632316991637744,3.1020130532794306,8743.3,1841.2,2622.99,109.0,23.0,C,C,Rue Desaugiers 59800 Lille,,Rue Desaugiers,59800.0,Lille,59350_2444,190 -216 Rue des Peupliers,Lille,59800,,2346.0,9.076157338508448,7.518715788554135,4.700480365792417,3.1780538303479458,Lille,2025
2559E0494173C,2559E0494173C,50.628912964125284,3.1119850469713404,18256.4,1395.0,5476.92,79.3,6.0,D,B,49 Rue Faidherbe 59800 Lille,49,Rue Faidherbe,59800.0,Lille,59350_3276_00049,49 Faidherbe,Lille,59000,,230.2,9.812325756278115,7.241366283322318,4.385769620952716,1.9459101490553132,Lille,2025
2459E4611777L,2459E4611777L,50.639414978717525,3.064747004795223,86922.4,6485.3,26076.719999999998,108.9,8.1,E,B,1 Place des Patiniers 59800 Lille,1,Place des Patiniers,59800.0,Lille,59350_6649_00001,1 des Patiniers,Lille,59800,1978.0,798.1,11.372782550034238,8.777447539266614,4.699570861409576,2.2082744135228043,Lille,2025
2459E2932577V,2459E2932577V,50.61362996938978,3.073821058552619,6582.0,533.8,1974.6,199.0,16.0,D,C,60 Rue du Jardin des Plantes 59000 Lille,60,Rue du Jardin des Plantes,59000.0,Lille,59350_4797_00060,50 Rue Armand Carrel / 60 rue du jardin des plantes,Lille,59000,1991.0,3658.0,8.792245847467877,6.281892845227788,5.298317366548036,2.833213344056216,Lille,2025
2459E2932457F,2459E2932457F,50.61362996938978,3.073821058552619,7076.0,573.8,2122.7999999999997,196.0,15.0,D,C,60 Rue du Jardin des Plantes 59000 Lille,60,Rue du Jardin des Plantes,59000.0,Lille,59350_4797_00060,50 Rue Armand Carrel / 60 rue du jardin des plantes,Lille,59000,1991.0,3658.0,8.864605368075784,6.35402215420487,5.2832037287379885,2.772588722239781,Lille,2025
2559E0858232J,2559E0858232J,50.64327403303675,3.068461938289814,973705.1,204520.9,292111.52999999997,106.7,22.4,C,C,Rue du Bastion du Meunier 59800 Lille,,Rue du Bastion du Meunier,59800.0,Lille,59350_0619,1-7-9-10-12-14 RUE DU PONT A RAISNES et 4-6 RUE DU BASTION DU MEUNIER.,Lille,59800,1983.0,9128.0,13.788864791710498,12.228430339195766,4.679349584162343,3.152736022363656,Lille,2025
2459E3239996Q,2459E3239996Q,50.632316991637744,3.1020130532794306,6782.2,1401.4,2034.6599999999999,81.0,16.0,C,C,Rue Desaugiers 59800 Lille,,Rue Desaugiers,59800.0,Lille,59350_2444,392-406 Rue des Peupliers,Lille,59800,,2918.0,8.822204245989793,7.245940333607025,4.406719247264253,2.833213344056216,Lille,2025
2459E4611791Z,2459E4611791Z,50.6277470416757,3.0526799890162826,85422.1,6100.0,25626.63,90.9,6.4,D,B,Rue Mourmant 59000 Lille,,Rue Mourmant,59000.0,Lille,59350_6283,38-40 Mourmant,Lille,59000,1999.0,940.0,11.355371835003627,8.716207971151853,4.520701029361642,2.0014800002101243,Lille,2025
2459E3241380W,2459E3241380W,50.617724004193235,3.092508067262955,8113.0,1714.7,2433.9,114.0,24.0,C,C,290 Allee des Peupliers 59000 Lille,290,Allee des Peupliers,59000.0,Lille,59350_4p7ft1_00290,278-290 Rue des Peupliers,Lille,59800,,3466.0,9.001346243766392,7.447576439589381,4.74493212836325,3.2188758248682006,Lille,2025
2459E2932321Z,2459E2932321Z,50.61362996938978,3.073821058552619,7734.7,627.1,2320.41,193.0,15.0,D,C,60 Rue du Jardin des Plantes 59000 Lille,60,Rue du Jardin des Plantes,59000.0,Lille,59350_4797_00060,50 Rue Armand Carrel / 60 rue du jardin des plantes,Lille,59000,1991.0,3658.0,8.95360125665005,6.442699389460335,5.267858159063328,2.772588722239781,Lille,2025
2459E4279159L,2459E4279159L,50.62144400753086,3.074499950820299,64197.4,14269.7,19259.22,544.0,120.0,G,G,Rue de Trévise 59000 Lille,,Rue de Trévise,59000.0,Lille,59350_8749,72 Rue de Trévise,Lille,59000,,1805.0,11.069733567249111,9.565963763227131,6.300785794663244,4.795790545596741,Lille,2025
2459E3007668Y,2459E3007668Y,50.62701600107826,3.1095309798385733,7715.7,1684.0,2314.71,175.0,38.0,D,D,Rue Roger Salengro 59260 Lille,,Rue Roger Salengro,59260.0,Lille,59350_7554,"336 Rue Roger Salengro
SQUARE FLANDRE",Lille,59260,,1824.0,8.951142090491368,7.429520842786462,5.170483995038151,3.6635616461296463,Lille,2025
2459E3239945R,2459E3239945R,50.632316991637744,3.1020130532794306,11238.4,2375.8,3371.52,123.0,26.0,C,C,Rue Desaugiers 59800 Lille,,Rue Desaugiers,59800.0,Lille,59350_2444,392-406 Rue des Peupliers,Lille,59800,,2918.0,9.327180741239959,7.773510324148398,4.820281565605037,3.295836866004329,Lille,2025
2459E2535022G,2459E2535022G,50.627945003879596,3.0382560354717074,83200.8,18329.0,24960.24,269.3,59.3,E,E,47 Rue de Turenne 59000 Lille,47,Rue de Turenne,59000.0,Lille,59350_8789_00047,47 Rue de Turenne,Lille,59000,1945.0,309.0,11.329024261190659,9.816294340833752,5.599532453282402,4.09933210373314,Lille,2025
2459E2449780S,2459E2449780S,50.63016302293553,3.013789017832576,9501.3,724.3,2850.39,129.0,9.0,E,B,250 Avenue Arthur Notebart 59160 Lille,250,Avenue Arthur Notebart,59160.0,Lille,59350_0389_00250,248 Avenue Arthur Notebart,Lille,59160,1989.0,,9.15928915354904,6.586585362369367,4.867534450455582,2.302585092994046,Lille,2025
2459E3241453R,2459E3241453R,50.617724004193235,3.092508067262955,8053.4,1701.5,2416.02,113.0,23.0,C,C,290 Allee des Peupliers 59000 Lille,290,Allee des Peupliers,59000.0,Lille,59350_4p7ft1_00290,278-290 Rue des Peupliers,Lille,59800,,3466.0,8.993973804940996,7.439853038023667,4.736198448394496,3.1780538303479458,Lille,2025
2459E3007614W,2459E3007614W,50.62701600107826,3.1095309798385733,7745.1,1690.5,2323.53,176.0,38.0,D,D,Rue Roger Salengro 59260 Lille,,Rue Roger Salengro,59260.0,Lille,59350_7554,"336 Rue Roger Salengro
SQUARE FLANDRE",Lille,59260,,1824.0,8.95494476988034,7.433370988220763,5.176149732573829,3.6635616461296463,Lille,2025
2459E3628588M,2459E3628588M,50.649787960212905,3.0976100566550615,5935.0,1278.5,1780.5,106.0,22.0,C,C,74c Rue Emile Vandenberghe 59800 Lille,74c,Rue Emile Vandenberghe,59800.0,Lille,59350_3092_00074_c,74C Rue Émile Vandenberghe,Lille,59800,1976.0,2264.1,8.688790784847216,7.154224655599844,4.672828834461906,3.1354942159291497,Lille,2025
2459E2932328G,2459E2932328G,50.61362996938978,3.073821058552619,4441.4,360.6,1332.4199999999998,222.0,18.0,D,C,60 Rue du Jardin des Plantes 59000 Lille,60,Rue du Jardin des Plantes,59000.0,Lille,59350_4797_00060,50 Rue Armand Carrel / 60 rue du jardin des plantes,Lille,59000,1991.0,3658.0,8.398950049927397,5.890538628518022,5.407171771460119,2.9444389791664403,Lille,2025
2559E1106665M,2559E1106665M,50.62800800810489,3.106248004692443,660043.0,144799.0,198012.9,246.1,53.9,E,E,128 Rue Roger Salengro 59260 Lille,128,Rue Roger Salengro,59260.0,Lille,59350_7554_00128,128 Rue Roger Salengro,Lille,59260,,2681.6,13.400061778447151,11.883108758933753,5.509793112994564,4.005513348515485,Lille,2025
2459E3617678W,2459E3617678W,50.627361959678865,3.0535019873040365,9895.1,2041.4,2968.53,82.0,16.0,C,C,56 Rue de Flandre 59000 Lille,56,Rue de Flandre,59000.0,Lille,59350_3423_00056,54-56 rue de Flandre et 17 rue de la vielle aventure,Lille,59000,1997.0,3387.3,9.199896019114234,7.621880865927274,4.418840607796598,2.833213344056216,Lille,2025
2459E3008909R,2459E3008909R,50.62701600107826,3.1095309798385733,5403.9,1169.6,1621.1699999999998,103.0,22.0,C,C,Rue Roger Salengro 59260 Lille,,Rue Roger Salengro,59260.0,Lille,59350_7554,"336 Rue Roger Salengro
SQUARE FLANDRE",Lille,59260,,1000.0,8.595061228514552,7.06527171685712,4.6443908991413725,3.1354942159291497,Lille,2025
2459E2932362O,2459E2932362O,50.61362996938978,3.073821058552619,7570.0,613.8,2271.0,194.0,15.0,D,C,60 Rue du Jardin des Plantes 59000 Lille,60,Rue du Jardin des Plantes,59000.0,Lille,59350_4797_00060,50 Rue Armand Carrel / 60 rue du jardin des plantes,Lille,59000,1991.0,3658.0,8.932080438103307,6.421297011664441,5.272999558563747,2.772588722239781,Lille,2025
2459E3008900I,2459E3008900I,50.62701600107826,3.1095309798385733,5913.3,1281.8,1773.99,113.0,24.0,C,C,Rue Roger Salengro 59260 Lille,,Rue Roger Salengro,59260.0,Lille,59350_7554,"336 Rue Roger Salengro
SQUARE FLANDRE",Lille,59260,,1000.0,8.685128426214112,7.156800467819,4.736198448394496,3.2188758248682006,Lille,2025
2559E1186432L,2559E1186432L,50.62110796164057,3.0611070661623807,5000.4,859.8,1500.12,142.3,24.4,D,C,134 Rue d'Artois Appt 2 59000 Lille,134,Rue d'Artois,59000.0,Lille,59350_0391_00134,134 Rue d'Artois,Lille,59000,,360.0,8.517473152223554,6.75786218940752,4.964940334834126,3.2347491740244907,Lille,2025
2459E4279279B,2459E4279279B,50.62144400753086,3.074499950820299,45697.6,10139.5,13709.279999999999,466.0,103.0,G,G,Rue de Trévise 59000 Lille,,Rue de Trévise,59000.0,Lille,59350_8749,72 Rue de Trévise,Lille,59000,,1805.0,10.729822941839744,9.224292585594187,6.1463292576688975,4.6443908991413725,Lille,2025
2459E2932261R,2459E2932261R,50.61362996938978,3.073821058552619,10299.4,834.6,3089.8199999999997,183.0,14.0,D,C,60 Rue du Jardin des Plantes 59000 Lille,60,Rue du Jardin des Plantes,59000.0,Lille,59350_4797_00060,50 Rue Armand Carrel / 60 rue du jardin des plantes,Lille,59000,1991.0,3658.0,9.239938008415127,6.728150029682411,5.214935757608986,2.70805020110221,Lille,2025
2459E3617583F,2459E3617583F,50.627361959678865,3.0535019873040365,6742.1,1395.4,2022.63,84.0,17.0,C,C,56 Rue de Flandre 59000 Lille,56,Rue de Flandre,59000.0,Lille,59350_3423_00056,54-56 rue de Flandre et 17 rue de la vielle aventure,Lille,59000,1997.0,3387.3,8.816275038818892,7.2416527752308815,4.442651256490317,2.8903717578961645,Lille,2025
2459E3617455H,2459E3617455H,50.627361959678865,3.0535019873040365,5016.8,1041.8,1505.04,87.0,18.0,C,C,56 Rue de Flandre 59000 Lille,56,Rue de Flandre,59000.0,Lille,59350_3423_00056,54-56 rue de Flandre et 17 rue de la vielle aventure,Lille,59000,1997.0,3387.3,8.520746869615536,6.949664682059346,4.477336814478207,2.9444389791664403,Lille,2025
2459E3240025T,2459E3240025T,50.632316991637744,3.1020130532794306,8176.5,1716.8,2452.95,106.0,22.0,C,C,Rue Desaugiers 59800 Lille,,Rue Desaugiers,59800.0,Lille,59350_2444,392-406 Rue des Peupliers,Lille,59800,,2918.0,9.00914175941254,7.448799681332124,4.672828834461906,3.1354942159291497,Lille,2025
2559E0430866F,2559E0430866F,50.61288201399951,3.0579649630533052,3645.8,723.6,1093.74,60.5,12.0,C,C,131 Rue de la Seine 59000 Lille,131,Rue de la Seine,59000.0,Lille,59350_8274_00131,131 Rue de la Seine,Lille,59000,2013.0,60.3,8.201605349710748,6.585619778460977,4.119037174812473,2.5649493574615367,Lille,2025
2459E3239892Q,2459E3239892Q,50.632316991637744,3.1020130532794306,11046.1,2333.3,3313.83,121.0,25.0,C,C,Rue Desaugiers 59800 Lille,,Rue Desaugiers,59800.0,Lille,59350_2444,392-406 Rue des Peupliers,Lille,59800,,2918.0,9.30992322906268,7.755467339290994,4.804021044733257,3.258096538021482,Lille,2025
2459E3628613L,2459E3628613L,50.649787960212905,3.0976100566550615,7933.6,1711.1,2380.08,113.0,24.0,C,C,74c Rue Emile Vandenberghe 59800 Lille,74c,Rue Emile Vandenberghe,59800.0,Lille,59350_3092_00074_c,74C Rue Émile Vandenberghe,Lille,59800,1976.0,2264.1,8.978988222112084,7.445475966210772,4.736198448394496,3.2188758248682006,Lille,2025
2459E3239292O,2459E3239292O,50.632316991637744,3.1020130532794306,9023.4,1903.2,2707.02,112.0,23.0,C,C,Rue Desaugiers 59800 Lille,,Rue Desaugiers,59800.0,Lille,59350_2444,190 -216 Rue des Peupliers,Lille,59800,,2346.0,9.107687298996597,7.551817251851591,4.727387818712341,3.1780538303479458,Lille,2025
2559E1378578R,2559E1378578R,50.610105971182335,3.0411949752192364,7242.8,619.8,2172.84,198.7,17.0,E,C,6 Rue des Catiches 59000 Lille,6,Rue des Catiches,59000.0,Lille,59350_1376_00006,6 Rue des Catiches,Lille,59000,1978.0,36.5,8.887901209566397,6.431008968869009,5.296816240421769,2.8903717578961645,Lille,2025
2559E1425425M,2559E1425425M,50.64588497887014,3.0584229567202286,4408.4,324.2,1322.5199999999998,119.0,8.0,E,B,13 Rue Princesse 59800 Lille,13,Rue Princesse,59800.0,Lille,59350_7199_00013,13 rue Princesse,Lille,59800,,,8.39149390476288,5.784440377673656,4.787491742782046,2.1972245773362196,Lille,2025
2459E3240076S,2459E3240076S,50.632316991637744,3.1020130532794306,6556.2,1387.0,1966.86,117.0,24.0,C,C,Rue Desaugiers 59800 Lille,,Rue Desaugiers,59800.0,Lille,59350_2444,190 -216 Rue des Peupliers,Lille,59800,,2346.0,8.788318961552301,7.23561914106675,4.770684624465665,3.2188758248682006,Lille,2025
2559E0930564J,2559E0930564J,50.62105404188507,3.0431109418106077,29292.9,6569.8,8787.87,508.3,114.0,G,G,197 Rue d'Iéna 59000 Lille,197,Rue d'Iéna,59000.0,Lille,59350_4658_00197,"197 RUE D'IENA, Porte 001",Lille,59000,1948.0,,10.285134582204098,8.790390869667045,6.233037233890559,4.74493212836325,Lille,2025
2459E4279263L,2459E4279263L,50.62144400753086,3.074499950820299,28896.1,6412.4,8668.83,466.0,103.0,G,G,Rue de Trévise 59000 Lille,,Rue de Trévise,59000.0,Lille,59350_8749,72 Rue de Trévise,Lille,59000,,1805.0,10.271496523044764,8.766144830507955,6.1463292576688975,4.6443908991413725,Lille,2025
2459E3207270Y,2459E3207270Y,50.632316991637744,3.1020130532794306,3888.1,823.7,1166.4299999999998,108.0,22.0,C,C,Rue Desaugiers 59800 Lille,,Rue Desaugiers,59800.0,Lille,59350_2444,342-356 Rue des Peupliers,Lille,59800,,2624.0,8.265933047376201,6.7150196838393095,4.6913478822291435,3.1354942159291497,Lille,2025
2459E3007586U,2459E3007586U,50.62701600107826,3.1095309798385733,7216.2,1573.8,2164.8599999999997,164.0,35.0,D,D,Rue Roger Salengro 59260 Lille,,Rue Roger Salengro,59260.0,Lille,59350_7554,"336 Rue Roger Salengro
SQUARE FLANDRE",Lille,59260,,1824.0,8.884222345034143,7.361883559069582,5.10594547390058,3.58351893845611,Lille,2025
2459E3007639V,2459E3007639V,50.62701600107826,3.1095309798385733,6506.9,1412.8,1952.0699999999997,125.0,27.0,C,C,Rue Roger Salengro 59260 Lille,,Rue Roger Salengro,59260.0,Lille,59350_7554,"336 Rue Roger Salengro
SQUARE FLANDRE",Lille,59260,,1824.0,8.780772102517126,7.254036393736854,4.836281906951478,3.332204510175204,Lille,2025
2559E1320456F,2559E1320456F,50.635195960347346,3.0585339924995636,45284.9,3456.0,13585.47,141.1,10.7,E,B,85 Rue Nationale 59800 Lille,85,Rue Nationale,59800.0,Lille,59350_6350_00085,85 Nationale,Lille,59800,1948.0,320.9,10.720751004742068,8.148156439921625,4.956531035103055,2.4595888418037104,Lille,2025
2459E3628606E,2459E3628606E,50.649787960212905,3.0976100566550615,5585.9,1203.6,1675.7699999999998,106.0,22.0,C,C,74c Rue Emile Vandenberghe 59800 Lille,74c,Rue Emile Vandenberghe,59800.0,Lille,59350_3092_00074_c,74C Rue Émile Vandenberghe,Lille,59800,1976.0,2264.1,8.62817985060557,7.093902840609621,4.672828834461906,3.1354942159291497,Lille,2025
2459E3239923V,2459E3239923V,50.632316991637744,3.1020130532794306,6289.7,1309.9,1886.9099999999999,91.0,18.0,C,C,Rue Desaugiers 59800 Lille,,Rue Desaugiers,59800.0,Lille,59350_2444,392-406 Rue des Peupliers,Lille,59800,,2918.0,8.74682763126081,7.178469203203764,4.5217885770490405,2.9444389791664403,Lille,2025
2459E2932173H,2459E2932173H,50.61362996938978,3.073821058552619,9534.3,772.7,2860.2899999999995,186.0,15.0,D,C,60 Rue du Jardin des Plantes 59000 Lille,60,Rue du Jardin des Plantes,59000.0,Lille,59350_4797_00060,50 Rue Armand Carrel / 60 rue du jardin des plantes,Lille,59000,1991.0,3658.0,9.162755980570507,6.651184201555409,5.231108616854587,2.772588722239781,Lille,2025
2459E3239342M,2459E3239342M,50.632316991637744,3.1020130532794306,6990.3,1459.4,2097.09,93.0,19.0,C,C,Rue Desaugiers 59800 Lille,,Rue Desaugiers,59800.0,Lille,59350_2444,190 -216 Rue des Peupliers,Lille,59800,,2346.0,8.852421797907112,7.286465649781482,4.543294782270004,2.995732273553991,Lille,2025
2559E1277024T,2559E1277024T,50.628934026138616,3.0472329490036314,1963.7,140.8,589.11,30.0,2.0,A,A,99 Rue des Stations 59800 Lille,99,Rue des Stations,59800.0,Lille,59350_8449_00099,99 Rue des Stations,Lille,59800,2020.0,,7.583094840892118,4.954417614098027,3.4339872044851463,1.0986122886681098,Lille,2025
2459E3241541B,2459E3241541B,50.617724004193235,3.092508067262955,6818.7,1450.5,2045.61,128.0,27.0,C,C,290 Allee des Peupliers 59000 Lille,290,Allee des Peupliers,59000.0,Lille,59350_4p7ft1_00290,278-290 Rue des Peupliers,Lille,59800,,3466.0,8.827570761600201,7.280352783464685,4.859812404361672,3.332204510175204,Lille,2025
2459E3239347R,2459E3239347R,50.632316991637744,3.1020130532794306,8065.9,1688.7,2419.77,98.0,20.0,C,C,Rue Desaugiers 59800 Lille,,Rue Desaugiers,59800.0,Lille,59350_2444,190 -216 Rue des Peupliers,Lille,59800,,2346.0,8.995524548678166,7.432306277366604,4.59511985013459,3.044522437723423,Lille,2025
2459E3207260O,2459E3207260O,50.632316991637744,3.1020130532794306,7607.2,1619.2,2282.16,124.0,26.0,C,C,Rue Desaugiers 59800 Lille,,Rue Desaugiers,59800.0,Lille,59350_2444,342-356 Rue des Peupliers,Lille,59800,,2624.0,8.93698189199747,7.390304877396391,4.8283137373023015,3.295836866004329,Lille,2025
2459E2932364Q,2459E2932364Q,50.61362996938978,3.073821058552619,4935.4,400.6,1480.62,214.0,17.0,D,C,60 Rue du Jardin des Plantes 59000 Lille,60,Rue du Jardin des Plantes,59000.0,Lille,59350_4797_00060,50 Rue Armand Carrel / 60 rue du jardin des plantes,Lille,59000,1991.0,3658.0,8.504391599579028,5.995456568377519,5.3706380281276624,2.8903717578961645,Lille,2025
2559E0645324P,2559E0645324P,50.6209880356811,3.061887038194279,73563.1,15783.3,22068.93,148.0,31.7,D,D,18 Rue Monge 59000 Lille,18,Rue Monge,59000.0,Lille,59350_6180_00018,18 Monge,Lille,59000,1993.0,497.0,11.205912413978504,9.666771054110779,5.003946305945459,3.487375077903208,Lille,2025
2559E1090544L,2559E1090544L,50.62857897245958,3.0341850426519406,6704.0,1454.1,2011.1999999999998,122.0,26.4,C,C,14 Rue de Crimée Appartement B 11 ; 1 er étage bâtiment B 59000 Lille,14,Rue de Crimée,59000.0,Lille,59350_2001_00014,14 Rue de Crimée,Lille,59000,,,8.81060879571578,7.282829905766233,4.812184355372417,3.3105430133940246,Lille,2025
2459E3207277F,2459E3207277F,50.632316991637744,3.1020130532794306,12166.0,2604.3,3649.7999999999997,146.0,31.0,D,D,Rue Desaugiers 59800 Lille,,Rue Desaugiers,59800.0,Lille,59350_2444,342-356 Rue des Peupliers,Lille,59800,,2624.0,9.406482647787449,7.8653031107044935,4.990432586778736,3.4657359027997265,Lille,2025
2459E3241357Z,2459E3241357Z,50.617724004193235,3.092508067262955,11668.9,2480.7,3500.6699999999996,132.0,28.0,C,C,290 Allee des Peupliers 59000 Lille,290,Allee des Peupliers,59000.0,Lille,59350_4p7ft1_00290,278-290 Rue des Peupliers,Lille,59800,,3466.0,9.364768156263596,7.816699088193238,4.890349128221754,3.367295829986474,Lille,2025
2459E3240017L,2459E3240017L,50.632316991637744,3.1020130532794306,7453.0,1555.8,2235.9,95.0,19.0,C,C,Rue Desaugiers 59800 Lille,,Rue Desaugiers,59800.0,Lille,59350_2444,392-406 Rue des Peupliers,Lille,59800,,2918.0,8.916506080039204,7.350387711431741,4.564348191467836,2.995732273553991,Lille,2025
2459E4486421B,2459E4486421B,50.62798899623878,3.104647017442986,8350.6,626.5,2505.18,136.0,10.0,E,B,12 Rue Alfred Delattre 59260 Lille,12,Rue Alfred Delattre,59260.0,Lille,59350_0166_00012,12 Rue Alfred Delattre,Lille,59260,,,9.03020841625522,6.441743671005939,4.919980925828125,2.3978952727983707,Lille,2025
2459E2932429D,2459E2932429D,50.61362996938978,3.073821058552619,5264.7,427.2,1579.4099999999999,210.0,17.0,D,C,60 Rue du Jardin des Plantes 59000 Lille,60,Rue du Jardin des Plantes,59000.0,Lille,59350_4797_00060,50 Rue Armand Carrel / 60 rue du jardin des plantes,Lille,59000,1991.0,3658.0,8.568969369196834,6.059590376155582,5.351858133476067,2.8903717578961645,Lille,2025
2559E0149210H,2559E0149210H,50.63368899456487,3.031961024998841,605157.7,43742.4,181547.30999999997,80.1,5.7,D,A,99 Avenue Marx Dormoy 59000 Lille,99,Avenue Marx Dormoy,59000.0,Lille,59350_5967_00099,89 et 99 Avenue Marx Dormoy,Lille,59000,1992.0,7558.0,13.31324601666425,10.68609602326282,4.395682961121367,1.9021075263969205,Lille,2025
2459E4499697R,2459E4499697R,50.62069360232844,3.09715796311802,12584.8,2703.0,3775.4399999999996,135.2,29.0,C,C,97bis Rue Victor Hugo (Hellemmes-Lille) 59260 Lille,97bis,Rue Victor Hugo (Hellemmes-Lille),59260.0,Lille,59350_9124_00097_bis,97bis Rue Victor Hugo (Hellemmes-Lille),Lille,59260,,,9.440324473288445,7.902487437162855,4.9141243937154115,3.4011973816621555,Lille,2025
2459E3007633P,2459E3007633P,50.62701600107826,3.1095309798385733,8795.1,1917.8,2638.53,169.0,36.0,D,D,Rue Roger Salengro 59260 Lille,,Rue Roger Salengro,59260.0,Lille,59350_7554,"336 Rue Roger Salengro
SQUARE FLANDRE",Lille,59260,,1824.0,9.082063720414029,7.559455269627909,5.135798437050262,3.6109179126442243,Lille,2025
2459E2932214W,2459E2932214W,50.61362996938978,3.073821058552619,9534.3,772.7,2860.2899999999995,186.0,15.0,D,C,60 Rue du Jardin des Plantes 59000 Lille,60,Rue du Jardin des Plantes,59000.0,Lille,59350_4797_00060,50 Rue Armand Carrel / 60 rue du jardin des plantes,Lille,59000,1991.0,3658.0,9.162755980570507,6.651184201555409,5.231108616854587,2.772588722239781,Lille,2025
2459E2932403D,2459E2932403D,50.61362996938978,3.073821058552619,5264.7,427.2,1579.4099999999999,210.0,17.0,D,C,60 Rue du Jardin des Plantes 59000 Lille,60,Rue du Jardin des Plantes,59000.0,Lille,59350_4797_00060,50 Rue Armand Carrel / 60 rue du jardin des plantes,Lille,59000,1991.0,3658.0,8.568969369196834,6.059590376155582,5.351858133476067,2.8903717578961645,Lille,2025
2559E0201482T,2559E0201482T,50.62103596603701,3.0432179986255443,12278.0,2718.0,3683.4,271.0,60.0,E,E,195 Rue d'Iéna 59000 Lille,195,Rue d'Iéna,59000.0,Lille,59350_4658_00195,"195 B D'IENA - CITE D'IENA, Porte 006",Lille,59000,1948.0,,9.415645765160512,7.908019444632471,5.605802066295998,4.110873864173311,Lille,2025
2459E4279081L,2459E4279081L,50.62144400753086,3.074499950820299,32778.5,7274.1,9833.55,468.0,103.0,G,G,Rue de Trévise 59000 Lille,,Rue de Trévise,59000.0,Lille,59350_8749,72 Rue de Trévise,Lille,59000,,1805.0,10.397558598978316,8.892212837649689,6.150602768446279,4.6443908991413725,Lille,2025
2459E3241470I,2459E3241470I,50.617724004193235,3.092508067262955,12780.6,2724.3,3834.18,142.0,30.0,D,D,290 Allee des Peupliers 59000 Lille,290,Allee des Peupliers,59000.0,Lille,59350_4p7ft1_00290,278-290 Rue des Peupliers,Lille,59800,,3466.0,9.455761915713362,7.910333792780812,4.962844630259907,3.4339872044851463,Lille,2025
2559E0872198N,2559E0872198N,50.63535702276757,3.020592956567875,108782.9,24444.0,32634.869999999995,399.0,89.0,F,F,113 Rue Turgot 59000 Lille,113,Rue Turgot,59000.0,Lille,59350_8794_00113,113 Rue Turgot,Lille,59000,,272.5,11.597118624512987,10.104180975012746,5.991464547107982,4.499809670330265,Lille,2025
2459E3239297T,2459E3239297T,50.632316991637744,3.1020130532794306,8065.9,1688.7,2419.77,98.0,20.0,C,C,Rue Desaugiers 59800 Lille,,Rue Desaugiers,59800.0,Lille,59350_2444,190 -216 Rue des Peupliers,Lille,59800,,2346.0,8.995524548678166,7.432306277366604,4.59511985013459,3.044522437723423,Lille,2025
2459E3007617Z,2459E3007617Z,50.62701600107826,3.1095309798385733,7393.7,1613.0,2218.1099999999997,168.0,36.0,D,D,Rue Roger Salengro 59260 Lille,,Rue Roger Salengro,59260.0,Lille,59350_7554,"336 Rue Roger Salengro
SQUARE FLANDRE",Lille,59260,,1824.0,8.90851880637068,7.3864708488298945,5.1298987149230735,3.6109179126442243,Lille,2025
2459E2932409J,2459E2932409J,50.61362996938978,3.073821058552619,7240.7,587.1,2172.21,195.0,15.0,D,C,60 Rue du Jardin des Plantes 59000 Lille,60,Rue du Jardin des Plantes,59000.0,Lille,59350_4797_00060,50 Rue Armand Carrel / 60 rue du jardin des plantes,Lille,59000,1991.0,3658.0,8.887611264446834,6.3768970014659105,5.278114659230517,2.772588722239781,Lille,2025
2459E2932289T,2459E2932289T,50.61362996938978,3.073821058552619,6746.7,547.2,2024.0099999999998,198.0,16.0,D,C,60 Rue du Jardin des Plantes 59000 Lille,60,Rue du Jardin des Plantes,59000.0,Lille,59350_4797_00060,50 Rue Armand Carrel / 60 rue du jardin des plantes,Lille,59000,1991.0,3658.0,8.816956985060518,6.306640183868685,5.293304824724492,2.833213344056216,Lille,2025
2459E3007612U,2459E3007612U,50.62701600107826,3.1095309798385733,5635.3,1224.9,1690.59,128.0,27.0,C,C,Rue Roger Salengro 59260 Lille,,Rue Roger Salengro,59260.0,Lille,59350_7554,"336 Rue Roger Salengro
SQUARE FLANDRE",Lille,59260,,1824.0,8.63698310084254,7.111430547100949,4.859812404361672,3.332204510175204,Lille,2025
2559E0664646T,2559E0664646T,50.61804302446976,3.047056961407034,8810.3,684.7,2643.0899999999997,154.0,12.0,D,C,96 Boulevard de Metz 59000 Lille,96,Boulevard de Metz,59000.0,Lille,59350_6079_00096,96 boulevard de Metz 1er étage porte 002,Lille,59000,,4177.5,9.083790267635752,6.530440214290318,5.043425116919247,2.5649493574615367,Lille,2025
2459E3240013H,2459E3240013H,50.632316991637744,3.1020130532794306,6855.3,1416.3,2056.59,81.0,16.0,C,C,Rue Desaugiers 59800 Lille,,Rue Desaugiers,59800.0,Lille,59350_2444,392-406 Rue des Peupliers,Lille,59800,,2918.0,8.832923216613176,7.25650893217286,4.406719247264253,2.833213344056216,Lille,2025
2459E4611784S,2459E4611784S,50.619340018398965,3.0420459780786664,44583.7,3403.3,13375.109999999999,154.3,11.7,F,C,Boulevard de Metz 59000 Lille,,Boulevard de Metz,59000.0,Lille,59350_6079,7-9 du Metz,Lille,59000,1975.0,289.0,10.70514602982592,8.132794617419773,5.045358730154642,2.5416019934645457,Lille,2025
2559E0634892J,2559E0634892J,50.64421801054721,3.064287028294507,78325.5,11043.3,23497.649999999998,226.4,31.9,F,D,36 Rue de Thionville 59800 Lille,36,Rue de Thionville,59800.0,Lille,59350_8639_00036,36 de Thionville,Lille,59800,1945.0,346.0,11.268641266610523,9.309669736752097,5.426710581316436,3.493472657771326,Lille,2025
2459E3239987H,2459E3239987H,50.632316991637744,3.1020130532794306,7392.5,1542.4,2217.75,94.0,19.0,C,C,Rue Desaugiers 59800 Lille,,Rue Desaugiers,59800.0,Lille,59350_2444,392-406 Rue des Peupliers,Lille,59800,,2918.0,8.908356514813542,7.341743054023503,4.553876891600541,2.995732273553991,Lille,2025
2459E3240053V,2459E3240053V,50.632316991637744,3.1020130532794306,10513.7,2214.5,3154.11,114.0,24.0,C,C,Rue Desaugiers 59800 Lille,,Rue Desaugiers,59800.0,Lille,59350_2444,392-406 Rue des Peupliers,Lille,59800,,2918.0,9.260529557059321,7.703233390639544,4.74493212836325,3.2188758248682006,Lille,2025
2459E4279248W,2459E4279248W,50.62144400753086,3.074499950820299,33486.1,7395.5,10045.83,341.0,75.0,F,F,Rue de Trévise 59000 Lille,,Rue de Trévise,59000.0,Lille,59350_8749,72 Rue de Trévise,Lille,59000,,1805.0,10.41891556902602,8.90876219433229,5.834810737062605,4.330733340286331,Lille,2025
2459E2587918S,2459E2587918S,50.63415200392711,3.0637789975214287,174121.8,36482.6,52236.53999999999,290.2,60.8,F,E,2 Rue d'Amiens 59800 Lille,2,Rue d'Amiens,59800.0,Lille,59350_0247_00002,2 Rue d'Amiens,Lille,59800,1945.0,600.0,12.067516076400711,10.504618123529827,5.674010316322531,4.123903364463645,Lille,2025
2559E0948554H,2559E0948554H,50.637791957017384,3.0815640566930735,19675.6,4334.4,5902.679999999999,232.5,51.2,E,E,21 Rue Eugène Jacquet 59800 Lille,21,Rue Eugène Jacquet,59800.0,Lille,59350_3227_00021,21 RUE EUGENE JACQUET,Lille,59800,1930.0,,9.887185391453144,8.374569157160822,5.453182077108952,3.955082494888593,Lille,2025
2459E3617665J,2459E3617665J,50.627361959678865,3.0535019873040365,8196.7,1693.7,2459.01,83.0,17.0,C,C,56 Rue de Flandre 59000 Lille,56,Rue de Flandre,59000.0,Lille,59350_3423_00056,54-56 rue de Flandre et 17 rue de la vielle aventure,Lille,59000,1997.0,3387.3,9.011608906103405,7.435261012999326,4.430816798843313,2.8903717578961645,Lille,2025
2559E0974382R,2559E0974382R,50.62915301643998,3.0775550462306693,10511.9,890.3,3153.5699999999997,129.9,11.0,C,C,12 Boulevard du Docteur Calmette 59800 Lille,12,Boulevard du Docteur Calmette,59800.0,Lille,59350_2686_00012,12 Boulevard du Docteur Calmette,Lille,59000,1989.0,80.9,9.26035835349787,6.792681071136672,4.874433672915854,2.4849066497880004,Lille,2025
2459E3617419X,2459E3617419X,50.627361959678865,3.0535019873040365,8327.6,1753.9,2498.28,111.0,23.0,C,C,56 Rue de Flandre 59000 Lille,56,Rue de Flandre,59000.0,Lille,59350_3423_00056,54-56 rue de Flandre et 17 rue de la vielle aventure,Lille,59000,1997.0,3387.3,9.027450653809119,7.470167154219561,4.718498871295094,3.1780538303479458,Lille,2025
2459E4279109N,2459E4279109N,50.62144400753086,3.074499950820299,20483.2,4511.3,6144.96,292.0,64.0,E,E,Rue de Trévise 59000 Lille,,Rue de Trévise,59000.0,Lille,59350_8749,72 Rue de Trévise,Lille,59000,,1805.0,9.9274091362528,8.414562280329278,5.680172609017068,4.174387269895637,Lille,2025
2459E3239864O,2459E3239864O,50.632316991637744,3.1020130532794306,9291.5,1947.0,2787.45,103.0,21.0,C,C,Rue Desaugiers 59800 Lille,,Rue Desaugiers,59800.0,Lille,59350_2444,392-406 Rue des Peupliers,Lille,59800,,2918.0,9.136962902171406,7.5745584842024805,4.6443908991413725,3.091042453358316,Lille,2025
2559E0293062B,2559E0293062B,50.62284502607428,3.062598935154997,4146.0,859.2,1243.8,57.9,12.0,C,C,24 Rue Geoffroy-Saint-Hilaire 59000 Lille,24,Rue Geoffroy-Saint-Hilaire,59000.0,Lille,59350_3872_00024,24 Rue Geoffroy Saint-Hilaire,Lille,59000,2017.0,71.6,8.330140460246382,6.757164920349636,4.075841090657541,2.5649493574615367,Lille,2025
2459E3239906E,2459E3239906E,50.632316991637744,3.1020130532794306,7031.6,1470.1,2109.48,97.0,20.0,C,C,Rue Desaugiers 59800 Lille,,Rue Desaugiers,59800.0,Lille,59350_2444,392-406 Rue des Peupliers,Lille,59800,,2918.0,8.85831175995719,7.293765699256166,4.584967478670572,3.044522437723423,Lille,2025
2459E3628618Q,2459E3628618Q,50.649787960212905,3.0976100566550615,6327.0,1369.0,1898.1,120.0,26.0,C,C,74c Rue Emile Vandenberghe 59800 Lille,74c,Rue Emile Vandenberghe,59800.0,Lille,59350_3092_00074_c,74C Rue Émile Vandenberghe,Lille,59800,1976.0,2264.1,8.75273950944749,7.222566018822171,4.795790545596741,3.295836866004329,Lille,2025
2559E0280828N,2559E0280828N,50.61991702512246,3.0613450084012204,54510.2,3997.2,16353.059999999998,104.8,7.6,D,B,147 Rue d'Artois 59000 Lille,147,Rue d'Artois,59000.0,Lille,59350_0391_00147,147 d'Artois,Lille,59000,2005.0,520.0,10.906161464125317,8.293599538821642,4.661550519424199,2.151762203259462,Lille,2025
2459E4279173Z,2459E4279173Z,50.62144400753086,3.074499950820299,25600.9,5630.4,7680.27,275.0,60.0,E,E,Rue de Trévise 59000 Lille,,Rue de Trévise,59000.0,Lille,59350_8749,72 Rue de Trévise,Lille,59000,,1805.0,10.150421846463578,8.63611335807181,5.62040086571715,4.110873864173311,Lille,2025
2459E3239869T,2459E3239869T,50.632316991637744,3.1020130532794306,7116.4,1492.6,2134.9199999999996,103.0,21.0,C,C,Rue Desaugiers 59800 Lille,,Rue Desaugiers,59800.0,Lille,59350_2444,392-406 Rue des Peupliers,Lille,59800,,2918.0,8.870297769176428,7.308944592227513,4.6443908991413725,3.091042453358316,Lille,2025
2459E3007629L,2459E3007629L,50.62701600107826,3.1095309798385733,8825.9,1924.6,2647.77,169.0,37.0,D,D,Rue Roger Salengro 59260 Lille,,Rue Roger Salengro,59260.0,Lille,59350_7554,"336 Rue Roger Salengro
SQUARE FLANDRE",Lille,59260,,1824.0,9.085559156078752,7.562992886468862,5.135798437050262,3.6375861597263857,Lille,2025
2459E3241530Q,2459E3241530Q,50.617724004193235,3.092508067262955,4222.3,896.2,1266.69,117.0,24.0,C,C,290 Allee des Peupliers 59000 Lille,290,Allee des Peupliers,59000.0,Lille,59350_4p7ft1_00290,278-290 Rue des Peupliers,Lille,59800,,3466.0,8.3483720919561,6.799278802646053,4.770684624465665,3.2188758248682006,Lille,2025
2459E3207299B,2459E3207299B,50.632316991637744,3.1020130532794306,7857.2,1652.8,2357.16,99.0,20.0,C,C,Rue Desaugiers 59800 Lille,,Rue Desaugiers,59800.0,Lille,59350_2444,342-356 Rue des Peupliers,Lille,59800,,2624.0,8.969312851563412,7.410830949288067,4.605170185988092,3.044522437723423,Lille,2025
2259E3241839L,2259E3241839L,50.64259102378946,3.056088065944645,8703.8,642.6,2611.14,131.9,9.7,E,B,Rue Royale 59800 Lille,,Rue Royale,59800.0,Lille,59350_7649,3/ 5/ 7 ROYALE,Lille,59800,1945.0,193.0,9.071629876636802,6.467077415118228,4.8895969657192,2.3702437414678603,Lille,2025
2559E1118607U,2559E1118607U,50.638506011084004,3.0884170573333556,597278.7,134240.1,179183.61,250.4,56.2,E,E,11 Rue Allard-Dugauquier 59800 Lille,11,Rue Allard-Dugauquier,59800.0,Lille,59350_0191_00011,5-7-9-11  rue Allard Dugauquier,Lille,59000,,2385.7,13.300140791871296,11.807392715946364,5.527045296156147,4.046553898385752,Lille,2025
2459E3241469H,2459E3241469H,50.617724004193235,3.092508067262955,8909.6,1891.0,2672.88,125.0,26.0,C,C,290 Allee des Peupliers 59000 Lille,290,Allee des Peupliers,59000.0,Lille,59350_4p7ft1_00290,278-290 Rue des Peupliers,Lille,59800,,3466.0,9.094996858264954,7.545389749611823,4.836281906951478,3.295836866004329,Lille,2025
2559E0494220X,2559E0494220X,50.628912964125284,3.1119850469713404,28460.4,2098.5,8538.12,123.6,9.1,E,B,49 Rue Faidherbe 59800 Lille,49,Rue Faidherbe,59800.0,Lille,59350_3276_00049,49 Faidherbe,Lille,59000,,230.2,10.256304062282172,7.649454500124248,4.825108606353353,2.312535423847214,Lille,2025
2459E3617324G,2459E3617324G,50.627361959678865,3.0535019873040365,312678.0,65114.8,93803.4,92.0,19.0,C,C,56 Rue de Flandre 59000 Lille,56,Rue de Flandre,59000.0,Lille,59350_3423_00056,54-56 rue de Flandre et 17 rue de la vielle aventure,Lille,59000,1997.0,3387.3,12.652932384171292,11.083922502281949,4.532599493153256,2.995732273553991,Lille,2025
2459E3241484W,2459E3241484W,50.617724004193235,3.092508067262955,9916.8,2113.9,2975.0399999999995,139.0,29.0,C,C,290 Allee des Peupliers 59000 Lille,290,Allee des Peupliers,59000.0,Lille,59350_4p7ft1_00290,278-290 Rue des Peupliers,Lille,59800,,3466.0,9.202086401489836,7.656762809038704,4.941642422609304,3.4011973816621555,Lille,2025
2459E4279068Y,2459E4279068Y,50.62144400753086,3.074499950820299,41065.9,9110.8,12319.77,461.0,102.0,G,G,Rue de Trévise 59000 Lille,,Rue de Trévise,59000.0,Lille,59350_8749,72 Rue de Trévise,Lille,59000,,1805.0,10.622957723215487,9.117325555807994,6.135564891081739,4.634728988229636,Lille,2025
2459E3239379X,2459E3239379X,50.632316991637744,3.1020130532794306,8575.9,1805.4,2572.77,108.0,22.0,C,C,Rue Desaugiers 59800 Lille,,Rue Desaugiers,59800.0,Lille,59350_2444,190 -216 Rue des Peupliers,Lille,59800,,2346.0,9.056827821834194,7.499091193395397,4.6913478822291435,3.1354942159291497,Lille,2025
2559E0226454F,2559E0226454F,50.62432297811806,3.0603289736382404,167812.6,12723.1,50343.78,174.3,13.2,F,C,76 Rue Barthélémy Delespaul 59000 Lille,76,Rue Barthélémy Delespaul,59000.0,Lille,59350_0594_00076,76 Rue Barthélémy Delespaul,Lille,59000,1970.0,962.8,12.03060911859866,9.451253112001936,5.1664987919271885,2.653241964607215,Lille,2025
2459E3007637T,2459E3007637T,50.62701600107826,3.1095309798385733,5635.3,1224.9,1690.59,128.0,27.0,C,C,Rue Roger Salengro 59260 Lille,,Rue Roger Salengro,59260.0,Lille,59350_7554,"336 Rue Roger Salengro
SQUARE FLANDRE",Lille,59260,,1824.0,8.63698310084254,7.111430547100949,4.859812404361672,3.332204510175204,Lille,2025
2459E3239327X,2459E3239327X,50.632316991637744,3.1020130532794306,8006.0,1671.7,2401.7999999999997,94.0,19.0,C,C,Rue Desaugiers 59800 Lille,,Rue Desaugiers,59800.0,Lille,59350_2444,190 -216 Rue des Peupliers,Lille,59800,,2346.0,8.988071438072634,7.422194366317963,4.553876891600541,2.995732273553991,Lille,2025
2459E3207240U,2459E3207240U,50.632316991637744,3.1020130532794306,7848.2,1660.5,2354.46,110.0,23.0,C,C,Rue Desaugiers 59800 Lille,,Rue Desaugiers,59800.0,Lille,59350_2444,342-356 Rue des Peupliers,Lille,59800,,2624.0,8.968166894755168,7.415476087794649,4.709530201312334,3.1780538303479458,Lille,2025
2459E3239949V,2459E3239949V,50.632316991637744,3.1020130532794306,6907.1,1442.6,2072.13,95.0,20.0,C,C,Rue Desaugiers 59800 Lille,,Rue Desaugiers,59800.0,Lille,59350_2444,392-406 Rue des Peupliers,Lille,59800,,2918.0,8.840449915131684,7.274895272768633,4.564348191467836,3.044522437723423,Lille,2025
2459E3241396M,2459E3241396M,50.617724004193235,3.092508067262955,9997.1,2131.7,2999.13,140.0,30.0,D,D,290 Allee des Peupliers 59000 Lille,290,Allee des Peupliers,59000.0,Lille,59350_4p7ft1_00290,278-290 Rue des Peupliers,Lille,59800,,3466.0,9.210150353923897,7.665144061603547,4.948759890378168,3.4339872044851463,Lille,2025
2559E0781191G,2559E0781191G,50.625086000053955,3.052166059320741,176334.7,36504.3,52900.41,77.5,16.0,C,C,24 Rue de l'Abbé Aerts 59000 Lille,24,Rue de l'Abbé Aerts,59000.0,Lille,59350_0074_00024,24 de l'Abbé Aerts,Lille,59000,2006.0,2275.0,12.080144843632354,10.50521273450874,4.363098624788363,2.833213344056216,Lille,2025
2559E0861628Z,2559E0861628Z,50.62077501510554,3.062715982575413,334869.4,71713.3,100460.82,144.0,30.8,D,D,21 Rue Monge 59000 Lille,21,Rue Monge,59000.0,Lille,59350_6180_00021,17-21 RUE MONGE et 39 RUE DE SECLIN,Lille,59000,1983.0,2325.0,12.721498870283732,11.18044544882172,4.976733742420574,3.459466289786131,Lille,2025
2459E3241473L,2459E3241473L,50.617724004193235,3.092508067262955,8116.0,1715.4,2434.7999999999997,114.0,24.0,C,C,290 Allee des Peupliers 59000 Lille,290,Allee des Peupliers,59000.0,Lille,59350_4p7ft1_00290,278-290 Rue des Peupliers,Lille,59800,,3466.0,9.001715906761175,7.44798435311737,4.74493212836325,3.2188758248682006,Lille,2025
2459E3241403T,2459E3241403T,50.617724004193235,3.092508067262955,8023.1,1672.5,2406.93,90.0,18.0,C,C,290 Allee des Peupliers 59000 Lille,290,Allee des Peupliers,59000.0,Lille,59350_4p7ft1_00290,278-290 Rue des Peupliers,Lille,59800,,3466.0,8.990204792176277,7.422672520651381,4.51085950651685,2.9444389791664403,Lille,2025
2559E1106872L,2559E1106872L,50.62818200202978,3.1056390031605536,633354.3,138730.7,190006.29,234.3,51.3,E,E,116 Rue Roger Salengro 59260 Lille,116,Rue Roger Salengro,59260.0,Lille,59350_7554_00116,116 Rue Roger Salengro,Lille,59260,,2702.8,13.358786839077602,11.84029713101829,5.4608612957333165,3.9569963710708773,Lille,2025
2459E3007623F,2459E3007623F,50.62701600107826,3.1095309798385733,7419.8,1618.7,2225.94,168.0,36.0,D,D,Rue Roger Salengro 59260 Lille,,Rue Roger Salengro,59260.0,Lille,59350_7554,"336 Rue Roger Salengro
SQUARE FLANDRE",Lille,59260,,1824.0,8.912042147061213,7.389996225892351,5.1298987149230735,3.6109179126442243,Lille,2025
2559E1457705A,2559E1457705A,50.63860198918596,3.0570989659996255,77933.7,5703.0,23380.109999999997,113.9,8.3,E,B,31 Rue de la Barre 59800 Lille,31-31Bis,de la Barre,59800.0,Lille,59350_0583_00031,31-31Bis de la Barre,Lille,59800,1945.0,684.0,11.263626575554095,8.648922962094131,4.74406218485471,2.2300144001592104,Lille,2025
2459E3617511L,2459E3617511L,50.627361959678865,3.0535019873040365,4848.3,1016.8,1454.49,100.0,21.0,C,C,56 Rue de Flandre 59000 Lille,56,Rue de Flandre,59000.0,Lille,59350_3423_00056,54-56 rue de Flandre et 17 rue de la vielle aventure,Lille,59000,1997.0,3387.3,8.48658964361806,6.925398714154732,4.61512051684126,3.091042453358316,Lille,2025
2459E3207306I,2459E3207306I,50.632316991637744,3.1020130532794306,8681.9,1834.6,2604.5699999999997,108.0,22.0,C,C,Rue Desaugiers 59800 Lille,,Rue Desaugiers,59800.0,Lille,59350_2444,342-356 Rue des Peupliers,Lille,59800,,2624.0,9.069110853237445,7.515126682520679,4.6913478822291435,3.1354942159291497,Lille,2025
2459E3241411B,2459E3241411B,50.617724004193235,3.092508067262955,4076.3,863.9,1222.89,113.0,23.0,C,C,290 Allee des Peupliers 59000 Lille,290,Allee des Peupliers,59000.0,Lille,59350_4p7ft1_00290,278-290 Rue des Peupliers,Lille,59800,,3466.0,8.313190283629412,6.762613893312466,4.736198448394496,3.1780538303479458,Lille,2025
2459E3241503P,2459E3241503P,50.617724004193235,3.092508067262955,10715.1,2265.9,3214.53,117.0,24.0,C,C,290 Allee des Peupliers 59000 Lille,290,Allee des Peupliers,59000.0,Lille,59350_4p7ft1_00290,278-290 Rue des Peupliers,Lille,59800,,3466.0,9.279502562461197,7.72616853837448,4.770684624465665,3.2188758248682006,Lille,2025
2459E4279203D,2459E4279203D,50.62144400753086,3.074499950820299,32367.4,7180.3,9710.22,455.0,101.0,G,G,Rue de Trévise 59000 Lille,,Rue de Trévise,59000.0,Lille,59350_8749,72 Rue de Trévise,Lille,59000,,1805.0,10.384937917215499,8.87923570414898,6.1224928095143865,4.624972813284271,Lille,2025
2459E3628620S,2459E3628620S,50.649787960212905,3.0976100566550615,8051.6,1737.4,2415.48,114.0,24.0,C,C,74c Rue Emile Vandenberghe 59800 Lille,74c,Rue Emile Vandenberghe,59800.0,Lille,59350_3092_00074_c,74C Rue Émile Vandenberghe,Lille,59800,1976.0,2264.1,8.993750299631815,7.46072042894222,4.74493212836325,3.2188758248682006,Lille,2025
2459E2932193B,2459E2932193B,50.61362996938978,3.073821058552619,9534.3,772.7,2860.2899999999995,186.0,15.0,D,C,60 Rue du Jardin des Plantes 59000 Lille,60,Rue du Jardin des Plantes,59000.0,Lille,59350_4797_00060,50 Rue Armand Carrel / 60 rue du jardin des plantes,Lille,59000,1991.0,3658.0,9.162755980570507,6.651184201555409,5.231108616854587,2.772588722239781,Lille,2025
2459E3628557H,2459E3628557H,50.649787960212905,3.0976100566550615,7038.0,1511.3,2111.4,100.0,21.0,C,C,74c Rue Emile Vandenberghe 59800 Lille,74c,Rue Emile Vandenberghe,59800.0,Lille,59350_3092_00074_c,74C Rue Émile Vandenberghe,Lille,59800,1976.0,2264.1,8.85922139360813,7.321386949756695,4.61512051684126,3.091042453358316,Lille,2025
2459E3617661F,2459E3617661F,50.627361959678865,3.0535019873040365,6112.1,1260.9,1833.63,80.0,16.0,C,C,56 Rue de Flandre 59000 Lille,56,Rue de Flandre,59000.0,Lille,59350_3423_00056,54-56 rue de Flandre et 17 rue de la vielle aventure,Lille,59000,1997.0,3387.3,8.718189288475001,7.140373800658865,4.394449154672439,2.833213344056216,Lille,2025
2459E2932466O,2459E2932466O,50.61362996938978,3.073821058552619,6088.0,493.9,1826.3999999999999,202.0,16.0,D,C,60 Rue du Jardin des Plantes 59000 Lille,60,Rue du Jardin des Plantes,59000.0,Lille,59350_4797_00060,50 Rue Armand Carrel / 60 rue du jardin des plantes,Lille,59000,1991.0,3658.0,8.714239143608575,6.204355721957841,5.313205979041787,2.833213344056216,Lille,2025
2459E3239901Z,2459E3239901Z,50.632316991637744,3.1020130532794306,3401.5,712.3,1020.4499999999999,94.0,19.0,C,C,Rue Desaugiers 59800 Lille,,Rue Desaugiers,59800.0,Lille,59350_2444,392-406 Rue des Peupliers,Lille,59800,,2918.0,8.132265734525621,6.5699020892839926,4.553876891600541,2.995732273553991,Lille,2025
2459E3207238S,2459E3207238S,50.632316991637744,3.1020130532794306,10251.6,2172.1,3075.48,115.0,24.0,C,C,Rue Desaugiers 59800 Lille,,Rue Desaugiers,59800.0,Lille,59350_2444,342-356 Rue des Peupliers,Lille,59800,,2624.0,9.235286610937253,7.6839099985256905,4.7535901911063645,3.2188758248682006,Lille,2025
2459E3207271Z,2459E3207271Z,50.632316991637744,3.1020130532794306,8704.4,1849.4,2611.3199999999997,120.0,25.0,C,C,Rue Desaugiers 59800 Lille,,Rue Desaugiers,59800.0,Lille,59350_2444,342-356 Rue des Peupliers,Lille,59800,,2624.0,9.071698801749694,7.5231571109172295,4.795790545596741,3.258096538021482,Lille,2025
2559E0146393Y,2559E0146393Y,50.63435003900971,3.033988033807344,69841.7,15154.0,20952.51,179.9,39.0,D,D,77 Avenue Marx Dormoy 59000 Lille,77,Avenue Marx Dormoy,59000.0,Lille,59350_5967_00077,77 à 85 Marx Dormoy,Lille,59000,1989.0,388.2,11.154000849560028,9.626085789491903,5.19794439240125,3.6888794541139363,Lille,2025
2459E4617255D,2459E4617255D,50.63442795576693,3.0507580524534044,709.5,50.9,212.85,38.0,2.7,A,A,13 Square Rameau 59800 Lille,13,Square Rameau,59800.0,Lille,59350_7364_00013,13 Square Rameau,Lille,59800,,485.1,6.565968947537155,3.949318790171843,3.6635616461296463,1.308332819650179,Lille,2025
2559E0164557O,2559E0164557O,50.63277204351567,3.0575039357213822,70832.7,9697.8,21249.809999999998,336.7,46.1,G,D,18 Rue Jacquemars Gielée 59800 Lille,18,Rue Jacquemars Gielée,59800.0,Lille,59350_4722_00018,18 Rue Jacquemars Gielée,Lille,59800,1945.0,210.4,11.168090155135689,9.179757445498389,5.822157927391522,3.8522730010223722,Lille,2025
2459E3241382Y,2459E3241382Y,50.617724004193235,3.092508067262955,5266.9,1127.4,1580.07,146.0,31.0,D,D,290 Allee des Peupliers 59000 Lille,290,Allee des Peupliers,59000.0,Lille,59350_4p7ft1_00290,278-290 Rue des Peupliers,Lille,59800,,3466.0,8.569387080146933,7.028555979127841,4.990432586778736,3.4657359027997265,Lille,2025
2459E4279287J,2459E4279287J,50.62144400753086,3.074499950820299,18436.9,4060.8,5531.070000000001,292.0,64.0,E,E,Rue de Trévise 59000 Lille,,Rue de Trévise,59000.0,Lille,59350_8749,72 Rue de Trévise,Lille,59000,,1805.0,9.822163607762098,8.30938150409901,5.680172609017068,4.174387269895637,Lille,2025
2459E3241499L,2459E3241499L,50.617724004193235,3.092508067262955,10322.6,2181.5,3096.78,115.0,24.0,C,C,290 Allee des Peupliers 59000 Lille,290,Allee des Peupliers,59000.0,Lille,59350_4p7ft1_00290,278-290 Rue des Peupliers,Lille,59800,,3466.0,9.242187815415303,7.688226287713757,4.7535901911063645,3.2188758248682006,Lille,2025
2459E2611400W,2459E2611400W,50.636197959759556,3.013734935377351,10765.7,1904.6,3229.71,123.0,21.0,C,C,24 Rue James Watt 59160 Lille,24,Rue James Watt,59160.0,Lille,59350_9485_00024,24 Rue James Watt,Lille,59160,,,9.284213316513078,7.5525521986010355,4.820281565605037,3.091042453358316,Lille,2025
2459E3628601Z,2459E3628601Z,50.649787960212905,3.0976100566550615,5935.0,1278.5,1780.5,106.0,22.0,C,C,74c Rue Emile Vandenberghe 59800 Lille,74c,Rue Emile Vandenberghe,59800.0,Lille,59350_3092_00074_c,74C Rue Émile Vandenberghe,Lille,59800,1976.0,2264.1,8.688790784847216,7.154224655599844,4.672828834461906,3.1354942159291497,Lille,2025
2459E2932477Z,2459E2932477Z,50.61362996938978,3.073821058552619,7240.7,587.1,2172.21,195.0,15.0,D,C,60 Rue du Jardin des Plantes 59000 Lille,60,Rue du Jardin des Plantes,59000.0,Lille,59350_4797_00060,50 Rue Armand Carrel / 60 rue du jardin des plantes,Lille,59000,1991.0,3658.0,8.887611264446834,6.3768970014659105,5.278114659230517,2.772588722239781,Lille,2025
2559E1428732R,2559E1428732R,50.64442296893375,3.0577329352959746,44620.6,3430.2,13386.179999999998,146.3,11.2,F,C,61 Rue Saint André 59800 Lille,61,Rue Saint André,59800.0,Lille,59350_7709_00061,61 Saint-André,Lille,59800,1945.0,305.0,10.705973325703107,8.140665333202671,4.9924713234685845,2.501435951739211,Lille,2025
2459E3617438Q,2459E3617438Q,50.627361959678865,3.0535019873040365,10888.1,2289.6,3266.43,110.0,23.0,C,C,56 Rue de Flandre 59000 Lille,56,Rue de Flandre,59000.0,Lille,59350_3423_00056,54-56 rue de Flandre et 17 rue de la vielle aventure,Lille,59000,1997.0,3387.3,9.295517567883651,7.736569070963616,4.709530201312334,3.1780538303479458,Lille,2025
2559E1238781W,2559E1238781W,50.61350697509324,3.0445569896740343,3584.4,261.3,1075.32,114.0,8.0,D,B,32 Rue Gustave Nadaud 59000 Lille,32,Rue Gustave Nadaud,59000.0,Lille,59350_4287_00032,32 Rue Gustave Nadaud,Lille,59000,1970.0,,8.184625322820738,5.569488886872828,4.74493212836325,2.1972245773362196,Lille,2025
2459E3259296Y,2459E3259296Y,50.62159600883613,3.072111970511247,3743.3,276.8,1122.99,158.0,11.0,E,B,Rue de Douai 59000 Lille,,Rue de Douai,59000.0,Lille,59350_2774,125 Rue de Douai,Lille,59000,,,8.227989962592519,5.626901430320244,5.0689042022202315,2.4849066497880004,Lille,2025
2459E2932327F,2459E2932327F,50.61362996938978,3.073821058552619,4441.4,360.6,1332.4199999999998,222.0,18.0,D,C,60 Rue du Jardin des Plantes 59000 Lille,60,Rue du Jardin des Plantes,59000.0,Lille,59350_4797_00060,50 Rue Armand Carrel / 60 rue du jardin des plantes,Lille,59000,1991.0,3658.0,8.398950049927397,5.890538628518022,5.407171771460119,2.9444389791664403,Lille,2025
2559E0493139I,2559E0493139I,50.62715000721475,3.113604046452364,23478.8,1807.5,7043.639999999999,102.0,7.8,D,B,49 Rue Kléber 59000 Lille,49,Rue Kléber,59000.0,Lille,59350_27mgqm_00049,49 Faidherbe,Lille,59000,,230.2,10.06389575601819,7.500253051392153,4.634728988229636,2.174751721484161,Lille,2025
2459E3617462O,2459E3617462O,50.627361959678865,3.0535019873040365,4549.7,952.1,1364.9099999999999,97.0,20.0,C,C,56 Rue de Flandre 59000 Lille,56,Rue de Flandre,59000.0,Lille,59350_3423_00056,54-56 rue de Flandre et 17 rue de la vielle aventure,Lille,59000,1997.0,3387.3,8.423036346265736,6.85971982994358,4.584967478670572,3.044522437723423,Lille,2025
2459E2932374A,2459E2932374A,50.61362996938978,3.073821058552619,6911.4,560.5,2073.4199999999996,197.0,16.0,D,C,60 Rue du Jardin des Plantes 59000 Lille,60,Rue du Jardin des Plantes,59000.0,Lille,59350_4797_00060,50 Rue Armand Carrel / 60 rue du jardin des plantes,Lille,59000,1991.0,3658.0,8.841072179179836,6.3306117741784975,5.288267030694535,2.833213344056216,Lille,2025
2559E0995451A,2559E0995451A,50.63798106086856,3.0561208069589796,95541.2,20780.8,28662.359999999997,189.2,41.0,D,D,Rue de la Halloterie 59800 Lille,,Rue de la Halloterie,59800.0,Lille,59350_4332,Rue de la Halloterie,Lille,59800,1983.0,505.0,11.46732331368323,9.941832882653456,5.24807615011129,3.7376696182833684,Lille,2025
2459E3239979Z,2459E3239979Z,50.632316991637744,3.1020130532794306,7564.6,1580.4,2269.38,96.0,20.0,C,C,Rue Desaugiers 59800 Lille,,Rue Desaugiers,59800.0,Lille,59350_2444,392-406 Rue des Peupliers,Lille,59800,,2918.0,8.931366935701302,7.366065809636827,4.574710978503383,3.044522437723423,Lille,2025
2459E2932654U,2459E2932654U,50.61362996938978,3.073821058552619,7240.7,587.1,2172.21,195.0,15.0,D,C,60 Rue du Jardin des Plantes 59000 Lille,60,Rue du Jardin des Plantes,59000.0,Lille,59350_4797_00060,50 Rue Armand Carrel / 60 rue du jardin des plantes,Lille,59000,1991.0,3658.0,8.887611264446834,6.3768970014659105,5.278114659230517,2.772588722239781,Lille,2025
2459E4617253B,2459E4617253B,50.63442795576693,3.0507580524534044,2531.2,189.9,759.3599999999999,40.5,3.0,B,A,13 Square Rameau 59800 Lille,13,Square Rameau,59800.0,Lille,59350_7364_00013,13 Square Rameau,Lille,59800,,485.1,7.836843769086153,5.251749730731702,3.7256934272366524,1.3862943611198906,Lille,2025
2459E4245084W,2459E4245084W,50.63187198521998,3.1045670615058145,16707.9,3668.8,5012.37,247.0,54.0,E,E,Rue Etienne Dolet 59800 Lille,,Rue Etienne Dolet,59800.0,Lille,59350_3216,30 B Rue Étienne Dolet,Lille,59260,,4514.0,9.723696790577623,8.207892443650854,5.5134287461649825,4.007333185232471,Lille,2025
2459E2932274E,2459E2932274E,50.61362996938978,3.073821058552619,6252.7,507.2,1875.81,201.0,16.0,D,C,60 Rue du Jardin des Plantes 59000 Lille,60,Rue du Jardin des Plantes,59000.0,Lille,59350_4797_00060,50 Rue Armand Carrel / 60 rue du jardin des plantes,Lille,59000,1991.0,3658.0,8.740928567567575,6.230875070886063,5.308267697401205,2.833213344056216,Lille,2025
2459E3207273B,2459E3207273B,50.632316991637744,3.1020130532794306,9730.1,2068.5,2919.03,123.0,26.0,C,C,Rue Desaugiers 59800 Lille,,Rue Desaugiers,59800.0,Lille,59350_2444,342-356 Rue des Peupliers,Lille,59800,,2624.0,9.18308222120532,7.635062311188787,4.820281565605037,3.295836866004329,Lille,2025
2459E2932209R,2459E2932209R,50.61362996938978,3.073821058552619,11064.4,896.4,3319.3199999999997,181.0,14.0,D,C,60 Rue du Jardin des Plantes 59000 Lille,60,Rue du Jardin des Plantes,59000.0,Lille,59350_4797_00060,50 Rue Armand Carrel / 60 rue du jardin des plantes,Lille,59000,1991.0,3658.0,9.311578401854348,6.799501693541883,5.204006687076795,2.70805020110221,Lille,2025
2559E1378751I,2559E1378751I,50.610105971182335,3.0411949752192364,11648.7,1008.4,3494.61,196.4,17.0,E,C,6 Rue des Catiches 59000 Lille,6,Rue des Catiches,59000.0,Lille,59350_1376_00006,6 Rue des Catiches,Lille,59000,1978.0,59.3,9.36303570758932,6.917111373906162,5.285232126999381,2.8903717578961645,Lille,2025
2459E4281097Z,2459E4281097Z,50.62500002423457,3.06826406477871,27234.1,1985.0,8170.23,129.7,9.4,E,B,66 Boulevard Jean-Baptiste Lebas 59000 Lille,66,Boulevard Jean-Baptiste Lebas,59000.0,Lille,59350_4828_00066,66 Jean-Baptiste Lebas,Lille,59000,1945.0,210.0,10.212261861556948,7.593877844605118,4.872904620630176,2.341805806147327,Lille,2025
2559E0995457G,2559E0995457G,50.63798106086856,3.0561208069589796,254646.2,55491.2,76393.86,193.4,42.0,D,D,Rue de la Halloterie 59800 Lille,,Rue de la Halloterie,59800.0,Lille,59350_4332,Rue de la Halloterie,Lille,59800,1983.0,1316.9,12.447634336768303,10.923997749317238,5.2699178920263385,3.7612001156935624,Lille,2025
2459E4278926M,2459E4278926M,50.62144400753086,3.074499950820299,666107.6,147310.9,199832.28,369.0,81.0,F,F,Rue de Trévise 59000 Lille,,Rue de Trévise,59000.0,Lille,59350_8749,72 Rue de Trévise,Lille,59000,,1805.0,13.409207999292253,11.900307386696072,5.91350300563827,4.406719247264253,Lille,2025
2459E3239384C,2459E3239384C,50.632316991637744,3.1020130532794306,6751.2,1405.2,2025.36,88.0,18.0,C,C,Rue Desaugiers 59800 Lille,,Rue Desaugiers,59800.0,Lille,59350_2444,190 -216 Rue des Peupliers,Lille,59800,,2346.0,8.817623656690184,7.248646309765061,4.48863636973214,2.9444389791664403,Lille,2025
2459E3008879N,2459E3008879N,50.62701600107826,3.1095309798385733,5580.2,1207.3,1674.06,103.0,22.0,C,C,Rue Roger Salengro 59260 Lille,,Rue Roger Salengro,59260.0,Lille,59350_7554,"336 Rue Roger Salengro
SQUARE FLANDRE",Lille,59260,,1000.0,8.627159086018052,7.096969692033262,4.6443908991413725,3.1354942159291497,Lille,2025
2459E4279061R,2459E4279061R,50.62144400753086,3.074499950820299,26364.8,5823.5,7909.44,342.0,75.0,F,F,Rue de Trévise 59000 Lille,,Rue de Trévise,59000.0,Lille,59350_8749,72 Rue de Trévise,Lille,59000,,1805.0,10.17982299476233,8.669828437839831,5.8377304471659395,4.330733340286331,Lille,2025
2459E2932177L,2459E2932177L,50.61362996938978,3.073821058552619,4441.4,360.6,1332.4199999999998,222.0,18.0,D,C,60 Rue du Jardin des Plantes 59000 Lille,60,Rue du Jardin des Plantes,59000.0,Lille,59350_4797_00060,50 Rue Armand Carrel / 60 rue du jardin des plantes,Lille,59000,1991.0,3658.0,8.398950049927397,5.890538628518022,5.407171771460119,2.9444389791664403,Lille,2025
2559E1186339W,2559E1186339W,50.62110796164057,3.0611070661623807,5000.4,859.8,1500.12,142.3,24.4,D,C,134 Rue d'Artois Appt 2 59000 Lille,134,Rue d'Artois,59000.0,Lille,59350_0391_00134,134 Rue d'Artois,Lille,59000,,360.0,8.517473152223554,6.75786218940752,4.964940334834126,3.2347491740244907,Lille,2025
2559E1270253I,2559E1270253I,50.62563603305512,3.0560919882326094,31767.5,2424.0,9530.25,296.3,22.6,G,C,71 Rue des Postes 59000 Lille,71,Rue des Postes,59000.0,Lille,59350_7099_00071,71 Rue des Postes,Lille,59000,,107.2,10.366230511795766,7.793586803371584,5.694741730004052,3.1612467120315646,Lille,2025
2559E0137484H,2559E0137484H,50.643893959847105,3.0603420450766055,48440.0,3701.0,14532.0,269.1,20.5,G,C,8 Rue de l'Entrepôt 59800 Lille,8,Rue de l'Entrepôt,59800.0,Lille,59350_3118_00008,8 Rue de l'entrepot,Lille,59800,1945.0,180.0,10.78810184154973,8.216628493133443,5.59879226079857,3.068052935133617,Lille,2025
2459E2932251H,2459E2932251H,50.61362996938978,3.073821058552619,5758.7,467.2,1727.61,205.0,16.0,D,C,60 Rue du Jardin des Plantes 59000 Lille,60,Rue du Jardin des Plantes,59000.0,Lille,59350_4797_00060,50 Rue Armand Carrel / 60 rue du jardin des plantes,Lille,59000,1991.0,3658.0,8.658640669000219,6.148895555056811,5.327876168789581,2.833213344056216,Lille,2025
2459E3241415F,2459E3241415F,50.617724004193235,3.092508067262955,8502.9,1801.0,2550.87,119.0,25.0,C,C,290 Allee des Peupliers 59000 Lille,290,Allee des Peupliers,59000.0,Lille,59350_4p7ft1_00290,278-290 Rue des Peupliers,Lille,59800,,3466.0,9.04828016078049,7.496652438168283,4.787491742782046,3.258096538021482,Lille,2025
2459E3628593R,2459E3628593R,50.649787960212905,3.0976100566550615,5585.9,1203.6,1675.7699999999998,106.0,22.0,C,C,74c Rue Emile Vandenberghe 59800 Lille,74c,Rue Emile Vandenberghe,59800.0,Lille,59350_3092_00074_c,74C Rue Émile Vandenberghe,Lille,59800,1976.0,2264.1,8.62817985060557,7.093902840609621,4.672828834461906,3.1354942159291497,Lille,2025
2459E3720493H,2459E3720493H,50.621603269923156,3.044152840867402,7272.0,1504.8,2181.6,96.5,19.9,C,C,9 Rue d'Hondschoote 59000 Lille,9,Rue d'Hondschoote,59000.0,Lille,59350_4523_00009,5 CITE ROHARTE,Lille,59000,1910.0,,8.89192414015454,7.317079597416022,4.579852378003801,3.039749158970765,Lille,2025
2459E3239935H,2459E3239935H,50.632316991637744,3.1020130532794306,5877.3,1227.5,1763.19,94.0,19.0,C,C,Rue Desaugiers 59800 Lille,,Rue Desaugiers,59800.0,Lille,59350_2444,392-406 Rue des Peupliers,Lille,59800,,2918.0,8.679022883444429,7.1135491919612335,4.553876891600541,2.995732273553991,Lille,2025
2459E4486585J,2459E4486585J,50.64509996746565,3.061127938932362,81570.3,6102.0,24471.09,154.5,11.5,F,C,8 Rue de la Halle 59800 Lille,8,Rue de la Halle,59800.0,Lille,59350_4333_00008,8 de la Halle,Lille,59800,1945.0,528.0,11.309232763399455,8.716535732544495,5.0466457316192885,2.5257286443082556,Lille,2025
2459E3617635F,2459E3617635F,50.627361959678865,3.0535019873040365,8006.5,1676.3,2401.95,100.0,21.0,C,C,56 Rue de Flandre 59000 Lille,56,Rue de Flandre,59000.0,Lille,59350_3423_00056,54-56 rue de Flandre et 17 rue de la vielle aventure,Lille,59000,1997.0,3387.3,8.988133881483312,7.424940636700709,4.61512051684126,3.091042453358316,Lille,2025
2459E3239407Z,2459E3239407Z,50.632316991637744,3.1020130532794306,9053.0,1909.8,2715.9,113.0,23.0,C,C,Rue Desaugiers 59800 Lille,,Rue Desaugiers,59800.0,Lille,59350_2444,190 -216 Rue des Peupliers,Lille,59800,,2346.0,9.110961927995904,7.5552772815158065,4.736198448394496,3.1780538303479458,Lille,2025
2459E3207282K,2459E3207282K,50.632316991637744,3.1020130532794306,7857.2,1652.8,2357.16,99.0,20.0,C,C,Rue Desaugiers 59800 Lille,,Rue Desaugiers,59800.0,Lille,59350_2444,342-356 Rue des Peupliers,Lille,59800,,2624.0,8.969312851563412,7.410830949288067,4.605170185988092,3.044522437723423,Lille,2025
2459E2932301F,2459E2932301F,50.61362996938978,3.073821058552619,4441.4,360.6,1332.4199999999998,222.0,18.0,D,C,60 Rue du Jardin des Plantes 59000 Lille,60,Rue du Jardin des Plantes,59000.0,Lille,59350_4797_00060,50 Rue Armand Carrel / 60 rue du jardin des plantes,Lille,59000,1991.0,3658.0,8.398950049927397,5.890538628518022,5.407171771460119,2.9444389791664403,Lille,2025
2459E2932239V,2459E2932239V,50.61362996938978,3.073821058552619,4441.4,360.6,1332.4199999999998,222.0,18.0,D,C,60 Rue du Jardin des Plantes 59000 Lille,60,Rue du Jardin des Plantes,59000.0,Lille,59350_4797_00060,50 Rue Armand Carrel / 60 rue du jardin des plantes,Lille,59000,1991.0,3658.0,8.398950049927397,5.890538628518022,5.407171771460119,2.9444389791664403,Lille,2025
2459E4617250Y,2459E4617250Y,50.63442795576693,3.0507580524534044,1375.5,100.7,412.65,32.2,2.3,B,A,13 Square Rameau 59800 Lille,13,Square Rameau,59800.0,Lille,59350_7364_00013,13 Square Rameau,Lille,59800,,485.1,7.227299324582662,4.622027303054514,3.502549875922443,1.1939224684724346,Lille,2025
2459E1705191R,2459E1705191R,50.62214695780354,3.0749750000746534,11466.0,3199.8,3439.7999999999997,164.8,46.0,D,D,27o Rue Jean Jaurès (Lille) 59000 Lille,27o,Rue Jean Jaurès (Lille),59000.0,Lille,59350_4931_00027_o,27o Rue Jean Jaurès (Lille),Lille,59000,1948.0,69.6,9.347228624038305,8.071156057543025,5.110782242701195,3.8501476017100584,Lille,2025
2259E3241841N,2259E3241841N,50.64259102378946,3.056088065944645,8336.0,615.1,2500.7999999999997,141.3,10.4,E,B,Rue Royale 59800 Lille,,Rue Royale,59800.0,Lille,59350_7649,3/ 5/ 7 ROYALE,Lille,59800,1945.0,193.0,9.028458718410613,6.423409288020525,4.957937505095806,2.4336133554004498,Lille,2025
2559E0272208Z,2559E0272208Z,50.61288201399951,3.0579649630533052,4406.1,918.0,1321.8300000000002,72.0,15.0,C,C,131 Rue de la Seine 59000 Lille,131,Rue de la Seine,59000.0,Lille,59350_8274_00131,131 Rue de la Seine,Lille,59000,2018.0,61.2,8.39097215575768,6.823286122355687,4.290459441148391,2.772588722239781,Lille,2025
2459E3241441F,2459E3241441F,50.617724004193235,3.092508067262955,6077.5,1277.8,1823.25,101.0,21.0,C,C,290 Allee des Peupliers 59000 Lille,290,Allee des Peupliers,59000.0,Lille,59350_4p7ft1_00290,278-290 Rue des Peupliers,Lille,59800,,3466.0,8.712513233995848,7.153677417185686,4.624972813284271,3.091042453358316,Lille,2025
2459E3617483J,2459E3617483J,50.627361959678865,3.0535019873040365,9109.7,1922.8,2732.9100000000003,116.0,24.0,C,C,56 Rue de Flandre 59000 Lille,56,Rue de Flandre,59000.0,Lille,59350_3423_00056,54-56 rue de Flandre et 17 rue de la vielle aventure,Lille,59000,1997.0,3387.3,9.117204825940926,7.562057675718515,4.762173934797756,3.2188758248682006,Lille,2025
2459E2932438M,2459E2932438M,50.61362996938978,3.073821058552619,7076.0,573.8,2122.7999999999997,196.0,15.0,D,C,60 Rue du Jardin des Plantes 59000 Lille,60,Rue du Jardin des Plantes,59000.0,Lille,59350_4797_00060,50 Rue Armand Carrel / 60 rue du jardin des plantes,Lille,59000,1991.0,3658.0,8.864605368075784,6.35402215420487,5.2832037287379885,2.772588722239781,Lille,2025
2459E3239316M,2459E3239316M,50.632316991637744,3.1020130532794306,7830.8,1635.5,2349.24,94.0,19.0,C,C,Rue Desaugiers 59800 Lille,,Rue Desaugiers,59800.0,Lille,59350_2444,190 -216 Rue des Peupliers,Lille,59800,,2346.0,8.9659476476228,7.400315093941235,4.553876891600541,2.995732273553991,Lille,2025
2459E3617656A,2459E3617656A,50.627361959678865,3.0535019873040365,2222.3,456.7,666.69,72.0,14.0,C,C,56 Rue de Flandre 59000 Lille,56,Rue de Flandre,59000.0,Lille,59350_3423_00056,54-56 rue de Flandre et 17 rue de la vielle aventure,Lille,59000,1997.0,3387.3,7.706747857625423,6.126213947659596,4.290459441148391,2.70805020110221,Lille,2025
2559E1410755G,2559E1410755G,50.63763503901157,3.06760105735381,153720.3,11825.1,46116.09,281.3,21.6,G,C,2 Rue de Roubaix 59800 Lille,2,Rue de Roubaix,59800.0,Lille,59350_7624_00002,2 Rue de Roubaix,Lille,59800,,546.5,11.942896501577707,9.378064232289553,5.642970335259443,3.1179499062782403,Lille,2025
2459E2932632Y,2459E2932632Y,50.61362996938978,3.073821058552619,4935.4,400.6,1480.62,214.0,17.0,D,C,60 Rue du Jardin des Plantes 59000 Lille,60,Rue du Jardin des Plantes,59000.0,Lille,59350_4797_00060,50 Rue Armand Carrel / 60 rue du jardin des plantes,Lille,59000,1991.0,3658.0,8.504391599579028,5.995456568377519,5.3706380281276624,2.8903717578961645,Lille,2025
2559E0163612F,2559E0163612F,50.63877499949152,3.069611013680919,42184.7,7285.0,12655.409999999998,235.0,40.5,E,D,34 Rue de Roubaix 1er étage 59800 Lille,34,Rue de Roubaix,59800.0,Lille,59350_7624_00034,34 Rue de Roubaix,Lille,59800,,,10.64983658003797,8.89370997756851,5.4638318050256105,3.7256934272366524,Lille,2025
2459E2932245B,2459E2932245B,50.61362996938978,3.073821058552619,7734.7,627.1,2320.41,193.0,15.0,D,C,60 Rue du Jardin des Plantes 59000 Lille,60,Rue du Jardin des Plantes,59000.0,Lille,59350_4797_00060,50 Rue Armand Carrel / 60 rue du jardin des plantes,Lille,59000,1991.0,3658.0,8.95360125665005,6.442699389460335,5.267858159063328,2.772588722239781,Lille,2025
2459E2932622O,2459E2932622O,50.61362996938978,3.073821058552619,6911.4,560.5,2073.4199999999996,197.0,16.0,D,C,60 Rue du Jardin des Plantes 59000 Lille,60,Rue du Jardin des Plantes,59000.0,Lille,59350_4797_00060,50 Rue Armand Carrel / 60 rue du jardin des plantes,Lille,59000,1991.0,3658.0,8.841072179179836,6.3306117741784975,5.288267030694535,2.833213344056216,Lille,2025
2459E3628592Q,2459E3628592Q,50.649787960212905,3.0976100566550615,7197.7,1546.9,2159.31,102.0,22.0,C,C,74c Rue Emile Vandenberghe 59800 Lille,74c,Rue Emile Vandenberghe,59800.0,Lille,59350_3092_00074_c,74C Rue Émile Vandenberghe,Lille,59800,1976.0,2264.1,8.881655733146474,7.344654452579832,4.634728988229636,3.1354942159291497,Lille,2025
2459E3207231L,2459E3207231L,50.632316991637744,3.1020130532794306,9150.3,1948.3,2745.0899999999997,127.0,27.0,C,C,Rue Desaugiers 59800 Lille,,Rue Desaugiers,59800.0,Lille,59350_2444,342-356 Rue des Peupliers,Lille,59800,,2624.0,9.121651224680388,7.575225612752099,4.852030263919617,3.332204510175204,Lille,2025
2459E4279190Q,2459E4279190Q,50.62144400753086,3.074499950820299,26310.4,5836.8,7893.12,453.0,100.0,G,G,Rue de Trévise 59000 Lille,,Rue de Trévise,59000.0,Lille,59350_8749,72 Rue de Trévise,Lille,59000,,1805.0,10.17775758432522,8.672109292519592,6.118097198041348,4.61512051684126,Lille,2025
2459E4498626M,2459E4498626M,50.63291502178782,2.988254958961982,15402.3,1149.8,4620.69,104.0,7.0,D,B,Chemin de Sequedin 59160 Lille,,Chemin de Sequedin,59160.0,Lille,59350_9595,12 Chemin des Wattinettes,Lille,59160,,148.0,9.642337051160101,7.0482126316773925,4.653960350157523,2.0794415416798357,Lille,2025
2459E3239367L,2459E3239367L,50.632316991637744,3.1020130532794306,8221.3,1730.6,2466.39,108.0,22.0,C,C,Rue Desaugiers 59800 Lille,,Rue Desaugiers,59800.0,Lille,59350_2444,190 -216 Rue des Peupliers,Lille,59800,,2346.0,9.014605254264806,7.456801115567825,4.6913478822291435,3.1354942159291497,Lille,2025
2459E3008914W,2459E3008914W,50.62701600107826,3.1095309798385733,8076.7,1758.6,2423.0099999999998,155.0,33.0,D,D,Rue Roger Salengro 59260 Lille,,Rue Roger Salengro,59260.0,Lille,59350_7554,"336 Rue Roger Salengro
SQUARE FLANDRE",Lille,59260,,1000.0,8.996862457528307,7.472841789474565,5.049856007249537,3.5263605246161616,Lille,2025
2559E0201779E,2559E0201779E,50.62103596603701,3.0432179986255443,12278.0,2718.0,3683.4,271.0,60.0,E,E,195 Rue d'Iéna 59000 Lille,195,Rue d'Iéna,59000.0,Lille,59350_4658_00195,"195 B D'IENA - CITE D'IENA, Porte 002",Lille,59000,1948.0,,9.415645765160512,7.908019444632471,5.605802066295998,4.110873864173311,Lille,2025
2459E3007588W,2459E3007588W,50.62701600107826,3.1095309798385733,7592.3,1656.8,2277.69,172.0,37.0,D,D,Rue Roger Salengro 59260 Lille,,Rue Roger Salengro,59260.0,Lille,59350_7554,"336 Rue Roger Salengro
SQUARE FLANDRE",Lille,59260,,1824.0,8.9350215585078,7.4132467011574255,5.153291594497779,3.6375861597263857,Lille,2025
2459E3207287P,2459E3207287P,50.632316991637744,3.1020130532794306,9366.2,1990.2,2809.86,121.0,25.0,C,C,Rue Desaugiers 59800 Lille,,Rue Desaugiers,59800.0,Lille,59350_2444,342-356 Rue des Peupliers,Lille,59800,,2624.0,9.144969504534515,7.596492751053383,4.804021044733257,3.258096538021482,Lille,2025
2459E3241513Z,2459E3241513Z,50.617724004193235,3.092508067262955,7190.4,1522.9,2157.12,117.0,24.0,C,C,290 Allee des Peupliers 59000 Lille,290,Allee des Peupliers,59000.0,Lille,59350_4p7ft1_00290,278-290 Rue des Peupliers,Lille,59800,,3466.0,8.88064114664239,7.329028117295815,4.770684624465665,3.2188758248682006,Lille,2025
2459E3007634Q,2459E3007634Q,50.62701600107826,3.1095309798385733,8414.8,1833.9,2524.4399999999996,161.0,35.0,D,D,Rue Roger Salengro 59260 Lille,,Rue Roger Salengro,59260.0,Lille,59350_7554,"336 Rue Roger Salengro
SQUARE FLANDRE",Lille,59260,,1824.0,9.037866170436562,7.514745263090908,5.087596335232384,3.58351893845611,Lille,2025
2459E2932413N,2459E2932413N,50.61362996938978,3.073821058552619,5264.7,427.2,1579.4099999999999,210.0,17.0,D,C,60 Rue du Jardin des Plantes 59000 Lille,60,Rue du Jardin des Plantes,59000.0,Lille,59350_4797_00060,50 Rue Armand Carrel / 60 rue du jardin des plantes,Lille,59000,1991.0,3658.0,8.568969369196834,6.059590376155582,5.351858133476067,2.8903717578961645,Lille,2025
2559E0751465Y,2559E0751465Y,50.61856498503997,3.0540919964619113,4273.3,344.2,1281.99,93.0,7.0,B,B,108 Rue Bayard 59000 Lille,108,Rue Bayard,59000.0,Lille,59350_0657_00108,"108 Rue Bayard
APPT B45",Lille,59000,,3267.0,8.360375625273504,5.844123959209273,4.543294782270004,2.0794415416798357,Lille,2025
2459E2932422W,2459E2932422W,50.61362996938978,3.073821058552619,7240.7,587.1,2172.21,195.0,15.0,D,C,60 Rue du Jardin des Plantes 59000 Lille,60,Rue du Jardin des Plantes,59000.0,Lille,59350_4797_00060,50 Rue Armand Carrel / 60 rue du jardin des plantes,Lille,59000,1991.0,3658.0,8.887611264446834,6.3768970014659105,5.278114659230517,2.772588722239781,Lille,2025
2459E2932224G,2459E2932224G,50.61362996938978,3.073821058552619,4441.4,360.6,1332.4199999999998,222.0,18.0,D,C,60 Rue du Jardin des Plantes 59000 Lille,60,Rue du Jardin des Plantes,59000.0,Lille,59350_4797_00060,50 Rue Armand Carrel / 60 rue du jardin des plantes,Lille,59000,1991.0,3658.0,8.398950049927397,5.890538628518022,5.407171771460119,2.9444389791664403,Lille,2025
2459E2932515L,2459E2932515L,50.61362996938978,3.073821058552619,4770.7,387.3,1431.2099999999998,216.0,17.0,D,C,60 Rue du Jardin des Plantes 59000 Lille,60,Rue du Jardin des Plantes,59000.0,Lille,59350_4797_00060,50 Rue Armand Carrel / 60 rue du jardin des plantes,Lille,59000,1991.0,3658.0,8.470457914519063,5.961778236737621,5.37989735354046,2.8903717578961645,Lille,2025
2559E0866925S,2559E0866925S,50.633946966735905,3.0272259366772847,4423.1,901.6,1326.93,68.7,14.0,C,C,24 Quai de l'Ouest 59000 Lille,24,Quai de l'Ouest,59000.0,Lille,59350_6530_00024,24 Quai de l'Ouest,Lille,59000,2014.0,64.4,8.394822146925005,6.805279487392901,4.244200317766478,2.70805020110221,Lille,2025
2559E1168716B,2559E1168716B,50.6400079656999,3.0567309621373013,97782.8,7562.8,29334.84,313.4,24.2,G,C,16 Rue Léonard Danel 59800 Lille,16,Rue Léonard Danel,59800.0,Lille,59350_5531_00016,16 L Danel,Lille,59800,1945.0,312.0,11.490514198130619,8.93112898839229,5.7506660605550515,3.2268439945173775,Lille,2025
2459E3241391H,2459E3241391H,50.617724004193235,3.092508067262955,7433.9,1564.4,2230.1699999999996,104.0,22.0,C,C,290 Allee des Peupliers 59000 Lille,290,Allee des Peupliers,59000.0,Lille,59350_4p7ft1_00290,278-290 Rue des Peupliers,Lille,59800,,3466.0,8.91394040890468,7.355896661370738,4.653960350157523,3.1354942159291497,Lille,2025
2559E0630108J,2559E0630108J,50.64133500413257,3.081783972776855,228133.2,16654.9,68439.96,73.1,5.3,C,A,1 Avenue de Muy 59800 Lille,1,Avenue de Muy,59800.0,Lille,59350_6323_00001,1 de Muy,Lille,59800,2003.0,3122.0,12.337689331272834,9.720519786994268,4.3054155323020415,1.840549633397487,Lille,2025
2459E3628560K,2459E3628560K,50.649787960212905,3.0976100566550615,7197.7,1546.9,2159.31,102.0,22.0,C,C,74c Rue Emile Vandenberghe 59800 Lille,74c,Rue Emile Vandenberghe,59800.0,Lille,59350_3092_00074_c,74C Rue Émile Vandenberghe,Lille,59800,1976.0,2264.1,8.881655733146474,7.344654452579832,4.634728988229636,3.1354942159291497,Lille,2025
2459E3617448A,2459E3617448A,50.627361959678865,3.0535019873040365,11781.5,2467.4,3534.45,102.0,21.0,C,C,56 Rue de Flandre 59000 Lille,56,Rue de Flandre,59000.0,Lille,59350_3423_00056,54-56 rue de Flandre et 17 rue de la vielle aventure,Lille,59000,1997.0,3387.3,9.374370658797886,7.8113254464469115,4.634728988229636,3.091042453358316,Lille,2025
2459E3628546W,2459E3628546W,50.649787960212905,3.0976100566550615,8299.6,1794.6,2489.88,121.0,26.0,C,C,74c Rue Emile Vandenberghe 59800 Lille,74c,Rue Emile Vandenberghe,59800.0,Lille,59350_3092_00074_c,74C Rue Émile Vandenberghe,Lille,59800,1976.0,2264.1,9.02408308032858,7.493094506907777,4.804021044733257,3.295836866004329,Lille,2025
2459E2932313R,2459E2932313R,50.61362996938978,3.073821058552619,11064.4,896.4,3319.3199999999997,181.0,14.0,D,C,60 Rue du Jardin des Plantes 59000 Lille,60,Rue du Jardin des Plantes,59000.0,Lille,59350_4797_00060,50 Rue Armand Carrel / 60 rue du jardin des plantes,Lille,59000,1991.0,3658.0,9.311578401854348,6.799501693541883,5.204006687076795,2.70805020110221,Lille,2025
2559E1378144Z,2559E1378144Z,50.61292797054691,3.0489939715374397,13490.9,2603.1,4047.2699999999995,269.5,52.0,F,E,6 Rue Beaumarchais 59000 Lille,6,Rue Beaumarchais,59000.0,Lille,59350_0683_00006,6 Rue Beaumarchais,Lille,59000,1948.0,50.1,9.509844784354488,7.8648424050488615,5.600272098286537,3.970291913552122,Lille,2025
2459E3239962I,2459E3239962I,50.632316991637744,3.1020130532794306,9098.9,1904.4,2729.6699999999996,101.0,21.0,C,C,Rue Desaugiers 59800 Lille,,Rue Desaugiers,59800.0,Lille,59350_2444,392-406 Rue des Peupliers,Lille,59800,,2918.0,9.116018703433573,7.552447239272679,4.624972813284271,3.091042453358316,Lille,2025
2459E2932583B,2459E2932583B,50.61362996938978,3.073821058552619,7240.7,587.1,2172.21,195.0,15.0,D,C,60 Rue du Jardin des Plantes 59000 Lille,60,Rue du Jardin des Plantes,59000.0,Lille,59350_4797_00060,50 Rue Armand Carrel / 60 rue du jardin des plantes,Lille,59000,1991.0,3658.0,8.887611264446834,6.3768970014659105,5.278114659230517,2.772588722239781,Lille,2025
2459E2932348A,2459E2932348A,50.61362996938978,3.073821058552619,6582.0,533.8,1974.6,199.0,16.0,D,C,60 Rue du Jardin des Plantes 59000 Lille,60,Rue du Jardin des Plantes,59000.0,Lille,59350_4797_00060,50 Rue Armand Carrel / 60 rue du jardin des plantes,Lille,59000,1991.0,3658.0,8.792245847467877,6.281892845227788,5.298317366548036,2.833213344056216,Lille,2025
2459E3241409Z,2459E3241409Z,50.617724004193235,3.092508067262955,8545.6,1810.4,2563.68,120.0,25.0,C,C,290 Allee des Peupliers 59000 Lille,290,Allee des Peupliers,59000.0,Lille,59350_4p7ft1_00290,278-290 Rue des Peupliers,Lille,59800,,3466.0,9.053288822024061,7.501855305940849,4.795790545596741,3.258096538021482,Lille,2025
2459E3239351V,2459E3239351V,50.632316991637744,3.1020130532794306,8488.8,1786.1,2546.64,107.0,22.0,C,C,Rue Desaugiers 59800 Lille,,Rue Desaugiers,59800.0,Lille,59350_2444,190 -216 Rue des Peupliers,Lille,59800,,2346.0,9.046620721901888,7.488349473302751,4.68213122712422,3.1354942159291497,Lille,2025
2559E0494276B,2559E0494276B,50.628912964125284,3.1119850469713404,34245.4,2563.8,10273.62,148.7,11.1,F,C,49 Rue Faidherbe 59800 Lille,49,Rue Faidherbe,59800.0,Lille,59350_3276_00049,49 Faidherbe,Lille,59000,,230.2,10.44133672867693,7.849635781855288,5.008633291425583,2.4932054526026954,Lille,2025
2559E0146258T,2559E0146258T,50.63435003900971,3.033988033807344,66910.1,14527.8,20073.030000000002,172.4,37.4,D,D,77 Avenue Marx Dormoy 59000 Lille,77,Avenue Marx Dormoy,59000.0,Lille,59350_5967_00077,77 à 85 Marx Dormoy,Lille,59000,1989.0,388.2,11.111120151635749,9.58388816540429,5.155601064346442,3.648057459593681,Lille,2025
2559E0201604L,2559E0201604L,50.62103596603701,3.0432179986255443,12278.0,2718.0,3683.4,271.0,60.0,E,E,195 Rue d'Iéna 59000 Lille,195,Rue d'Iéna,59000.0,Lille,59350_4658_00195,"195 B D'IENA - CITE D'IENA, Porte 004",Lille,59000,1948.0,,9.415645765160512,7.908019444632471,5.605802066295998,4.110873864173311,Lille,2025
2559E0963932T,2559E0963932T,50.63450703829361,3.065478954717597,260752.6,18594.9,78225.78,124.5,8.8,E,B,Rue des Tanneurs 59800 Lille,,Rue des Tanneurs,59800.0,Lille,59350_8544,4-10 des Tanneurs,Lille,59800,1980.0,2095.0,12.471331179095612,9.830696405295479,4.832305758571839,2.2823823856765264,Lille,2025
2559E0949040Z,2559E0949040Z,50.637791957017384,3.0815640566930735,4836.4,364.1,1450.9199999999998,235.1,17.6,G,C,21 Rue Eugène Jacquet 59800 Lille,21,Rue Eugène Jacquet,59800.0,Lille,59350_3227_00021,21 RUE EUGENE JACQUET,Lille,59800,1930.0,,8.484132665289746,5.900171288661591,5.464255444091467,2.9231615807191558,Lille,2025
2459E3241459X,2459E3241459X,50.617724004193235,3.092508067262955,7714.7,1626.5,2314.41,108.0,22.0,C,C,290 Allee des Peupliers 59000 Lille,290,Allee des Peupliers,59000.0,Lille,59350_4p7ft1_00290,278-290 Rue des Peupliers,Lille,59800,,3466.0,8.95101249302093,7.394800374082724,4.6913478822291435,3.1354942159291497,Lille,2025
2459E3008873H,2459E3008873H,50.62701600107826,3.1095309798385733,5913.3,1281.8,1773.99,113.0,24.0,C,C,Rue Roger Salengro 59260 Lille,,Rue Roger Salengro,59260.0,Lille,59350_7554,"336 Rue Roger Salengro
SQUARE FLANDRE",Lille,59260,,1000.0,8.685128426214112,7.156800467819,4.736198448394496,3.2188758248682006,Lille,2025
2459E3239939L,2459E3239939L,50.632316991637744,3.1020130532794306,6846.3,1431.6,2053.89,97.0,20.0,C,C,Rue Desaugiers 59800 Lille,,Rue Desaugiers,59800.0,Lille,59350_2444,392-406 Rue des Peupliers,Lille,59800,,2918.0,8.831609692970627,7.267246254180351,4.584967478670572,3.044522437723423,Lille,2025
2459E3007646C,2459E3007646C,50.62701600107826,3.1095309798385733,5912.6,1286.1,1773.78,134.0,29.0,C,C,Rue Roger Salengro 59260 Lille,,Rue Roger Salengro,59260.0,Lille,59350_7554,"336 Rue Roger Salengro
SQUARE FLANDRE",Lille,59260,,1824.0,8.68501006200731,7.160146904655332,4.90527477843843,3.4011973816621555,Lille,2025
2459E2932199H,2459E2932199H,50.61362996938978,3.073821058552619,4441.4,360.6,1332.4199999999998,222.0,18.0,D,C,60 Rue du Jardin des Plantes 59000 Lille,60,Rue du Jardin des Plantes,59000.0,Lille,59350_4797_00060,50 Rue Armand Carrel / 60 rue du jardin des plantes,Lille,59000,1991.0,3658.0,8.398950049927397,5.890538628518022,5.407171771460119,2.9444389791664403,Lille,2025
2459E3617685D,2459E3617685D,50.627361959678865,3.0535019873040365,7403.9,1515.9,2221.1699999999996,74.0,15.0,C,C,56 Rue de Flandre 59000 Lille,56,Rue de Flandre,59000.0,Lille,59350_3423_00056,54-56 rue de Flandre et 17 rue de la vielle aventure,Lille,59000,1997.0,3387.3,8.909897222221788,7.324424057597627,4.31748811353631,2.772588722239781,Lille,2025
2459E3241401R,2459E3241401R,50.617724004193235,3.092508067262955,7598.0,1613.1,2279.4,124.0,26.0,C,C,290 Allee des Peupliers 59000 Lille,290,Allee des Peupliers,59000.0,Lille,59350_4p7ft1_00290,278-290 Rue des Peupliers,Lille,59800,,3466.0,8.935771938669784,7.386532804779234,4.8283137373023015,3.295836866004329,Lille,2025
2559E1410739Q,2559E1410739Q,50.63763503901157,3.06760105735381,153720.3,11825.1,46116.09,281.3,21.6,G,C,2 Rue de Roubaix 59800 Lille,2,Rue de Roubaix,59800.0,Lille,59350_7624_00002,2 Rue de Roubaix,Lille,59800,,546.5,11.942896501577707,9.378064232289553,5.642970335259443,3.1179499062782403,Lille,2025
2559E1467952D,2559E1467952D,50.628889043867666,3.0673140142946784,165931.3,36753.9,49779.38999999999,324.3,71.8,F,F,219 Boulevard de la Liberté 59800 Lille,219,Boulevard de la Liberté,59800.0,Lille,59350_5603_00219,219 Boulevard de la Liberté,Lille,59800,,511.7,12.019335152827566,10.512026829086217,5.784747833479305,4.28771595520264,Lille,2025
2559E1494555I,2559E1494555I,50.621666041087195,3.041702016397183,3707.2,266.7,1112.1599999999999,100.0,7.0,D,B,21 Rue Saint Bernard 59000 Lille,21,Rue Saint Bernard,59000.0,Lille,59350_7724_00021,21bis Rue Saint-Bernard,Lille,59000,,,8.218301862663752,5.589866950526307,4.61512051684126,2.0794415416798357,Lille,2025
2559E1482545K,2559E1482545K,50.62647902739149,3.0800859433971377,14566.4,3256.0,4369.92,215.0,48.0,D,D,579 Avenue du Président Hoover 59800 Lille,579,Avenue du Président Hoover,59800.0,Lille,59350_7139_00579,579 Avenue du Président Hoover,Lille,59800,,10103.0,9.586541434397821,8.088561805276234,5.375278407684165,3.8918202981106265,Lille,2025
2559E1470158Z,2559E1470158Z,50.62806903875616,3.050306063832427,6666.6,1452.0,1999.98,142.0,30.0,D,D,4 Rue Charles Quint 59800 Lille,4,Rue Charles Quint,59800.0,Lille,59350_1567_00004,4 Rue Charles Quint,Lille,59800,2013.0,1568.0,8.805015254068932,7.2813856635702825,4.962844630259907,3.4339872044851463,Lille,2025
2559E1504125K,2559E1504125K,44.33322280750371,4.814261881801249,152621.0,32019.9,45786.299999999996,308.3,64.6,F,E,,,,,,,23-25 Hippolyte Lefebvre,Lille,59800,1950.0,495.0,11.935719555200167,10.374144093588553,5.734311679691024,4.183575695950044,Lille,2025
2559E1499769W,2559E1499769W,44.06804869516742,2.351469423403522,177914.7,39713.0,53374.41,230.2,51.3,E,E,,,,,,,50 Blanche,Lille,59800,1970.0,773.0,12.089065121586833,10.589459049346978,5.443283136798223,3.9569963710708773,Lille,2025
2559E1536401U,2559E1536401U,50.64243200425717,3.056280954681346,11138.5,839.1,3341.5499999999997,118.0,8.0,E,B,92 Rue Royale 59800 Lille,92,Rue Royale,59800.0,Lille,59350_7649_00092,"92 Rue Royale 
rés.les Hesperides",Lille,59800,1980.0,,9.318252629170578,6.733520932370801,4.77912349311153,2.1972245773362196,Lille,2025
2559E1530843A,2559E1530843A,50.643582036642655,3.0538629312809205,5569.5,415.9,1670.85,101.0,7.0,D,B,116 Rue de Jemmapes 59800 Lille,116,Rue de Jemmapes,59800.0,Lille,59350_5031_00116,116 rue de Jemmapes,Lille,59000,,,8.625240095499372,6.032846384886751,4.624972813284271,2.0794415416798357,Lille,2025
2559E1530154N,2559E1530154N,50.62557598213936,3.0334939494518984,4928.6,356.8,1478.5800000000002,74.0,5.0,C,A,Rue Bonte Pollet 59000 Lille,,Rue Bonte Pollet,59000.0,Lille,59350_1013,42 Rue Bonte Pollet,Lille,59000,1989.0,,8.503013127842404,5.879974171074619,4.31748811353631,1.791759469228055,Lille,2025
2559E1531718R,2559E1531718R,50.62557598213936,3.0334939494518984,4970.0,359.8,1491.0,73.0,5.0,C,A,Rue Bonte Pollet 59000 Lille,,Rue Bonte Pollet,59000.0,Lille,59350_1013,42 Rue Bonte Pollet,Lille,59000,1989.0,,8.511376306094673,5.888323788188469,4.30406509320417,1.791759469228055,Lille,2025
2559E1526827O,2559E1526827O,50.497198056305955,1.3947952996959927,35590.5,2645.5,10677.15,173.9,12.9,F,C,,,,,,,23 De Condé,Lille,59800,1945.0,204.7,10.479862124286505,7.880993291298042,5.164214382024556,2.631888840136646,Lille,2025
2559E1561842H,2559E1561842H,50.617678977531675,3.0871410401293047,13878.7,3100.9,4163.61,260.0,58.0,E,E,41 Rue du Professeur Langevin 59800 Lille,41,Rue du Professeur Langevin,59800.0,Lille,59350_7219_00041,41 Rue Professeur Langevin,Lille,59000,1957.0,,9.53818261999436,8.039770105950572,5.564520407322694,4.07753744390572,Lille,2025
2559E1559645U,2559E1559645U,50.61364403291289,3.0732599841257113,3336.6,238.6,1000.9799999999999,95.0,6.0,D,A,Rue du Jardin des Plantes 59000 Lille,,Rue du Jardin des Plantes,59000.0,Lille,59350_4797,1 bis rue du Jardin des Plantes,Lille,59000,,93.0,8.113007264806454,5.478970866241294,4.564348191467836,1.9459101490553132,Lille,2025
2559E1590160L,2559E1590160L,50.64025002019729,3.083544989203461,2072.8,143.2,621.84,93.0,6.0,C,A,35 Rue Blanche 59800 Lille,35,Rue Blanche,59800.0,Lille,59350_0866_00035,35 Rue Blanche,Lille,59800,,,7.637137952124178,4.971201224850849,4.543294782270004,1.9459101490553132,Lille,2025
2559E1635485S,2559E1635485S,50.644035039329154,3.014394062029521,4299.4,915.4,1289.82,94.0,20.0,C,C,435 Avenue de Dunkerque (Lomme) 59160 Lille,435,Avenue de Dunkerque (Lomme),59160.0,Lille,59350_95c8dn_00435,435 Avenue de Dunkerque Lomme,Lille,59130,,,8.366463320611073,6.82045295057934,4.553876891600541,3.044522437723423,Lille,2025
2559E1649135S,2559E1649135S,50.649378959803684,3.087058018249491,365322.3,82095.9,109596.68999999999,276.5,62.1,E,E,30 Rue du Buisson 59800 Lille,30,Rue du Buisson,59800.0,Lille,59350_1194_00030,30 Rue du Buisson,Lille,59800,,1321.4,12.80853799394121,11.315655535896942,5.625820933186489,4.144720769547168,Lille,2025
2559E1649097G,2559E1649097G,46.54078569632483,2.1682412532589694,1480504.5,331574.3,444151.35,205.2,45.9,D,D,,,,,,,40 Rue du Buisson,Lille,59800,,7214.1,14.207894141478045,12.71161021213482,5.32884657158286,3.8480176754522337,Lille,2025
2459E0303658O,2459E0303658O,50.63599903605836,3.0943049313513606,4928.5,1057.0,1478.55,72.7,15.5,C,C,2 Rue Saint-Just 59800 Lille,2,Rue Saint-Just,59800.0,Lille,59350_7899_00002,2 Rue Saint-Just,Lille,59800,,2483.1,8.502992842015097,6.964135612418245,4.300002799195291,2.803360380906535,Lille,2025
2559E0947590F,2559E0947590F,50.637791957017384,3.0815640566930735,14174.3,3107.0,4252.29,226.6,49.6,D,D,21 Rue Eugène Jacquet 59800 Lille,21,Rue Eugène Jacquet,59800.0,Lille,59350_3227_00021,21 RUE EUGENE JACQUET,Lille,59800,1930.0,,9.559256292393162,8.041734711487537,5.427589702252176,3.92395157629342,Lille,2025
